ARM GAS  C:\Users\nakas\AppData\Local\Temp\ccXxe4Dd.s 			page 1


   1              		.cpu cortex-m4
   2              		.arch armv7e-m
   3              		.fpu fpv4-sp-d16
   4              		.eabi_attribute 27, 1
   5              		.eabi_attribute 28, 1
   6              		.eabi_attribute 20, 1
   7              		.eabi_attribute 21, 1
   8              		.eabi_attribute 23, 3
   9              		.eabi_attribute 24, 1
  10              		.eabi_attribute 25, 1
  11              		.eabi_attribute 26, 1
  12              		.eabi_attribute 30, 1
  13              		.eabi_attribute 34, 1
  14              		.eabi_attribute 18, 4
  15              		.file	"stm32f3xx_hal_dac_ex.c"
  16              		.text
  17              	.Ltext0:
  18              		.cfi_sections	.debug_frame
  19              		.file 1 "Drivers/STM32F3xx_HAL_Driver/Src/stm32f3xx_hal_dac_ex.c"
  20              		.section	.text.DAC_DMAErrorCh1,"ax",%progbits
  21              		.align	1
  22              		.syntax unified
  23              		.thumb
  24              		.thumb_func
  26              	DAC_DMAErrorCh1:
  27              	.LVL0:
  28              	.LFB139:
   1:Drivers/STM32F3xx_HAL_Driver/Src/stm32f3xx_hal_dac_ex.c **** /**
   2:Drivers/STM32F3xx_HAL_Driver/Src/stm32f3xx_hal_dac_ex.c ****   ******************************************************************************
   3:Drivers/STM32F3xx_HAL_Driver/Src/stm32f3xx_hal_dac_ex.c ****   * @file    stm32f3xx_hal_dac_ex.c
   4:Drivers/STM32F3xx_HAL_Driver/Src/stm32f3xx_hal_dac_ex.c ****   * @author  MCD Application Team
   5:Drivers/STM32F3xx_HAL_Driver/Src/stm32f3xx_hal_dac_ex.c ****   * @brief   DACEx HAL module driver.
   6:Drivers/STM32F3xx_HAL_Driver/Src/stm32f3xx_hal_dac_ex.c ****   *          This file provides firmware functions to manage the extended 
   7:Drivers/STM32F3xx_HAL_Driver/Src/stm32f3xx_hal_dac_ex.c ****   *          functionalities of the DAC peripheral.  
   8:Drivers/STM32F3xx_HAL_Driver/Src/stm32f3xx_hal_dac_ex.c ****   *     
   9:Drivers/STM32F3xx_HAL_Driver/Src/stm32f3xx_hal_dac_ex.c ****   *
  10:Drivers/STM32F3xx_HAL_Driver/Src/stm32f3xx_hal_dac_ex.c ****   ******************************************************************************
  11:Drivers/STM32F3xx_HAL_Driver/Src/stm32f3xx_hal_dac_ex.c ****   * @attention
  12:Drivers/STM32F3xx_HAL_Driver/Src/stm32f3xx_hal_dac_ex.c ****   *
  13:Drivers/STM32F3xx_HAL_Driver/Src/stm32f3xx_hal_dac_ex.c ****   * Copyright (c) 2016 STMicroelectronics.
  14:Drivers/STM32F3xx_HAL_Driver/Src/stm32f3xx_hal_dac_ex.c ****   * All rights reserved.
  15:Drivers/STM32F3xx_HAL_Driver/Src/stm32f3xx_hal_dac_ex.c ****   *
  16:Drivers/STM32F3xx_HAL_Driver/Src/stm32f3xx_hal_dac_ex.c ****   * This software is licensed under terms that can be found in the LICENSE file
  17:Drivers/STM32F3xx_HAL_Driver/Src/stm32f3xx_hal_dac_ex.c ****   * in the root directory of this software component.
  18:Drivers/STM32F3xx_HAL_Driver/Src/stm32f3xx_hal_dac_ex.c ****   * If no LICENSE file comes with this software, it is provided AS-IS.
  19:Drivers/STM32F3xx_HAL_Driver/Src/stm32f3xx_hal_dac_ex.c ****   *
  20:Drivers/STM32F3xx_HAL_Driver/Src/stm32f3xx_hal_dac_ex.c ****   ******************************************************************************
  21:Drivers/STM32F3xx_HAL_Driver/Src/stm32f3xx_hal_dac_ex.c ****   @verbatim   
  22:Drivers/STM32F3xx_HAL_Driver/Src/stm32f3xx_hal_dac_ex.c ****   ==============================================================================
  23:Drivers/STM32F3xx_HAL_Driver/Src/stm32f3xx_hal_dac_ex.c ****                       ##### How to use this driver #####
  24:Drivers/STM32F3xx_HAL_Driver/Src/stm32f3xx_hal_dac_ex.c ****   ==============================================================================
  25:Drivers/STM32F3xx_HAL_Driver/Src/stm32f3xx_hal_dac_ex.c ****     [..]          
  26:Drivers/STM32F3xx_HAL_Driver/Src/stm32f3xx_hal_dac_ex.c ****       (+) When Dual mode is enabled (i.e. DAC Channel1 and Channel2 are used simultaneously) :
  27:Drivers/STM32F3xx_HAL_Driver/Src/stm32f3xx_hal_dac_ex.c ****           Use HAL_DACEx_DualGetValue() to get digital data to be converted and use
  28:Drivers/STM32F3xx_HAL_Driver/Src/stm32f3xx_hal_dac_ex.c ****           HAL_DACEx_DualSetValue() to set digital value to converted simultaneously in Channel 1 an
  29:Drivers/STM32F3xx_HAL_Driver/Src/stm32f3xx_hal_dac_ex.c ****       (+) Use HAL_DACEx_TriangleWaveGenerate() to generate Triangle signal.
  30:Drivers/STM32F3xx_HAL_Driver/Src/stm32f3xx_hal_dac_ex.c ****       (+) Use HAL_DACEx_NoiseWaveGenerate() to generate Noise signal.
ARM GAS  C:\Users\nakas\AppData\Local\Temp\ccXxe4Dd.s 			page 2


  31:Drivers/STM32F3xx_HAL_Driver/Src/stm32f3xx_hal_dac_ex.c **** 
  32:Drivers/STM32F3xx_HAL_Driver/Src/stm32f3xx_hal_dac_ex.c ****  @endverbatim
  33:Drivers/STM32F3xx_HAL_Driver/Src/stm32f3xx_hal_dac_ex.c ****   ******************************************************************************
  34:Drivers/STM32F3xx_HAL_Driver/Src/stm32f3xx_hal_dac_ex.c ****   */
  35:Drivers/STM32F3xx_HAL_Driver/Src/stm32f3xx_hal_dac_ex.c **** 
  36:Drivers/STM32F3xx_HAL_Driver/Src/stm32f3xx_hal_dac_ex.c **** /* Includes ------------------------------------------------------------------*/
  37:Drivers/STM32F3xx_HAL_Driver/Src/stm32f3xx_hal_dac_ex.c **** #include "stm32f3xx_hal.h"
  38:Drivers/STM32F3xx_HAL_Driver/Src/stm32f3xx_hal_dac_ex.c **** 
  39:Drivers/STM32F3xx_HAL_Driver/Src/stm32f3xx_hal_dac_ex.c **** /** @addtogroup STM32F3xx_HAL_Driver
  40:Drivers/STM32F3xx_HAL_Driver/Src/stm32f3xx_hal_dac_ex.c ****   * @{
  41:Drivers/STM32F3xx_HAL_Driver/Src/stm32f3xx_hal_dac_ex.c ****   */
  42:Drivers/STM32F3xx_HAL_Driver/Src/stm32f3xx_hal_dac_ex.c **** 
  43:Drivers/STM32F3xx_HAL_Driver/Src/stm32f3xx_hal_dac_ex.c **** #ifdef HAL_DAC_MODULE_ENABLED
  44:Drivers/STM32F3xx_HAL_Driver/Src/stm32f3xx_hal_dac_ex.c **** 
  45:Drivers/STM32F3xx_HAL_Driver/Src/stm32f3xx_hal_dac_ex.c **** /** @defgroup DACEx DACEx
  46:Drivers/STM32F3xx_HAL_Driver/Src/stm32f3xx_hal_dac_ex.c ****   * @brief DAC HAL module driver
  47:Drivers/STM32F3xx_HAL_Driver/Src/stm32f3xx_hal_dac_ex.c ****   * @{
  48:Drivers/STM32F3xx_HAL_Driver/Src/stm32f3xx_hal_dac_ex.c ****   */
  49:Drivers/STM32F3xx_HAL_Driver/Src/stm32f3xx_hal_dac_ex.c **** 
  50:Drivers/STM32F3xx_HAL_Driver/Src/stm32f3xx_hal_dac_ex.c **** /* Private typedef -----------------------------------------------------------*/
  51:Drivers/STM32F3xx_HAL_Driver/Src/stm32f3xx_hal_dac_ex.c **** /* Private define ------------------------------------------------------------*/
  52:Drivers/STM32F3xx_HAL_Driver/Src/stm32f3xx_hal_dac_ex.c **** /* Private macro -------------------------------------------------------------*/
  53:Drivers/STM32F3xx_HAL_Driver/Src/stm32f3xx_hal_dac_ex.c **** /* Private variables ---------------------------------------------------------*/
  54:Drivers/STM32F3xx_HAL_Driver/Src/stm32f3xx_hal_dac_ex.c **** /* Private function prototypes -----------------------------------------------*/
  55:Drivers/STM32F3xx_HAL_Driver/Src/stm32f3xx_hal_dac_ex.c **** /** @defgroup DACEx_Private_Functions DACEx Private Functions
  56:Drivers/STM32F3xx_HAL_Driver/Src/stm32f3xx_hal_dac_ex.c ****   * @{
  57:Drivers/STM32F3xx_HAL_Driver/Src/stm32f3xx_hal_dac_ex.c ****   */
  58:Drivers/STM32F3xx_HAL_Driver/Src/stm32f3xx_hal_dac_ex.c **** static void DAC_DMAConvCpltCh1(DMA_HandleTypeDef *hdma);
  59:Drivers/STM32F3xx_HAL_Driver/Src/stm32f3xx_hal_dac_ex.c **** static void DAC_DMAErrorCh1(DMA_HandleTypeDef *hdma);
  60:Drivers/STM32F3xx_HAL_Driver/Src/stm32f3xx_hal_dac_ex.c **** static void DAC_DMAHalfConvCpltCh1(DMA_HandleTypeDef *hdma); 
  61:Drivers/STM32F3xx_HAL_Driver/Src/stm32f3xx_hal_dac_ex.c **** 
  62:Drivers/STM32F3xx_HAL_Driver/Src/stm32f3xx_hal_dac_ex.c **** #if defined(STM32F303xE) || defined(STM32F398xx)                         || \
  63:Drivers/STM32F3xx_HAL_Driver/Src/stm32f3xx_hal_dac_ex.c ****     defined(STM32F303xC) || defined(STM32F358xx)                         || \
  64:Drivers/STM32F3xx_HAL_Driver/Src/stm32f3xx_hal_dac_ex.c ****     defined(STM32F303x8) || defined(STM32F334x8) || defined(STM32F328xx) || \
  65:Drivers/STM32F3xx_HAL_Driver/Src/stm32f3xx_hal_dac_ex.c ****     defined(STM32F373xC) || defined(STM32F378xx) 
  66:Drivers/STM32F3xx_HAL_Driver/Src/stm32f3xx_hal_dac_ex.c **** /* DAC channel 2 is available on top of DAC channel 1U */
  67:Drivers/STM32F3xx_HAL_Driver/Src/stm32f3xx_hal_dac_ex.c **** static void DAC_DMAConvCpltCh2(DMA_HandleTypeDef *hdma);
  68:Drivers/STM32F3xx_HAL_Driver/Src/stm32f3xx_hal_dac_ex.c **** static void DAC_DMAErrorCh2(DMA_HandleTypeDef *hdma);
  69:Drivers/STM32F3xx_HAL_Driver/Src/stm32f3xx_hal_dac_ex.c **** static void DAC_DMAHalfConvCpltCh2(DMA_HandleTypeDef *hdma); 
  70:Drivers/STM32F3xx_HAL_Driver/Src/stm32f3xx_hal_dac_ex.c **** #endif /* STM32F303xE || STM32F398xx                || */
  71:Drivers/STM32F3xx_HAL_Driver/Src/stm32f3xx_hal_dac_ex.c ****        /* STM32F303xC || STM32F358xx                || */
  72:Drivers/STM32F3xx_HAL_Driver/Src/stm32f3xx_hal_dac_ex.c ****        /* STM32F303x8 || STM32F334x8 || STM32F328xx || */
  73:Drivers/STM32F3xx_HAL_Driver/Src/stm32f3xx_hal_dac_ex.c ****        /* STM32F373xC || STM32F378xx                   */
  74:Drivers/STM32F3xx_HAL_Driver/Src/stm32f3xx_hal_dac_ex.c **** /**
  75:Drivers/STM32F3xx_HAL_Driver/Src/stm32f3xx_hal_dac_ex.c ****   * @}
  76:Drivers/STM32F3xx_HAL_Driver/Src/stm32f3xx_hal_dac_ex.c ****   */
  77:Drivers/STM32F3xx_HAL_Driver/Src/stm32f3xx_hal_dac_ex.c **** 
  78:Drivers/STM32F3xx_HAL_Driver/Src/stm32f3xx_hal_dac_ex.c **** /* Exported functions ---------------------------------------------------------*/
  79:Drivers/STM32F3xx_HAL_Driver/Src/stm32f3xx_hal_dac_ex.c **** /** @defgroup DACEx_Exported_Functions DACEx Exported Functions
  80:Drivers/STM32F3xx_HAL_Driver/Src/stm32f3xx_hal_dac_ex.c ****   * @{
  81:Drivers/STM32F3xx_HAL_Driver/Src/stm32f3xx_hal_dac_ex.c ****   */
  82:Drivers/STM32F3xx_HAL_Driver/Src/stm32f3xx_hal_dac_ex.c **** 
  83:Drivers/STM32F3xx_HAL_Driver/Src/stm32f3xx_hal_dac_ex.c **** /** @defgroup DACEx_Exported_Functions_Group3 DACEx Peripheral Control functions
  84:Drivers/STM32F3xx_HAL_Driver/Src/stm32f3xx_hal_dac_ex.c ****  *  @brief   	Peripheral Control functions 
  85:Drivers/STM32F3xx_HAL_Driver/Src/stm32f3xx_hal_dac_ex.c ****  *
  86:Drivers/STM32F3xx_HAL_Driver/Src/stm32f3xx_hal_dac_ex.c **** @verbatim   
  87:Drivers/STM32F3xx_HAL_Driver/Src/stm32f3xx_hal_dac_ex.c ****   ==============================================================================
ARM GAS  C:\Users\nakas\AppData\Local\Temp\ccXxe4Dd.s 			page 3


  88:Drivers/STM32F3xx_HAL_Driver/Src/stm32f3xx_hal_dac_ex.c ****              ##### Peripheral Control functions #####
  89:Drivers/STM32F3xx_HAL_Driver/Src/stm32f3xx_hal_dac_ex.c ****   ==============================================================================  
  90:Drivers/STM32F3xx_HAL_Driver/Src/stm32f3xx_hal_dac_ex.c ****     [..]  This section provides functions allowing to:
  91:Drivers/STM32F3xx_HAL_Driver/Src/stm32f3xx_hal_dac_ex.c ****       (+) Set the specified data holding register value for DAC channel.
  92:Drivers/STM32F3xx_HAL_Driver/Src/stm32f3xx_hal_dac_ex.c ****       (+) Set the specified data holding register value for dual DAC channel
  93:Drivers/STM32F3xx_HAL_Driver/Src/stm32f3xx_hal_dac_ex.c **** 	      (when DAC channel 2 is present in DAC 1U)
  94:Drivers/STM32F3xx_HAL_Driver/Src/stm32f3xx_hal_dac_ex.c ****       
  95:Drivers/STM32F3xx_HAL_Driver/Src/stm32f3xx_hal_dac_ex.c **** @endverbatim
  96:Drivers/STM32F3xx_HAL_Driver/Src/stm32f3xx_hal_dac_ex.c ****   * @{
  97:Drivers/STM32F3xx_HAL_Driver/Src/stm32f3xx_hal_dac_ex.c ****   */
  98:Drivers/STM32F3xx_HAL_Driver/Src/stm32f3xx_hal_dac_ex.c **** 
  99:Drivers/STM32F3xx_HAL_Driver/Src/stm32f3xx_hal_dac_ex.c **** /**
 100:Drivers/STM32F3xx_HAL_Driver/Src/stm32f3xx_hal_dac_ex.c ****   * @brief  Set the specified data holding register value for DAC channel.
 101:Drivers/STM32F3xx_HAL_Driver/Src/stm32f3xx_hal_dac_ex.c ****   * @param  hdac pointer to a DAC_HandleTypeDef structure that contains
 102:Drivers/STM32F3xx_HAL_Driver/Src/stm32f3xx_hal_dac_ex.c ****   *         the configuration information for the specified DAC.
 103:Drivers/STM32F3xx_HAL_Driver/Src/stm32f3xx_hal_dac_ex.c ****   * @param  Channel The selected DAC channel. 
 104:Drivers/STM32F3xx_HAL_Driver/Src/stm32f3xx_hal_dac_ex.c ****   * @param  Alignment Specifies the data alignment for DAC channel.
 105:Drivers/STM32F3xx_HAL_Driver/Src/stm32f3xx_hal_dac_ex.c ****   *          This parameter can be one of the following values:
 106:Drivers/STM32F3xx_HAL_Driver/Src/stm32f3xx_hal_dac_ex.c ****   *            @arg DAC_ALIGN_8B_R: 8bit right data alignment selected
 107:Drivers/STM32F3xx_HAL_Driver/Src/stm32f3xx_hal_dac_ex.c ****   *            @arg DAC_ALIGN_12B_L: 12bit left data alignment selected
 108:Drivers/STM32F3xx_HAL_Driver/Src/stm32f3xx_hal_dac_ex.c ****   *            @arg DAC_ALIGN_12B_R: 12bit right data alignment selected
 109:Drivers/STM32F3xx_HAL_Driver/Src/stm32f3xx_hal_dac_ex.c ****   * @param  Data Data to be loaded in the selected data holding register.
 110:Drivers/STM32F3xx_HAL_Driver/Src/stm32f3xx_hal_dac_ex.c ****   * @retval HAL status
 111:Drivers/STM32F3xx_HAL_Driver/Src/stm32f3xx_hal_dac_ex.c ****   */
 112:Drivers/STM32F3xx_HAL_Driver/Src/stm32f3xx_hal_dac_ex.c **** HAL_StatusTypeDef HAL_DAC_SetValue(DAC_HandleTypeDef* hdac, uint32_t Channel, uint32_t Alignment, u
 113:Drivers/STM32F3xx_HAL_Driver/Src/stm32f3xx_hal_dac_ex.c **** {  
 114:Drivers/STM32F3xx_HAL_Driver/Src/stm32f3xx_hal_dac_ex.c ****   __IO uint32_t tmp = 0U;
 115:Drivers/STM32F3xx_HAL_Driver/Src/stm32f3xx_hal_dac_ex.c ****   
 116:Drivers/STM32F3xx_HAL_Driver/Src/stm32f3xx_hal_dac_ex.c ****   /* Check the parameters */
 117:Drivers/STM32F3xx_HAL_Driver/Src/stm32f3xx_hal_dac_ex.c ****   assert_param(IS_DAC_CHANNEL(Channel));
 118:Drivers/STM32F3xx_HAL_Driver/Src/stm32f3xx_hal_dac_ex.c ****   assert_param(IS_DAC_ALIGN(Alignment));
 119:Drivers/STM32F3xx_HAL_Driver/Src/stm32f3xx_hal_dac_ex.c ****   assert_param(IS_DAC_DATA(Data));
 120:Drivers/STM32F3xx_HAL_Driver/Src/stm32f3xx_hal_dac_ex.c ****    
 121:Drivers/STM32F3xx_HAL_Driver/Src/stm32f3xx_hal_dac_ex.c ****   tmp = (uint32_t) (hdac->Instance);
 122:Drivers/STM32F3xx_HAL_Driver/Src/stm32f3xx_hal_dac_ex.c **** 
 123:Drivers/STM32F3xx_HAL_Driver/Src/stm32f3xx_hal_dac_ex.c **** /* DAC 1 has 1 or 2 channels - no DAC2 */
 124:Drivers/STM32F3xx_HAL_Driver/Src/stm32f3xx_hal_dac_ex.c **** /* DAC 1 has 2 channels 1U & 2U - DAC 2 has one channel 1U */
 125:Drivers/STM32F3xx_HAL_Driver/Src/stm32f3xx_hal_dac_ex.c **** 
 126:Drivers/STM32F3xx_HAL_Driver/Src/stm32f3xx_hal_dac_ex.c ****   if(Channel == DAC_CHANNEL_1)
 127:Drivers/STM32F3xx_HAL_Driver/Src/stm32f3xx_hal_dac_ex.c ****   {
 128:Drivers/STM32F3xx_HAL_Driver/Src/stm32f3xx_hal_dac_ex.c ****     tmp += DAC_DHR12R1_ALIGNMENT(Alignment);
 129:Drivers/STM32F3xx_HAL_Driver/Src/stm32f3xx_hal_dac_ex.c ****   }
 130:Drivers/STM32F3xx_HAL_Driver/Src/stm32f3xx_hal_dac_ex.c **** #if defined(STM32F303xE) || defined(STM32F398xx)                         || \
 131:Drivers/STM32F3xx_HAL_Driver/Src/stm32f3xx_hal_dac_ex.c ****     defined(STM32F303xC) || defined(STM32F358xx)                         || \
 132:Drivers/STM32F3xx_HAL_Driver/Src/stm32f3xx_hal_dac_ex.c ****     defined(STM32F303x8) || defined(STM32F334x8) || defined(STM32F328xx) || \
 133:Drivers/STM32F3xx_HAL_Driver/Src/stm32f3xx_hal_dac_ex.c ****     defined(STM32F373xC) || defined(STM32F378xx)
 134:Drivers/STM32F3xx_HAL_Driver/Src/stm32f3xx_hal_dac_ex.c ****   else /* channel = DAC_CHANNEL_2  */
 135:Drivers/STM32F3xx_HAL_Driver/Src/stm32f3xx_hal_dac_ex.c ****   {
 136:Drivers/STM32F3xx_HAL_Driver/Src/stm32f3xx_hal_dac_ex.c ****     tmp += DAC_DHR12R2_ALIGNMENT(Alignment);
 137:Drivers/STM32F3xx_HAL_Driver/Src/stm32f3xx_hal_dac_ex.c ****   }
 138:Drivers/STM32F3xx_HAL_Driver/Src/stm32f3xx_hal_dac_ex.c **** #endif /* STM32F303xE || STM32F398xx                || */
 139:Drivers/STM32F3xx_HAL_Driver/Src/stm32f3xx_hal_dac_ex.c ****        /* STM32F303xC || STM32F358xx                || */
 140:Drivers/STM32F3xx_HAL_Driver/Src/stm32f3xx_hal_dac_ex.c ****        /* STM32F303x8 || STM32F334x8 || STM32F328xx || */
 141:Drivers/STM32F3xx_HAL_Driver/Src/stm32f3xx_hal_dac_ex.c ****        /* STM32F373xC || STM32F378xx                   */
 142:Drivers/STM32F3xx_HAL_Driver/Src/stm32f3xx_hal_dac_ex.c **** 
 143:Drivers/STM32F3xx_HAL_Driver/Src/stm32f3xx_hal_dac_ex.c ****   /* Set the DAC channel1 selected data holding register */
 144:Drivers/STM32F3xx_HAL_Driver/Src/stm32f3xx_hal_dac_ex.c ****   *(__IO uint32_t *) tmp = Data;
ARM GAS  C:\Users\nakas\AppData\Local\Temp\ccXxe4Dd.s 			page 4


 145:Drivers/STM32F3xx_HAL_Driver/Src/stm32f3xx_hal_dac_ex.c ****   
 146:Drivers/STM32F3xx_HAL_Driver/Src/stm32f3xx_hal_dac_ex.c ****   /* Return function status */
 147:Drivers/STM32F3xx_HAL_Driver/Src/stm32f3xx_hal_dac_ex.c ****   return HAL_OK;
 148:Drivers/STM32F3xx_HAL_Driver/Src/stm32f3xx_hal_dac_ex.c **** }
 149:Drivers/STM32F3xx_HAL_Driver/Src/stm32f3xx_hal_dac_ex.c **** 
 150:Drivers/STM32F3xx_HAL_Driver/Src/stm32f3xx_hal_dac_ex.c **** #if  defined(STM32F303xE) || defined(STM32F398xx)                         || \
 151:Drivers/STM32F3xx_HAL_Driver/Src/stm32f3xx_hal_dac_ex.c ****      defined(STM32F303xC) || defined(STM32F358xx)                         || \
 152:Drivers/STM32F3xx_HAL_Driver/Src/stm32f3xx_hal_dac_ex.c ****      defined(STM32F303x8) || defined(STM32F334x8) || defined(STM32F328xx) || \
 153:Drivers/STM32F3xx_HAL_Driver/Src/stm32f3xx_hal_dac_ex.c ****      defined(STM32F373xC) || defined(STM32F378xx)
 154:Drivers/STM32F3xx_HAL_Driver/Src/stm32f3xx_hal_dac_ex.c **** /* DAC channel 2 is present in DAC 1U */
 155:Drivers/STM32F3xx_HAL_Driver/Src/stm32f3xx_hal_dac_ex.c **** /**
 156:Drivers/STM32F3xx_HAL_Driver/Src/stm32f3xx_hal_dac_ex.c ****   * @brief  Set the specified data holding register value for dual DAC channel.
 157:Drivers/STM32F3xx_HAL_Driver/Src/stm32f3xx_hal_dac_ex.c ****   * @param  hdac pointer to a DAC_HandleTypeDef structure that contains
 158:Drivers/STM32F3xx_HAL_Driver/Src/stm32f3xx_hal_dac_ex.c ****   *         the configuration information for the specified DAC.
 159:Drivers/STM32F3xx_HAL_Driver/Src/stm32f3xx_hal_dac_ex.c ****   * @param  Alignment Specifies the data alignment for dual channel DAC.
 160:Drivers/STM32F3xx_HAL_Driver/Src/stm32f3xx_hal_dac_ex.c ****   *          This parameter can be one of the following values:
 161:Drivers/STM32F3xx_HAL_Driver/Src/stm32f3xx_hal_dac_ex.c ****   *            @arg DAC_ALIGN_8B_R: 8bit right data alignment selected
 162:Drivers/STM32F3xx_HAL_Driver/Src/stm32f3xx_hal_dac_ex.c ****   *            @arg DAC_ALIGN_12B_L: 12bit left data alignment selected
 163:Drivers/STM32F3xx_HAL_Driver/Src/stm32f3xx_hal_dac_ex.c ****   *            @arg DAC_ALIGN_12B_R: 12bit right data alignment selected
 164:Drivers/STM32F3xx_HAL_Driver/Src/stm32f3xx_hal_dac_ex.c ****   * @param  Data2: Data for DAC Channel2 to be loaded in the selected data holding register.
 165:Drivers/STM32F3xx_HAL_Driver/Src/stm32f3xx_hal_dac_ex.c ****   * @param  Data1: Data for DAC Channel1 to be loaded in the selected data  holding register.
 166:Drivers/STM32F3xx_HAL_Driver/Src/stm32f3xx_hal_dac_ex.c ****   * @note   In dual mode, a unique register access is required to write in both
 167:Drivers/STM32F3xx_HAL_Driver/Src/stm32f3xx_hal_dac_ex.c ****   *          DAC channels at the same time.
 168:Drivers/STM32F3xx_HAL_Driver/Src/stm32f3xx_hal_dac_ex.c ****   * @retval HAL status
 169:Drivers/STM32F3xx_HAL_Driver/Src/stm32f3xx_hal_dac_ex.c ****   */
 170:Drivers/STM32F3xx_HAL_Driver/Src/stm32f3xx_hal_dac_ex.c **** HAL_StatusTypeDef HAL_DACEx_DualSetValue(DAC_HandleTypeDef* hdac, uint32_t Alignment, uint32_t Data
 171:Drivers/STM32F3xx_HAL_Driver/Src/stm32f3xx_hal_dac_ex.c **** {
 172:Drivers/STM32F3xx_HAL_Driver/Src/stm32f3xx_hal_dac_ex.c ****   uint32_t data = 0U, tmp = 0U;
 173:Drivers/STM32F3xx_HAL_Driver/Src/stm32f3xx_hal_dac_ex.c **** 
 174:Drivers/STM32F3xx_HAL_Driver/Src/stm32f3xx_hal_dac_ex.c ****   /* Check the parameters */
 175:Drivers/STM32F3xx_HAL_Driver/Src/stm32f3xx_hal_dac_ex.c ****   assert_param(IS_DAC_ALIGN(Alignment));
 176:Drivers/STM32F3xx_HAL_Driver/Src/stm32f3xx_hal_dac_ex.c ****   assert_param(IS_DAC_DATA(Data1));
 177:Drivers/STM32F3xx_HAL_Driver/Src/stm32f3xx_hal_dac_ex.c ****   assert_param(IS_DAC_DATA(Data2));
 178:Drivers/STM32F3xx_HAL_Driver/Src/stm32f3xx_hal_dac_ex.c **** 
 179:Drivers/STM32F3xx_HAL_Driver/Src/stm32f3xx_hal_dac_ex.c ****   /* Calculate and set dual DAC data holding register value */
 180:Drivers/STM32F3xx_HAL_Driver/Src/stm32f3xx_hal_dac_ex.c ****   if (Alignment == DAC_ALIGN_8B_R)
 181:Drivers/STM32F3xx_HAL_Driver/Src/stm32f3xx_hal_dac_ex.c ****   {
 182:Drivers/STM32F3xx_HAL_Driver/Src/stm32f3xx_hal_dac_ex.c ****     data = ((uint32_t)Data2 << 8U) | Data1;
 183:Drivers/STM32F3xx_HAL_Driver/Src/stm32f3xx_hal_dac_ex.c ****   }
 184:Drivers/STM32F3xx_HAL_Driver/Src/stm32f3xx_hal_dac_ex.c ****   else
 185:Drivers/STM32F3xx_HAL_Driver/Src/stm32f3xx_hal_dac_ex.c ****   {
 186:Drivers/STM32F3xx_HAL_Driver/Src/stm32f3xx_hal_dac_ex.c ****     data = ((uint32_t)Data2 << 16U) | Data1;
 187:Drivers/STM32F3xx_HAL_Driver/Src/stm32f3xx_hal_dac_ex.c ****   }
 188:Drivers/STM32F3xx_HAL_Driver/Src/stm32f3xx_hal_dac_ex.c **** 
 189:Drivers/STM32F3xx_HAL_Driver/Src/stm32f3xx_hal_dac_ex.c ****     tmp = (uint32_t) (hdac->Instance);
 190:Drivers/STM32F3xx_HAL_Driver/Src/stm32f3xx_hal_dac_ex.c ****     tmp += DAC_DHR12RD_ALIGNMENT(Alignment);
 191:Drivers/STM32F3xx_HAL_Driver/Src/stm32f3xx_hal_dac_ex.c **** 
 192:Drivers/STM32F3xx_HAL_Driver/Src/stm32f3xx_hal_dac_ex.c ****   /* Set the dual DAC selected data holding register */
 193:Drivers/STM32F3xx_HAL_Driver/Src/stm32f3xx_hal_dac_ex.c ****   *(__IO uint32_t *)tmp = data;
 194:Drivers/STM32F3xx_HAL_Driver/Src/stm32f3xx_hal_dac_ex.c **** 
 195:Drivers/STM32F3xx_HAL_Driver/Src/stm32f3xx_hal_dac_ex.c ****   /* Return function status */
 196:Drivers/STM32F3xx_HAL_Driver/Src/stm32f3xx_hal_dac_ex.c ****   return HAL_OK;
 197:Drivers/STM32F3xx_HAL_Driver/Src/stm32f3xx_hal_dac_ex.c **** }
 198:Drivers/STM32F3xx_HAL_Driver/Src/stm32f3xx_hal_dac_ex.c **** #endif /* STM32F303xE || STM32F398xx                || */
 199:Drivers/STM32F3xx_HAL_Driver/Src/stm32f3xx_hal_dac_ex.c ****        /* STM32F303xC || STM32F358xx                || */
 200:Drivers/STM32F3xx_HAL_Driver/Src/stm32f3xx_hal_dac_ex.c ****        /* STM32F303x8 || STM32F334x8 || STM32F328xx || */
 201:Drivers/STM32F3xx_HAL_Driver/Src/stm32f3xx_hal_dac_ex.c ****        /* STM32F373xC || STM32F378xx                   */
ARM GAS  C:\Users\nakas\AppData\Local\Temp\ccXxe4Dd.s 			page 5


 202:Drivers/STM32F3xx_HAL_Driver/Src/stm32f3xx_hal_dac_ex.c **** 
 203:Drivers/STM32F3xx_HAL_Driver/Src/stm32f3xx_hal_dac_ex.c **** /**
 204:Drivers/STM32F3xx_HAL_Driver/Src/stm32f3xx_hal_dac_ex.c ****   * @}
 205:Drivers/STM32F3xx_HAL_Driver/Src/stm32f3xx_hal_dac_ex.c ****   */
 206:Drivers/STM32F3xx_HAL_Driver/Src/stm32f3xx_hal_dac_ex.c **** 
 207:Drivers/STM32F3xx_HAL_Driver/Src/stm32f3xx_hal_dac_ex.c **** /** @defgroup DACEx_Exported_Functions_Group2 DACEx Input and Output operation functions
 208:Drivers/STM32F3xx_HAL_Driver/Src/stm32f3xx_hal_dac_ex.c ****  *  @brief    IO operation functions 
 209:Drivers/STM32F3xx_HAL_Driver/Src/stm32f3xx_hal_dac_ex.c ****  *
 210:Drivers/STM32F3xx_HAL_Driver/Src/stm32f3xx_hal_dac_ex.c **** @verbatim   
 211:Drivers/STM32F3xx_HAL_Driver/Src/stm32f3xx_hal_dac_ex.c ****   ==============================================================================
 212:Drivers/STM32F3xx_HAL_Driver/Src/stm32f3xx_hal_dac_ex.c ****              ##### IO operation functions #####
 213:Drivers/STM32F3xx_HAL_Driver/Src/stm32f3xx_hal_dac_ex.c ****   ==============================================================================  
 214:Drivers/STM32F3xx_HAL_Driver/Src/stm32f3xx_hal_dac_ex.c ****     [..]  This section provides functions allowing to:
 215:Drivers/STM32F3xx_HAL_Driver/Src/stm32f3xx_hal_dac_ex.c ****       (+) Start conversion.
 216:Drivers/STM32F3xx_HAL_Driver/Src/stm32f3xx_hal_dac_ex.c ****       (+) Start conversion and enable DMA transfer.
 217:Drivers/STM32F3xx_HAL_Driver/Src/stm32f3xx_hal_dac_ex.c ****       (+) Get result of conversion.
 218:Drivers/STM32F3xx_HAL_Driver/Src/stm32f3xx_hal_dac_ex.c ****       (+) Handle DAC IRQ's.
 219:Drivers/STM32F3xx_HAL_Driver/Src/stm32f3xx_hal_dac_ex.c ****       (+) Generate triangular-wave                   
 220:Drivers/STM32F3xx_HAL_Driver/Src/stm32f3xx_hal_dac_ex.c ****       (+) Generate noise-wave
 221:Drivers/STM32F3xx_HAL_Driver/Src/stm32f3xx_hal_dac_ex.c **** 	  (+) Callback functions for DAC1 Channel2 (when supported)
 222:Drivers/STM32F3xx_HAL_Driver/Src/stm32f3xx_hal_dac_ex.c **** @endverbatim
 223:Drivers/STM32F3xx_HAL_Driver/Src/stm32f3xx_hal_dac_ex.c ****   * @{
 224:Drivers/STM32F3xx_HAL_Driver/Src/stm32f3xx_hal_dac_ex.c ****   */
 225:Drivers/STM32F3xx_HAL_Driver/Src/stm32f3xx_hal_dac_ex.c **** 
 226:Drivers/STM32F3xx_HAL_Driver/Src/stm32f3xx_hal_dac_ex.c **** #if  defined(STM32F303xE) || defined(STM32F398xx)                         || \
 227:Drivers/STM32F3xx_HAL_Driver/Src/stm32f3xx_hal_dac_ex.c ****      defined(STM32F303xC) || defined(STM32F358xx)                         || \
 228:Drivers/STM32F3xx_HAL_Driver/Src/stm32f3xx_hal_dac_ex.c ****      defined(STM32F303x8) || defined(STM32F334x8) || defined(STM32F328xx) || \
 229:Drivers/STM32F3xx_HAL_Driver/Src/stm32f3xx_hal_dac_ex.c ****      defined(STM32F373xC) || defined(STM32F378xx)
 230:Drivers/STM32F3xx_HAL_Driver/Src/stm32f3xx_hal_dac_ex.c **** 
 231:Drivers/STM32F3xx_HAL_Driver/Src/stm32f3xx_hal_dac_ex.c **** /* DAC 1 has 2 channels 1U & 2U - DAC 2 has one channel 1U */
 232:Drivers/STM32F3xx_HAL_Driver/Src/stm32f3xx_hal_dac_ex.c **** /**
 233:Drivers/STM32F3xx_HAL_Driver/Src/stm32f3xx_hal_dac_ex.c ****   * @brief  Enables DAC and starts conversion of channel.
 234:Drivers/STM32F3xx_HAL_Driver/Src/stm32f3xx_hal_dac_ex.c ****   * @param  hdac pointer to a DAC_HandleTypeDef structure that contains
 235:Drivers/STM32F3xx_HAL_Driver/Src/stm32f3xx_hal_dac_ex.c ****   *         the configuration information for the specified DAC.
 236:Drivers/STM32F3xx_HAL_Driver/Src/stm32f3xx_hal_dac_ex.c ****   * @param  Channel The selected DAC channel. 
 237:Drivers/STM32F3xx_HAL_Driver/Src/stm32f3xx_hal_dac_ex.c ****   *          This parameter can be one of the following values:
 238:Drivers/STM32F3xx_HAL_Driver/Src/stm32f3xx_hal_dac_ex.c ****   *            @arg DAC_CHANNEL_1: DAC1 Channel1 or DAC2 Channel1 selected
 239:Drivers/STM32F3xx_HAL_Driver/Src/stm32f3xx_hal_dac_ex.c ****   *            @arg DAC_CHANNEL_2: DAC1 Channel2 selected
 240:Drivers/STM32F3xx_HAL_Driver/Src/stm32f3xx_hal_dac_ex.c ****   * @retval HAL status
 241:Drivers/STM32F3xx_HAL_Driver/Src/stm32f3xx_hal_dac_ex.c ****   */
 242:Drivers/STM32F3xx_HAL_Driver/Src/stm32f3xx_hal_dac_ex.c **** HAL_StatusTypeDef HAL_DAC_Start(DAC_HandleTypeDef* hdac, uint32_t Channel)
 243:Drivers/STM32F3xx_HAL_Driver/Src/stm32f3xx_hal_dac_ex.c **** {
 244:Drivers/STM32F3xx_HAL_Driver/Src/stm32f3xx_hal_dac_ex.c ****   /* Check the parameters */
 245:Drivers/STM32F3xx_HAL_Driver/Src/stm32f3xx_hal_dac_ex.c ****   assert_param(IS_DAC_CHANNEL_INSTANCE(hdac->Instance, Channel));
 246:Drivers/STM32F3xx_HAL_Driver/Src/stm32f3xx_hal_dac_ex.c ****   
 247:Drivers/STM32F3xx_HAL_Driver/Src/stm32f3xx_hal_dac_ex.c ****   /* Process locked */
 248:Drivers/STM32F3xx_HAL_Driver/Src/stm32f3xx_hal_dac_ex.c ****   __HAL_LOCK(hdac);
 249:Drivers/STM32F3xx_HAL_Driver/Src/stm32f3xx_hal_dac_ex.c ****   
 250:Drivers/STM32F3xx_HAL_Driver/Src/stm32f3xx_hal_dac_ex.c ****   /* Change DAC state */
 251:Drivers/STM32F3xx_HAL_Driver/Src/stm32f3xx_hal_dac_ex.c ****   hdac->State = HAL_DAC_STATE_BUSY;
 252:Drivers/STM32F3xx_HAL_Driver/Src/stm32f3xx_hal_dac_ex.c ****   
 253:Drivers/STM32F3xx_HAL_Driver/Src/stm32f3xx_hal_dac_ex.c ****   /* Enable the Peripheral */
 254:Drivers/STM32F3xx_HAL_Driver/Src/stm32f3xx_hal_dac_ex.c ****   __HAL_DAC_ENABLE(hdac, Channel);
 255:Drivers/STM32F3xx_HAL_Driver/Src/stm32f3xx_hal_dac_ex.c ****   
 256:Drivers/STM32F3xx_HAL_Driver/Src/stm32f3xx_hal_dac_ex.c ****   if(Channel == DAC_CHANNEL_1)
 257:Drivers/STM32F3xx_HAL_Driver/Src/stm32f3xx_hal_dac_ex.c ****   {
 258:Drivers/STM32F3xx_HAL_Driver/Src/stm32f3xx_hal_dac_ex.c ****     /* Check if software trigger enabled */
ARM GAS  C:\Users\nakas\AppData\Local\Temp\ccXxe4Dd.s 			page 6


 259:Drivers/STM32F3xx_HAL_Driver/Src/stm32f3xx_hal_dac_ex.c ****     if((hdac->Instance->CR & (DAC_CR_TEN1 | DAC_CR_TSEL1)) == (DAC_CR_TEN1 | DAC_CR_TSEL1))
 260:Drivers/STM32F3xx_HAL_Driver/Src/stm32f3xx_hal_dac_ex.c ****     {
 261:Drivers/STM32F3xx_HAL_Driver/Src/stm32f3xx_hal_dac_ex.c ****       /* Enable the selected DAC software conversion */
 262:Drivers/STM32F3xx_HAL_Driver/Src/stm32f3xx_hal_dac_ex.c ****       SET_BIT(hdac->Instance->SWTRIGR, DAC_SWTRIGR_SWTRIG1);
 263:Drivers/STM32F3xx_HAL_Driver/Src/stm32f3xx_hal_dac_ex.c ****     }
 264:Drivers/STM32F3xx_HAL_Driver/Src/stm32f3xx_hal_dac_ex.c ****   }
 265:Drivers/STM32F3xx_HAL_Driver/Src/stm32f3xx_hal_dac_ex.c ****   else
 266:Drivers/STM32F3xx_HAL_Driver/Src/stm32f3xx_hal_dac_ex.c ****   {
 267:Drivers/STM32F3xx_HAL_Driver/Src/stm32f3xx_hal_dac_ex.c ****     /* Check if software trigger enabled */
 268:Drivers/STM32F3xx_HAL_Driver/Src/stm32f3xx_hal_dac_ex.c ****     if((hdac->Instance->CR & (DAC_CR_TEN2 | DAC_CR_TSEL2)) == (DAC_CR_TEN2 | DAC_CR_TSEL2))
 269:Drivers/STM32F3xx_HAL_Driver/Src/stm32f3xx_hal_dac_ex.c ****     {
 270:Drivers/STM32F3xx_HAL_Driver/Src/stm32f3xx_hal_dac_ex.c ****       /* Enable the selected DAC software conversion */
 271:Drivers/STM32F3xx_HAL_Driver/Src/stm32f3xx_hal_dac_ex.c ****       SET_BIT(hdac->Instance->SWTRIGR, DAC_SWTRIGR_SWTRIG2);
 272:Drivers/STM32F3xx_HAL_Driver/Src/stm32f3xx_hal_dac_ex.c ****     }
 273:Drivers/STM32F3xx_HAL_Driver/Src/stm32f3xx_hal_dac_ex.c ****   }
 274:Drivers/STM32F3xx_HAL_Driver/Src/stm32f3xx_hal_dac_ex.c ****   
 275:Drivers/STM32F3xx_HAL_Driver/Src/stm32f3xx_hal_dac_ex.c ****   /* Change DAC state */
 276:Drivers/STM32F3xx_HAL_Driver/Src/stm32f3xx_hal_dac_ex.c ****   hdac->State = HAL_DAC_STATE_READY;
 277:Drivers/STM32F3xx_HAL_Driver/Src/stm32f3xx_hal_dac_ex.c ****   
 278:Drivers/STM32F3xx_HAL_Driver/Src/stm32f3xx_hal_dac_ex.c ****   /* Process unlocked */
 279:Drivers/STM32F3xx_HAL_Driver/Src/stm32f3xx_hal_dac_ex.c ****   __HAL_UNLOCK(hdac);
 280:Drivers/STM32F3xx_HAL_Driver/Src/stm32f3xx_hal_dac_ex.c ****     
 281:Drivers/STM32F3xx_HAL_Driver/Src/stm32f3xx_hal_dac_ex.c ****   /* Return function status */
 282:Drivers/STM32F3xx_HAL_Driver/Src/stm32f3xx_hal_dac_ex.c ****   return HAL_OK;
 283:Drivers/STM32F3xx_HAL_Driver/Src/stm32f3xx_hal_dac_ex.c **** }
 284:Drivers/STM32F3xx_HAL_Driver/Src/stm32f3xx_hal_dac_ex.c **** #endif /* STM32F303xE || STM32F398xx                || */
 285:Drivers/STM32F3xx_HAL_Driver/Src/stm32f3xx_hal_dac_ex.c ****        /* STM32F303xC || STM32F358xx                || */
 286:Drivers/STM32F3xx_HAL_Driver/Src/stm32f3xx_hal_dac_ex.c ****        /* STM32F303x8 || STM32F334x8 || STM32F328xx || */
 287:Drivers/STM32F3xx_HAL_Driver/Src/stm32f3xx_hal_dac_ex.c ****        /* STM32F373xC || STM32F378xx                   */
 288:Drivers/STM32F3xx_HAL_Driver/Src/stm32f3xx_hal_dac_ex.c **** 
 289:Drivers/STM32F3xx_HAL_Driver/Src/stm32f3xx_hal_dac_ex.c **** #if defined(STM32F302xE) || \
 290:Drivers/STM32F3xx_HAL_Driver/Src/stm32f3xx_hal_dac_ex.c ****     defined(STM32F302xC) || \
 291:Drivers/STM32F3xx_HAL_Driver/Src/stm32f3xx_hal_dac_ex.c ****     defined(STM32F301x8) || defined(STM32F302x8) || defined(STM32F318xx)
 292:Drivers/STM32F3xx_HAL_Driver/Src/stm32f3xx_hal_dac_ex.c **** /* DAC 1 has 1 channels 1U */
 293:Drivers/STM32F3xx_HAL_Driver/Src/stm32f3xx_hal_dac_ex.c **** /**
 294:Drivers/STM32F3xx_HAL_Driver/Src/stm32f3xx_hal_dac_ex.c ****   * @brief  Enables DAC and starts conversion of channel.
 295:Drivers/STM32F3xx_HAL_Driver/Src/stm32f3xx_hal_dac_ex.c ****   * @param  hdac pointer to a DAC_HandleTypeDef structure that contains
 296:Drivers/STM32F3xx_HAL_Driver/Src/stm32f3xx_hal_dac_ex.c ****   *         the configuration information for the specified DAC.
 297:Drivers/STM32F3xx_HAL_Driver/Src/stm32f3xx_hal_dac_ex.c ****   * @param  Channel The selected DAC channel. 
 298:Drivers/STM32F3xx_HAL_Driver/Src/stm32f3xx_hal_dac_ex.c ****   *          This parameter can be one of the following values:
 299:Drivers/STM32F3xx_HAL_Driver/Src/stm32f3xx_hal_dac_ex.c ****   *            @arg DAC_CHANNEL_1: DAC1 Channel1 selected
 300:Drivers/STM32F3xx_HAL_Driver/Src/stm32f3xx_hal_dac_ex.c ****   * @retval HAL status 
 301:Drivers/STM32F3xx_HAL_Driver/Src/stm32f3xx_hal_dac_ex.c ****   */
 302:Drivers/STM32F3xx_HAL_Driver/Src/stm32f3xx_hal_dac_ex.c **** 
 303:Drivers/STM32F3xx_HAL_Driver/Src/stm32f3xx_hal_dac_ex.c **** HAL_StatusTypeDef HAL_DAC_Start(DAC_HandleTypeDef* hdac, uint32_t Channel)
 304:Drivers/STM32F3xx_HAL_Driver/Src/stm32f3xx_hal_dac_ex.c **** {
 305:Drivers/STM32F3xx_HAL_Driver/Src/stm32f3xx_hal_dac_ex.c ****   /* Check the parameters */
 306:Drivers/STM32F3xx_HAL_Driver/Src/stm32f3xx_hal_dac_ex.c ****   assert_param(IS_DAC_CHANNEL_INSTANCE(hdac->Instance, Channel));
 307:Drivers/STM32F3xx_HAL_Driver/Src/stm32f3xx_hal_dac_ex.c ****   
 308:Drivers/STM32F3xx_HAL_Driver/Src/stm32f3xx_hal_dac_ex.c ****   /* Process locked */
 309:Drivers/STM32F3xx_HAL_Driver/Src/stm32f3xx_hal_dac_ex.c ****   __HAL_LOCK(hdac);
 310:Drivers/STM32F3xx_HAL_Driver/Src/stm32f3xx_hal_dac_ex.c ****   
 311:Drivers/STM32F3xx_HAL_Driver/Src/stm32f3xx_hal_dac_ex.c ****   /* Change DAC state */
 312:Drivers/STM32F3xx_HAL_Driver/Src/stm32f3xx_hal_dac_ex.c ****   hdac->State = HAL_DAC_STATE_BUSY;
 313:Drivers/STM32F3xx_HAL_Driver/Src/stm32f3xx_hal_dac_ex.c ****   
 314:Drivers/STM32F3xx_HAL_Driver/Src/stm32f3xx_hal_dac_ex.c ****   /* Enable the Peripheral */
 315:Drivers/STM32F3xx_HAL_Driver/Src/stm32f3xx_hal_dac_ex.c ****   __HAL_DAC_ENABLE(hdac, Channel);
ARM GAS  C:\Users\nakas\AppData\Local\Temp\ccXxe4Dd.s 			page 7


 316:Drivers/STM32F3xx_HAL_Driver/Src/stm32f3xx_hal_dac_ex.c ****   
 317:Drivers/STM32F3xx_HAL_Driver/Src/stm32f3xx_hal_dac_ex.c ****   /* Check if software trigger enabled */
 318:Drivers/STM32F3xx_HAL_Driver/Src/stm32f3xx_hal_dac_ex.c ****   if((hdac->Instance->CR & (DAC_CR_TEN1 | DAC_CR_TSEL1)) == (DAC_CR_TEN1 | DAC_CR_TSEL1))
 319:Drivers/STM32F3xx_HAL_Driver/Src/stm32f3xx_hal_dac_ex.c ****   {
 320:Drivers/STM32F3xx_HAL_Driver/Src/stm32f3xx_hal_dac_ex.c ****     /* Enable the selected DAC software conversion */
 321:Drivers/STM32F3xx_HAL_Driver/Src/stm32f3xx_hal_dac_ex.c ****     SET_BIT(hdac->Instance->SWTRIGR, DAC_SWTRIGR_SWTRIG1);
 322:Drivers/STM32F3xx_HAL_Driver/Src/stm32f3xx_hal_dac_ex.c ****   }
 323:Drivers/STM32F3xx_HAL_Driver/Src/stm32f3xx_hal_dac_ex.c ****   
 324:Drivers/STM32F3xx_HAL_Driver/Src/stm32f3xx_hal_dac_ex.c ****   /* Change DAC state */
 325:Drivers/STM32F3xx_HAL_Driver/Src/stm32f3xx_hal_dac_ex.c ****   hdac->State = HAL_DAC_STATE_READY;
 326:Drivers/STM32F3xx_HAL_Driver/Src/stm32f3xx_hal_dac_ex.c ****   
 327:Drivers/STM32F3xx_HAL_Driver/Src/stm32f3xx_hal_dac_ex.c ****   /* Process unlocked */
 328:Drivers/STM32F3xx_HAL_Driver/Src/stm32f3xx_hal_dac_ex.c ****   __HAL_UNLOCK(hdac);
 329:Drivers/STM32F3xx_HAL_Driver/Src/stm32f3xx_hal_dac_ex.c ****     
 330:Drivers/STM32F3xx_HAL_Driver/Src/stm32f3xx_hal_dac_ex.c ****   /* Return function status */
 331:Drivers/STM32F3xx_HAL_Driver/Src/stm32f3xx_hal_dac_ex.c ****   return HAL_OK;
 332:Drivers/STM32F3xx_HAL_Driver/Src/stm32f3xx_hal_dac_ex.c **** }
 333:Drivers/STM32F3xx_HAL_Driver/Src/stm32f3xx_hal_dac_ex.c **** #endif /* STM32F302xE                               || */
 334:Drivers/STM32F3xx_HAL_Driver/Src/stm32f3xx_hal_dac_ex.c ****        /* STM32F302xC                               || */
 335:Drivers/STM32F3xx_HAL_Driver/Src/stm32f3xx_hal_dac_ex.c ****        /* STM32F301x8 || STM32F302x8 || STM32F318xx    */
 336:Drivers/STM32F3xx_HAL_Driver/Src/stm32f3xx_hal_dac_ex.c **** 
 337:Drivers/STM32F3xx_HAL_Driver/Src/stm32f3xx_hal_dac_ex.c **** /* DAC 1 has 2 channels 1U & 2U - DAC 2 has one channel 1U */
 338:Drivers/STM32F3xx_HAL_Driver/Src/stm32f3xx_hal_dac_ex.c **** #if defined(STM32F303xE) || defined(STM32F398xx)                         || \
 339:Drivers/STM32F3xx_HAL_Driver/Src/stm32f3xx_hal_dac_ex.c ****     defined(STM32F303xC) || defined(STM32F358xx)                         || \
 340:Drivers/STM32F3xx_HAL_Driver/Src/stm32f3xx_hal_dac_ex.c ****     defined(STM32F303x8) || defined(STM32F334x8) || defined(STM32F328xx) || \
 341:Drivers/STM32F3xx_HAL_Driver/Src/stm32f3xx_hal_dac_ex.c ****     defined(STM32F373xC) || defined(STM32F378xx)
 342:Drivers/STM32F3xx_HAL_Driver/Src/stm32f3xx_hal_dac_ex.c **** /* DAC 1 has 2 channels 1U & 2U */
 343:Drivers/STM32F3xx_HAL_Driver/Src/stm32f3xx_hal_dac_ex.c **** /**
 344:Drivers/STM32F3xx_HAL_Driver/Src/stm32f3xx_hal_dac_ex.c ****   * @brief  Enables DAC and starts conversion of channel.
 345:Drivers/STM32F3xx_HAL_Driver/Src/stm32f3xx_hal_dac_ex.c ****   * @param  hdac pointer to a DAC_HandleTypeDef structure that contains
 346:Drivers/STM32F3xx_HAL_Driver/Src/stm32f3xx_hal_dac_ex.c ****   *         the configuration information for the specified DAC.
 347:Drivers/STM32F3xx_HAL_Driver/Src/stm32f3xx_hal_dac_ex.c ****   * @param  Channel The selected DAC channel. 
 348:Drivers/STM32F3xx_HAL_Driver/Src/stm32f3xx_hal_dac_ex.c ****   *          This parameter can be one of the following values:
 349:Drivers/STM32F3xx_HAL_Driver/Src/stm32f3xx_hal_dac_ex.c ****   *            @arg DAC_CHANNEL_1: DAC1 Channel1 selected
 350:Drivers/STM32F3xx_HAL_Driver/Src/stm32f3xx_hal_dac_ex.c ****   *            @arg DAC_CHANNEL_2: DAC1 Channel2 selected
 351:Drivers/STM32F3xx_HAL_Driver/Src/stm32f3xx_hal_dac_ex.c ****   * @param  pData The destination peripheral Buffer address.
 352:Drivers/STM32F3xx_HAL_Driver/Src/stm32f3xx_hal_dac_ex.c ****   * @param  Length The length of data to be transferred from memory to DAC peripheral
 353:Drivers/STM32F3xx_HAL_Driver/Src/stm32f3xx_hal_dac_ex.c ****   * @param  Alignment Specifies the data alignment for DAC channel.
 354:Drivers/STM32F3xx_HAL_Driver/Src/stm32f3xx_hal_dac_ex.c ****   *          This parameter can be one of the following values:
 355:Drivers/STM32F3xx_HAL_Driver/Src/stm32f3xx_hal_dac_ex.c ****   *            @arg DAC_ALIGN_8B_R: 8bit right data alignment selected
 356:Drivers/STM32F3xx_HAL_Driver/Src/stm32f3xx_hal_dac_ex.c ****   *            @arg DAC_ALIGN_12B_L: 12bit left data alignment selected
 357:Drivers/STM32F3xx_HAL_Driver/Src/stm32f3xx_hal_dac_ex.c ****   *            @arg DAC_ALIGN_12B_R: 12bit right data alignment selected
 358:Drivers/STM32F3xx_HAL_Driver/Src/stm32f3xx_hal_dac_ex.c ****   * @retval HAL status
 359:Drivers/STM32F3xx_HAL_Driver/Src/stm32f3xx_hal_dac_ex.c ****   */
 360:Drivers/STM32F3xx_HAL_Driver/Src/stm32f3xx_hal_dac_ex.c **** HAL_StatusTypeDef HAL_DAC_Start_DMA(DAC_HandleTypeDef* hdac, uint32_t Channel, uint32_t* pData, uin
 361:Drivers/STM32F3xx_HAL_Driver/Src/stm32f3xx_hal_dac_ex.c **** {
 362:Drivers/STM32F3xx_HAL_Driver/Src/stm32f3xx_hal_dac_ex.c ****   uint32_t tmpreg = 0U;
 363:Drivers/STM32F3xx_HAL_Driver/Src/stm32f3xx_hal_dac_ex.c ****     
 364:Drivers/STM32F3xx_HAL_Driver/Src/stm32f3xx_hal_dac_ex.c ****   /* Check the parameters */
 365:Drivers/STM32F3xx_HAL_Driver/Src/stm32f3xx_hal_dac_ex.c ****   assert_param(IS_DAC_CHANNEL_INSTANCE(hdac->Instance, Channel));
 366:Drivers/STM32F3xx_HAL_Driver/Src/stm32f3xx_hal_dac_ex.c ****   assert_param(IS_DAC_ALIGN(Alignment));
 367:Drivers/STM32F3xx_HAL_Driver/Src/stm32f3xx_hal_dac_ex.c ****   
 368:Drivers/STM32F3xx_HAL_Driver/Src/stm32f3xx_hal_dac_ex.c ****   /* Process locked */
 369:Drivers/STM32F3xx_HAL_Driver/Src/stm32f3xx_hal_dac_ex.c ****   __HAL_LOCK(hdac);
 370:Drivers/STM32F3xx_HAL_Driver/Src/stm32f3xx_hal_dac_ex.c ****   
 371:Drivers/STM32F3xx_HAL_Driver/Src/stm32f3xx_hal_dac_ex.c ****   /* Change DAC state */
 372:Drivers/STM32F3xx_HAL_Driver/Src/stm32f3xx_hal_dac_ex.c ****   hdac->State = HAL_DAC_STATE_BUSY;
ARM GAS  C:\Users\nakas\AppData\Local\Temp\ccXxe4Dd.s 			page 8


 373:Drivers/STM32F3xx_HAL_Driver/Src/stm32f3xx_hal_dac_ex.c **** 
 374:Drivers/STM32F3xx_HAL_Driver/Src/stm32f3xx_hal_dac_ex.c ****   if(Channel == DAC_CHANNEL_1)
 375:Drivers/STM32F3xx_HAL_Driver/Src/stm32f3xx_hal_dac_ex.c ****   {
 376:Drivers/STM32F3xx_HAL_Driver/Src/stm32f3xx_hal_dac_ex.c ****     /* Set the DMA transfer complete callback for channel1 */
 377:Drivers/STM32F3xx_HAL_Driver/Src/stm32f3xx_hal_dac_ex.c ****     hdac->DMA_Handle1->XferCpltCallback = DAC_DMAConvCpltCh1;
 378:Drivers/STM32F3xx_HAL_Driver/Src/stm32f3xx_hal_dac_ex.c ****     
 379:Drivers/STM32F3xx_HAL_Driver/Src/stm32f3xx_hal_dac_ex.c ****     /* Set the DMA half transfer complete callback for channel1 */
 380:Drivers/STM32F3xx_HAL_Driver/Src/stm32f3xx_hal_dac_ex.c ****     hdac->DMA_Handle1->XferHalfCpltCallback = DAC_DMAHalfConvCpltCh1;
 381:Drivers/STM32F3xx_HAL_Driver/Src/stm32f3xx_hal_dac_ex.c ****       
 382:Drivers/STM32F3xx_HAL_Driver/Src/stm32f3xx_hal_dac_ex.c ****     /* Set the DMA error callback for channel1 */
 383:Drivers/STM32F3xx_HAL_Driver/Src/stm32f3xx_hal_dac_ex.c ****     hdac->DMA_Handle1->XferErrorCallback = DAC_DMAErrorCh1;
 384:Drivers/STM32F3xx_HAL_Driver/Src/stm32f3xx_hal_dac_ex.c **** 
 385:Drivers/STM32F3xx_HAL_Driver/Src/stm32f3xx_hal_dac_ex.c ****     /* Enable the selected DAC channel1 DMA request */
 386:Drivers/STM32F3xx_HAL_Driver/Src/stm32f3xx_hal_dac_ex.c ****     SET_BIT(hdac->Instance->CR, DAC_CR_DMAEN1);   
 387:Drivers/STM32F3xx_HAL_Driver/Src/stm32f3xx_hal_dac_ex.c **** 
 388:Drivers/STM32F3xx_HAL_Driver/Src/stm32f3xx_hal_dac_ex.c ****     /* Case of use of channel 1U */
 389:Drivers/STM32F3xx_HAL_Driver/Src/stm32f3xx_hal_dac_ex.c ****     switch(Alignment)
 390:Drivers/STM32F3xx_HAL_Driver/Src/stm32f3xx_hal_dac_ex.c ****     {
 391:Drivers/STM32F3xx_HAL_Driver/Src/stm32f3xx_hal_dac_ex.c ****       case DAC_ALIGN_12B_R:
 392:Drivers/STM32F3xx_HAL_Driver/Src/stm32f3xx_hal_dac_ex.c ****         /* Get DHR12R1 address */
 393:Drivers/STM32F3xx_HAL_Driver/Src/stm32f3xx_hal_dac_ex.c ****         tmpreg = (uint32_t)&hdac->Instance->DHR12R1;
 394:Drivers/STM32F3xx_HAL_Driver/Src/stm32f3xx_hal_dac_ex.c ****         break;
 395:Drivers/STM32F3xx_HAL_Driver/Src/stm32f3xx_hal_dac_ex.c ****       case DAC_ALIGN_12B_L:
 396:Drivers/STM32F3xx_HAL_Driver/Src/stm32f3xx_hal_dac_ex.c ****         /* Get DHR12L1 address */
 397:Drivers/STM32F3xx_HAL_Driver/Src/stm32f3xx_hal_dac_ex.c ****         tmpreg = (uint32_t)&hdac->Instance->DHR12L1;
 398:Drivers/STM32F3xx_HAL_Driver/Src/stm32f3xx_hal_dac_ex.c ****         break;
 399:Drivers/STM32F3xx_HAL_Driver/Src/stm32f3xx_hal_dac_ex.c ****       case DAC_ALIGN_8B_R:
 400:Drivers/STM32F3xx_HAL_Driver/Src/stm32f3xx_hal_dac_ex.c ****         /* Get DHR8R1 address */
 401:Drivers/STM32F3xx_HAL_Driver/Src/stm32f3xx_hal_dac_ex.c ****         tmpreg = (uint32_t)&hdac->Instance->DHR8R1;
 402:Drivers/STM32F3xx_HAL_Driver/Src/stm32f3xx_hal_dac_ex.c ****         break;
 403:Drivers/STM32F3xx_HAL_Driver/Src/stm32f3xx_hal_dac_ex.c ****       default:
 404:Drivers/STM32F3xx_HAL_Driver/Src/stm32f3xx_hal_dac_ex.c ****         break;
 405:Drivers/STM32F3xx_HAL_Driver/Src/stm32f3xx_hal_dac_ex.c ****     }
 406:Drivers/STM32F3xx_HAL_Driver/Src/stm32f3xx_hal_dac_ex.c ****   }
 407:Drivers/STM32F3xx_HAL_Driver/Src/stm32f3xx_hal_dac_ex.c ****   else
 408:Drivers/STM32F3xx_HAL_Driver/Src/stm32f3xx_hal_dac_ex.c ****   {
 409:Drivers/STM32F3xx_HAL_Driver/Src/stm32f3xx_hal_dac_ex.c ****     /* Set the DMA transfer complete callback for channel2 */
 410:Drivers/STM32F3xx_HAL_Driver/Src/stm32f3xx_hal_dac_ex.c ****     hdac->DMA_Handle2->XferCpltCallback = DAC_DMAConvCpltCh2;
 411:Drivers/STM32F3xx_HAL_Driver/Src/stm32f3xx_hal_dac_ex.c ****     
 412:Drivers/STM32F3xx_HAL_Driver/Src/stm32f3xx_hal_dac_ex.c ****     /* Set the DMA half transfer complete callback for channel2 */
 413:Drivers/STM32F3xx_HAL_Driver/Src/stm32f3xx_hal_dac_ex.c ****     hdac->DMA_Handle2->XferHalfCpltCallback = DAC_DMAHalfConvCpltCh2;
 414:Drivers/STM32F3xx_HAL_Driver/Src/stm32f3xx_hal_dac_ex.c ****        
 415:Drivers/STM32F3xx_HAL_Driver/Src/stm32f3xx_hal_dac_ex.c ****     /* Set the DMA error callback for channel2 */
 416:Drivers/STM32F3xx_HAL_Driver/Src/stm32f3xx_hal_dac_ex.c ****     hdac->DMA_Handle2->XferErrorCallback = DAC_DMAErrorCh2;
 417:Drivers/STM32F3xx_HAL_Driver/Src/stm32f3xx_hal_dac_ex.c ****  
 418:Drivers/STM32F3xx_HAL_Driver/Src/stm32f3xx_hal_dac_ex.c ****     /* Enable the selected DAC channel2 DMA request */
 419:Drivers/STM32F3xx_HAL_Driver/Src/stm32f3xx_hal_dac_ex.c ****     SET_BIT(hdac->Instance->CR, DAC_CR_DMAEN2); 
 420:Drivers/STM32F3xx_HAL_Driver/Src/stm32f3xx_hal_dac_ex.c ****    
 421:Drivers/STM32F3xx_HAL_Driver/Src/stm32f3xx_hal_dac_ex.c ****     /* Case of use of channel 2U */
 422:Drivers/STM32F3xx_HAL_Driver/Src/stm32f3xx_hal_dac_ex.c ****     switch(Alignment)
 423:Drivers/STM32F3xx_HAL_Driver/Src/stm32f3xx_hal_dac_ex.c ****     {
 424:Drivers/STM32F3xx_HAL_Driver/Src/stm32f3xx_hal_dac_ex.c ****       case DAC_ALIGN_12B_R:
 425:Drivers/STM32F3xx_HAL_Driver/Src/stm32f3xx_hal_dac_ex.c ****         /* Get DHR12R2 address */
 426:Drivers/STM32F3xx_HAL_Driver/Src/stm32f3xx_hal_dac_ex.c ****         tmpreg = (uint32_t)&hdac->Instance->DHR12R2;
 427:Drivers/STM32F3xx_HAL_Driver/Src/stm32f3xx_hal_dac_ex.c ****         break;
 428:Drivers/STM32F3xx_HAL_Driver/Src/stm32f3xx_hal_dac_ex.c ****       case DAC_ALIGN_12B_L:
 429:Drivers/STM32F3xx_HAL_Driver/Src/stm32f3xx_hal_dac_ex.c ****         /* Get DHR12L2 address */
ARM GAS  C:\Users\nakas\AppData\Local\Temp\ccXxe4Dd.s 			page 9


 430:Drivers/STM32F3xx_HAL_Driver/Src/stm32f3xx_hal_dac_ex.c ****         tmpreg = (uint32_t)&hdac->Instance->DHR12L2;
 431:Drivers/STM32F3xx_HAL_Driver/Src/stm32f3xx_hal_dac_ex.c ****         break;
 432:Drivers/STM32F3xx_HAL_Driver/Src/stm32f3xx_hal_dac_ex.c ****       case DAC_ALIGN_8B_R:
 433:Drivers/STM32F3xx_HAL_Driver/Src/stm32f3xx_hal_dac_ex.c ****         /* Get DHR8R2 address */
 434:Drivers/STM32F3xx_HAL_Driver/Src/stm32f3xx_hal_dac_ex.c ****         tmpreg = (uint32_t)&hdac->Instance->DHR8R2;
 435:Drivers/STM32F3xx_HAL_Driver/Src/stm32f3xx_hal_dac_ex.c ****         break;
 436:Drivers/STM32F3xx_HAL_Driver/Src/stm32f3xx_hal_dac_ex.c ****       default:
 437:Drivers/STM32F3xx_HAL_Driver/Src/stm32f3xx_hal_dac_ex.c ****         break;
 438:Drivers/STM32F3xx_HAL_Driver/Src/stm32f3xx_hal_dac_ex.c ****     }
 439:Drivers/STM32F3xx_HAL_Driver/Src/stm32f3xx_hal_dac_ex.c ****   }
 440:Drivers/STM32F3xx_HAL_Driver/Src/stm32f3xx_hal_dac_ex.c ****  
 441:Drivers/STM32F3xx_HAL_Driver/Src/stm32f3xx_hal_dac_ex.c ****   /* Enable the DMA Channel */
 442:Drivers/STM32F3xx_HAL_Driver/Src/stm32f3xx_hal_dac_ex.c ****   if(Channel == DAC_CHANNEL_1)
 443:Drivers/STM32F3xx_HAL_Driver/Src/stm32f3xx_hal_dac_ex.c ****   {
 444:Drivers/STM32F3xx_HAL_Driver/Src/stm32f3xx_hal_dac_ex.c ****     /* Enable the DAC DMA underrun interrupt */
 445:Drivers/STM32F3xx_HAL_Driver/Src/stm32f3xx_hal_dac_ex.c ****     __HAL_DAC_ENABLE_IT(hdac, DAC_IT_DMAUDR1);
 446:Drivers/STM32F3xx_HAL_Driver/Src/stm32f3xx_hal_dac_ex.c **** 
 447:Drivers/STM32F3xx_HAL_Driver/Src/stm32f3xx_hal_dac_ex.c ****     /* Enable the DMA Channel */
 448:Drivers/STM32F3xx_HAL_Driver/Src/stm32f3xx_hal_dac_ex.c ****     HAL_DMA_Start_IT(hdac->DMA_Handle1, (uint32_t)pData, tmpreg, Length);
 449:Drivers/STM32F3xx_HAL_Driver/Src/stm32f3xx_hal_dac_ex.c ****   } 
 450:Drivers/STM32F3xx_HAL_Driver/Src/stm32f3xx_hal_dac_ex.c ****   else
 451:Drivers/STM32F3xx_HAL_Driver/Src/stm32f3xx_hal_dac_ex.c ****   {
 452:Drivers/STM32F3xx_HAL_Driver/Src/stm32f3xx_hal_dac_ex.c ****     /* Enable the DAC DMA underrun interrupt */
 453:Drivers/STM32F3xx_HAL_Driver/Src/stm32f3xx_hal_dac_ex.c ****     __HAL_DAC_ENABLE_IT(hdac, DAC_IT_DMAUDR2);
 454:Drivers/STM32F3xx_HAL_Driver/Src/stm32f3xx_hal_dac_ex.c **** 
 455:Drivers/STM32F3xx_HAL_Driver/Src/stm32f3xx_hal_dac_ex.c ****     /* Enable the DMA Channel */
 456:Drivers/STM32F3xx_HAL_Driver/Src/stm32f3xx_hal_dac_ex.c ****     HAL_DMA_Start_IT(hdac->DMA_Handle2, (uint32_t)pData, tmpreg, Length);
 457:Drivers/STM32F3xx_HAL_Driver/Src/stm32f3xx_hal_dac_ex.c ****   }
 458:Drivers/STM32F3xx_HAL_Driver/Src/stm32f3xx_hal_dac_ex.c ****  
 459:Drivers/STM32F3xx_HAL_Driver/Src/stm32f3xx_hal_dac_ex.c ****   /* Process Unlocked */
 460:Drivers/STM32F3xx_HAL_Driver/Src/stm32f3xx_hal_dac_ex.c ****   __HAL_UNLOCK(hdac);
 461:Drivers/STM32F3xx_HAL_Driver/Src/stm32f3xx_hal_dac_ex.c **** 
 462:Drivers/STM32F3xx_HAL_Driver/Src/stm32f3xx_hal_dac_ex.c ****   /* Enable the Peripheral */
 463:Drivers/STM32F3xx_HAL_Driver/Src/stm32f3xx_hal_dac_ex.c ****   __HAL_DAC_ENABLE(hdac, Channel);
 464:Drivers/STM32F3xx_HAL_Driver/Src/stm32f3xx_hal_dac_ex.c ****   
 465:Drivers/STM32F3xx_HAL_Driver/Src/stm32f3xx_hal_dac_ex.c ****   /* Return function status */
 466:Drivers/STM32F3xx_HAL_Driver/Src/stm32f3xx_hal_dac_ex.c ****   return HAL_OK;
 467:Drivers/STM32F3xx_HAL_Driver/Src/stm32f3xx_hal_dac_ex.c **** }
 468:Drivers/STM32F3xx_HAL_Driver/Src/stm32f3xx_hal_dac_ex.c **** #endif /* STM32F303xE || STM32F398xx                || */
 469:Drivers/STM32F3xx_HAL_Driver/Src/stm32f3xx_hal_dac_ex.c ****        /* STM32F303xC || STM32F358xx                || */
 470:Drivers/STM32F3xx_HAL_Driver/Src/stm32f3xx_hal_dac_ex.c ****        /* STM32F303x8 || STM32F334x8 || STM32F328xx || */
 471:Drivers/STM32F3xx_HAL_Driver/Src/stm32f3xx_hal_dac_ex.c ****        /* STM32F373xC || STM32F378xx                   */
 472:Drivers/STM32F3xx_HAL_Driver/Src/stm32f3xx_hal_dac_ex.c **** 
 473:Drivers/STM32F3xx_HAL_Driver/Src/stm32f3xx_hal_dac_ex.c **** #if defined(STM32F302xE) || \
 474:Drivers/STM32F3xx_HAL_Driver/Src/stm32f3xx_hal_dac_ex.c ****     defined(STM32F302xC) || \
 475:Drivers/STM32F3xx_HAL_Driver/Src/stm32f3xx_hal_dac_ex.c ****     defined(STM32F301x8) || defined(STM32F302x8) || defined(STM32F318xx)
 476:Drivers/STM32F3xx_HAL_Driver/Src/stm32f3xx_hal_dac_ex.c **** /* DAC 1 has 1 channel (channel 1U)  */
 477:Drivers/STM32F3xx_HAL_Driver/Src/stm32f3xx_hal_dac_ex.c **** /**
 478:Drivers/STM32F3xx_HAL_Driver/Src/stm32f3xx_hal_dac_ex.c ****   * @brief  Enables DAC and starts conversion of channel.
 479:Drivers/STM32F3xx_HAL_Driver/Src/stm32f3xx_hal_dac_ex.c ****   * @param  hdac pointer to a DAC_HandleTypeDef structure that contains
 480:Drivers/STM32F3xx_HAL_Driver/Src/stm32f3xx_hal_dac_ex.c ****   *         the configuration information for the specified DAC.
 481:Drivers/STM32F3xx_HAL_Driver/Src/stm32f3xx_hal_dac_ex.c ****   * @param  Channel The selected DAC channel. 
 482:Drivers/STM32F3xx_HAL_Driver/Src/stm32f3xx_hal_dac_ex.c ****   *          This parameter can be one of the following values:
 483:Drivers/STM32F3xx_HAL_Driver/Src/stm32f3xx_hal_dac_ex.c ****   *            @arg DAC_CHANNEL_1: DAC1 Channel1 selected
 484:Drivers/STM32F3xx_HAL_Driver/Src/stm32f3xx_hal_dac_ex.c ****   * @param  pData The destination peripheral Buffer address.
 485:Drivers/STM32F3xx_HAL_Driver/Src/stm32f3xx_hal_dac_ex.c ****   * @param  Length The length of data to be transferred from memory to DAC peripheral
 486:Drivers/STM32F3xx_HAL_Driver/Src/stm32f3xx_hal_dac_ex.c ****   * @param  Alignment Specifies the data alignment for DAC channel.
ARM GAS  C:\Users\nakas\AppData\Local\Temp\ccXxe4Dd.s 			page 10


 487:Drivers/STM32F3xx_HAL_Driver/Src/stm32f3xx_hal_dac_ex.c ****   *          This parameter can be one of the following values:
 488:Drivers/STM32F3xx_HAL_Driver/Src/stm32f3xx_hal_dac_ex.c ****   *            @arg DAC_ALIGN_8B_R: 8bit right data alignment selected
 489:Drivers/STM32F3xx_HAL_Driver/Src/stm32f3xx_hal_dac_ex.c ****   *            @arg DAC_ALIGN_12B_L: 12bit left data alignment selected
 490:Drivers/STM32F3xx_HAL_Driver/Src/stm32f3xx_hal_dac_ex.c ****   *            @arg DAC_ALIGN_12B_R: 12bit right data alignment selected
 491:Drivers/STM32F3xx_HAL_Driver/Src/stm32f3xx_hal_dac_ex.c ****   * @retval HAL status
 492:Drivers/STM32F3xx_HAL_Driver/Src/stm32f3xx_hal_dac_ex.c ****   */
 493:Drivers/STM32F3xx_HAL_Driver/Src/stm32f3xx_hal_dac_ex.c **** HAL_StatusTypeDef HAL_DAC_Start_DMA(DAC_HandleTypeDef* hdac, uint32_t Channel, uint32_t* pData, uin
 494:Drivers/STM32F3xx_HAL_Driver/Src/stm32f3xx_hal_dac_ex.c **** {
 495:Drivers/STM32F3xx_HAL_Driver/Src/stm32f3xx_hal_dac_ex.c ****   uint32_t tmpreg = 0U;
 496:Drivers/STM32F3xx_HAL_Driver/Src/stm32f3xx_hal_dac_ex.c ****     
 497:Drivers/STM32F3xx_HAL_Driver/Src/stm32f3xx_hal_dac_ex.c ****   /* Check the parameters */
 498:Drivers/STM32F3xx_HAL_Driver/Src/stm32f3xx_hal_dac_ex.c ****   assert_param(IS_DAC_CHANNEL_INSTANCE(hdac->Instance, Channel));
 499:Drivers/STM32F3xx_HAL_Driver/Src/stm32f3xx_hal_dac_ex.c ****   assert_param(IS_DAC_ALIGN(Alignment));
 500:Drivers/STM32F3xx_HAL_Driver/Src/stm32f3xx_hal_dac_ex.c ****   
 501:Drivers/STM32F3xx_HAL_Driver/Src/stm32f3xx_hal_dac_ex.c ****   /* Process locked */
 502:Drivers/STM32F3xx_HAL_Driver/Src/stm32f3xx_hal_dac_ex.c ****   __HAL_LOCK(hdac);
 503:Drivers/STM32F3xx_HAL_Driver/Src/stm32f3xx_hal_dac_ex.c ****   
 504:Drivers/STM32F3xx_HAL_Driver/Src/stm32f3xx_hal_dac_ex.c ****   /* Change DAC state */
 505:Drivers/STM32F3xx_HAL_Driver/Src/stm32f3xx_hal_dac_ex.c ****   hdac->State = HAL_DAC_STATE_BUSY;
 506:Drivers/STM32F3xx_HAL_Driver/Src/stm32f3xx_hal_dac_ex.c ****     
 507:Drivers/STM32F3xx_HAL_Driver/Src/stm32f3xx_hal_dac_ex.c ****   /* Set the DMA transfer complete callback for channel1 */
 508:Drivers/STM32F3xx_HAL_Driver/Src/stm32f3xx_hal_dac_ex.c ****   hdac->DMA_Handle1->XferCpltCallback = DAC_DMAConvCpltCh1;
 509:Drivers/STM32F3xx_HAL_Driver/Src/stm32f3xx_hal_dac_ex.c ****   
 510:Drivers/STM32F3xx_HAL_Driver/Src/stm32f3xx_hal_dac_ex.c ****   /* Set the DMA half transfer complete callback for channel1 */
 511:Drivers/STM32F3xx_HAL_Driver/Src/stm32f3xx_hal_dac_ex.c ****   hdac->DMA_Handle1->XferHalfCpltCallback = DAC_DMAHalfConvCpltCh1;
 512:Drivers/STM32F3xx_HAL_Driver/Src/stm32f3xx_hal_dac_ex.c ****     
 513:Drivers/STM32F3xx_HAL_Driver/Src/stm32f3xx_hal_dac_ex.c ****   /* Set the DMA error callback for channel1 */
 514:Drivers/STM32F3xx_HAL_Driver/Src/stm32f3xx_hal_dac_ex.c ****   hdac->DMA_Handle1->XferErrorCallback = DAC_DMAErrorCh1;
 515:Drivers/STM32F3xx_HAL_Driver/Src/stm32f3xx_hal_dac_ex.c **** 
 516:Drivers/STM32F3xx_HAL_Driver/Src/stm32f3xx_hal_dac_ex.c ****   /* Enable the selected DAC channel1 DMA request */
 517:Drivers/STM32F3xx_HAL_Driver/Src/stm32f3xx_hal_dac_ex.c ****   SET_BIT(hdac->Instance->CR, DAC_CR_DMAEN1);
 518:Drivers/STM32F3xx_HAL_Driver/Src/stm32f3xx_hal_dac_ex.c ****     
 519:Drivers/STM32F3xx_HAL_Driver/Src/stm32f3xx_hal_dac_ex.c ****   /* Case of use of channel 1U */
 520:Drivers/STM32F3xx_HAL_Driver/Src/stm32f3xx_hal_dac_ex.c ****   switch(Alignment)
 521:Drivers/STM32F3xx_HAL_Driver/Src/stm32f3xx_hal_dac_ex.c ****   {
 522:Drivers/STM32F3xx_HAL_Driver/Src/stm32f3xx_hal_dac_ex.c ****     case DAC_ALIGN_12B_R:
 523:Drivers/STM32F3xx_HAL_Driver/Src/stm32f3xx_hal_dac_ex.c ****       /* Get DHR12R1 address */
 524:Drivers/STM32F3xx_HAL_Driver/Src/stm32f3xx_hal_dac_ex.c ****       tmpreg = (uint32_t)&hdac->Instance->DHR12R1;
 525:Drivers/STM32F3xx_HAL_Driver/Src/stm32f3xx_hal_dac_ex.c ****       break;
 526:Drivers/STM32F3xx_HAL_Driver/Src/stm32f3xx_hal_dac_ex.c ****     case DAC_ALIGN_12B_L:
 527:Drivers/STM32F3xx_HAL_Driver/Src/stm32f3xx_hal_dac_ex.c ****       /* Get DHR12L1 address */
 528:Drivers/STM32F3xx_HAL_Driver/Src/stm32f3xx_hal_dac_ex.c ****       tmpreg = (uint32_t)&hdac->Instance->DHR12L1;
 529:Drivers/STM32F3xx_HAL_Driver/Src/stm32f3xx_hal_dac_ex.c ****       break;
 530:Drivers/STM32F3xx_HAL_Driver/Src/stm32f3xx_hal_dac_ex.c ****     case DAC_ALIGN_8B_R:
 531:Drivers/STM32F3xx_HAL_Driver/Src/stm32f3xx_hal_dac_ex.c ****       /* Get DHR8R1 address */
 532:Drivers/STM32F3xx_HAL_Driver/Src/stm32f3xx_hal_dac_ex.c ****       tmpreg = (uint32_t)&hdac->Instance->DHR8R1;
 533:Drivers/STM32F3xx_HAL_Driver/Src/stm32f3xx_hal_dac_ex.c ****       break;
 534:Drivers/STM32F3xx_HAL_Driver/Src/stm32f3xx_hal_dac_ex.c ****     default:
 535:Drivers/STM32F3xx_HAL_Driver/Src/stm32f3xx_hal_dac_ex.c ****       break;
 536:Drivers/STM32F3xx_HAL_Driver/Src/stm32f3xx_hal_dac_ex.c ****   }
 537:Drivers/STM32F3xx_HAL_Driver/Src/stm32f3xx_hal_dac_ex.c ****   
 538:Drivers/STM32F3xx_HAL_Driver/Src/stm32f3xx_hal_dac_ex.c ****   /* Enable the DMA Channel */
 539:Drivers/STM32F3xx_HAL_Driver/Src/stm32f3xx_hal_dac_ex.c ****   /* Enable the DAC DMA underrun interrupt */
 540:Drivers/STM32F3xx_HAL_Driver/Src/stm32f3xx_hal_dac_ex.c ****   __HAL_DAC_ENABLE_IT(hdac, DAC_IT_DMAUDR1);
 541:Drivers/STM32F3xx_HAL_Driver/Src/stm32f3xx_hal_dac_ex.c **** 
 542:Drivers/STM32F3xx_HAL_Driver/Src/stm32f3xx_hal_dac_ex.c ****   /* Enable the DMA Channel */
 543:Drivers/STM32F3xx_HAL_Driver/Src/stm32f3xx_hal_dac_ex.c ****   HAL_DMA_Start_IT(hdac->DMA_Handle1, (uint32_t)pData, tmpreg, Length);
ARM GAS  C:\Users\nakas\AppData\Local\Temp\ccXxe4Dd.s 			page 11


 544:Drivers/STM32F3xx_HAL_Driver/Src/stm32f3xx_hal_dac_ex.c ****  
 545:Drivers/STM32F3xx_HAL_Driver/Src/stm32f3xx_hal_dac_ex.c ****   /* Process Unlocked */
 546:Drivers/STM32F3xx_HAL_Driver/Src/stm32f3xx_hal_dac_ex.c ****   __HAL_UNLOCK(hdac);
 547:Drivers/STM32F3xx_HAL_Driver/Src/stm32f3xx_hal_dac_ex.c **** 
 548:Drivers/STM32F3xx_HAL_Driver/Src/stm32f3xx_hal_dac_ex.c ****   /* Enable the Peripheral */
 549:Drivers/STM32F3xx_HAL_Driver/Src/stm32f3xx_hal_dac_ex.c ****   __HAL_DAC_ENABLE(hdac, Channel); 
 550:Drivers/STM32F3xx_HAL_Driver/Src/stm32f3xx_hal_dac_ex.c ****  
 551:Drivers/STM32F3xx_HAL_Driver/Src/stm32f3xx_hal_dac_ex.c ****   /* Return function status */
 552:Drivers/STM32F3xx_HAL_Driver/Src/stm32f3xx_hal_dac_ex.c ****   return HAL_OK;
 553:Drivers/STM32F3xx_HAL_Driver/Src/stm32f3xx_hal_dac_ex.c **** }
 554:Drivers/STM32F3xx_HAL_Driver/Src/stm32f3xx_hal_dac_ex.c **** #endif /* STM32F302xE                               || */
 555:Drivers/STM32F3xx_HAL_Driver/Src/stm32f3xx_hal_dac_ex.c ****        /* STM32F302xC                               || */
 556:Drivers/STM32F3xx_HAL_Driver/Src/stm32f3xx_hal_dac_ex.c ****        /* STM32F301x8 || STM32F302x8 || STM32F318xx    */
 557:Drivers/STM32F3xx_HAL_Driver/Src/stm32f3xx_hal_dac_ex.c **** 
 558:Drivers/STM32F3xx_HAL_Driver/Src/stm32f3xx_hal_dac_ex.c **** /* DAC 1 has 2 channels 1U & 2U - DAC 2 has one channel 1U */
 559:Drivers/STM32F3xx_HAL_Driver/Src/stm32f3xx_hal_dac_ex.c **** #if  defined(STM32F303xE) || defined(STM32F398xx)                         || \
 560:Drivers/STM32F3xx_HAL_Driver/Src/stm32f3xx_hal_dac_ex.c ****      defined(STM32F303xC) || defined(STM32F358xx)                         || \
 561:Drivers/STM32F3xx_HAL_Driver/Src/stm32f3xx_hal_dac_ex.c ****      defined(STM32F303x8) || defined(STM32F334x8) || defined(STM32F328xx) || \
 562:Drivers/STM32F3xx_HAL_Driver/Src/stm32f3xx_hal_dac_ex.c ****      defined(STM32F373xC) || defined(STM32F378xx)
 563:Drivers/STM32F3xx_HAL_Driver/Src/stm32f3xx_hal_dac_ex.c **** /* DAC 1 has 2 channels 1U & 2U */
 564:Drivers/STM32F3xx_HAL_Driver/Src/stm32f3xx_hal_dac_ex.c **** /**
 565:Drivers/STM32F3xx_HAL_Driver/Src/stm32f3xx_hal_dac_ex.c ****   * @brief  Returns the last data output value of the selected DAC channel.
 566:Drivers/STM32F3xx_HAL_Driver/Src/stm32f3xx_hal_dac_ex.c ****   * @param  hdac pointer to a DAC_HandleTypeDef structure that contains
 567:Drivers/STM32F3xx_HAL_Driver/Src/stm32f3xx_hal_dac_ex.c ****   *         the configuration information for the specified DAC.
 568:Drivers/STM32F3xx_HAL_Driver/Src/stm32f3xx_hal_dac_ex.c ****   * @param  Channel The selected DAC channel. 
 569:Drivers/STM32F3xx_HAL_Driver/Src/stm32f3xx_hal_dac_ex.c ****   *          This parameter can be one of the following values:
 570:Drivers/STM32F3xx_HAL_Driver/Src/stm32f3xx_hal_dac_ex.c ****   *            @arg DAC_CHANNEL_1: DAC1 Channel1 selected
 571:Drivers/STM32F3xx_HAL_Driver/Src/stm32f3xx_hal_dac_ex.c ****   *            @arg DAC_CHANNEL_2: DAC1 Channel2 selected
 572:Drivers/STM32F3xx_HAL_Driver/Src/stm32f3xx_hal_dac_ex.c ****   * @retval The selected DAC channel data output value.
 573:Drivers/STM32F3xx_HAL_Driver/Src/stm32f3xx_hal_dac_ex.c ****   */
 574:Drivers/STM32F3xx_HAL_Driver/Src/stm32f3xx_hal_dac_ex.c **** uint32_t HAL_DAC_GetValue(DAC_HandleTypeDef* hdac, uint32_t Channel)
 575:Drivers/STM32F3xx_HAL_Driver/Src/stm32f3xx_hal_dac_ex.c **** {
 576:Drivers/STM32F3xx_HAL_Driver/Src/stm32f3xx_hal_dac_ex.c ****   /* Check the parameters */
 577:Drivers/STM32F3xx_HAL_Driver/Src/stm32f3xx_hal_dac_ex.c ****   assert_param(IS_DAC_CHANNEL_INSTANCE(hdac->Instance, Channel));
 578:Drivers/STM32F3xx_HAL_Driver/Src/stm32f3xx_hal_dac_ex.c ****   
 579:Drivers/STM32F3xx_HAL_Driver/Src/stm32f3xx_hal_dac_ex.c ****   /* Returns the DAC channel data output register value */
 580:Drivers/STM32F3xx_HAL_Driver/Src/stm32f3xx_hal_dac_ex.c ****   if(Channel == DAC_CHANNEL_1) 
 581:Drivers/STM32F3xx_HAL_Driver/Src/stm32f3xx_hal_dac_ex.c ****   {
 582:Drivers/STM32F3xx_HAL_Driver/Src/stm32f3xx_hal_dac_ex.c ****     return hdac->Instance->DOR1;
 583:Drivers/STM32F3xx_HAL_Driver/Src/stm32f3xx_hal_dac_ex.c ****   }
 584:Drivers/STM32F3xx_HAL_Driver/Src/stm32f3xx_hal_dac_ex.c ****   else /* channel = DAC_CHANNEL_2  */
 585:Drivers/STM32F3xx_HAL_Driver/Src/stm32f3xx_hal_dac_ex.c ****   {
 586:Drivers/STM32F3xx_HAL_Driver/Src/stm32f3xx_hal_dac_ex.c ****     return hdac->Instance->DOR2;
 587:Drivers/STM32F3xx_HAL_Driver/Src/stm32f3xx_hal_dac_ex.c ****   }
 588:Drivers/STM32F3xx_HAL_Driver/Src/stm32f3xx_hal_dac_ex.c **** }
 589:Drivers/STM32F3xx_HAL_Driver/Src/stm32f3xx_hal_dac_ex.c **** #endif /* STM32F303xE || STM32F398xx                || */
 590:Drivers/STM32F3xx_HAL_Driver/Src/stm32f3xx_hal_dac_ex.c ****        /* STM32F303xC || STM32F358xx                || */
 591:Drivers/STM32F3xx_HAL_Driver/Src/stm32f3xx_hal_dac_ex.c ****        /* STM32F303x8 || STM32F334x8 || STM32F328xx || */
 592:Drivers/STM32F3xx_HAL_Driver/Src/stm32f3xx_hal_dac_ex.c ****        /* STM32F373xC || STM32F378xx                   */
 593:Drivers/STM32F3xx_HAL_Driver/Src/stm32f3xx_hal_dac_ex.c **** 
 594:Drivers/STM32F3xx_HAL_Driver/Src/stm32f3xx_hal_dac_ex.c **** #if defined(STM32F302xE) || \
 595:Drivers/STM32F3xx_HAL_Driver/Src/stm32f3xx_hal_dac_ex.c ****     defined(STM32F302xC) || \
 596:Drivers/STM32F3xx_HAL_Driver/Src/stm32f3xx_hal_dac_ex.c ****     defined(STM32F301x8) || defined(STM32F302x8) || defined(STM32F318xx)
 597:Drivers/STM32F3xx_HAL_Driver/Src/stm32f3xx_hal_dac_ex.c **** /* DAC 1 has 1 channel (channel 1U)  */
 598:Drivers/STM32F3xx_HAL_Driver/Src/stm32f3xx_hal_dac_ex.c **** /**
 599:Drivers/STM32F3xx_HAL_Driver/Src/stm32f3xx_hal_dac_ex.c ****   * @brief  Returns the last data output value of the selected DAC channel.
 600:Drivers/STM32F3xx_HAL_Driver/Src/stm32f3xx_hal_dac_ex.c ****   * @param  hdac pointer to a DAC_HandleTypeDef structure that contains
ARM GAS  C:\Users\nakas\AppData\Local\Temp\ccXxe4Dd.s 			page 12


 601:Drivers/STM32F3xx_HAL_Driver/Src/stm32f3xx_hal_dac_ex.c ****   *         the configuration information for the specified DAC.
 602:Drivers/STM32F3xx_HAL_Driver/Src/stm32f3xx_hal_dac_ex.c ****   * @param  channel The selected DAC channel. 
 603:Drivers/STM32F3xx_HAL_Driver/Src/stm32f3xx_hal_dac_ex.c ****   *          This parameter can be one of the following values:
 604:Drivers/STM32F3xx_HAL_Driver/Src/stm32f3xx_hal_dac_ex.c ****   *            @arg DAC_CHANNEL_1: DAC1 Channel1 selected
 605:Drivers/STM32F3xx_HAL_Driver/Src/stm32f3xx_hal_dac_ex.c ****   * @retval The selected DAC channel data output value.
 606:Drivers/STM32F3xx_HAL_Driver/Src/stm32f3xx_hal_dac_ex.c ****   */
 607:Drivers/STM32F3xx_HAL_Driver/Src/stm32f3xx_hal_dac_ex.c **** uint32_t HAL_DAC_GetValue(DAC_HandleTypeDef* hdac, uint32_t Channel)
 608:Drivers/STM32F3xx_HAL_Driver/Src/stm32f3xx_hal_dac_ex.c **** {
 609:Drivers/STM32F3xx_HAL_Driver/Src/stm32f3xx_hal_dac_ex.c ****   /* Check the parameters */
 610:Drivers/STM32F3xx_HAL_Driver/Src/stm32f3xx_hal_dac_ex.c ****   assert_param(IS_DAC_CHANNEL_INSTANCE(hdac->Instance, Channel));
 611:Drivers/STM32F3xx_HAL_Driver/Src/stm32f3xx_hal_dac_ex.c ****   
 612:Drivers/STM32F3xx_HAL_Driver/Src/stm32f3xx_hal_dac_ex.c ****   /* Returns the DAC channel data output register value */
 613:Drivers/STM32F3xx_HAL_Driver/Src/stm32f3xx_hal_dac_ex.c ****   return hdac->Instance->DOR1;
 614:Drivers/STM32F3xx_HAL_Driver/Src/stm32f3xx_hal_dac_ex.c **** }
 615:Drivers/STM32F3xx_HAL_Driver/Src/stm32f3xx_hal_dac_ex.c **** #endif /* STM32F302xE                               || */
 616:Drivers/STM32F3xx_HAL_Driver/Src/stm32f3xx_hal_dac_ex.c ****        /* STM32F302xC                               || */
 617:Drivers/STM32F3xx_HAL_Driver/Src/stm32f3xx_hal_dac_ex.c ****        /* STM32F301x8 || STM32F302x8 || STM32F318xx    */
 618:Drivers/STM32F3xx_HAL_Driver/Src/stm32f3xx_hal_dac_ex.c **** 
 619:Drivers/STM32F3xx_HAL_Driver/Src/stm32f3xx_hal_dac_ex.c **** /**
 620:Drivers/STM32F3xx_HAL_Driver/Src/stm32f3xx_hal_dac_ex.c ****   * @brief  Return the last data output value of the selected DAC channel.
 621:Drivers/STM32F3xx_HAL_Driver/Src/stm32f3xx_hal_dac_ex.c ****   * @param  hdac pointer to a DAC_HandleTypeDef structure that contains
 622:Drivers/STM32F3xx_HAL_Driver/Src/stm32f3xx_hal_dac_ex.c ****   *         the configuration information for the specified DAC.
 623:Drivers/STM32F3xx_HAL_Driver/Src/stm32f3xx_hal_dac_ex.c ****   * @retval The selected DAC channel data output value.
 624:Drivers/STM32F3xx_HAL_Driver/Src/stm32f3xx_hal_dac_ex.c ****   */
 625:Drivers/STM32F3xx_HAL_Driver/Src/stm32f3xx_hal_dac_ex.c **** uint32_t HAL_DACEx_DualGetValue(DAC_HandleTypeDef* hdac)
 626:Drivers/STM32F3xx_HAL_Driver/Src/stm32f3xx_hal_dac_ex.c **** {
 627:Drivers/STM32F3xx_HAL_Driver/Src/stm32f3xx_hal_dac_ex.c ****   uint32_t tmp = 0U;
 628:Drivers/STM32F3xx_HAL_Driver/Src/stm32f3xx_hal_dac_ex.c **** 
 629:Drivers/STM32F3xx_HAL_Driver/Src/stm32f3xx_hal_dac_ex.c ****   tmp |= hdac->Instance->DOR1;
 630:Drivers/STM32F3xx_HAL_Driver/Src/stm32f3xx_hal_dac_ex.c **** 
 631:Drivers/STM32F3xx_HAL_Driver/Src/stm32f3xx_hal_dac_ex.c **** #if  defined(STM32F303xE) || defined(STM32F398xx)                         || \
 632:Drivers/STM32F3xx_HAL_Driver/Src/stm32f3xx_hal_dac_ex.c ****      defined(STM32F303xC) || defined(STM32F358xx)                         || \
 633:Drivers/STM32F3xx_HAL_Driver/Src/stm32f3xx_hal_dac_ex.c ****      defined(STM32F303x8) || defined(STM32F334x8) || defined(STM32F328xx) || \
 634:Drivers/STM32F3xx_HAL_Driver/Src/stm32f3xx_hal_dac_ex.c ****      defined(STM32F373xC) || defined(STM32F378xx)
 635:Drivers/STM32F3xx_HAL_Driver/Src/stm32f3xx_hal_dac_ex.c **** /* DAC channel 2 is present in DAC 1U */
 636:Drivers/STM32F3xx_HAL_Driver/Src/stm32f3xx_hal_dac_ex.c ****   tmp |= hdac->Instance->DOR2 << 16U;
 637:Drivers/STM32F3xx_HAL_Driver/Src/stm32f3xx_hal_dac_ex.c **** #endif /* STM32F303xE || STM32F398xx                || */
 638:Drivers/STM32F3xx_HAL_Driver/Src/stm32f3xx_hal_dac_ex.c ****        /* STM32F303xC || STM32F358xx                || */
 639:Drivers/STM32F3xx_HAL_Driver/Src/stm32f3xx_hal_dac_ex.c ****        /* STM32F303x8 || STM32F334x8 || STM32F328xx || */
 640:Drivers/STM32F3xx_HAL_Driver/Src/stm32f3xx_hal_dac_ex.c ****        /* STM32F373xC || STM32F378xx                   */
 641:Drivers/STM32F3xx_HAL_Driver/Src/stm32f3xx_hal_dac_ex.c **** 
 642:Drivers/STM32F3xx_HAL_Driver/Src/stm32f3xx_hal_dac_ex.c ****   /* Returns the DAC channel data output register value */
 643:Drivers/STM32F3xx_HAL_Driver/Src/stm32f3xx_hal_dac_ex.c ****   return tmp;
 644:Drivers/STM32F3xx_HAL_Driver/Src/stm32f3xx_hal_dac_ex.c **** }
 645:Drivers/STM32F3xx_HAL_Driver/Src/stm32f3xx_hal_dac_ex.c **** 
 646:Drivers/STM32F3xx_HAL_Driver/Src/stm32f3xx_hal_dac_ex.c **** #if  defined(STM32F303xE) || defined(STM32F398xx)                         || \
 647:Drivers/STM32F3xx_HAL_Driver/Src/stm32f3xx_hal_dac_ex.c ****      defined(STM32F303xC) || defined(STM32F358xx)                         || \
 648:Drivers/STM32F3xx_HAL_Driver/Src/stm32f3xx_hal_dac_ex.c ****      defined(STM32F303x8) || defined(STM32F334x8) || defined(STM32F328xx) || \
 649:Drivers/STM32F3xx_HAL_Driver/Src/stm32f3xx_hal_dac_ex.c ****      defined(STM32F373xC) || defined(STM32F378xx)
 650:Drivers/STM32F3xx_HAL_Driver/Src/stm32f3xx_hal_dac_ex.c **** /* DAC channel 2 is available on top of DAC channel 1U */
 651:Drivers/STM32F3xx_HAL_Driver/Src/stm32f3xx_hal_dac_ex.c **** /**
 652:Drivers/STM32F3xx_HAL_Driver/Src/stm32f3xx_hal_dac_ex.c ****   * @brief  Handles DAC interrupt request
 653:Drivers/STM32F3xx_HAL_Driver/Src/stm32f3xx_hal_dac_ex.c ****   *         This function uses the interruption of DMA
 654:Drivers/STM32F3xx_HAL_Driver/Src/stm32f3xx_hal_dac_ex.c ****   *         underrun.  
 655:Drivers/STM32F3xx_HAL_Driver/Src/stm32f3xx_hal_dac_ex.c ****   * @param  hdac pointer to a DAC_HandleTypeDef structure that contains
 656:Drivers/STM32F3xx_HAL_Driver/Src/stm32f3xx_hal_dac_ex.c ****   *         the configuration information for the specified DAC.
 657:Drivers/STM32F3xx_HAL_Driver/Src/stm32f3xx_hal_dac_ex.c ****   * @retval None
ARM GAS  C:\Users\nakas\AppData\Local\Temp\ccXxe4Dd.s 			page 13


 658:Drivers/STM32F3xx_HAL_Driver/Src/stm32f3xx_hal_dac_ex.c ****   */
 659:Drivers/STM32F3xx_HAL_Driver/Src/stm32f3xx_hal_dac_ex.c **** void HAL_DAC_IRQHandler(struct __DAC_HandleTypeDef* hdac)
 660:Drivers/STM32F3xx_HAL_Driver/Src/stm32f3xx_hal_dac_ex.c **** {
 661:Drivers/STM32F3xx_HAL_Driver/Src/stm32f3xx_hal_dac_ex.c ****   if(__HAL_DAC_GET_IT_SOURCE(hdac, DAC_IT_DMAUDR1))
 662:Drivers/STM32F3xx_HAL_Driver/Src/stm32f3xx_hal_dac_ex.c ****   { 
 663:Drivers/STM32F3xx_HAL_Driver/Src/stm32f3xx_hal_dac_ex.c ****     /* Check underrun flag of DAC channel 1U */
 664:Drivers/STM32F3xx_HAL_Driver/Src/stm32f3xx_hal_dac_ex.c ****     if(__HAL_DAC_GET_FLAG(hdac, DAC_FLAG_DMAUDR1))
 665:Drivers/STM32F3xx_HAL_Driver/Src/stm32f3xx_hal_dac_ex.c ****     {
 666:Drivers/STM32F3xx_HAL_Driver/Src/stm32f3xx_hal_dac_ex.c ****       /* Change DAC state to error state */
 667:Drivers/STM32F3xx_HAL_Driver/Src/stm32f3xx_hal_dac_ex.c ****       hdac->State = HAL_DAC_STATE_ERROR;
 668:Drivers/STM32F3xx_HAL_Driver/Src/stm32f3xx_hal_dac_ex.c ****     
 669:Drivers/STM32F3xx_HAL_Driver/Src/stm32f3xx_hal_dac_ex.c ****       /* Set DAC error code to chanel1 DMA underrun error */
 670:Drivers/STM32F3xx_HAL_Driver/Src/stm32f3xx_hal_dac_ex.c ****       SET_BIT(hdac->ErrorCode, HAL_DAC_ERROR_DMAUNDERRUNCH1);
 671:Drivers/STM32F3xx_HAL_Driver/Src/stm32f3xx_hal_dac_ex.c ****           
 672:Drivers/STM32F3xx_HAL_Driver/Src/stm32f3xx_hal_dac_ex.c ****       /* Clear the underrun flag */
 673:Drivers/STM32F3xx_HAL_Driver/Src/stm32f3xx_hal_dac_ex.c ****       __HAL_DAC_CLEAR_FLAG(hdac,DAC_FLAG_DMAUDR1);
 674:Drivers/STM32F3xx_HAL_Driver/Src/stm32f3xx_hal_dac_ex.c ****     
 675:Drivers/STM32F3xx_HAL_Driver/Src/stm32f3xx_hal_dac_ex.c ****       /* Disable the selected DAC channel1 DMA request */
 676:Drivers/STM32F3xx_HAL_Driver/Src/stm32f3xx_hal_dac_ex.c ****       CLEAR_BIT(hdac->Instance->CR, DAC_CR_DMAEN1);
 677:Drivers/STM32F3xx_HAL_Driver/Src/stm32f3xx_hal_dac_ex.c ****     
 678:Drivers/STM32F3xx_HAL_Driver/Src/stm32f3xx_hal_dac_ex.c ****       /* Error callback */ 
 679:Drivers/STM32F3xx_HAL_Driver/Src/stm32f3xx_hal_dac_ex.c **** #if (USE_HAL_DAC_REGISTER_CALLBACKS == 1)
 680:Drivers/STM32F3xx_HAL_Driver/Src/stm32f3xx_hal_dac_ex.c ****       hdac->DMAUnderrunCallbackCh1(hdac);
 681:Drivers/STM32F3xx_HAL_Driver/Src/stm32f3xx_hal_dac_ex.c **** #else
 682:Drivers/STM32F3xx_HAL_Driver/Src/stm32f3xx_hal_dac_ex.c ****       HAL_DAC_DMAUnderrunCallbackCh1(hdac);
 683:Drivers/STM32F3xx_HAL_Driver/Src/stm32f3xx_hal_dac_ex.c **** #endif
 684:Drivers/STM32F3xx_HAL_Driver/Src/stm32f3xx_hal_dac_ex.c ****     }
 685:Drivers/STM32F3xx_HAL_Driver/Src/stm32f3xx_hal_dac_ex.c ****   }
 686:Drivers/STM32F3xx_HAL_Driver/Src/stm32f3xx_hal_dac_ex.c ****   
 687:Drivers/STM32F3xx_HAL_Driver/Src/stm32f3xx_hal_dac_ex.c ****   if(__HAL_DAC_GET_IT_SOURCE(hdac, DAC_IT_DMAUDR2))
 688:Drivers/STM32F3xx_HAL_Driver/Src/stm32f3xx_hal_dac_ex.c ****   {
 689:Drivers/STM32F3xx_HAL_Driver/Src/stm32f3xx_hal_dac_ex.c ****     /* Check underrun flag of DAC channel 2 */
 690:Drivers/STM32F3xx_HAL_Driver/Src/stm32f3xx_hal_dac_ex.c ****     if (__HAL_DAC_GET_FLAG(hdac, DAC_FLAG_DMAUDR2))
 691:Drivers/STM32F3xx_HAL_Driver/Src/stm32f3xx_hal_dac_ex.c ****     {
 692:Drivers/STM32F3xx_HAL_Driver/Src/stm32f3xx_hal_dac_ex.c ****       /* Change DAC state to error state */
 693:Drivers/STM32F3xx_HAL_Driver/Src/stm32f3xx_hal_dac_ex.c ****       hdac->State = HAL_DAC_STATE_ERROR;
 694:Drivers/STM32F3xx_HAL_Driver/Src/stm32f3xx_hal_dac_ex.c ****     
 695:Drivers/STM32F3xx_HAL_Driver/Src/stm32f3xx_hal_dac_ex.c ****       /* Set DAC error code to channel2 DMA underrun error */
 696:Drivers/STM32F3xx_HAL_Driver/Src/stm32f3xx_hal_dac_ex.c ****       SET_BIT(hdac->ErrorCode, HAL_DAC_ERROR_DMAUNDERRUNCH2);
 697:Drivers/STM32F3xx_HAL_Driver/Src/stm32f3xx_hal_dac_ex.c ****     
 698:Drivers/STM32F3xx_HAL_Driver/Src/stm32f3xx_hal_dac_ex.c ****       /* Clear the underrun flag */
 699:Drivers/STM32F3xx_HAL_Driver/Src/stm32f3xx_hal_dac_ex.c ****       __HAL_DAC_CLEAR_FLAG(hdac,DAC_FLAG_DMAUDR2);
 700:Drivers/STM32F3xx_HAL_Driver/Src/stm32f3xx_hal_dac_ex.c ****     
 701:Drivers/STM32F3xx_HAL_Driver/Src/stm32f3xx_hal_dac_ex.c ****       /* Disable the selected DAC channel1 DMA request */
 702:Drivers/STM32F3xx_HAL_Driver/Src/stm32f3xx_hal_dac_ex.c ****       CLEAR_BIT(hdac->Instance->CR, DAC_CR_DMAEN2);
 703:Drivers/STM32F3xx_HAL_Driver/Src/stm32f3xx_hal_dac_ex.c ****    
 704:Drivers/STM32F3xx_HAL_Driver/Src/stm32f3xx_hal_dac_ex.c ****       /* Error callback */
 705:Drivers/STM32F3xx_HAL_Driver/Src/stm32f3xx_hal_dac_ex.c **** #if (USE_HAL_DAC_REGISTER_CALLBACKS == 1)
 706:Drivers/STM32F3xx_HAL_Driver/Src/stm32f3xx_hal_dac_ex.c ****       hdac->DMAUnderrunCallbackCh2(hdac);
 707:Drivers/STM32F3xx_HAL_Driver/Src/stm32f3xx_hal_dac_ex.c **** #else
 708:Drivers/STM32F3xx_HAL_Driver/Src/stm32f3xx_hal_dac_ex.c ****       HAL_DACEx_DMAUnderrunCallbackCh2(hdac);
 709:Drivers/STM32F3xx_HAL_Driver/Src/stm32f3xx_hal_dac_ex.c **** #endif
 710:Drivers/STM32F3xx_HAL_Driver/Src/stm32f3xx_hal_dac_ex.c ****     }
 711:Drivers/STM32F3xx_HAL_Driver/Src/stm32f3xx_hal_dac_ex.c ****   }
 712:Drivers/STM32F3xx_HAL_Driver/Src/stm32f3xx_hal_dac_ex.c **** }
 713:Drivers/STM32F3xx_HAL_Driver/Src/stm32f3xx_hal_dac_ex.c **** #endif /* STM32F303xE || STM32F398xx                || */
 714:Drivers/STM32F3xx_HAL_Driver/Src/stm32f3xx_hal_dac_ex.c ****        /* STM32F303xC || STM32F358xx                || */
ARM GAS  C:\Users\nakas\AppData\Local\Temp\ccXxe4Dd.s 			page 14


 715:Drivers/STM32F3xx_HAL_Driver/Src/stm32f3xx_hal_dac_ex.c ****        /* STM32F303x8 || STM32F334x8 || STM32F328xx || */
 716:Drivers/STM32F3xx_HAL_Driver/Src/stm32f3xx_hal_dac_ex.c ****        /* STM32F373xC || STM32F378xx                   */
 717:Drivers/STM32F3xx_HAL_Driver/Src/stm32f3xx_hal_dac_ex.c **** 
 718:Drivers/STM32F3xx_HAL_Driver/Src/stm32f3xx_hal_dac_ex.c **** #if defined(STM32F302xE) || \
 719:Drivers/STM32F3xx_HAL_Driver/Src/stm32f3xx_hal_dac_ex.c ****     defined(STM32F302xC) || \
 720:Drivers/STM32F3xx_HAL_Driver/Src/stm32f3xx_hal_dac_ex.c ****     defined(STM32F301x8) || defined(STM32F302x8) || defined(STM32F318xx)
 721:Drivers/STM32F3xx_HAL_Driver/Src/stm32f3xx_hal_dac_ex.c **** /* DAC channel 2 is NOT available. Only DAC channel 1 is available */
 722:Drivers/STM32F3xx_HAL_Driver/Src/stm32f3xx_hal_dac_ex.c **** /**
 723:Drivers/STM32F3xx_HAL_Driver/Src/stm32f3xx_hal_dac_ex.c ****   * @brief  Handles DAC interrupt request
 724:Drivers/STM32F3xx_HAL_Driver/Src/stm32f3xx_hal_dac_ex.c ****   *         This function uses the interruption of DMA
 725:Drivers/STM32F3xx_HAL_Driver/Src/stm32f3xx_hal_dac_ex.c ****   *         underrun.  
 726:Drivers/STM32F3xx_HAL_Driver/Src/stm32f3xx_hal_dac_ex.c ****   * @param  hdac pointer to a DAC_HandleTypeDef structure that contains
 727:Drivers/STM32F3xx_HAL_Driver/Src/stm32f3xx_hal_dac_ex.c ****   *         the configuration information for the specified DAC.
 728:Drivers/STM32F3xx_HAL_Driver/Src/stm32f3xx_hal_dac_ex.c ****   * @retval None
 729:Drivers/STM32F3xx_HAL_Driver/Src/stm32f3xx_hal_dac_ex.c ****   */
 730:Drivers/STM32F3xx_HAL_Driver/Src/stm32f3xx_hal_dac_ex.c **** void HAL_DAC_IRQHandler(struct __DAC_HandleTypeDef* hdac)
 731:Drivers/STM32F3xx_HAL_Driver/Src/stm32f3xx_hal_dac_ex.c **** {
 732:Drivers/STM32F3xx_HAL_Driver/Src/stm32f3xx_hal_dac_ex.c ****   if(__HAL_DAC_GET_IT_SOURCE(hdac, DAC_IT_DMAUDR1))
 733:Drivers/STM32F3xx_HAL_Driver/Src/stm32f3xx_hal_dac_ex.c ****   {  
 734:Drivers/STM32F3xx_HAL_Driver/Src/stm32f3xx_hal_dac_ex.c ****     /* Check underrun flag of DAC channel 1U */
 735:Drivers/STM32F3xx_HAL_Driver/Src/stm32f3xx_hal_dac_ex.c ****     if(__HAL_DAC_GET_FLAG(hdac, DAC_FLAG_DMAUDR1))
 736:Drivers/STM32F3xx_HAL_Driver/Src/stm32f3xx_hal_dac_ex.c ****     {
 737:Drivers/STM32F3xx_HAL_Driver/Src/stm32f3xx_hal_dac_ex.c ****       /* Change DAC state to error state */
 738:Drivers/STM32F3xx_HAL_Driver/Src/stm32f3xx_hal_dac_ex.c ****       hdac->State = HAL_DAC_STATE_ERROR;
 739:Drivers/STM32F3xx_HAL_Driver/Src/stm32f3xx_hal_dac_ex.c ****     
 740:Drivers/STM32F3xx_HAL_Driver/Src/stm32f3xx_hal_dac_ex.c ****       /* Set DAC error code to chanel1 DMA underrun error */
 741:Drivers/STM32F3xx_HAL_Driver/Src/stm32f3xx_hal_dac_ex.c ****       SET_BIT(hdac->ErrorCode, HAL_DAC_ERROR_DMAUNDERRUNCH1);
 742:Drivers/STM32F3xx_HAL_Driver/Src/stm32f3xx_hal_dac_ex.c ****     
 743:Drivers/STM32F3xx_HAL_Driver/Src/stm32f3xx_hal_dac_ex.c ****       /* Clear the underrun flag */
 744:Drivers/STM32F3xx_HAL_Driver/Src/stm32f3xx_hal_dac_ex.c ****       __HAL_DAC_CLEAR_FLAG(hdac,DAC_FLAG_DMAUDR1);
 745:Drivers/STM32F3xx_HAL_Driver/Src/stm32f3xx_hal_dac_ex.c ****     
 746:Drivers/STM32F3xx_HAL_Driver/Src/stm32f3xx_hal_dac_ex.c ****       /* Disable the selected DAC channel1 DMA request */
 747:Drivers/STM32F3xx_HAL_Driver/Src/stm32f3xx_hal_dac_ex.c ****       CLEAR_BIT(hdac->Instance->CR, DAC_CR_DMAEN1);
 748:Drivers/STM32F3xx_HAL_Driver/Src/stm32f3xx_hal_dac_ex.c ****     
 749:Drivers/STM32F3xx_HAL_Driver/Src/stm32f3xx_hal_dac_ex.c ****       /* Error callback */ 
 750:Drivers/STM32F3xx_HAL_Driver/Src/stm32f3xx_hal_dac_ex.c ****       HAL_DAC_DMAUnderrunCallbackCh1(hdac);
 751:Drivers/STM32F3xx_HAL_Driver/Src/stm32f3xx_hal_dac_ex.c ****     }
 752:Drivers/STM32F3xx_HAL_Driver/Src/stm32f3xx_hal_dac_ex.c ****   }
 753:Drivers/STM32F3xx_HAL_Driver/Src/stm32f3xx_hal_dac_ex.c **** }
 754:Drivers/STM32F3xx_HAL_Driver/Src/stm32f3xx_hal_dac_ex.c **** #endif /* STM32F302xE                               || */
 755:Drivers/STM32F3xx_HAL_Driver/Src/stm32f3xx_hal_dac_ex.c ****        /* STM32F302xC                               || */
 756:Drivers/STM32F3xx_HAL_Driver/Src/stm32f3xx_hal_dac_ex.c ****        /* STM32F301x8 || STM32F302x8 || STM32F318xx    */
 757:Drivers/STM32F3xx_HAL_Driver/Src/stm32f3xx_hal_dac_ex.c **** 
 758:Drivers/STM32F3xx_HAL_Driver/Src/stm32f3xx_hal_dac_ex.c **** /**
 759:Drivers/STM32F3xx_HAL_Driver/Src/stm32f3xx_hal_dac_ex.c ****   * @brief  Configures the selected DAC channel.
 760:Drivers/STM32F3xx_HAL_Driver/Src/stm32f3xx_hal_dac_ex.c ****   * @param  hdac pointer to a DAC_HandleTypeDef structure that contains
 761:Drivers/STM32F3xx_HAL_Driver/Src/stm32f3xx_hal_dac_ex.c ****   *         the configuration information for the specified DAC.
 762:Drivers/STM32F3xx_HAL_Driver/Src/stm32f3xx_hal_dac_ex.c ****   * @param  sConfig DAC configuration structure.
 763:Drivers/STM32F3xx_HAL_Driver/Src/stm32f3xx_hal_dac_ex.c ****   * @param  Channel The selected DAC channel. 
 764:Drivers/STM32F3xx_HAL_Driver/Src/stm32f3xx_hal_dac_ex.c ****   *          This parameter can be one of the following values:
 765:Drivers/STM32F3xx_HAL_Driver/Src/stm32f3xx_hal_dac_ex.c ****   *            @arg DAC_CHANNEL_1: DAC1 Channel1 selected
 766:Drivers/STM32F3xx_HAL_Driver/Src/stm32f3xx_hal_dac_ex.c ****   *            @arg DAC_CHANNEL_2: DAC1 Channel2 selected  
 767:Drivers/STM32F3xx_HAL_Driver/Src/stm32f3xx_hal_dac_ex.c ****   *            @arg DAC_CHANNEL_1: DAC2 Channel1 selected 
 768:Drivers/STM32F3xx_HAL_Driver/Src/stm32f3xx_hal_dac_ex.c ****   * @retval HAL status
 769:Drivers/STM32F3xx_HAL_Driver/Src/stm32f3xx_hal_dac_ex.c ****   */
 770:Drivers/STM32F3xx_HAL_Driver/Src/stm32f3xx_hal_dac_ex.c **** 
 771:Drivers/STM32F3xx_HAL_Driver/Src/stm32f3xx_hal_dac_ex.c **** HAL_StatusTypeDef HAL_DAC_ConfigChannel(DAC_HandleTypeDef* hdac, DAC_ChannelConfTypeDef* sConfig, u
ARM GAS  C:\Users\nakas\AppData\Local\Temp\ccXxe4Dd.s 			page 15


 772:Drivers/STM32F3xx_HAL_Driver/Src/stm32f3xx_hal_dac_ex.c **** {
 773:Drivers/STM32F3xx_HAL_Driver/Src/stm32f3xx_hal_dac_ex.c ****   uint32_t tmpreg1 = 0U, tmpreg2 = 0U;
 774:Drivers/STM32F3xx_HAL_Driver/Src/stm32f3xx_hal_dac_ex.c **** 
 775:Drivers/STM32F3xx_HAL_Driver/Src/stm32f3xx_hal_dac_ex.c ****   /* Check the DAC parameters */
 776:Drivers/STM32F3xx_HAL_Driver/Src/stm32f3xx_hal_dac_ex.c ****   assert_param(IS_DAC_TRIGGER(sConfig->DAC_Trigger));
 777:Drivers/STM32F3xx_HAL_Driver/Src/stm32f3xx_hal_dac_ex.c **** 
 778:Drivers/STM32F3xx_HAL_Driver/Src/stm32f3xx_hal_dac_ex.c **** #if defined(STM32F303x8) || defined(STM32F334x8) || defined(STM32F328xx)
 779:Drivers/STM32F3xx_HAL_Driver/Src/stm32f3xx_hal_dac_ex.c ****   if ((hdac->Instance == DAC1) && (Channel == DAC_CHANNEL_1)) 
 780:Drivers/STM32F3xx_HAL_Driver/Src/stm32f3xx_hal_dac_ex.c ****   {
 781:Drivers/STM32F3xx_HAL_Driver/Src/stm32f3xx_hal_dac_ex.c ****     /* Output Buffer (BOFF1) control */
 782:Drivers/STM32F3xx_HAL_Driver/Src/stm32f3xx_hal_dac_ex.c ****     assert_param(IS_DAC_OUTPUT_BUFFER_STATE(sConfig->DAC_OutputBuffer));    
 783:Drivers/STM32F3xx_HAL_Driver/Src/stm32f3xx_hal_dac_ex.c ****   }
 784:Drivers/STM32F3xx_HAL_Driver/Src/stm32f3xx_hal_dac_ex.c ****   else /* DAC1 channel 2U & DAC2 channel 1U */
 785:Drivers/STM32F3xx_HAL_Driver/Src/stm32f3xx_hal_dac_ex.c ****   {
 786:Drivers/STM32F3xx_HAL_Driver/Src/stm32f3xx_hal_dac_ex.c ****     /* Output Switch (OUTEN) control */
 787:Drivers/STM32F3xx_HAL_Driver/Src/stm32f3xx_hal_dac_ex.c ****     assert_param(IS_DAC_OUTPUT_SWITCH_STATE(sConfig->DAC_OutputSwitch));    
 788:Drivers/STM32F3xx_HAL_Driver/Src/stm32f3xx_hal_dac_ex.c ****   }    
 789:Drivers/STM32F3xx_HAL_Driver/Src/stm32f3xx_hal_dac_ex.c **** #else
 790:Drivers/STM32F3xx_HAL_Driver/Src/stm32f3xx_hal_dac_ex.c ****   assert_param(IS_DAC_OUTPUT_BUFFER_STATE(sConfig->DAC_OutputBuffer));    
 791:Drivers/STM32F3xx_HAL_Driver/Src/stm32f3xx_hal_dac_ex.c **** #endif /* STM32F303x8 || STM32F334x8 || STM32F328xx || */
 792:Drivers/STM32F3xx_HAL_Driver/Src/stm32f3xx_hal_dac_ex.c ****   assert_param(IS_DAC_CHANNEL(Channel));   
 793:Drivers/STM32F3xx_HAL_Driver/Src/stm32f3xx_hal_dac_ex.c ****  
 794:Drivers/STM32F3xx_HAL_Driver/Src/stm32f3xx_hal_dac_ex.c ****   /* Process locked */
 795:Drivers/STM32F3xx_HAL_Driver/Src/stm32f3xx_hal_dac_ex.c ****   __HAL_LOCK(hdac);
 796:Drivers/STM32F3xx_HAL_Driver/Src/stm32f3xx_hal_dac_ex.c ****   
 797:Drivers/STM32F3xx_HAL_Driver/Src/stm32f3xx_hal_dac_ex.c ****   /* Change DAC state */
 798:Drivers/STM32F3xx_HAL_Driver/Src/stm32f3xx_hal_dac_ex.c ****   hdac->State = HAL_DAC_STATE_BUSY;
 799:Drivers/STM32F3xx_HAL_Driver/Src/stm32f3xx_hal_dac_ex.c ****   
 800:Drivers/STM32F3xx_HAL_Driver/Src/stm32f3xx_hal_dac_ex.c ****   /* Get the DAC CR value */
 801:Drivers/STM32F3xx_HAL_Driver/Src/stm32f3xx_hal_dac_ex.c ****   tmpreg1 = hdac->Instance->CR;
 802:Drivers/STM32F3xx_HAL_Driver/Src/stm32f3xx_hal_dac_ex.c ****   
 803:Drivers/STM32F3xx_HAL_Driver/Src/stm32f3xx_hal_dac_ex.c ****   /* Clear BOFFx-OUTENx, TENx, TSELx, WAVEx and MAMPx bits */
 804:Drivers/STM32F3xx_HAL_Driver/Src/stm32f3xx_hal_dac_ex.c ****   
 805:Drivers/STM32F3xx_HAL_Driver/Src/stm32f3xx_hal_dac_ex.c ****   /* Configure for the selected DAC channel: buffer output or switch output, trigger */
 806:Drivers/STM32F3xx_HAL_Driver/Src/stm32f3xx_hal_dac_ex.c ****   /* Set TSELx and TENx bits according to DAC_Trigger value */
 807:Drivers/STM32F3xx_HAL_Driver/Src/stm32f3xx_hal_dac_ex.c ****   /* Set BOFFx bit according to DAC_OutputBuffer value OR */   
 808:Drivers/STM32F3xx_HAL_Driver/Src/stm32f3xx_hal_dac_ex.c ****   /* Set OUTEN bit according to DAC_OutputSwitch value */   
 809:Drivers/STM32F3xx_HAL_Driver/Src/stm32f3xx_hal_dac_ex.c **** #if defined(STM32F303x8) || defined(STM32F334x8) || defined(STM32F328xx)
 810:Drivers/STM32F3xx_HAL_Driver/Src/stm32f3xx_hal_dac_ex.c ****   if ((hdac->Instance == DAC1) && (Channel == DAC_CHANNEL_1)) 
 811:Drivers/STM32F3xx_HAL_Driver/Src/stm32f3xx_hal_dac_ex.c ****   {
 812:Drivers/STM32F3xx_HAL_Driver/Src/stm32f3xx_hal_dac_ex.c ****     /* Output Buffer (BOFF1) control */
 813:Drivers/STM32F3xx_HAL_Driver/Src/stm32f3xx_hal_dac_ex.c ****     tmpreg1 &= ~(((uint32_t)(DAC_CR_MAMP1 | DAC_CR_WAVE1 | DAC_CR_TSEL1 | DAC_CR_TEN1 | DAC_CR_BOFF
 814:Drivers/STM32F3xx_HAL_Driver/Src/stm32f3xx_hal_dac_ex.c ****     tmpreg2 = (sConfig->DAC_Trigger | sConfig->DAC_OutputBuffer);    
 815:Drivers/STM32F3xx_HAL_Driver/Src/stm32f3xx_hal_dac_ex.c ****   }
 816:Drivers/STM32F3xx_HAL_Driver/Src/stm32f3xx_hal_dac_ex.c ****   else /* DAC1 channel 2U & DAC2 channel 1U */
 817:Drivers/STM32F3xx_HAL_Driver/Src/stm32f3xx_hal_dac_ex.c ****   {
 818:Drivers/STM32F3xx_HAL_Driver/Src/stm32f3xx_hal_dac_ex.c ****     /* Output Switch (OUTEN) control */
 819:Drivers/STM32F3xx_HAL_Driver/Src/stm32f3xx_hal_dac_ex.c ****     tmpreg1 &= ~(((uint32_t)(DAC_CR_MAMP1 | DAC_CR_WAVE1 | DAC_CR_TSEL1 | DAC_CR_TEN1 | DAC_CR_OUTE
 820:Drivers/STM32F3xx_HAL_Driver/Src/stm32f3xx_hal_dac_ex.c ****     tmpreg2 = (sConfig->DAC_Trigger | sConfig->DAC_OutputSwitch);    
 821:Drivers/STM32F3xx_HAL_Driver/Src/stm32f3xx_hal_dac_ex.c ****   }    
 822:Drivers/STM32F3xx_HAL_Driver/Src/stm32f3xx_hal_dac_ex.c **** #else
 823:Drivers/STM32F3xx_HAL_Driver/Src/stm32f3xx_hal_dac_ex.c ****   tmpreg1 &= ~(((uint32_t)(DAC_CR_MAMP1 | DAC_CR_WAVE1 | DAC_CR_TSEL1 | DAC_CR_TEN1 | DAC_CR_BOFF1)
 824:Drivers/STM32F3xx_HAL_Driver/Src/stm32f3xx_hal_dac_ex.c ****   tmpreg2 = (sConfig->DAC_Trigger | sConfig->DAC_OutputBuffer);
 825:Drivers/STM32F3xx_HAL_Driver/Src/stm32f3xx_hal_dac_ex.c **** #endif  /* STM32F303x8 || STM32F334x8 || STM32F328xx || */
 826:Drivers/STM32F3xx_HAL_Driver/Src/stm32f3xx_hal_dac_ex.c ****   
 827:Drivers/STM32F3xx_HAL_Driver/Src/stm32f3xx_hal_dac_ex.c ****   /* Calculate CR register value depending on DAC_Channel */
 828:Drivers/STM32F3xx_HAL_Driver/Src/stm32f3xx_hal_dac_ex.c ****   tmpreg1 |= tmpreg2 << Channel;
ARM GAS  C:\Users\nakas\AppData\Local\Temp\ccXxe4Dd.s 			page 16


 829:Drivers/STM32F3xx_HAL_Driver/Src/stm32f3xx_hal_dac_ex.c ****   /* Write to DAC CR */
 830:Drivers/STM32F3xx_HAL_Driver/Src/stm32f3xx_hal_dac_ex.c ****   hdac->Instance->CR = tmpreg1;
 831:Drivers/STM32F3xx_HAL_Driver/Src/stm32f3xx_hal_dac_ex.c ****   
 832:Drivers/STM32F3xx_HAL_Driver/Src/stm32f3xx_hal_dac_ex.c ****   /* Disable wave generation */
 833:Drivers/STM32F3xx_HAL_Driver/Src/stm32f3xx_hal_dac_ex.c ****   hdac->Instance->CR &= ~(DAC_CR_WAVE1 << Channel);
 834:Drivers/STM32F3xx_HAL_Driver/Src/stm32f3xx_hal_dac_ex.c **** 
 835:Drivers/STM32F3xx_HAL_Driver/Src/stm32f3xx_hal_dac_ex.c ****   /* Change DAC state */
 836:Drivers/STM32F3xx_HAL_Driver/Src/stm32f3xx_hal_dac_ex.c ****   hdac->State = HAL_DAC_STATE_READY;
 837:Drivers/STM32F3xx_HAL_Driver/Src/stm32f3xx_hal_dac_ex.c ****   
 838:Drivers/STM32F3xx_HAL_Driver/Src/stm32f3xx_hal_dac_ex.c ****   /* Process unlocked */
 839:Drivers/STM32F3xx_HAL_Driver/Src/stm32f3xx_hal_dac_ex.c ****   __HAL_UNLOCK(hdac);
 840:Drivers/STM32F3xx_HAL_Driver/Src/stm32f3xx_hal_dac_ex.c ****   
 841:Drivers/STM32F3xx_HAL_Driver/Src/stm32f3xx_hal_dac_ex.c ****   /* Return function status */
 842:Drivers/STM32F3xx_HAL_Driver/Src/stm32f3xx_hal_dac_ex.c ****   return HAL_OK;
 843:Drivers/STM32F3xx_HAL_Driver/Src/stm32f3xx_hal_dac_ex.c **** }
 844:Drivers/STM32F3xx_HAL_Driver/Src/stm32f3xx_hal_dac_ex.c **** 
 845:Drivers/STM32F3xx_HAL_Driver/Src/stm32f3xx_hal_dac_ex.c **** /**
 846:Drivers/STM32F3xx_HAL_Driver/Src/stm32f3xx_hal_dac_ex.c ****   * @brief  Enables or disables the selected DAC channel wave generation.
 847:Drivers/STM32F3xx_HAL_Driver/Src/stm32f3xx_hal_dac_ex.c ****   * @param  hdac pointer to a DAC_HandleTypeDef structure that contains
 848:Drivers/STM32F3xx_HAL_Driver/Src/stm32f3xx_hal_dac_ex.c ****   *         the configuration information for the specified DAC.
 849:Drivers/STM32F3xx_HAL_Driver/Src/stm32f3xx_hal_dac_ex.c ****   * @param  Channel The selected DAC channel.
 850:Drivers/STM32F3xx_HAL_Driver/Src/stm32f3xx_hal_dac_ex.c ****   *          This parameter can be one of the following values:
 851:Drivers/STM32F3xx_HAL_Driver/Src/stm32f3xx_hal_dac_ex.c ****   *            @arg DAC_CHANNEL_1: DAC1 Channel1 selected
 852:Drivers/STM32F3xx_HAL_Driver/Src/stm32f3xx_hal_dac_ex.c ****   *            @arg DAC_CHANNEL_2: DAC1 Channel2 selected
 853:Drivers/STM32F3xx_HAL_Driver/Src/stm32f3xx_hal_dac_ex.c ****   * @param  Amplitude Select max triangle amplitude.
 854:Drivers/STM32F3xx_HAL_Driver/Src/stm32f3xx_hal_dac_ex.c ****   *          This parameter can be one of the following values:
 855:Drivers/STM32F3xx_HAL_Driver/Src/stm32f3xx_hal_dac_ex.c ****   *            @arg DAC_TRIANGLEAMPLITUDE_1: Select max triangle amplitude of 1
 856:Drivers/STM32F3xx_HAL_Driver/Src/stm32f3xx_hal_dac_ex.c ****   *            @arg DAC_TRIANGLEAMPLITUDE_3: Select max triangle amplitude of 3
 857:Drivers/STM32F3xx_HAL_Driver/Src/stm32f3xx_hal_dac_ex.c ****   *            @arg DAC_TRIANGLEAMPLITUDE_7: Select max triangle amplitude of 7
 858:Drivers/STM32F3xx_HAL_Driver/Src/stm32f3xx_hal_dac_ex.c ****   *            @arg DAC_TRIANGLEAMPLITUDE_15: Select max triangle amplitude of 15
 859:Drivers/STM32F3xx_HAL_Driver/Src/stm32f3xx_hal_dac_ex.c ****   *            @arg DAC_TRIANGLEAMPLITUDE_31: Select max triangle amplitude of 31
 860:Drivers/STM32F3xx_HAL_Driver/Src/stm32f3xx_hal_dac_ex.c ****   *            @arg DAC_TRIANGLEAMPLITUDE_63: Select max triangle amplitude of 63
 861:Drivers/STM32F3xx_HAL_Driver/Src/stm32f3xx_hal_dac_ex.c ****   *            @arg DAC_TRIANGLEAMPLITUDE_127: Select max triangle amplitude of 127
 862:Drivers/STM32F3xx_HAL_Driver/Src/stm32f3xx_hal_dac_ex.c ****   *            @arg DAC_TRIANGLEAMPLITUDE_255: Select max triangle amplitude of 255
 863:Drivers/STM32F3xx_HAL_Driver/Src/stm32f3xx_hal_dac_ex.c ****   *            @arg DAC_TRIANGLEAMPLITUDE_511: Select max triangle amplitude of 511
 864:Drivers/STM32F3xx_HAL_Driver/Src/stm32f3xx_hal_dac_ex.c ****   *            @arg DAC_TRIANGLEAMPLITUDE_1023: Select max triangle amplitude of 1023
 865:Drivers/STM32F3xx_HAL_Driver/Src/stm32f3xx_hal_dac_ex.c ****   *            @arg DAC_TRIANGLEAMPLITUDE_2047: Select max triangle amplitude of 2047
 866:Drivers/STM32F3xx_HAL_Driver/Src/stm32f3xx_hal_dac_ex.c ****   *            @arg DAC_TRIANGLEAMPLITUDE_4095: Select max triangle amplitude of 4095
 867:Drivers/STM32F3xx_HAL_Driver/Src/stm32f3xx_hal_dac_ex.c ****   * @note   Wave generation is not available in DAC2.
 868:Drivers/STM32F3xx_HAL_Driver/Src/stm32f3xx_hal_dac_ex.c ****   * @retval HAL status
 869:Drivers/STM32F3xx_HAL_Driver/Src/stm32f3xx_hal_dac_ex.c ****   */
 870:Drivers/STM32F3xx_HAL_Driver/Src/stm32f3xx_hal_dac_ex.c **** HAL_StatusTypeDef HAL_DACEx_TriangleWaveGenerate(DAC_HandleTypeDef* hdac, uint32_t Channel, uint32_
 871:Drivers/STM32F3xx_HAL_Driver/Src/stm32f3xx_hal_dac_ex.c **** {
 872:Drivers/STM32F3xx_HAL_Driver/Src/stm32f3xx_hal_dac_ex.c ****   /* Check the parameters */
 873:Drivers/STM32F3xx_HAL_Driver/Src/stm32f3xx_hal_dac_ex.c ****   assert_param(IS_DAC_CHANNEL(Channel));
 874:Drivers/STM32F3xx_HAL_Driver/Src/stm32f3xx_hal_dac_ex.c ****   assert_param(IS_DAC_LFSR_UNMASK_TRIANGLE_AMPLITUDE(Amplitude));
 875:Drivers/STM32F3xx_HAL_Driver/Src/stm32f3xx_hal_dac_ex.c **** 
 876:Drivers/STM32F3xx_HAL_Driver/Src/stm32f3xx_hal_dac_ex.c ****   /* Process locked */
 877:Drivers/STM32F3xx_HAL_Driver/Src/stm32f3xx_hal_dac_ex.c ****   __HAL_LOCK(hdac);
 878:Drivers/STM32F3xx_HAL_Driver/Src/stm32f3xx_hal_dac_ex.c **** 
 879:Drivers/STM32F3xx_HAL_Driver/Src/stm32f3xx_hal_dac_ex.c ****   /* Change DAC state */
 880:Drivers/STM32F3xx_HAL_Driver/Src/stm32f3xx_hal_dac_ex.c ****   hdac->State = HAL_DAC_STATE_BUSY;
 881:Drivers/STM32F3xx_HAL_Driver/Src/stm32f3xx_hal_dac_ex.c **** 
 882:Drivers/STM32F3xx_HAL_Driver/Src/stm32f3xx_hal_dac_ex.c ****   /* Enable the selected wave generation for the selected DAC channel */
 883:Drivers/STM32F3xx_HAL_Driver/Src/stm32f3xx_hal_dac_ex.c ****   MODIFY_REG(hdac->Instance->CR, ((DAC_CR_WAVE1)|(DAC_CR_MAMP1))<<Channel, (DAC_CR_WAVE1_1 | Amplit
 884:Drivers/STM32F3xx_HAL_Driver/Src/stm32f3xx_hal_dac_ex.c **** 
 885:Drivers/STM32F3xx_HAL_Driver/Src/stm32f3xx_hal_dac_ex.c ****   /* Change DAC state */
ARM GAS  C:\Users\nakas\AppData\Local\Temp\ccXxe4Dd.s 			page 17


 886:Drivers/STM32F3xx_HAL_Driver/Src/stm32f3xx_hal_dac_ex.c ****   hdac->State = HAL_DAC_STATE_READY;
 887:Drivers/STM32F3xx_HAL_Driver/Src/stm32f3xx_hal_dac_ex.c **** 
 888:Drivers/STM32F3xx_HAL_Driver/Src/stm32f3xx_hal_dac_ex.c ****   /* Process unlocked */
 889:Drivers/STM32F3xx_HAL_Driver/Src/stm32f3xx_hal_dac_ex.c ****   __HAL_UNLOCK(hdac);
 890:Drivers/STM32F3xx_HAL_Driver/Src/stm32f3xx_hal_dac_ex.c **** 
 891:Drivers/STM32F3xx_HAL_Driver/Src/stm32f3xx_hal_dac_ex.c ****   /* Return function status */
 892:Drivers/STM32F3xx_HAL_Driver/Src/stm32f3xx_hal_dac_ex.c ****   return HAL_OK;
 893:Drivers/STM32F3xx_HAL_Driver/Src/stm32f3xx_hal_dac_ex.c **** }
 894:Drivers/STM32F3xx_HAL_Driver/Src/stm32f3xx_hal_dac_ex.c **** 
 895:Drivers/STM32F3xx_HAL_Driver/Src/stm32f3xx_hal_dac_ex.c **** /**
 896:Drivers/STM32F3xx_HAL_Driver/Src/stm32f3xx_hal_dac_ex.c ****   * @brief  Enables or disables the selected DAC channel wave generation.
 897:Drivers/STM32F3xx_HAL_Driver/Src/stm32f3xx_hal_dac_ex.c ****   * @param  hdac pointer to a DAC_HandleTypeDef structure that contains
 898:Drivers/STM32F3xx_HAL_Driver/Src/stm32f3xx_hal_dac_ex.c ****   *         the configuration information for the specified DAC.
 899:Drivers/STM32F3xx_HAL_Driver/Src/stm32f3xx_hal_dac_ex.c ****   * @param  Channel The selected DAC channel.
 900:Drivers/STM32F3xx_HAL_Driver/Src/stm32f3xx_hal_dac_ex.c ****   *          This parameter can be one of the following values:
 901:Drivers/STM32F3xx_HAL_Driver/Src/stm32f3xx_hal_dac_ex.c ****   *            @arg DAC_CHANNEL_1: DAC1 Channel1 selected
 902:Drivers/STM32F3xx_HAL_Driver/Src/stm32f3xx_hal_dac_ex.c ****   *            @arg DAC_CHANNEL_2: DAC1 Channel2 selected
 903:Drivers/STM32F3xx_HAL_Driver/Src/stm32f3xx_hal_dac_ex.c ****   * @param  Amplitude Unmask DAC channel LFSR for noise wave generation.
 904:Drivers/STM32F3xx_HAL_Driver/Src/stm32f3xx_hal_dac_ex.c ****   *          This parameter can be one of the following values:
 905:Drivers/STM32F3xx_HAL_Driver/Src/stm32f3xx_hal_dac_ex.c ****   *            @arg DAC_LFSRUNMASK_BIT0: Unmask DAC channel LFSR bit0 for noise wave generation
 906:Drivers/STM32F3xx_HAL_Driver/Src/stm32f3xx_hal_dac_ex.c ****   *            @arg DAC_LFSRUNMASK_BITS1_0: Unmask DAC channel LFSR bit[1:0] for noise wave generat
 907:Drivers/STM32F3xx_HAL_Driver/Src/stm32f3xx_hal_dac_ex.c ****   *            @arg DAC_LFSRUNMASK_BITS2_0: Unmask DAC channel LFSR bit[2:0] for noise wave generat
 908:Drivers/STM32F3xx_HAL_Driver/Src/stm32f3xx_hal_dac_ex.c ****   *            @arg DAC_LFSRUNMASK_BITS3_0: Unmask DAC channel LFSR bit[3:0] for noise wave generat
 909:Drivers/STM32F3xx_HAL_Driver/Src/stm32f3xx_hal_dac_ex.c ****   *            @arg DAC_LFSRUNMASK_BITS4_0: Unmask DAC channel LFSR bit[4:0] for noise wave generat
 910:Drivers/STM32F3xx_HAL_Driver/Src/stm32f3xx_hal_dac_ex.c ****   *            @arg DAC_LFSRUNMASK_BITS5_0: Unmask DAC channel LFSR bit[5:0] for noise wave generat
 911:Drivers/STM32F3xx_HAL_Driver/Src/stm32f3xx_hal_dac_ex.c ****   *            @arg DAC_LFSRUNMASK_BITS6_0: Unmask DAC channel LFSR bit[6:0] for noise wave generat
 912:Drivers/STM32F3xx_HAL_Driver/Src/stm32f3xx_hal_dac_ex.c ****   *            @arg DAC_LFSRUNMASK_BITS7_0: Unmask DAC channel LFSR bit[7:0] for noise wave generat
 913:Drivers/STM32F3xx_HAL_Driver/Src/stm32f3xx_hal_dac_ex.c ****   *            @arg DAC_LFSRUNMASK_BITS8_0: Unmask DAC channel LFSR bit[8:0] for noise wave generat
 914:Drivers/STM32F3xx_HAL_Driver/Src/stm32f3xx_hal_dac_ex.c ****   *            @arg DAC_LFSRUNMASK_BITS9_0: Unmask DAC channel LFSR bit[9:0] for noise wave generat
 915:Drivers/STM32F3xx_HAL_Driver/Src/stm32f3xx_hal_dac_ex.c ****   *            @arg DAC_LFSRUNMASK_BITS10_0: Unmask DAC channel LFSR bit[10:0] for noise wave gener
 916:Drivers/STM32F3xx_HAL_Driver/Src/stm32f3xx_hal_dac_ex.c ****   *            @arg DAC_LFSRUNMASK_BITS11_0: Unmask DAC channel LFSR bit[11:0] for noise wave gener
 917:Drivers/STM32F3xx_HAL_Driver/Src/stm32f3xx_hal_dac_ex.c ****   * @retval HAL status
 918:Drivers/STM32F3xx_HAL_Driver/Src/stm32f3xx_hal_dac_ex.c ****   */
 919:Drivers/STM32F3xx_HAL_Driver/Src/stm32f3xx_hal_dac_ex.c **** HAL_StatusTypeDef HAL_DACEx_NoiseWaveGenerate(DAC_HandleTypeDef* hdac, uint32_t Channel, uint32_t A
 920:Drivers/STM32F3xx_HAL_Driver/Src/stm32f3xx_hal_dac_ex.c **** {
 921:Drivers/STM32F3xx_HAL_Driver/Src/stm32f3xx_hal_dac_ex.c ****   /* Check the parameters */
 922:Drivers/STM32F3xx_HAL_Driver/Src/stm32f3xx_hal_dac_ex.c ****   assert_param(IS_DAC_CHANNEL(Channel));
 923:Drivers/STM32F3xx_HAL_Driver/Src/stm32f3xx_hal_dac_ex.c ****   assert_param(IS_DAC_LFSR_UNMASK_TRIANGLE_AMPLITUDE(Amplitude));
 924:Drivers/STM32F3xx_HAL_Driver/Src/stm32f3xx_hal_dac_ex.c **** 
 925:Drivers/STM32F3xx_HAL_Driver/Src/stm32f3xx_hal_dac_ex.c ****   /* Process locked */
 926:Drivers/STM32F3xx_HAL_Driver/Src/stm32f3xx_hal_dac_ex.c ****   __HAL_LOCK(hdac);
 927:Drivers/STM32F3xx_HAL_Driver/Src/stm32f3xx_hal_dac_ex.c **** 
 928:Drivers/STM32F3xx_HAL_Driver/Src/stm32f3xx_hal_dac_ex.c ****   /* Change DAC state */
 929:Drivers/STM32F3xx_HAL_Driver/Src/stm32f3xx_hal_dac_ex.c ****   hdac->State = HAL_DAC_STATE_BUSY;
 930:Drivers/STM32F3xx_HAL_Driver/Src/stm32f3xx_hal_dac_ex.c **** 
 931:Drivers/STM32F3xx_HAL_Driver/Src/stm32f3xx_hal_dac_ex.c ****   /* Enable the selected wave generation for the selected DAC channel */
 932:Drivers/STM32F3xx_HAL_Driver/Src/stm32f3xx_hal_dac_ex.c ****   MODIFY_REG(hdac->Instance->CR, ((DAC_CR_WAVE1)|(DAC_CR_MAMP1))<<Channel, (DAC_CR_WAVE1_0 | Amplit
 933:Drivers/STM32F3xx_HAL_Driver/Src/stm32f3xx_hal_dac_ex.c ****   
 934:Drivers/STM32F3xx_HAL_Driver/Src/stm32f3xx_hal_dac_ex.c ****   /* Change DAC state */
 935:Drivers/STM32F3xx_HAL_Driver/Src/stm32f3xx_hal_dac_ex.c ****   hdac->State = HAL_DAC_STATE_READY;
 936:Drivers/STM32F3xx_HAL_Driver/Src/stm32f3xx_hal_dac_ex.c **** 
 937:Drivers/STM32F3xx_HAL_Driver/Src/stm32f3xx_hal_dac_ex.c ****   /* Process unlocked */
 938:Drivers/STM32F3xx_HAL_Driver/Src/stm32f3xx_hal_dac_ex.c ****   __HAL_UNLOCK(hdac);
 939:Drivers/STM32F3xx_HAL_Driver/Src/stm32f3xx_hal_dac_ex.c **** 
 940:Drivers/STM32F3xx_HAL_Driver/Src/stm32f3xx_hal_dac_ex.c ****   /* Return function status */
 941:Drivers/STM32F3xx_HAL_Driver/Src/stm32f3xx_hal_dac_ex.c ****   return HAL_OK;
 942:Drivers/STM32F3xx_HAL_Driver/Src/stm32f3xx_hal_dac_ex.c **** }
ARM GAS  C:\Users\nakas\AppData\Local\Temp\ccXxe4Dd.s 			page 18


 943:Drivers/STM32F3xx_HAL_Driver/Src/stm32f3xx_hal_dac_ex.c **** 
 944:Drivers/STM32F3xx_HAL_Driver/Src/stm32f3xx_hal_dac_ex.c **** #if  defined(STM32F303xE) || defined(STM32F398xx)                         || \
 945:Drivers/STM32F3xx_HAL_Driver/Src/stm32f3xx_hal_dac_ex.c ****      defined(STM32F303xC) || defined(STM32F358xx)                         || \
 946:Drivers/STM32F3xx_HAL_Driver/Src/stm32f3xx_hal_dac_ex.c ****      defined(STM32F303x8) || defined(STM32F334x8) || defined(STM32F328xx) || \
 947:Drivers/STM32F3xx_HAL_Driver/Src/stm32f3xx_hal_dac_ex.c ****      defined(STM32F373xC) || defined(STM32F378xx)
 948:Drivers/STM32F3xx_HAL_Driver/Src/stm32f3xx_hal_dac_ex.c **** /* DAC channel 2 is available on top of DAC channel 1U */
 949:Drivers/STM32F3xx_HAL_Driver/Src/stm32f3xx_hal_dac_ex.c **** /**
 950:Drivers/STM32F3xx_HAL_Driver/Src/stm32f3xx_hal_dac_ex.c ****   * @brief  Conversion complete callback in non blocking mode for Channel2
 951:Drivers/STM32F3xx_HAL_Driver/Src/stm32f3xx_hal_dac_ex.c ****   * @param  hdac pointer to a DAC_HandleTypeDef structure that contains
 952:Drivers/STM32F3xx_HAL_Driver/Src/stm32f3xx_hal_dac_ex.c ****   *         the configuration information for the specified DAC.
 953:Drivers/STM32F3xx_HAL_Driver/Src/stm32f3xx_hal_dac_ex.c ****   * @retval None
 954:Drivers/STM32F3xx_HAL_Driver/Src/stm32f3xx_hal_dac_ex.c ****   */
 955:Drivers/STM32F3xx_HAL_Driver/Src/stm32f3xx_hal_dac_ex.c **** __weak void HAL_DACEx_ConvCpltCallbackCh2(DAC_HandleTypeDef* hdac)
 956:Drivers/STM32F3xx_HAL_Driver/Src/stm32f3xx_hal_dac_ex.c **** {
 957:Drivers/STM32F3xx_HAL_Driver/Src/stm32f3xx_hal_dac_ex.c ****   /* Prevent unused argument(s) compilation warning */
 958:Drivers/STM32F3xx_HAL_Driver/Src/stm32f3xx_hal_dac_ex.c ****   UNUSED(hdac);
 959:Drivers/STM32F3xx_HAL_Driver/Src/stm32f3xx_hal_dac_ex.c **** 
 960:Drivers/STM32F3xx_HAL_Driver/Src/stm32f3xx_hal_dac_ex.c ****   /* NOTE : This function Should not be modified, when the callback is needed,
 961:Drivers/STM32F3xx_HAL_Driver/Src/stm32f3xx_hal_dac_ex.c ****             the HAL_DACEx_ConvCpltCallbackCh2 could be implemented in the user file
 962:Drivers/STM32F3xx_HAL_Driver/Src/stm32f3xx_hal_dac_ex.c ****    */
 963:Drivers/STM32F3xx_HAL_Driver/Src/stm32f3xx_hal_dac_ex.c **** }
 964:Drivers/STM32F3xx_HAL_Driver/Src/stm32f3xx_hal_dac_ex.c **** 
 965:Drivers/STM32F3xx_HAL_Driver/Src/stm32f3xx_hal_dac_ex.c **** /**
 966:Drivers/STM32F3xx_HAL_Driver/Src/stm32f3xx_hal_dac_ex.c ****   * @brief  Conversion half DMA transfer callback in non blocking mode for Channel2
 967:Drivers/STM32F3xx_HAL_Driver/Src/stm32f3xx_hal_dac_ex.c ****   * @param  hdac pointer to a DAC_HandleTypeDef structure that contains
 968:Drivers/STM32F3xx_HAL_Driver/Src/stm32f3xx_hal_dac_ex.c ****   *         the configuration information for the specified DAC.
 969:Drivers/STM32F3xx_HAL_Driver/Src/stm32f3xx_hal_dac_ex.c ****   * @retval None
 970:Drivers/STM32F3xx_HAL_Driver/Src/stm32f3xx_hal_dac_ex.c ****   */
 971:Drivers/STM32F3xx_HAL_Driver/Src/stm32f3xx_hal_dac_ex.c **** __weak void HAL_DACEx_ConvHalfCpltCallbackCh2(DAC_HandleTypeDef* hdac)
 972:Drivers/STM32F3xx_HAL_Driver/Src/stm32f3xx_hal_dac_ex.c **** {
 973:Drivers/STM32F3xx_HAL_Driver/Src/stm32f3xx_hal_dac_ex.c ****   /* Prevent unused argument(s) compilation warning */
 974:Drivers/STM32F3xx_HAL_Driver/Src/stm32f3xx_hal_dac_ex.c ****   UNUSED(hdac);
 975:Drivers/STM32F3xx_HAL_Driver/Src/stm32f3xx_hal_dac_ex.c **** 
 976:Drivers/STM32F3xx_HAL_Driver/Src/stm32f3xx_hal_dac_ex.c ****   /* NOTE : This function Should not be modified, when the callback is needed,
 977:Drivers/STM32F3xx_HAL_Driver/Src/stm32f3xx_hal_dac_ex.c ****             the HAL_DACEx_ConvHalfCpltCallbackCh2 could be implemented in the user file
 978:Drivers/STM32F3xx_HAL_Driver/Src/stm32f3xx_hal_dac_ex.c ****    */
 979:Drivers/STM32F3xx_HAL_Driver/Src/stm32f3xx_hal_dac_ex.c **** }
 980:Drivers/STM32F3xx_HAL_Driver/Src/stm32f3xx_hal_dac_ex.c **** 
 981:Drivers/STM32F3xx_HAL_Driver/Src/stm32f3xx_hal_dac_ex.c **** /**
 982:Drivers/STM32F3xx_HAL_Driver/Src/stm32f3xx_hal_dac_ex.c ****   * @brief  Error DAC callback for Channel2.
 983:Drivers/STM32F3xx_HAL_Driver/Src/stm32f3xx_hal_dac_ex.c ****   * @param  hdac pointer to a DAC_HandleTypeDef structure that contains
 984:Drivers/STM32F3xx_HAL_Driver/Src/stm32f3xx_hal_dac_ex.c ****   *         the configuration information for the specified DAC.
 985:Drivers/STM32F3xx_HAL_Driver/Src/stm32f3xx_hal_dac_ex.c ****   * @retval None
 986:Drivers/STM32F3xx_HAL_Driver/Src/stm32f3xx_hal_dac_ex.c ****   */
 987:Drivers/STM32F3xx_HAL_Driver/Src/stm32f3xx_hal_dac_ex.c **** __weak void HAL_DACEx_ErrorCallbackCh2(DAC_HandleTypeDef *hdac)
 988:Drivers/STM32F3xx_HAL_Driver/Src/stm32f3xx_hal_dac_ex.c **** {
 989:Drivers/STM32F3xx_HAL_Driver/Src/stm32f3xx_hal_dac_ex.c ****   /* Prevent unused argument(s) compilation warning */
 990:Drivers/STM32F3xx_HAL_Driver/Src/stm32f3xx_hal_dac_ex.c ****   UNUSED(hdac);
 991:Drivers/STM32F3xx_HAL_Driver/Src/stm32f3xx_hal_dac_ex.c **** 
 992:Drivers/STM32F3xx_HAL_Driver/Src/stm32f3xx_hal_dac_ex.c ****   /* NOTE : This function Should not be modified, when the callback is needed,
 993:Drivers/STM32F3xx_HAL_Driver/Src/stm32f3xx_hal_dac_ex.c ****             the HAL_DACEx_ErrorCallbackCh2 could be implemented in the user file
 994:Drivers/STM32F3xx_HAL_Driver/Src/stm32f3xx_hal_dac_ex.c ****    */
 995:Drivers/STM32F3xx_HAL_Driver/Src/stm32f3xx_hal_dac_ex.c **** }
 996:Drivers/STM32F3xx_HAL_Driver/Src/stm32f3xx_hal_dac_ex.c **** 
 997:Drivers/STM32F3xx_HAL_Driver/Src/stm32f3xx_hal_dac_ex.c **** /**
 998:Drivers/STM32F3xx_HAL_Driver/Src/stm32f3xx_hal_dac_ex.c ****   * @brief  DMA underrun DAC callback for channel2.
 999:Drivers/STM32F3xx_HAL_Driver/Src/stm32f3xx_hal_dac_ex.c ****   * @param  hdac pointer to a DAC_HandleTypeDef structure that contains
ARM GAS  C:\Users\nakas\AppData\Local\Temp\ccXxe4Dd.s 			page 19


1000:Drivers/STM32F3xx_HAL_Driver/Src/stm32f3xx_hal_dac_ex.c ****   *         the configuration information for the specified DAC.
1001:Drivers/STM32F3xx_HAL_Driver/Src/stm32f3xx_hal_dac_ex.c ****   * @retval None
1002:Drivers/STM32F3xx_HAL_Driver/Src/stm32f3xx_hal_dac_ex.c ****   */
1003:Drivers/STM32F3xx_HAL_Driver/Src/stm32f3xx_hal_dac_ex.c **** __weak void HAL_DACEx_DMAUnderrunCallbackCh2(DAC_HandleTypeDef *hdac)
1004:Drivers/STM32F3xx_HAL_Driver/Src/stm32f3xx_hal_dac_ex.c **** {
1005:Drivers/STM32F3xx_HAL_Driver/Src/stm32f3xx_hal_dac_ex.c ****   /* Prevent unused argument(s) compilation warning */
1006:Drivers/STM32F3xx_HAL_Driver/Src/stm32f3xx_hal_dac_ex.c ****   UNUSED(hdac);
1007:Drivers/STM32F3xx_HAL_Driver/Src/stm32f3xx_hal_dac_ex.c **** 
1008:Drivers/STM32F3xx_HAL_Driver/Src/stm32f3xx_hal_dac_ex.c ****   /* NOTE : This function Should not be modified, when the callback is needed,
1009:Drivers/STM32F3xx_HAL_Driver/Src/stm32f3xx_hal_dac_ex.c ****             the HAL_DACEx_DMAUnderrunCallbackCh2 could be implemented in the user file
1010:Drivers/STM32F3xx_HAL_Driver/Src/stm32f3xx_hal_dac_ex.c ****    */
1011:Drivers/STM32F3xx_HAL_Driver/Src/stm32f3xx_hal_dac_ex.c **** }
1012:Drivers/STM32F3xx_HAL_Driver/Src/stm32f3xx_hal_dac_ex.c **** #endif /* STM32F303xE || STM32F398xx                || */
1013:Drivers/STM32F3xx_HAL_Driver/Src/stm32f3xx_hal_dac_ex.c ****        /* STM32F303xC || STM32F358xx                || */
1014:Drivers/STM32F3xx_HAL_Driver/Src/stm32f3xx_hal_dac_ex.c ****        /* STM32F303x8 || STM32F334x8 || STM32F328xx || */
1015:Drivers/STM32F3xx_HAL_Driver/Src/stm32f3xx_hal_dac_ex.c ****        /* STM32F373xC || STM32F378xx                   */
1016:Drivers/STM32F3xx_HAL_Driver/Src/stm32f3xx_hal_dac_ex.c **** /**
1017:Drivers/STM32F3xx_HAL_Driver/Src/stm32f3xx_hal_dac_ex.c ****   * @}
1018:Drivers/STM32F3xx_HAL_Driver/Src/stm32f3xx_hal_dac_ex.c ****   */
1019:Drivers/STM32F3xx_HAL_Driver/Src/stm32f3xx_hal_dac_ex.c **** 
1020:Drivers/STM32F3xx_HAL_Driver/Src/stm32f3xx_hal_dac_ex.c **** /**
1021:Drivers/STM32F3xx_HAL_Driver/Src/stm32f3xx_hal_dac_ex.c ****   * @}
1022:Drivers/STM32F3xx_HAL_Driver/Src/stm32f3xx_hal_dac_ex.c ****   */
1023:Drivers/STM32F3xx_HAL_Driver/Src/stm32f3xx_hal_dac_ex.c **** 
1024:Drivers/STM32F3xx_HAL_Driver/Src/stm32f3xx_hal_dac_ex.c **** /** @addtogroup DACEx_Private_Functions
1025:Drivers/STM32F3xx_HAL_Driver/Src/stm32f3xx_hal_dac_ex.c ****   * @{
1026:Drivers/STM32F3xx_HAL_Driver/Src/stm32f3xx_hal_dac_ex.c ****   */
1027:Drivers/STM32F3xx_HAL_Driver/Src/stm32f3xx_hal_dac_ex.c ****   
1028:Drivers/STM32F3xx_HAL_Driver/Src/stm32f3xx_hal_dac_ex.c **** /**
1029:Drivers/STM32F3xx_HAL_Driver/Src/stm32f3xx_hal_dac_ex.c ****   * @brief  DMA conversion complete callback. 
1030:Drivers/STM32F3xx_HAL_Driver/Src/stm32f3xx_hal_dac_ex.c ****   * @param  hdma pointer to DMA handle.
1031:Drivers/STM32F3xx_HAL_Driver/Src/stm32f3xx_hal_dac_ex.c ****   * @retval None
1032:Drivers/STM32F3xx_HAL_Driver/Src/stm32f3xx_hal_dac_ex.c ****   */
1033:Drivers/STM32F3xx_HAL_Driver/Src/stm32f3xx_hal_dac_ex.c **** static void DAC_DMAConvCpltCh1(DMA_HandleTypeDef *hdma)   
1034:Drivers/STM32F3xx_HAL_Driver/Src/stm32f3xx_hal_dac_ex.c **** {
1035:Drivers/STM32F3xx_HAL_Driver/Src/stm32f3xx_hal_dac_ex.c ****   DAC_HandleTypeDef* hdac = ( DAC_HandleTypeDef* )((DMA_HandleTypeDef* )hdma)->Parent;
1036:Drivers/STM32F3xx_HAL_Driver/Src/stm32f3xx_hal_dac_ex.c ****   
1037:Drivers/STM32F3xx_HAL_Driver/Src/stm32f3xx_hal_dac_ex.c **** #if (USE_HAL_DAC_REGISTER_CALLBACKS == 1)
1038:Drivers/STM32F3xx_HAL_Driver/Src/stm32f3xx_hal_dac_ex.c ****   hdac->ConvCpltCallbackCh1(hdac);
1039:Drivers/STM32F3xx_HAL_Driver/Src/stm32f3xx_hal_dac_ex.c **** #else
1040:Drivers/STM32F3xx_HAL_Driver/Src/stm32f3xx_hal_dac_ex.c ****   HAL_DAC_ConvCpltCallbackCh1(hdac); 
1041:Drivers/STM32F3xx_HAL_Driver/Src/stm32f3xx_hal_dac_ex.c **** #endif 
1042:Drivers/STM32F3xx_HAL_Driver/Src/stm32f3xx_hal_dac_ex.c ****   
1043:Drivers/STM32F3xx_HAL_Driver/Src/stm32f3xx_hal_dac_ex.c ****   hdac->State= HAL_DAC_STATE_READY;
1044:Drivers/STM32F3xx_HAL_Driver/Src/stm32f3xx_hal_dac_ex.c **** }
1045:Drivers/STM32F3xx_HAL_Driver/Src/stm32f3xx_hal_dac_ex.c **** 
1046:Drivers/STM32F3xx_HAL_Driver/Src/stm32f3xx_hal_dac_ex.c **** /**
1047:Drivers/STM32F3xx_HAL_Driver/Src/stm32f3xx_hal_dac_ex.c ****   * @brief  DMA half transfer complete callback. 
1048:Drivers/STM32F3xx_HAL_Driver/Src/stm32f3xx_hal_dac_ex.c ****   * @param  hdma pointer to DMA handle.
1049:Drivers/STM32F3xx_HAL_Driver/Src/stm32f3xx_hal_dac_ex.c ****   * @retval None
1050:Drivers/STM32F3xx_HAL_Driver/Src/stm32f3xx_hal_dac_ex.c ****   */
1051:Drivers/STM32F3xx_HAL_Driver/Src/stm32f3xx_hal_dac_ex.c **** static void DAC_DMAHalfConvCpltCh1(DMA_HandleTypeDef *hdma)   
1052:Drivers/STM32F3xx_HAL_Driver/Src/stm32f3xx_hal_dac_ex.c **** {
1053:Drivers/STM32F3xx_HAL_Driver/Src/stm32f3xx_hal_dac_ex.c ****     DAC_HandleTypeDef* hdac = ( DAC_HandleTypeDef* )((DMA_HandleTypeDef* )hdma)->Parent;
1054:Drivers/STM32F3xx_HAL_Driver/Src/stm32f3xx_hal_dac_ex.c **** 
1055:Drivers/STM32F3xx_HAL_Driver/Src/stm32f3xx_hal_dac_ex.c ****     /* Conversion complete callback */
1056:Drivers/STM32F3xx_HAL_Driver/Src/stm32f3xx_hal_dac_ex.c **** #if (USE_HAL_DAC_REGISTER_CALLBACKS == 1)
ARM GAS  C:\Users\nakas\AppData\Local\Temp\ccXxe4Dd.s 			page 20


1057:Drivers/STM32F3xx_HAL_Driver/Src/stm32f3xx_hal_dac_ex.c ****   hdac->ConvHalfCpltCallbackCh1(hdac);
1058:Drivers/STM32F3xx_HAL_Driver/Src/stm32f3xx_hal_dac_ex.c **** #else
1059:Drivers/STM32F3xx_HAL_Driver/Src/stm32f3xx_hal_dac_ex.c ****     HAL_DAC_ConvHalfCpltCallbackCh1(hdac); 
1060:Drivers/STM32F3xx_HAL_Driver/Src/stm32f3xx_hal_dac_ex.c **** #endif
1061:Drivers/STM32F3xx_HAL_Driver/Src/stm32f3xx_hal_dac_ex.c **** }
1062:Drivers/STM32F3xx_HAL_Driver/Src/stm32f3xx_hal_dac_ex.c **** 
1063:Drivers/STM32F3xx_HAL_Driver/Src/stm32f3xx_hal_dac_ex.c **** /**
1064:Drivers/STM32F3xx_HAL_Driver/Src/stm32f3xx_hal_dac_ex.c ****   * @brief  DMA error callback 
1065:Drivers/STM32F3xx_HAL_Driver/Src/stm32f3xx_hal_dac_ex.c ****   * @param  hdma pointer to DMA handle.
1066:Drivers/STM32F3xx_HAL_Driver/Src/stm32f3xx_hal_dac_ex.c ****   * @retval None
1067:Drivers/STM32F3xx_HAL_Driver/Src/stm32f3xx_hal_dac_ex.c ****   */
1068:Drivers/STM32F3xx_HAL_Driver/Src/stm32f3xx_hal_dac_ex.c **** static void DAC_DMAErrorCh1(DMA_HandleTypeDef *hdma)   
1069:Drivers/STM32F3xx_HAL_Driver/Src/stm32f3xx_hal_dac_ex.c **** {
  29              		.loc 1 1069 1 view -0
  30              		.cfi_startproc
  31              		@ args = 0, pretend = 0, frame = 0
  32              		@ frame_needed = 0, uses_anonymous_args = 0
  33              		.loc 1 1069 1 is_stmt 0 view .LVU1
  34 0000 10B5     		push	{r4, lr}
  35              	.LCFI0:
  36              		.cfi_def_cfa_offset 8
  37              		.cfi_offset 4, -8
  38              		.cfi_offset 14, -4
1070:Drivers/STM32F3xx_HAL_Driver/Src/stm32f3xx_hal_dac_ex.c ****   DAC_HandleTypeDef* hdac = ( DAC_HandleTypeDef* )((DMA_HandleTypeDef* )hdma)->Parent;
  39              		.loc 1 1070 3 is_stmt 1 view .LVU2
  40              		.loc 1 1070 22 is_stmt 0 view .LVU3
  41 0002 446A     		ldr	r4, [r0, #36]
  42              	.LVL1:
1071:Drivers/STM32F3xx_HAL_Driver/Src/stm32f3xx_hal_dac_ex.c ****     
1072:Drivers/STM32F3xx_HAL_Driver/Src/stm32f3xx_hal_dac_ex.c ****   /* Set DAC error code to DMA error */
1073:Drivers/STM32F3xx_HAL_Driver/Src/stm32f3xx_hal_dac_ex.c ****   hdac->ErrorCode |= HAL_DAC_ERROR_DMA;
  43              		.loc 1 1073 3 is_stmt 1 view .LVU4
  44              		.loc 1 1073 7 is_stmt 0 view .LVU5
  45 0004 2369     		ldr	r3, [r4, #16]
  46              		.loc 1 1073 19 view .LVU6
  47 0006 43F00403 		orr	r3, r3, #4
  48 000a 2361     		str	r3, [r4, #16]
1074:Drivers/STM32F3xx_HAL_Driver/Src/stm32f3xx_hal_dac_ex.c ****     
1075:Drivers/STM32F3xx_HAL_Driver/Src/stm32f3xx_hal_dac_ex.c **** #if (USE_HAL_DAC_REGISTER_CALLBACKS == 1)
1076:Drivers/STM32F3xx_HAL_Driver/Src/stm32f3xx_hal_dac_ex.c ****   hdac->ErrorCallbackCh1(hdac);
1077:Drivers/STM32F3xx_HAL_Driver/Src/stm32f3xx_hal_dac_ex.c **** #else  
1078:Drivers/STM32F3xx_HAL_Driver/Src/stm32f3xx_hal_dac_ex.c ****   HAL_DAC_ErrorCallbackCh1(hdac); 
  49              		.loc 1 1078 3 is_stmt 1 view .LVU7
  50 000c 2046     		mov	r0, r4
  51              	.LVL2:
  52              		.loc 1 1078 3 is_stmt 0 view .LVU8
  53 000e FFF7FEFF 		bl	HAL_DAC_ErrorCallbackCh1
  54              	.LVL3:
1079:Drivers/STM32F3xx_HAL_Driver/Src/stm32f3xx_hal_dac_ex.c **** #endif
1080:Drivers/STM32F3xx_HAL_Driver/Src/stm32f3xx_hal_dac_ex.c ****     
1081:Drivers/STM32F3xx_HAL_Driver/Src/stm32f3xx_hal_dac_ex.c ****   hdac->State= HAL_DAC_STATE_READY;
  55              		.loc 1 1081 3 is_stmt 1 view .LVU9
  56              		.loc 1 1081 14 is_stmt 0 view .LVU10
  57 0012 0123     		movs	r3, #1
  58 0014 2371     		strb	r3, [r4, #4]
1082:Drivers/STM32F3xx_HAL_Driver/Src/stm32f3xx_hal_dac_ex.c **** }
  59              		.loc 1 1082 1 view .LVU11
ARM GAS  C:\Users\nakas\AppData\Local\Temp\ccXxe4Dd.s 			page 21


  60 0016 10BD     		pop	{r4, pc}
  61              		.loc 1 1082 1 view .LVU12
  62              		.cfi_endproc
  63              	.LFE139:
  65              		.section	.text.DAC_DMAHalfConvCpltCh1,"ax",%progbits
  66              		.align	1
  67              		.syntax unified
  68              		.thumb
  69              		.thumb_func
  71              	DAC_DMAHalfConvCpltCh1:
  72              	.LVL4:
  73              	.LFB138:
1052:Drivers/STM32F3xx_HAL_Driver/Src/stm32f3xx_hal_dac_ex.c ****     DAC_HandleTypeDef* hdac = ( DAC_HandleTypeDef* )((DMA_HandleTypeDef* )hdma)->Parent;
  74              		.loc 1 1052 1 is_stmt 1 view -0
  75              		.cfi_startproc
  76              		@ args = 0, pretend = 0, frame = 0
  77              		@ frame_needed = 0, uses_anonymous_args = 0
1052:Drivers/STM32F3xx_HAL_Driver/Src/stm32f3xx_hal_dac_ex.c ****     DAC_HandleTypeDef* hdac = ( DAC_HandleTypeDef* )((DMA_HandleTypeDef* )hdma)->Parent;
  78              		.loc 1 1052 1 is_stmt 0 view .LVU14
  79 0000 08B5     		push	{r3, lr}
  80              	.LCFI1:
  81              		.cfi_def_cfa_offset 8
  82              		.cfi_offset 3, -8
  83              		.cfi_offset 14, -4
1053:Drivers/STM32F3xx_HAL_Driver/Src/stm32f3xx_hal_dac_ex.c **** 
  84              		.loc 1 1053 5 is_stmt 1 view .LVU15
  85              	.LVL5:
1059:Drivers/STM32F3xx_HAL_Driver/Src/stm32f3xx_hal_dac_ex.c **** #endif
  86              		.loc 1 1059 5 view .LVU16
  87 0002 406A     		ldr	r0, [r0, #36]
  88              	.LVL6:
1059:Drivers/STM32F3xx_HAL_Driver/Src/stm32f3xx_hal_dac_ex.c **** #endif
  89              		.loc 1 1059 5 is_stmt 0 view .LVU17
  90 0004 FFF7FEFF 		bl	HAL_DAC_ConvHalfCpltCallbackCh1
  91              	.LVL7:
1061:Drivers/STM32F3xx_HAL_Driver/Src/stm32f3xx_hal_dac_ex.c **** 
  92              		.loc 1 1061 1 view .LVU18
  93 0008 08BD     		pop	{r3, pc}
  94              		.cfi_endproc
  95              	.LFE138:
  97              		.section	.text.DAC_DMAConvCpltCh1,"ax",%progbits
  98              		.align	1
  99              		.syntax unified
 100              		.thumb
 101              		.thumb_func
 103              	DAC_DMAConvCpltCh1:
 104              	.LVL8:
 105              	.LFB137:
1034:Drivers/STM32F3xx_HAL_Driver/Src/stm32f3xx_hal_dac_ex.c ****   DAC_HandleTypeDef* hdac = ( DAC_HandleTypeDef* )((DMA_HandleTypeDef* )hdma)->Parent;
 106              		.loc 1 1034 1 is_stmt 1 view -0
 107              		.cfi_startproc
 108              		@ args = 0, pretend = 0, frame = 0
 109              		@ frame_needed = 0, uses_anonymous_args = 0
1034:Drivers/STM32F3xx_HAL_Driver/Src/stm32f3xx_hal_dac_ex.c ****   DAC_HandleTypeDef* hdac = ( DAC_HandleTypeDef* )((DMA_HandleTypeDef* )hdma)->Parent;
 110              		.loc 1 1034 1 is_stmt 0 view .LVU20
 111 0000 10B5     		push	{r4, lr}
 112              	.LCFI2:
ARM GAS  C:\Users\nakas\AppData\Local\Temp\ccXxe4Dd.s 			page 22


 113              		.cfi_def_cfa_offset 8
 114              		.cfi_offset 4, -8
 115              		.cfi_offset 14, -4
1035:Drivers/STM32F3xx_HAL_Driver/Src/stm32f3xx_hal_dac_ex.c ****   
 116              		.loc 1 1035 3 is_stmt 1 view .LVU21
1035:Drivers/STM32F3xx_HAL_Driver/Src/stm32f3xx_hal_dac_ex.c ****   
 117              		.loc 1 1035 22 is_stmt 0 view .LVU22
 118 0002 446A     		ldr	r4, [r0, #36]
 119              	.LVL9:
1040:Drivers/STM32F3xx_HAL_Driver/Src/stm32f3xx_hal_dac_ex.c **** #endif 
 120              		.loc 1 1040 3 is_stmt 1 view .LVU23
 121 0004 2046     		mov	r0, r4
 122              	.LVL10:
1040:Drivers/STM32F3xx_HAL_Driver/Src/stm32f3xx_hal_dac_ex.c **** #endif 
 123              		.loc 1 1040 3 is_stmt 0 view .LVU24
 124 0006 FFF7FEFF 		bl	HAL_DAC_ConvCpltCallbackCh1
 125              	.LVL11:
1043:Drivers/STM32F3xx_HAL_Driver/Src/stm32f3xx_hal_dac_ex.c **** }
 126              		.loc 1 1043 3 is_stmt 1 view .LVU25
1043:Drivers/STM32F3xx_HAL_Driver/Src/stm32f3xx_hal_dac_ex.c **** }
 127              		.loc 1 1043 14 is_stmt 0 view .LVU26
 128 000a 0123     		movs	r3, #1
 129 000c 2371     		strb	r3, [r4, #4]
1044:Drivers/STM32F3xx_HAL_Driver/Src/stm32f3xx_hal_dac_ex.c **** 
 130              		.loc 1 1044 1 view .LVU27
 131 000e 10BD     		pop	{r4, pc}
1044:Drivers/STM32F3xx_HAL_Driver/Src/stm32f3xx_hal_dac_ex.c **** 
 132              		.loc 1 1044 1 view .LVU28
 133              		.cfi_endproc
 134              	.LFE137:
 136              		.section	.text.HAL_DAC_SetValue,"ax",%progbits
 137              		.align	1
 138              		.global	HAL_DAC_SetValue
 139              		.syntax unified
 140              		.thumb
 141              		.thumb_func
 143              	HAL_DAC_SetValue:
 144              	.LVL12:
 145              	.LFB123:
 113:Drivers/STM32F3xx_HAL_Driver/Src/stm32f3xx_hal_dac_ex.c ****   __IO uint32_t tmp = 0U;
 146              		.loc 1 113 1 is_stmt 1 view -0
 147              		.cfi_startproc
 148              		@ args = 0, pretend = 0, frame = 8
 149              		@ frame_needed = 0, uses_anonymous_args = 0
 150              		@ link register save eliminated.
 113:Drivers/STM32F3xx_HAL_Driver/Src/stm32f3xx_hal_dac_ex.c ****   __IO uint32_t tmp = 0U;
 151              		.loc 1 113 1 is_stmt 0 view .LVU30
 152 0000 10B4     		push	{r4}
 153              	.LCFI3:
 154              		.cfi_def_cfa_offset 4
 155              		.cfi_offset 4, -4
 156 0002 83B0     		sub	sp, sp, #12
 157              	.LCFI4:
 158              		.cfi_def_cfa_offset 16
 114:Drivers/STM32F3xx_HAL_Driver/Src/stm32f3xx_hal_dac_ex.c ****   
 159              		.loc 1 114 3 is_stmt 1 view .LVU31
 114:Drivers/STM32F3xx_HAL_Driver/Src/stm32f3xx_hal_dac_ex.c ****   
ARM GAS  C:\Users\nakas\AppData\Local\Temp\ccXxe4Dd.s 			page 23


 160              		.loc 1 114 17 is_stmt 0 view .LVU32
 161 0004 0024     		movs	r4, #0
 162 0006 0194     		str	r4, [sp, #4]
 117:Drivers/STM32F3xx_HAL_Driver/Src/stm32f3xx_hal_dac_ex.c ****   assert_param(IS_DAC_ALIGN(Alignment));
 163              		.loc 1 117 3 is_stmt 1 view .LVU33
 118:Drivers/STM32F3xx_HAL_Driver/Src/stm32f3xx_hal_dac_ex.c ****   assert_param(IS_DAC_DATA(Data));
 164              		.loc 1 118 3 view .LVU34
 119:Drivers/STM32F3xx_HAL_Driver/Src/stm32f3xx_hal_dac_ex.c ****    
 165              		.loc 1 119 3 view .LVU35
 121:Drivers/STM32F3xx_HAL_Driver/Src/stm32f3xx_hal_dac_ex.c **** 
 166              		.loc 1 121 3 view .LVU36
 121:Drivers/STM32F3xx_HAL_Driver/Src/stm32f3xx_hal_dac_ex.c **** 
 167              		.loc 1 121 25 is_stmt 0 view .LVU37
 168 0008 0068     		ldr	r0, [r0]
 169              	.LVL13:
 121:Drivers/STM32F3xx_HAL_Driver/Src/stm32f3xx_hal_dac_ex.c **** 
 170              		.loc 1 121 7 view .LVU38
 171 000a 0190     		str	r0, [sp, #4]
 126:Drivers/STM32F3xx_HAL_Driver/Src/stm32f3xx_hal_dac_ex.c ****   {
 172              		.loc 1 126 3 is_stmt 1 view .LVU39
 126:Drivers/STM32F3xx_HAL_Driver/Src/stm32f3xx_hal_dac_ex.c ****   {
 173              		.loc 1 126 5 is_stmt 0 view .LVU40
 174 000c 51B9     		cbnz	r1, .L8
 128:Drivers/STM32F3xx_HAL_Driver/Src/stm32f3xx_hal_dac_ex.c ****   }
 175              		.loc 1 128 5 is_stmt 1 view .LVU41
 128:Drivers/STM32F3xx_HAL_Driver/Src/stm32f3xx_hal_dac_ex.c ****   }
 176              		.loc 1 128 9 is_stmt 0 view .LVU42
 177 000e 0199     		ldr	r1, [sp, #4]
 178              	.LVL14:
 128:Drivers/STM32F3xx_HAL_Driver/Src/stm32f3xx_hal_dac_ex.c ****   }
 179              		.loc 1 128 9 view .LVU43
 180 0010 0A44     		add	r2, r2, r1
 181              	.LVL15:
 128:Drivers/STM32F3xx_HAL_Driver/Src/stm32f3xx_hal_dac_ex.c ****   }
 182              		.loc 1 128 9 view .LVU44
 183 0012 0832     		adds	r2, r2, #8
 184 0014 0192     		str	r2, [sp, #4]
 185              	.L9:
 144:Drivers/STM32F3xx_HAL_Driver/Src/stm32f3xx_hal_dac_ex.c ****   
 186              		.loc 1 144 3 is_stmt 1 view .LVU45
 144:Drivers/STM32F3xx_HAL_Driver/Src/stm32f3xx_hal_dac_ex.c ****   
 187              		.loc 1 144 4 is_stmt 0 view .LVU46
 188 0016 019A     		ldr	r2, [sp, #4]
 144:Drivers/STM32F3xx_HAL_Driver/Src/stm32f3xx_hal_dac_ex.c ****   
 189              		.loc 1 144 26 view .LVU47
 190 0018 1360     		str	r3, [r2]
 147:Drivers/STM32F3xx_HAL_Driver/Src/stm32f3xx_hal_dac_ex.c **** }
 191              		.loc 1 147 3 is_stmt 1 view .LVU48
 148:Drivers/STM32F3xx_HAL_Driver/Src/stm32f3xx_hal_dac_ex.c **** 
 192              		.loc 1 148 1 is_stmt 0 view .LVU49
 193 001a 0020     		movs	r0, #0
 194 001c 03B0     		add	sp, sp, #12
 195              	.LCFI5:
 196              		.cfi_remember_state
 197              		.cfi_def_cfa_offset 4
 198              		@ sp needed
 199 001e 5DF8044B 		ldr	r4, [sp], #4
ARM GAS  C:\Users\nakas\AppData\Local\Temp\ccXxe4Dd.s 			page 24


 200 0022 7047     		bx	lr
 201              	.LVL16:
 202              	.L8:
 203              	.LCFI6:
 204              		.cfi_restore_state
 136:Drivers/STM32F3xx_HAL_Driver/Src/stm32f3xx_hal_dac_ex.c ****   }
 205              		.loc 1 136 5 is_stmt 1 view .LVU50
 136:Drivers/STM32F3xx_HAL_Driver/Src/stm32f3xx_hal_dac_ex.c ****   }
 206              		.loc 1 136 9 is_stmt 0 view .LVU51
 207 0024 0199     		ldr	r1, [sp, #4]
 208              	.LVL17:
 136:Drivers/STM32F3xx_HAL_Driver/Src/stm32f3xx_hal_dac_ex.c ****   }
 209              		.loc 1 136 9 view .LVU52
 210 0026 0A44     		add	r2, r2, r1
 211              	.LVL18:
 136:Drivers/STM32F3xx_HAL_Driver/Src/stm32f3xx_hal_dac_ex.c ****   }
 212              		.loc 1 136 9 view .LVU53
 213 0028 1432     		adds	r2, r2, #20
 214 002a 0192     		str	r2, [sp, #4]
 215 002c F3E7     		b	.L9
 216              		.cfi_endproc
 217              	.LFE123:
 219              		.section	.text.HAL_DACEx_DualSetValue,"ax",%progbits
 220              		.align	1
 221              		.global	HAL_DACEx_DualSetValue
 222              		.syntax unified
 223              		.thumb
 224              		.thumb_func
 226              	HAL_DACEx_DualSetValue:
 227              	.LVL19:
 228              	.LFB124:
 171:Drivers/STM32F3xx_HAL_Driver/Src/stm32f3xx_hal_dac_ex.c ****   uint32_t data = 0U, tmp = 0U;
 229              		.loc 1 171 1 is_stmt 1 view -0
 230              		.cfi_startproc
 231              		@ args = 0, pretend = 0, frame = 0
 232              		@ frame_needed = 0, uses_anonymous_args = 0
 233              		@ link register save eliminated.
 172:Drivers/STM32F3xx_HAL_Driver/Src/stm32f3xx_hal_dac_ex.c **** 
 234              		.loc 1 172 3 view .LVU55
 175:Drivers/STM32F3xx_HAL_Driver/Src/stm32f3xx_hal_dac_ex.c ****   assert_param(IS_DAC_DATA(Data1));
 235              		.loc 1 175 3 view .LVU56
 176:Drivers/STM32F3xx_HAL_Driver/Src/stm32f3xx_hal_dac_ex.c ****   assert_param(IS_DAC_DATA(Data2));
 236              		.loc 1 176 3 view .LVU57
 177:Drivers/STM32F3xx_HAL_Driver/Src/stm32f3xx_hal_dac_ex.c **** 
 237              		.loc 1 177 3 view .LVU58
 180:Drivers/STM32F3xx_HAL_Driver/Src/stm32f3xx_hal_dac_ex.c ****   {
 238              		.loc 1 180 3 view .LVU59
 180:Drivers/STM32F3xx_HAL_Driver/Src/stm32f3xx_hal_dac_ex.c ****   {
 239              		.loc 1 180 6 is_stmt 0 view .LVU60
 240 0000 0829     		cmp	r1, #8
 241 0002 06D0     		beq	.L14
 186:Drivers/STM32F3xx_HAL_Driver/Src/stm32f3xx_hal_dac_ex.c ****   }
 242              		.loc 1 186 5 is_stmt 1 view .LVU61
 186:Drivers/STM32F3xx_HAL_Driver/Src/stm32f3xx_hal_dac_ex.c ****   }
 243              		.loc 1 186 10 is_stmt 0 view .LVU62
 244 0004 42EA0342 		orr	r2, r2, r3, lsl #16
 245              	.LVL20:
ARM GAS  C:\Users\nakas\AppData\Local\Temp\ccXxe4Dd.s 			page 25


 246              	.L13:
 189:Drivers/STM32F3xx_HAL_Driver/Src/stm32f3xx_hal_dac_ex.c ****     tmp += DAC_DHR12RD_ALIGNMENT(Alignment);
 247              		.loc 1 189 5 is_stmt 1 view .LVU63
 189:Drivers/STM32F3xx_HAL_Driver/Src/stm32f3xx_hal_dac_ex.c ****     tmp += DAC_DHR12RD_ALIGNMENT(Alignment);
 248              		.loc 1 189 27 is_stmt 0 view .LVU64
 249 0008 0368     		ldr	r3, [r0]
 250              	.LVL21:
 190:Drivers/STM32F3xx_HAL_Driver/Src/stm32f3xx_hal_dac_ex.c **** 
 251              		.loc 1 190 5 is_stmt 1 view .LVU65
 190:Drivers/STM32F3xx_HAL_Driver/Src/stm32f3xx_hal_dac_ex.c **** 
 252              		.loc 1 190 9 is_stmt 0 view .LVU66
 253 000a 1944     		add	r1, r1, r3
 254              	.LVL22:
 193:Drivers/STM32F3xx_HAL_Driver/Src/stm32f3xx_hal_dac_ex.c **** 
 255              		.loc 1 193 3 is_stmt 1 view .LVU67
 193:Drivers/STM32F3xx_HAL_Driver/Src/stm32f3xx_hal_dac_ex.c **** 
 256              		.loc 1 193 25 is_stmt 0 view .LVU68
 257 000c 0A62     		str	r2, [r1, #32]
 196:Drivers/STM32F3xx_HAL_Driver/Src/stm32f3xx_hal_dac_ex.c **** }
 258              		.loc 1 196 3 is_stmt 1 view .LVU69
 197:Drivers/STM32F3xx_HAL_Driver/Src/stm32f3xx_hal_dac_ex.c **** #endif /* STM32F303xE || STM32F398xx                || */
 259              		.loc 1 197 1 is_stmt 0 view .LVU70
 260 000e 0020     		movs	r0, #0
 261              	.LVL23:
 197:Drivers/STM32F3xx_HAL_Driver/Src/stm32f3xx_hal_dac_ex.c **** #endif /* STM32F303xE || STM32F398xx                || */
 262              		.loc 1 197 1 view .LVU71
 263 0010 7047     		bx	lr
 264              	.LVL24:
 265              	.L14:
 182:Drivers/STM32F3xx_HAL_Driver/Src/stm32f3xx_hal_dac_ex.c ****   }
 266              		.loc 1 182 5 is_stmt 1 view .LVU72
 182:Drivers/STM32F3xx_HAL_Driver/Src/stm32f3xx_hal_dac_ex.c ****   }
 267              		.loc 1 182 10 is_stmt 0 view .LVU73
 268 0012 42EA0322 		orr	r2, r2, r3, lsl #8
 269              	.LVL25:
 182:Drivers/STM32F3xx_HAL_Driver/Src/stm32f3xx_hal_dac_ex.c ****   }
 270              		.loc 1 182 10 view .LVU74
 271 0016 F7E7     		b	.L13
 272              		.cfi_endproc
 273              	.LFE124:
 275              		.section	.text.HAL_DAC_Start,"ax",%progbits
 276              		.align	1
 277              		.global	HAL_DAC_Start
 278              		.syntax unified
 279              		.thumb
 280              		.thumb_func
 282              	HAL_DAC_Start:
 283              	.LVL26:
 284              	.LFB125:
 243:Drivers/STM32F3xx_HAL_Driver/Src/stm32f3xx_hal_dac_ex.c ****   /* Check the parameters */
 285              		.loc 1 243 1 is_stmt 1 view -0
 286              		.cfi_startproc
 287              		@ args = 0, pretend = 0, frame = 0
 288              		@ frame_needed = 0, uses_anonymous_args = 0
 289              		@ link register save eliminated.
 245:Drivers/STM32F3xx_HAL_Driver/Src/stm32f3xx_hal_dac_ex.c ****   
 290              		.loc 1 245 3 view .LVU76
ARM GAS  C:\Users\nakas\AppData\Local\Temp\ccXxe4Dd.s 			page 26


 248:Drivers/STM32F3xx_HAL_Driver/Src/stm32f3xx_hal_dac_ex.c ****   
 291              		.loc 1 248 3 view .LVU77
 248:Drivers/STM32F3xx_HAL_Driver/Src/stm32f3xx_hal_dac_ex.c ****   
 292              		.loc 1 248 3 view .LVU78
 293 0000 4279     		ldrb	r2, [r0, #5]	@ zero_extendqisi2
 294 0002 012A     		cmp	r2, #1
 295 0004 29D0     		beq	.L19
 243:Drivers/STM32F3xx_HAL_Driver/Src/stm32f3xx_hal_dac_ex.c ****   /* Check the parameters */
 296              		.loc 1 243 1 is_stmt 0 view .LVU79
 297 0006 10B4     		push	{r4}
 298              	.LCFI7:
 299              		.cfi_def_cfa_offset 4
 300              		.cfi_offset 4, -4
 301 0008 0346     		mov	r3, r0
 248:Drivers/STM32F3xx_HAL_Driver/Src/stm32f3xx_hal_dac_ex.c ****   
 302              		.loc 1 248 3 is_stmt 1 discriminator 2 view .LVU80
 303 000a 0122     		movs	r2, #1
 304 000c 4271     		strb	r2, [r0, #5]
 248:Drivers/STM32F3xx_HAL_Driver/Src/stm32f3xx_hal_dac_ex.c ****   
 305              		.loc 1 248 3 view .LVU81
 251:Drivers/STM32F3xx_HAL_Driver/Src/stm32f3xx_hal_dac_ex.c ****   
 306              		.loc 1 251 3 view .LVU82
 251:Drivers/STM32F3xx_HAL_Driver/Src/stm32f3xx_hal_dac_ex.c ****   
 307              		.loc 1 251 15 is_stmt 0 view .LVU83
 308 000e 0220     		movs	r0, #2
 309              	.LVL27:
 251:Drivers/STM32F3xx_HAL_Driver/Src/stm32f3xx_hal_dac_ex.c ****   
 310              		.loc 1 251 15 view .LVU84
 311 0010 1871     		strb	r0, [r3, #4]
 254:Drivers/STM32F3xx_HAL_Driver/Src/stm32f3xx_hal_dac_ex.c ****   
 312              		.loc 1 254 3 is_stmt 1 view .LVU85
 313 0012 1C68     		ldr	r4, [r3]
 314 0014 2068     		ldr	r0, [r4]
 315 0016 8A40     		lsls	r2, r2, r1
 316 0018 0243     		orrs	r2, r2, r0
 317 001a 2260     		str	r2, [r4]
 256:Drivers/STM32F3xx_HAL_Driver/Src/stm32f3xx_hal_dac_ex.c ****   {
 318              		.loc 1 256 3 view .LVU86
 256:Drivers/STM32F3xx_HAL_Driver/Src/stm32f3xx_hal_dac_ex.c ****   {
 319              		.loc 1 256 5 is_stmt 0 view .LVU87
 320 001c 89B9     		cbnz	r1, .L17
 259:Drivers/STM32F3xx_HAL_Driver/Src/stm32f3xx_hal_dac_ex.c ****     {
 321              		.loc 1 259 5 is_stmt 1 view .LVU88
 259:Drivers/STM32F3xx_HAL_Driver/Src/stm32f3xx_hal_dac_ex.c ****     {
 322              		.loc 1 259 13 is_stmt 0 view .LVU89
 323 001e 1968     		ldr	r1, [r3]
 324              	.LVL28:
 259:Drivers/STM32F3xx_HAL_Driver/Src/stm32f3xx_hal_dac_ex.c ****     {
 325              		.loc 1 259 23 view .LVU90
 326 0020 0A68     		ldr	r2, [r1]
 259:Drivers/STM32F3xx_HAL_Driver/Src/stm32f3xx_hal_dac_ex.c ****     {
 327              		.loc 1 259 28 view .LVU91
 328 0022 02F03C02 		and	r2, r2, #60
 259:Drivers/STM32F3xx_HAL_Driver/Src/stm32f3xx_hal_dac_ex.c ****     {
 329              		.loc 1 259 7 view .LVU92
 330 0026 3C2A     		cmp	r2, #60
 331 0028 06D0     		beq	.L24
ARM GAS  C:\Users\nakas\AppData\Local\Temp\ccXxe4Dd.s 			page 27


 332              	.L18:
 276:Drivers/STM32F3xx_HAL_Driver/Src/stm32f3xx_hal_dac_ex.c ****   
 333              		.loc 1 276 3 is_stmt 1 view .LVU93
 276:Drivers/STM32F3xx_HAL_Driver/Src/stm32f3xx_hal_dac_ex.c ****   
 334              		.loc 1 276 15 is_stmt 0 view .LVU94
 335 002a 0122     		movs	r2, #1
 336 002c 1A71     		strb	r2, [r3, #4]
 279:Drivers/STM32F3xx_HAL_Driver/Src/stm32f3xx_hal_dac_ex.c ****     
 337              		.loc 1 279 3 is_stmt 1 view .LVU95
 279:Drivers/STM32F3xx_HAL_Driver/Src/stm32f3xx_hal_dac_ex.c ****     
 338              		.loc 1 279 3 view .LVU96
 339 002e 0020     		movs	r0, #0
 340 0030 5871     		strb	r0, [r3, #5]
 279:Drivers/STM32F3xx_HAL_Driver/Src/stm32f3xx_hal_dac_ex.c ****     
 341              		.loc 1 279 3 view .LVU97
 282:Drivers/STM32F3xx_HAL_Driver/Src/stm32f3xx_hal_dac_ex.c **** }
 342              		.loc 1 282 3 view .LVU98
 283:Drivers/STM32F3xx_HAL_Driver/Src/stm32f3xx_hal_dac_ex.c **** #endif /* STM32F303xE || STM32F398xx                || */
 343              		.loc 1 283 1 is_stmt 0 view .LVU99
 344 0032 5DF8044B 		ldr	r4, [sp], #4
 345 0036 7047     		bx	lr
 346              	.L24:
 262:Drivers/STM32F3xx_HAL_Driver/Src/stm32f3xx_hal_dac_ex.c ****     }
 347              		.loc 1 262 7 is_stmt 1 view .LVU100
 348 0038 4A68     		ldr	r2, [r1, #4]
 349 003a 42F00102 		orr	r2, r2, #1
 350 003e 4A60     		str	r2, [r1, #4]
 351 0040 F3E7     		b	.L18
 352              	.LVL29:
 353              	.L17:
 268:Drivers/STM32F3xx_HAL_Driver/Src/stm32f3xx_hal_dac_ex.c ****     {
 354              		.loc 1 268 5 view .LVU101
 268:Drivers/STM32F3xx_HAL_Driver/Src/stm32f3xx_hal_dac_ex.c ****     {
 355              		.loc 1 268 13 is_stmt 0 view .LVU102
 356 0042 1968     		ldr	r1, [r3]
 357              	.LVL30:
 268:Drivers/STM32F3xx_HAL_Driver/Src/stm32f3xx_hal_dac_ex.c ****     {
 358              		.loc 1 268 23 view .LVU103
 359 0044 0A68     		ldr	r2, [r1]
 268:Drivers/STM32F3xx_HAL_Driver/Src/stm32f3xx_hal_dac_ex.c ****     {
 360              		.loc 1 268 28 view .LVU104
 361 0046 02F47012 		and	r2, r2, #3932160
 268:Drivers/STM32F3xx_HAL_Driver/Src/stm32f3xx_hal_dac_ex.c ****     {
 362              		.loc 1 268 7 view .LVU105
 363 004a B2F5701F 		cmp	r2, #3932160
 364 004e ECD1     		bne	.L18
 271:Drivers/STM32F3xx_HAL_Driver/Src/stm32f3xx_hal_dac_ex.c ****     }
 365              		.loc 1 271 7 is_stmt 1 view .LVU106
 366 0050 4A68     		ldr	r2, [r1, #4]
 367 0052 42F00202 		orr	r2, r2, #2
 368 0056 4A60     		str	r2, [r1, #4]
 369 0058 E7E7     		b	.L18
 370              	.LVL31:
 371              	.L19:
 372              	.LCFI8:
 373              		.cfi_def_cfa_offset 0
 374              		.cfi_restore 4
ARM GAS  C:\Users\nakas\AppData\Local\Temp\ccXxe4Dd.s 			page 28


 248:Drivers/STM32F3xx_HAL_Driver/Src/stm32f3xx_hal_dac_ex.c ****   
 375              		.loc 1 248 3 is_stmt 0 discriminator 1 view .LVU107
 376 005a 0220     		movs	r0, #2
 377              	.LVL32:
 283:Drivers/STM32F3xx_HAL_Driver/Src/stm32f3xx_hal_dac_ex.c **** #endif /* STM32F303xE || STM32F398xx                || */
 378              		.loc 1 283 1 view .LVU108
 379 005c 7047     		bx	lr
 380              		.cfi_endproc
 381              	.LFE125:
 383              		.section	.text.HAL_DAC_Start_DMA,"ax",%progbits
 384              		.align	1
 385              		.global	HAL_DAC_Start_DMA
 386              		.syntax unified
 387              		.thumb
 388              		.thumb_func
 390              	HAL_DAC_Start_DMA:
 391              	.LVL33:
 392              	.LFB126:
 361:Drivers/STM32F3xx_HAL_Driver/Src/stm32f3xx_hal_dac_ex.c ****   uint32_t tmpreg = 0U;
 393              		.loc 1 361 1 is_stmt 1 view -0
 394              		.cfi_startproc
 395              		@ args = 4, pretend = 0, frame = 0
 396              		@ frame_needed = 0, uses_anonymous_args = 0
 361:Drivers/STM32F3xx_HAL_Driver/Src/stm32f3xx_hal_dac_ex.c ****   uint32_t tmpreg = 0U;
 397              		.loc 1 361 1 is_stmt 0 view .LVU110
 398 0000 70B5     		push	{r4, r5, r6, lr}
 399              	.LCFI9:
 400              		.cfi_def_cfa_offset 16
 401              		.cfi_offset 4, -16
 402              		.cfi_offset 5, -12
 403              		.cfi_offset 6, -8
 404              		.cfi_offset 14, -4
 405 0002 0446     		mov	r4, r0
 406 0004 0D46     		mov	r5, r1
 407 0006 1146     		mov	r1, r2
 408              	.LVL34:
 361:Drivers/STM32F3xx_HAL_Driver/Src/stm32f3xx_hal_dac_ex.c ****   uint32_t tmpreg = 0U;
 409              		.loc 1 361 1 view .LVU111
 410 0008 049A     		ldr	r2, [sp, #16]
 411              	.LVL35:
 362:Drivers/STM32F3xx_HAL_Driver/Src/stm32f3xx_hal_dac_ex.c ****     
 412              		.loc 1 362 3 is_stmt 1 view .LVU112
 365:Drivers/STM32F3xx_HAL_Driver/Src/stm32f3xx_hal_dac_ex.c ****   assert_param(IS_DAC_ALIGN(Alignment));
 413              		.loc 1 365 3 view .LVU113
 366:Drivers/STM32F3xx_HAL_Driver/Src/stm32f3xx_hal_dac_ex.c ****   
 414              		.loc 1 366 3 view .LVU114
 369:Drivers/STM32F3xx_HAL_Driver/Src/stm32f3xx_hal_dac_ex.c ****   
 415              		.loc 1 369 3 view .LVU115
 369:Drivers/STM32F3xx_HAL_Driver/Src/stm32f3xx_hal_dac_ex.c ****   
 416              		.loc 1 369 3 view .LVU116
 417 000a 4079     		ldrb	r0, [r0, #5]	@ zero_extendqisi2
 418              	.LVL36:
 369:Drivers/STM32F3xx_HAL_Driver/Src/stm32f3xx_hal_dac_ex.c ****   
 419              		.loc 1 369 3 is_stmt 0 view .LVU117
 420 000c 0128     		cmp	r0, #1
 421 000e 5DD0     		beq	.L35
 369:Drivers/STM32F3xx_HAL_Driver/Src/stm32f3xx_hal_dac_ex.c ****   
ARM GAS  C:\Users\nakas\AppData\Local\Temp\ccXxe4Dd.s 			page 29


 422              		.loc 1 369 3 is_stmt 1 discriminator 2 view .LVU118
 423 0010 0120     		movs	r0, #1
 424 0012 6071     		strb	r0, [r4, #5]
 369:Drivers/STM32F3xx_HAL_Driver/Src/stm32f3xx_hal_dac_ex.c ****   
 425              		.loc 1 369 3 view .LVU119
 372:Drivers/STM32F3xx_HAL_Driver/Src/stm32f3xx_hal_dac_ex.c **** 
 426              		.loc 1 372 3 view .LVU120
 372:Drivers/STM32F3xx_HAL_Driver/Src/stm32f3xx_hal_dac_ex.c **** 
 427              		.loc 1 372 15 is_stmt 0 view .LVU121
 428 0014 0220     		movs	r0, #2
 429 0016 2071     		strb	r0, [r4, #4]
 374:Drivers/STM32F3xx_HAL_Driver/Src/stm32f3xx_hal_dac_ex.c ****   {
 430              		.loc 1 374 3 is_stmt 1 view .LVU122
 374:Drivers/STM32F3xx_HAL_Driver/Src/stm32f3xx_hal_dac_ex.c ****   {
 431              		.loc 1 374 5 is_stmt 0 view .LVU123
 432 0018 002D     		cmp	r5, #0
 433 001a 2ED1     		bne	.L27
 377:Drivers/STM32F3xx_HAL_Driver/Src/stm32f3xx_hal_dac_ex.c ****     
 434              		.loc 1 377 5 is_stmt 1 view .LVU124
 377:Drivers/STM32F3xx_HAL_Driver/Src/stm32f3xx_hal_dac_ex.c ****     
 435              		.loc 1 377 9 is_stmt 0 view .LVU125
 436 001c A068     		ldr	r0, [r4, #8]
 377:Drivers/STM32F3xx_HAL_Driver/Src/stm32f3xx_hal_dac_ex.c ****     
 437              		.loc 1 377 41 view .LVU126
 438 001e 2C4E     		ldr	r6, .L39
 439 0020 8662     		str	r6, [r0, #40]
 380:Drivers/STM32F3xx_HAL_Driver/Src/stm32f3xx_hal_dac_ex.c ****       
 440              		.loc 1 380 5 is_stmt 1 view .LVU127
 380:Drivers/STM32F3xx_HAL_Driver/Src/stm32f3xx_hal_dac_ex.c ****       
 441              		.loc 1 380 9 is_stmt 0 view .LVU128
 442 0022 A068     		ldr	r0, [r4, #8]
 380:Drivers/STM32F3xx_HAL_Driver/Src/stm32f3xx_hal_dac_ex.c ****       
 443              		.loc 1 380 45 view .LVU129
 444 0024 2B4E     		ldr	r6, .L39+4
 445 0026 C662     		str	r6, [r0, #44]
 383:Drivers/STM32F3xx_HAL_Driver/Src/stm32f3xx_hal_dac_ex.c **** 
 446              		.loc 1 383 5 is_stmt 1 view .LVU130
 383:Drivers/STM32F3xx_HAL_Driver/Src/stm32f3xx_hal_dac_ex.c **** 
 447              		.loc 1 383 9 is_stmt 0 view .LVU131
 448 0028 A068     		ldr	r0, [r4, #8]
 383:Drivers/STM32F3xx_HAL_Driver/Src/stm32f3xx_hal_dac_ex.c **** 
 449              		.loc 1 383 42 view .LVU132
 450 002a 2B4E     		ldr	r6, .L39+8
 451 002c 0663     		str	r6, [r0, #48]
 386:Drivers/STM32F3xx_HAL_Driver/Src/stm32f3xx_hal_dac_ex.c **** 
 452              		.loc 1 386 5 is_stmt 1 view .LVU133
 453 002e 2668     		ldr	r6, [r4]
 454 0030 3068     		ldr	r0, [r6]
 455 0032 40F48050 		orr	r0, r0, #4096
 456 0036 3060     		str	r0, [r6]
 389:Drivers/STM32F3xx_HAL_Driver/Src/stm32f3xx_hal_dac_ex.c ****     {
 457              		.loc 1 389 5 view .LVU134
 458 0038 042A     		cmp	r2, #4
 459 003a 18D0     		beq	.L28
 460 003c 082A     		cmp	r2, #8
 461 003e 19D0     		beq	.L29
 462 0040 002A     		cmp	r2, #0
ARM GAS  C:\Users\nakas\AppData\Local\Temp\ccXxe4Dd.s 			page 30


 463 0042 36D1     		bne	.L36
 393:Drivers/STM32F3xx_HAL_Driver/Src/stm32f3xx_hal_dac_ex.c ****         break;
 464              		.loc 1 393 9 view .LVU135
 393:Drivers/STM32F3xx_HAL_Driver/Src/stm32f3xx_hal_dac_ex.c ****         break;
 465              		.loc 1 393 33 is_stmt 0 view .LVU136
 466 0044 2268     		ldr	r2, [r4]
 393:Drivers/STM32F3xx_HAL_Driver/Src/stm32f3xx_hal_dac_ex.c ****         break;
 467              		.loc 1 393 28 view .LVU137
 468 0046 0832     		adds	r2, r2, #8
 469              	.LVL37:
 394:Drivers/STM32F3xx_HAL_Driver/Src/stm32f3xx_hal_dac_ex.c ****       case DAC_ALIGN_12B_L:
 470              		.loc 1 394 9 is_stmt 1 view .LVU138
 471              	.L30:
 442:Drivers/STM32F3xx_HAL_Driver/Src/stm32f3xx_hal_dac_ex.c ****   {
 472              		.loc 1 442 3 view .LVU139
 442:Drivers/STM32F3xx_HAL_Driver/Src/stm32f3xx_hal_dac_ex.c ****   {
 473              		.loc 1 442 5 is_stmt 0 view .LVU140
 474 0048 002D     		cmp	r5, #0
 475 004a 36D1     		bne	.L33
 445:Drivers/STM32F3xx_HAL_Driver/Src/stm32f3xx_hal_dac_ex.c **** 
 476              		.loc 1 445 5 is_stmt 1 view .LVU141
 477 004c 2668     		ldr	r6, [r4]
 478 004e 3068     		ldr	r0, [r6]
 479 0050 40F40050 		orr	r0, r0, #8192
 480 0054 3060     		str	r0, [r6]
 448:Drivers/STM32F3xx_HAL_Driver/Src/stm32f3xx_hal_dac_ex.c ****   } 
 481              		.loc 1 448 5 view .LVU142
 482 0056 A068     		ldr	r0, [r4, #8]
 483 0058 FFF7FEFF 		bl	HAL_DMA_Start_IT
 484              	.LVL38:
 485              	.L34:
 460:Drivers/STM32F3xx_HAL_Driver/Src/stm32f3xx_hal_dac_ex.c **** 
 486              		.loc 1 460 3 view .LVU143
 460:Drivers/STM32F3xx_HAL_Driver/Src/stm32f3xx_hal_dac_ex.c **** 
 487              		.loc 1 460 3 view .LVU144
 488 005c 0020     		movs	r0, #0
 489 005e 6071     		strb	r0, [r4, #5]
 460:Drivers/STM32F3xx_HAL_Driver/Src/stm32f3xx_hal_dac_ex.c **** 
 490              		.loc 1 460 3 view .LVU145
 463:Drivers/STM32F3xx_HAL_Driver/Src/stm32f3xx_hal_dac_ex.c ****   
 491              		.loc 1 463 3 view .LVU146
 492 0060 2168     		ldr	r1, [r4]
 493 0062 0B68     		ldr	r3, [r1]
 494 0064 0122     		movs	r2, #1
 495 0066 AA40     		lsls	r2, r2, r5
 496 0068 1343     		orrs	r3, r3, r2
 497 006a 0B60     		str	r3, [r1]
 466:Drivers/STM32F3xx_HAL_Driver/Src/stm32f3xx_hal_dac_ex.c **** }
 498              		.loc 1 466 3 view .LVU147
 499              	.LVL39:
 500              	.L26:
 467:Drivers/STM32F3xx_HAL_Driver/Src/stm32f3xx_hal_dac_ex.c **** #endif /* STM32F303xE || STM32F398xx                || */
 501              		.loc 1 467 1 is_stmt 0 view .LVU148
 502 006c 70BD     		pop	{r4, r5, r6, pc}
 503              	.LVL40:
 504              	.L28:
 397:Drivers/STM32F3xx_HAL_Driver/Src/stm32f3xx_hal_dac_ex.c ****         break;
ARM GAS  C:\Users\nakas\AppData\Local\Temp\ccXxe4Dd.s 			page 31


 505              		.loc 1 397 9 is_stmt 1 view .LVU149
 397:Drivers/STM32F3xx_HAL_Driver/Src/stm32f3xx_hal_dac_ex.c ****         break;
 506              		.loc 1 397 33 is_stmt 0 view .LVU150
 507 006e 2268     		ldr	r2, [r4]
 397:Drivers/STM32F3xx_HAL_Driver/Src/stm32f3xx_hal_dac_ex.c ****         break;
 508              		.loc 1 397 28 view .LVU151
 509 0070 0C32     		adds	r2, r2, #12
 510              	.LVL41:
 398:Drivers/STM32F3xx_HAL_Driver/Src/stm32f3xx_hal_dac_ex.c ****       case DAC_ALIGN_8B_R:
 511              		.loc 1 398 9 is_stmt 1 view .LVU152
 512 0072 E9E7     		b	.L30
 513              	.LVL42:
 514              	.L29:
 401:Drivers/STM32F3xx_HAL_Driver/Src/stm32f3xx_hal_dac_ex.c ****         break;
 515              		.loc 1 401 9 view .LVU153
 401:Drivers/STM32F3xx_HAL_Driver/Src/stm32f3xx_hal_dac_ex.c ****         break;
 516              		.loc 1 401 33 is_stmt 0 view .LVU154
 517 0074 2268     		ldr	r2, [r4]
 401:Drivers/STM32F3xx_HAL_Driver/Src/stm32f3xx_hal_dac_ex.c ****         break;
 518              		.loc 1 401 28 view .LVU155
 519 0076 1032     		adds	r2, r2, #16
 520              	.LVL43:
 402:Drivers/STM32F3xx_HAL_Driver/Src/stm32f3xx_hal_dac_ex.c ****       default:
 521              		.loc 1 402 9 is_stmt 1 view .LVU156
 522 0078 E6E7     		b	.L30
 523              	.LVL44:
 524              	.L27:
 410:Drivers/STM32F3xx_HAL_Driver/Src/stm32f3xx_hal_dac_ex.c ****     
 525              		.loc 1 410 5 view .LVU157
 410:Drivers/STM32F3xx_HAL_Driver/Src/stm32f3xx_hal_dac_ex.c ****     
 526              		.loc 1 410 9 is_stmt 0 view .LVU158
 527 007a E068     		ldr	r0, [r4, #12]
 410:Drivers/STM32F3xx_HAL_Driver/Src/stm32f3xx_hal_dac_ex.c ****     
 528              		.loc 1 410 41 view .LVU159
 529 007c 174E     		ldr	r6, .L39+12
 530 007e 8662     		str	r6, [r0, #40]
 413:Drivers/STM32F3xx_HAL_Driver/Src/stm32f3xx_hal_dac_ex.c ****        
 531              		.loc 1 413 5 is_stmt 1 view .LVU160
 413:Drivers/STM32F3xx_HAL_Driver/Src/stm32f3xx_hal_dac_ex.c ****        
 532              		.loc 1 413 9 is_stmt 0 view .LVU161
 533 0080 E068     		ldr	r0, [r4, #12]
 413:Drivers/STM32F3xx_HAL_Driver/Src/stm32f3xx_hal_dac_ex.c ****        
 534              		.loc 1 413 45 view .LVU162
 535 0082 174E     		ldr	r6, .L39+16
 536 0084 C662     		str	r6, [r0, #44]
 416:Drivers/STM32F3xx_HAL_Driver/Src/stm32f3xx_hal_dac_ex.c ****  
 537              		.loc 1 416 5 is_stmt 1 view .LVU163
 416:Drivers/STM32F3xx_HAL_Driver/Src/stm32f3xx_hal_dac_ex.c ****  
 538              		.loc 1 416 9 is_stmt 0 view .LVU164
 539 0086 E068     		ldr	r0, [r4, #12]
 416:Drivers/STM32F3xx_HAL_Driver/Src/stm32f3xx_hal_dac_ex.c ****  
 540              		.loc 1 416 42 view .LVU165
 541 0088 164E     		ldr	r6, .L39+20
 542 008a 0663     		str	r6, [r0, #48]
 419:Drivers/STM32F3xx_HAL_Driver/Src/stm32f3xx_hal_dac_ex.c ****    
 543              		.loc 1 419 5 is_stmt 1 view .LVU166
 544 008c 2668     		ldr	r6, [r4]
ARM GAS  C:\Users\nakas\AppData\Local\Temp\ccXxe4Dd.s 			page 32


 545 008e 3068     		ldr	r0, [r6]
 546 0090 40F08050 		orr	r0, r0, #268435456
 547 0094 3060     		str	r0, [r6]
 422:Drivers/STM32F3xx_HAL_Driver/Src/stm32f3xx_hal_dac_ex.c ****     {
 548              		.loc 1 422 5 view .LVU167
 549 0096 042A     		cmp	r2, #4
 550 0098 05D0     		beq	.L31
 551 009a 082A     		cmp	r2, #8
 552 009c 06D0     		beq	.L32
 553 009e 52B9     		cbnz	r2, .L37
 426:Drivers/STM32F3xx_HAL_Driver/Src/stm32f3xx_hal_dac_ex.c ****         break;
 554              		.loc 1 426 9 view .LVU168
 426:Drivers/STM32F3xx_HAL_Driver/Src/stm32f3xx_hal_dac_ex.c ****         break;
 555              		.loc 1 426 33 is_stmt 0 view .LVU169
 556 00a0 2268     		ldr	r2, [r4]
 426:Drivers/STM32F3xx_HAL_Driver/Src/stm32f3xx_hal_dac_ex.c ****         break;
 557              		.loc 1 426 28 view .LVU170
 558 00a2 1432     		adds	r2, r2, #20
 559              	.LVL45:
 427:Drivers/STM32F3xx_HAL_Driver/Src/stm32f3xx_hal_dac_ex.c ****       case DAC_ALIGN_12B_L:
 560              		.loc 1 427 9 is_stmt 1 view .LVU171
 561 00a4 D0E7     		b	.L30
 562              	.LVL46:
 563              	.L31:
 430:Drivers/STM32F3xx_HAL_Driver/Src/stm32f3xx_hal_dac_ex.c ****         break;
 564              		.loc 1 430 9 view .LVU172
 430:Drivers/STM32F3xx_HAL_Driver/Src/stm32f3xx_hal_dac_ex.c ****         break;
 565              		.loc 1 430 33 is_stmt 0 view .LVU173
 566 00a6 2268     		ldr	r2, [r4]
 430:Drivers/STM32F3xx_HAL_Driver/Src/stm32f3xx_hal_dac_ex.c ****         break;
 567              		.loc 1 430 28 view .LVU174
 568 00a8 1832     		adds	r2, r2, #24
 569              	.LVL47:
 431:Drivers/STM32F3xx_HAL_Driver/Src/stm32f3xx_hal_dac_ex.c ****       case DAC_ALIGN_8B_R:
 570              		.loc 1 431 9 is_stmt 1 view .LVU175
 571 00aa CDE7     		b	.L30
 572              	.LVL48:
 573              	.L32:
 434:Drivers/STM32F3xx_HAL_Driver/Src/stm32f3xx_hal_dac_ex.c ****         break;
 574              		.loc 1 434 9 view .LVU176
 434:Drivers/STM32F3xx_HAL_Driver/Src/stm32f3xx_hal_dac_ex.c ****         break;
 575              		.loc 1 434 33 is_stmt 0 view .LVU177
 576 00ac 2268     		ldr	r2, [r4]
 434:Drivers/STM32F3xx_HAL_Driver/Src/stm32f3xx_hal_dac_ex.c ****         break;
 577              		.loc 1 434 28 view .LVU178
 578 00ae 1C32     		adds	r2, r2, #28
 579              	.LVL49:
 435:Drivers/STM32F3xx_HAL_Driver/Src/stm32f3xx_hal_dac_ex.c ****       default:
 580              		.loc 1 435 9 is_stmt 1 view .LVU179
 581 00b0 CAE7     		b	.L30
 582              	.LVL50:
 583              	.L36:
 389:Drivers/STM32F3xx_HAL_Driver/Src/stm32f3xx_hal_dac_ex.c ****     {
 584              		.loc 1 389 5 is_stmt 0 view .LVU180
 585 00b2 2A46     		mov	r2, r5
 586 00b4 C8E7     		b	.L30
 587              	.L37:
ARM GAS  C:\Users\nakas\AppData\Local\Temp\ccXxe4Dd.s 			page 33


 422:Drivers/STM32F3xx_HAL_Driver/Src/stm32f3xx_hal_dac_ex.c ****     {
 588              		.loc 1 422 5 view .LVU181
 589 00b6 0022     		movs	r2, #0
 590 00b8 C6E7     		b	.L30
 591              	.LVL51:
 592              	.L33:
 453:Drivers/STM32F3xx_HAL_Driver/Src/stm32f3xx_hal_dac_ex.c **** 
 593              		.loc 1 453 5 is_stmt 1 view .LVU182
 594 00ba 2668     		ldr	r6, [r4]
 595 00bc 3068     		ldr	r0, [r6]
 596 00be 40F00050 		orr	r0, r0, #536870912
 597 00c2 3060     		str	r0, [r6]
 456:Drivers/STM32F3xx_HAL_Driver/Src/stm32f3xx_hal_dac_ex.c ****   }
 598              		.loc 1 456 5 view .LVU183
 599 00c4 E068     		ldr	r0, [r4, #12]
 600 00c6 FFF7FEFF 		bl	HAL_DMA_Start_IT
 601              	.LVL52:
 456:Drivers/STM32F3xx_HAL_Driver/Src/stm32f3xx_hal_dac_ex.c ****   }
 602              		.loc 1 456 5 is_stmt 0 view .LVU184
 603 00ca C7E7     		b	.L34
 604              	.LVL53:
 605              	.L35:
 369:Drivers/STM32F3xx_HAL_Driver/Src/stm32f3xx_hal_dac_ex.c ****   
 606              		.loc 1 369 3 discriminator 1 view .LVU185
 607 00cc 0220     		movs	r0, #2
 608 00ce CDE7     		b	.L26
 609              	.L40:
 610              		.align	2
 611              	.L39:
 612 00d0 00000000 		.word	DAC_DMAConvCpltCh1
 613 00d4 00000000 		.word	DAC_DMAHalfConvCpltCh1
 614 00d8 00000000 		.word	DAC_DMAErrorCh1
 615 00dc 00000000 		.word	DAC_DMAConvCpltCh2
 616 00e0 00000000 		.word	DAC_DMAHalfConvCpltCh2
 617 00e4 00000000 		.word	DAC_DMAErrorCh2
 618              		.cfi_endproc
 619              	.LFE126:
 621              		.section	.text.HAL_DAC_GetValue,"ax",%progbits
 622              		.align	1
 623              		.global	HAL_DAC_GetValue
 624              		.syntax unified
 625              		.thumb
 626              		.thumb_func
 628              	HAL_DAC_GetValue:
 629              	.LVL54:
 630              	.LFB127:
 575:Drivers/STM32F3xx_HAL_Driver/Src/stm32f3xx_hal_dac_ex.c ****   /* Check the parameters */
 631              		.loc 1 575 1 is_stmt 1 view -0
 632              		.cfi_startproc
 633              		@ args = 0, pretend = 0, frame = 0
 634              		@ frame_needed = 0, uses_anonymous_args = 0
 635              		@ link register save eliminated.
 577:Drivers/STM32F3xx_HAL_Driver/Src/stm32f3xx_hal_dac_ex.c ****   
 636              		.loc 1 577 3 view .LVU187
 580:Drivers/STM32F3xx_HAL_Driver/Src/stm32f3xx_hal_dac_ex.c ****   {
 637              		.loc 1 580 3 view .LVU188
 580:Drivers/STM32F3xx_HAL_Driver/Src/stm32f3xx_hal_dac_ex.c ****   {
ARM GAS  C:\Users\nakas\AppData\Local\Temp\ccXxe4Dd.s 			page 34


 638              		.loc 1 580 5 is_stmt 0 view .LVU189
 639 0000 11B9     		cbnz	r1, .L42
 582:Drivers/STM32F3xx_HAL_Driver/Src/stm32f3xx_hal_dac_ex.c ****   }
 640              		.loc 1 582 5 is_stmt 1 view .LVU190
 582:Drivers/STM32F3xx_HAL_Driver/Src/stm32f3xx_hal_dac_ex.c ****   }
 641              		.loc 1 582 16 is_stmt 0 view .LVU191
 642 0002 0368     		ldr	r3, [r0]
 582:Drivers/STM32F3xx_HAL_Driver/Src/stm32f3xx_hal_dac_ex.c ****   }
 643              		.loc 1 582 26 view .LVU192
 644 0004 D86A     		ldr	r0, [r3, #44]
 645              	.LVL55:
 582:Drivers/STM32F3xx_HAL_Driver/Src/stm32f3xx_hal_dac_ex.c ****   }
 646              		.loc 1 582 26 view .LVU193
 647 0006 7047     		bx	lr
 648              	.LVL56:
 649              	.L42:
 586:Drivers/STM32F3xx_HAL_Driver/Src/stm32f3xx_hal_dac_ex.c ****   }
 650              		.loc 1 586 5 is_stmt 1 view .LVU194
 586:Drivers/STM32F3xx_HAL_Driver/Src/stm32f3xx_hal_dac_ex.c ****   }
 651              		.loc 1 586 16 is_stmt 0 view .LVU195
 652 0008 0368     		ldr	r3, [r0]
 586:Drivers/STM32F3xx_HAL_Driver/Src/stm32f3xx_hal_dac_ex.c ****   }
 653              		.loc 1 586 26 view .LVU196
 654 000a 186B     		ldr	r0, [r3, #48]
 655              	.LVL57:
 588:Drivers/STM32F3xx_HAL_Driver/Src/stm32f3xx_hal_dac_ex.c **** #endif /* STM32F303xE || STM32F398xx                || */
 656              		.loc 1 588 1 view .LVU197
 657 000c 7047     		bx	lr
 658              		.cfi_endproc
 659              	.LFE127:
 661              		.section	.text.HAL_DACEx_DualGetValue,"ax",%progbits
 662              		.align	1
 663              		.global	HAL_DACEx_DualGetValue
 664              		.syntax unified
 665              		.thumb
 666              		.thumb_func
 668              	HAL_DACEx_DualGetValue:
 669              	.LVL58:
 670              	.LFB128:
 626:Drivers/STM32F3xx_HAL_Driver/Src/stm32f3xx_hal_dac_ex.c ****   uint32_t tmp = 0U;
 671              		.loc 1 626 1 is_stmt 1 view -0
 672              		.cfi_startproc
 673              		@ args = 0, pretend = 0, frame = 0
 674              		@ frame_needed = 0, uses_anonymous_args = 0
 675              		@ link register save eliminated.
 627:Drivers/STM32F3xx_HAL_Driver/Src/stm32f3xx_hal_dac_ex.c **** 
 676              		.loc 1 627 3 view .LVU199
 629:Drivers/STM32F3xx_HAL_Driver/Src/stm32f3xx_hal_dac_ex.c **** 
 677              		.loc 1 629 3 view .LVU200
 629:Drivers/STM32F3xx_HAL_Driver/Src/stm32f3xx_hal_dac_ex.c **** 
 678              		.loc 1 629 14 is_stmt 0 view .LVU201
 679 0000 0368     		ldr	r3, [r0]
 629:Drivers/STM32F3xx_HAL_Driver/Src/stm32f3xx_hal_dac_ex.c **** 
 680              		.loc 1 629 24 view .LVU202
 681 0002 DA6A     		ldr	r2, [r3, #44]
 682              	.LVL59:
 636:Drivers/STM32F3xx_HAL_Driver/Src/stm32f3xx_hal_dac_ex.c **** #endif /* STM32F303xE || STM32F398xx                || */
ARM GAS  C:\Users\nakas\AppData\Local\Temp\ccXxe4Dd.s 			page 35


 683              		.loc 1 636 3 is_stmt 1 view .LVU203
 636:Drivers/STM32F3xx_HAL_Driver/Src/stm32f3xx_hal_dac_ex.c **** #endif /* STM32F303xE || STM32F398xx                || */
 684              		.loc 1 636 24 is_stmt 0 view .LVU204
 685 0004 186B     		ldr	r0, [r3, #48]
 686              	.LVL60:
 643:Drivers/STM32F3xx_HAL_Driver/Src/stm32f3xx_hal_dac_ex.c **** }
 687              		.loc 1 643 3 is_stmt 1 view .LVU205
 644:Drivers/STM32F3xx_HAL_Driver/Src/stm32f3xx_hal_dac_ex.c **** 
 688              		.loc 1 644 1 is_stmt 0 view .LVU206
 689 0006 42EA0040 		orr	r0, r2, r0, lsl #16
 690              	.LVL61:
 644:Drivers/STM32F3xx_HAL_Driver/Src/stm32f3xx_hal_dac_ex.c **** 
 691              		.loc 1 644 1 view .LVU207
 692 000a 7047     		bx	lr
 693              		.cfi_endproc
 694              	.LFE128:
 696              		.section	.text.HAL_DAC_ConfigChannel,"ax",%progbits
 697              		.align	1
 698              		.global	HAL_DAC_ConfigChannel
 699              		.syntax unified
 700              		.thumb
 701              		.thumb_func
 703              	HAL_DAC_ConfigChannel:
 704              	.LVL62:
 705              	.LFB130:
 772:Drivers/STM32F3xx_HAL_Driver/Src/stm32f3xx_hal_dac_ex.c ****   uint32_t tmpreg1 = 0U, tmpreg2 = 0U;
 706              		.loc 1 772 1 is_stmt 1 view -0
 707              		.cfi_startproc
 708              		@ args = 0, pretend = 0, frame = 0
 709              		@ frame_needed = 0, uses_anonymous_args = 0
 772:Drivers/STM32F3xx_HAL_Driver/Src/stm32f3xx_hal_dac_ex.c ****   uint32_t tmpreg1 = 0U, tmpreg2 = 0U;
 710              		.loc 1 772 1 is_stmt 0 view .LVU209
 711 0000 8C46     		mov	ip, r1
 773:Drivers/STM32F3xx_HAL_Driver/Src/stm32f3xx_hal_dac_ex.c **** 
 712              		.loc 1 773 3 is_stmt 1 view .LVU210
 713              	.LVL63:
 776:Drivers/STM32F3xx_HAL_Driver/Src/stm32f3xx_hal_dac_ex.c **** 
 714              		.loc 1 776 3 view .LVU211
 779:Drivers/STM32F3xx_HAL_Driver/Src/stm32f3xx_hal_dac_ex.c ****   {
 715              		.loc 1 779 3 view .LVU212
 782:Drivers/STM32F3xx_HAL_Driver/Src/stm32f3xx_hal_dac_ex.c ****   }
 716              		.loc 1 782 5 view .LVU213
 787:Drivers/STM32F3xx_HAL_Driver/Src/stm32f3xx_hal_dac_ex.c ****   }    
 717              		.loc 1 787 5 view .LVU214
 792:Drivers/STM32F3xx_HAL_Driver/Src/stm32f3xx_hal_dac_ex.c ****  
 718              		.loc 1 792 3 view .LVU215
 795:Drivers/STM32F3xx_HAL_Driver/Src/stm32f3xx_hal_dac_ex.c ****   
 719              		.loc 1 795 3 view .LVU216
 795:Drivers/STM32F3xx_HAL_Driver/Src/stm32f3xx_hal_dac_ex.c ****   
 720              		.loc 1 795 3 view .LVU217
 721 0002 4179     		ldrb	r1, [r0, #5]	@ zero_extendqisi2
 722              	.LVL64:
 795:Drivers/STM32F3xx_HAL_Driver/Src/stm32f3xx_hal_dac_ex.c ****   
 723              		.loc 1 795 3 is_stmt 0 view .LVU218
 724 0004 0129     		cmp	r1, #1
 725 0006 32D0     		beq	.L49
 772:Drivers/STM32F3xx_HAL_Driver/Src/stm32f3xx_hal_dac_ex.c ****   uint32_t tmpreg1 = 0U, tmpreg2 = 0U;
ARM GAS  C:\Users\nakas\AppData\Local\Temp\ccXxe4Dd.s 			page 36


 726              		.loc 1 772 1 view .LVU219
 727 0008 10B5     		push	{r4, lr}
 728              	.LCFI10:
 729              		.cfi_def_cfa_offset 8
 730              		.cfi_offset 4, -8
 731              		.cfi_offset 14, -4
 732 000a 0346     		mov	r3, r0
 795:Drivers/STM32F3xx_HAL_Driver/Src/stm32f3xx_hal_dac_ex.c ****   
 733              		.loc 1 795 3 is_stmt 1 discriminator 2 view .LVU220
 734 000c 0121     		movs	r1, #1
 735 000e 4171     		strb	r1, [r0, #5]
 795:Drivers/STM32F3xx_HAL_Driver/Src/stm32f3xx_hal_dac_ex.c ****   
 736              		.loc 1 795 3 view .LVU221
 798:Drivers/STM32F3xx_HAL_Driver/Src/stm32f3xx_hal_dac_ex.c ****   
 737              		.loc 1 798 3 view .LVU222
 798:Drivers/STM32F3xx_HAL_Driver/Src/stm32f3xx_hal_dac_ex.c ****   
 738              		.loc 1 798 15 is_stmt 0 view .LVU223
 739 0010 0221     		movs	r1, #2
 740 0012 0171     		strb	r1, [r0, #4]
 801:Drivers/STM32F3xx_HAL_Driver/Src/stm32f3xx_hal_dac_ex.c ****   
 741              		.loc 1 801 3 is_stmt 1 view .LVU224
 801:Drivers/STM32F3xx_HAL_Driver/Src/stm32f3xx_hal_dac_ex.c ****   
 742              		.loc 1 801 17 is_stmt 0 view .LVU225
 743 0014 0468     		ldr	r4, [r0]
 801:Drivers/STM32F3xx_HAL_Driver/Src/stm32f3xx_hal_dac_ex.c ****   
 744              		.loc 1 801 11 view .LVU226
 745 0016 2168     		ldr	r1, [r4]
 746              	.LVL65:
 810:Drivers/STM32F3xx_HAL_Driver/Src/stm32f3xx_hal_dac_ex.c ****   {
 747              		.loc 1 810 3 is_stmt 1 view .LVU227
 810:Drivers/STM32F3xx_HAL_Driver/Src/stm32f3xx_hal_dac_ex.c ****   {
 748              		.loc 1 810 6 is_stmt 0 view .LVU228
 749 0018 1648     		ldr	r0, .L55
 750              	.LVL66:
 810:Drivers/STM32F3xx_HAL_Driver/Src/stm32f3xx_hal_dac_ex.c ****   {
 751              		.loc 1 810 6 view .LVU229
 752 001a 8442     		cmp	r4, r0
 753 001c 1AD0     		beq	.L54
 754              	.L47:
 819:Drivers/STM32F3xx_HAL_Driver/Src/stm32f3xx_hal_dac_ex.c ****     tmpreg2 = (sConfig->DAC_Trigger | sConfig->DAC_OutputSwitch);    
 755              		.loc 1 819 5 is_stmt 1 view .LVU230
 819:Drivers/STM32F3xx_HAL_Driver/Src/stm32f3xx_hal_dac_ex.c ****     tmpreg2 = (sConfig->DAC_Trigger | sConfig->DAC_OutputSwitch);    
 756              		.loc 1 819 105 is_stmt 0 view .LVU231
 757 001e 40F6FE70 		movw	r0, #4094
 758 0022 9040     		lsls	r0, r0, r2
 819:Drivers/STM32F3xx_HAL_Driver/Src/stm32f3xx_hal_dac_ex.c ****     tmpreg2 = (sConfig->DAC_Trigger | sConfig->DAC_OutputSwitch);    
 759              		.loc 1 819 13 view .LVU232
 760 0024 21EA000E 		bic	lr, r1, r0
 761              	.LVL67:
 820:Drivers/STM32F3xx_HAL_Driver/Src/stm32f3xx_hal_dac_ex.c ****   }    
 762              		.loc 1 820 5 is_stmt 1 view .LVU233
 820:Drivers/STM32F3xx_HAL_Driver/Src/stm32f3xx_hal_dac_ex.c ****   }    
 763              		.loc 1 820 23 is_stmt 0 view .LVU234
 764 0028 DCF80010 		ldr	r1, [ip]
 820:Drivers/STM32F3xx_HAL_Driver/Src/stm32f3xx_hal_dac_ex.c ****   }    
 765              		.loc 1 820 46 view .LVU235
 766 002c DCF80800 		ldr	r0, [ip, #8]
ARM GAS  C:\Users\nakas\AppData\Local\Temp\ccXxe4Dd.s 			page 37


 820:Drivers/STM32F3xx_HAL_Driver/Src/stm32f3xx_hal_dac_ex.c ****   }    
 767              		.loc 1 820 13 view .LVU236
 768 0030 0143     		orrs	r1, r1, r0
 769              	.LVL68:
 770              	.L48:
 828:Drivers/STM32F3xx_HAL_Driver/Src/stm32f3xx_hal_dac_ex.c ****   /* Write to DAC CR */
 771              		.loc 1 828 3 is_stmt 1 view .LVU237
 828:Drivers/STM32F3xx_HAL_Driver/Src/stm32f3xx_hal_dac_ex.c ****   /* Write to DAC CR */
 772              		.loc 1 828 22 is_stmt 0 view .LVU238
 773 0032 9140     		lsls	r1, r1, r2
 774              	.LVL69:
 828:Drivers/STM32F3xx_HAL_Driver/Src/stm32f3xx_hal_dac_ex.c ****   /* Write to DAC CR */
 775              		.loc 1 828 11 view .LVU239
 776 0034 41EA0E01 		orr	r1, r1, lr
 777              	.LVL70:
 830:Drivers/STM32F3xx_HAL_Driver/Src/stm32f3xx_hal_dac_ex.c ****   
 778              		.loc 1 830 3 is_stmt 1 view .LVU240
 830:Drivers/STM32F3xx_HAL_Driver/Src/stm32f3xx_hal_dac_ex.c ****   
 779              		.loc 1 830 22 is_stmt 0 view .LVU241
 780 0038 2160     		str	r1, [r4]
 833:Drivers/STM32F3xx_HAL_Driver/Src/stm32f3xx_hal_dac_ex.c **** 
 781              		.loc 1 833 3 is_stmt 1 view .LVU242
 833:Drivers/STM32F3xx_HAL_Driver/Src/stm32f3xx_hal_dac_ex.c **** 
 782              		.loc 1 833 7 is_stmt 0 view .LVU243
 783 003a 1C68     		ldr	r4, [r3]
 833:Drivers/STM32F3xx_HAL_Driver/Src/stm32f3xx_hal_dac_ex.c **** 
 784              		.loc 1 833 17 view .LVU244
 785 003c 2168     		ldr	r1, [r4]
 786              	.LVL71:
 833:Drivers/STM32F3xx_HAL_Driver/Src/stm32f3xx_hal_dac_ex.c **** 
 787              		.loc 1 833 40 view .LVU245
 788 003e C020     		movs	r0, #192
 789 0040 00FA02F2 		lsl	r2, r0, r2
 790              	.LVL72:
 833:Drivers/STM32F3xx_HAL_Driver/Src/stm32f3xx_hal_dac_ex.c **** 
 791              		.loc 1 833 22 view .LVU246
 792 0044 21EA0202 		bic	r2, r1, r2
 793 0048 2260     		str	r2, [r4]
 836:Drivers/STM32F3xx_HAL_Driver/Src/stm32f3xx_hal_dac_ex.c ****   
 794              		.loc 1 836 3 is_stmt 1 view .LVU247
 836:Drivers/STM32F3xx_HAL_Driver/Src/stm32f3xx_hal_dac_ex.c ****   
 795              		.loc 1 836 15 is_stmt 0 view .LVU248
 796 004a 0122     		movs	r2, #1
 797 004c 1A71     		strb	r2, [r3, #4]
 839:Drivers/STM32F3xx_HAL_Driver/Src/stm32f3xx_hal_dac_ex.c ****   
 798              		.loc 1 839 3 is_stmt 1 view .LVU249
 839:Drivers/STM32F3xx_HAL_Driver/Src/stm32f3xx_hal_dac_ex.c ****   
 799              		.loc 1 839 3 view .LVU250
 800 004e 0020     		movs	r0, #0
 801 0050 5871     		strb	r0, [r3, #5]
 839:Drivers/STM32F3xx_HAL_Driver/Src/stm32f3xx_hal_dac_ex.c ****   
 802              		.loc 1 839 3 view .LVU251
 842:Drivers/STM32F3xx_HAL_Driver/Src/stm32f3xx_hal_dac_ex.c **** }
 803              		.loc 1 842 3 view .LVU252
 843:Drivers/STM32F3xx_HAL_Driver/Src/stm32f3xx_hal_dac_ex.c **** 
 804              		.loc 1 843 1 is_stmt 0 view .LVU253
 805 0052 10BD     		pop	{r4, pc}
ARM GAS  C:\Users\nakas\AppData\Local\Temp\ccXxe4Dd.s 			page 38


 806              	.LVL73:
 807              	.L54:
 810:Drivers/STM32F3xx_HAL_Driver/Src/stm32f3xx_hal_dac_ex.c ****   {
 808              		.loc 1 810 32 discriminator 1 view .LVU254
 809 0054 002A     		cmp	r2, #0
 810 0056 E2D1     		bne	.L47
 813:Drivers/STM32F3xx_HAL_Driver/Src/stm32f3xx_hal_dac_ex.c ****     tmpreg2 = (sConfig->DAC_Trigger | sConfig->DAC_OutputBuffer);    
 811              		.loc 1 813 5 is_stmt 1 view .LVU255
 813:Drivers/STM32F3xx_HAL_Driver/Src/stm32f3xx_hal_dac_ex.c ****     tmpreg2 = (sConfig->DAC_Trigger | sConfig->DAC_OutputBuffer);    
 812              		.loc 1 813 104 is_stmt 0 view .LVU256
 813 0058 40F6FE70 		movw	r0, #4094
 814 005c 9040     		lsls	r0, r0, r2
 813:Drivers/STM32F3xx_HAL_Driver/Src/stm32f3xx_hal_dac_ex.c ****     tmpreg2 = (sConfig->DAC_Trigger | sConfig->DAC_OutputBuffer);    
 815              		.loc 1 813 13 view .LVU257
 816 005e 21EA000E 		bic	lr, r1, r0
 817              	.LVL74:
 814:Drivers/STM32F3xx_HAL_Driver/Src/stm32f3xx_hal_dac_ex.c ****   }
 818              		.loc 1 814 5 is_stmt 1 view .LVU258
 814:Drivers/STM32F3xx_HAL_Driver/Src/stm32f3xx_hal_dac_ex.c ****   }
 819              		.loc 1 814 23 is_stmt 0 view .LVU259
 820 0062 DCF80000 		ldr	r0, [ip]
 814:Drivers/STM32F3xx_HAL_Driver/Src/stm32f3xx_hal_dac_ex.c ****   }
 821              		.loc 1 814 46 view .LVU260
 822 0066 DCF80410 		ldr	r1, [ip, #4]
 814:Drivers/STM32F3xx_HAL_Driver/Src/stm32f3xx_hal_dac_ex.c ****   }
 823              		.loc 1 814 13 view .LVU261
 824 006a 0143     		orrs	r1, r1, r0
 825              	.LVL75:
 814:Drivers/STM32F3xx_HAL_Driver/Src/stm32f3xx_hal_dac_ex.c ****   }
 826              		.loc 1 814 13 view .LVU262
 827 006c E1E7     		b	.L48
 828              	.LVL76:
 829              	.L49:
 830              	.LCFI11:
 831              		.cfi_def_cfa_offset 0
 832              		.cfi_restore 4
 833              		.cfi_restore 14
 795:Drivers/STM32F3xx_HAL_Driver/Src/stm32f3xx_hal_dac_ex.c ****   
 834              		.loc 1 795 3 discriminator 1 view .LVU263
 835 006e 0220     		movs	r0, #2
 836              	.LVL77:
 843:Drivers/STM32F3xx_HAL_Driver/Src/stm32f3xx_hal_dac_ex.c **** 
 837              		.loc 1 843 1 view .LVU264
 838 0070 7047     		bx	lr
 839              	.L56:
 840 0072 00BF     		.align	2
 841              	.L55:
 842 0074 00740040 		.word	1073771520
 843              		.cfi_endproc
 844              	.LFE130:
 846              		.section	.text.HAL_DACEx_TriangleWaveGenerate,"ax",%progbits
 847              		.align	1
 848              		.global	HAL_DACEx_TriangleWaveGenerate
 849              		.syntax unified
 850              		.thumb
 851              		.thumb_func
 853              	HAL_DACEx_TriangleWaveGenerate:
ARM GAS  C:\Users\nakas\AppData\Local\Temp\ccXxe4Dd.s 			page 39


 854              	.LVL78:
 855              	.LFB131:
 871:Drivers/STM32F3xx_HAL_Driver/Src/stm32f3xx_hal_dac_ex.c ****   /* Check the parameters */
 856              		.loc 1 871 1 is_stmt 1 view -0
 857              		.cfi_startproc
 858              		@ args = 0, pretend = 0, frame = 0
 859              		@ frame_needed = 0, uses_anonymous_args = 0
 871:Drivers/STM32F3xx_HAL_Driver/Src/stm32f3xx_hal_dac_ex.c ****   /* Check the parameters */
 860              		.loc 1 871 1 is_stmt 0 view .LVU266
 861 0000 0346     		mov	r3, r0
 873:Drivers/STM32F3xx_HAL_Driver/Src/stm32f3xx_hal_dac_ex.c ****   assert_param(IS_DAC_LFSR_UNMASK_TRIANGLE_AMPLITUDE(Amplitude));
 862              		.loc 1 873 3 is_stmt 1 view .LVU267
 874:Drivers/STM32F3xx_HAL_Driver/Src/stm32f3xx_hal_dac_ex.c **** 
 863              		.loc 1 874 3 view .LVU268
 877:Drivers/STM32F3xx_HAL_Driver/Src/stm32f3xx_hal_dac_ex.c **** 
 864              		.loc 1 877 3 view .LVU269
 877:Drivers/STM32F3xx_HAL_Driver/Src/stm32f3xx_hal_dac_ex.c **** 
 865              		.loc 1 877 3 view .LVU270
 866 0002 4079     		ldrb	r0, [r0, #5]	@ zero_extendqisi2
 867              	.LVL79:
 877:Drivers/STM32F3xx_HAL_Driver/Src/stm32f3xx_hal_dac_ex.c **** 
 868              		.loc 1 877 3 is_stmt 0 view .LVU271
 869 0004 0128     		cmp	r0, #1
 870 0006 18D0     		beq	.L59
 871:Drivers/STM32F3xx_HAL_Driver/Src/stm32f3xx_hal_dac_ex.c ****   /* Check the parameters */
 871              		.loc 1 871 1 view .LVU272
 872 0008 10B5     		push	{r4, lr}
 873              	.LCFI12:
 874              		.cfi_def_cfa_offset 8
 875              		.cfi_offset 4, -8
 876              		.cfi_offset 14, -4
 877:Drivers/STM32F3xx_HAL_Driver/Src/stm32f3xx_hal_dac_ex.c **** 
 877              		.loc 1 877 3 is_stmt 1 discriminator 2 view .LVU273
 878 000a 4FF0010E 		mov	lr, #1
 879 000e 83F805E0 		strb	lr, [r3, #5]
 877:Drivers/STM32F3xx_HAL_Driver/Src/stm32f3xx_hal_dac_ex.c **** 
 880              		.loc 1 877 3 view .LVU274
 880:Drivers/STM32F3xx_HAL_Driver/Src/stm32f3xx_hal_dac_ex.c **** 
 881              		.loc 1 880 3 view .LVU275
 880:Drivers/STM32F3xx_HAL_Driver/Src/stm32f3xx_hal_dac_ex.c **** 
 882              		.loc 1 880 15 is_stmt 0 view .LVU276
 883 0012 0220     		movs	r0, #2
 884 0014 1871     		strb	r0, [r3, #4]
 883:Drivers/STM32F3xx_HAL_Driver/Src/stm32f3xx_hal_dac_ex.c **** 
 885              		.loc 1 883 3 is_stmt 1 view .LVU277
 886 0016 1C68     		ldr	r4, [r3]
 887 0018 2068     		ldr	r0, [r4]
 888 001a 4FF47C6C 		mov	ip, #4032
 889 001e 0CFA01FC 		lsl	ip, ip, r1
 890 0022 20EA0C00 		bic	r0, r0, ip
 891 0026 42F08002 		orr	r2, r2, #128
 892              	.LVL80:
 883:Drivers/STM32F3xx_HAL_Driver/Src/stm32f3xx_hal_dac_ex.c **** 
 893              		.loc 1 883 3 is_stmt 0 view .LVU278
 894 002a 8A40     		lsls	r2, r2, r1
 895 002c 0243     		orrs	r2, r2, r0
 896 002e 2260     		str	r2, [r4]
ARM GAS  C:\Users\nakas\AppData\Local\Temp\ccXxe4Dd.s 			page 40


 886:Drivers/STM32F3xx_HAL_Driver/Src/stm32f3xx_hal_dac_ex.c **** 
 897              		.loc 1 886 3 is_stmt 1 view .LVU279
 886:Drivers/STM32F3xx_HAL_Driver/Src/stm32f3xx_hal_dac_ex.c **** 
 898              		.loc 1 886 15 is_stmt 0 view .LVU280
 899 0030 83F804E0 		strb	lr, [r3, #4]
 889:Drivers/STM32F3xx_HAL_Driver/Src/stm32f3xx_hal_dac_ex.c **** 
 900              		.loc 1 889 3 is_stmt 1 view .LVU281
 889:Drivers/STM32F3xx_HAL_Driver/Src/stm32f3xx_hal_dac_ex.c **** 
 901              		.loc 1 889 3 view .LVU282
 902 0034 0020     		movs	r0, #0
 903 0036 5871     		strb	r0, [r3, #5]
 889:Drivers/STM32F3xx_HAL_Driver/Src/stm32f3xx_hal_dac_ex.c **** 
 904              		.loc 1 889 3 view .LVU283
 892:Drivers/STM32F3xx_HAL_Driver/Src/stm32f3xx_hal_dac_ex.c **** }
 905              		.loc 1 892 3 view .LVU284
 893:Drivers/STM32F3xx_HAL_Driver/Src/stm32f3xx_hal_dac_ex.c **** 
 906              		.loc 1 893 1 is_stmt 0 view .LVU285
 907 0038 10BD     		pop	{r4, pc}
 908              	.LVL81:
 909              	.L59:
 910              	.LCFI13:
 911              		.cfi_def_cfa_offset 0
 912              		.cfi_restore 4
 913              		.cfi_restore 14
 877:Drivers/STM32F3xx_HAL_Driver/Src/stm32f3xx_hal_dac_ex.c **** 
 914              		.loc 1 877 3 discriminator 1 view .LVU286
 915 003a 0220     		movs	r0, #2
 893:Drivers/STM32F3xx_HAL_Driver/Src/stm32f3xx_hal_dac_ex.c **** 
 916              		.loc 1 893 1 view .LVU287
 917 003c 7047     		bx	lr
 918              		.cfi_endproc
 919              	.LFE131:
 921              		.section	.text.HAL_DACEx_NoiseWaveGenerate,"ax",%progbits
 922              		.align	1
 923              		.global	HAL_DACEx_NoiseWaveGenerate
 924              		.syntax unified
 925              		.thumb
 926              		.thumb_func
 928              	HAL_DACEx_NoiseWaveGenerate:
 929              	.LVL82:
 930              	.LFB132:
 920:Drivers/STM32F3xx_HAL_Driver/Src/stm32f3xx_hal_dac_ex.c ****   /* Check the parameters */
 931              		.loc 1 920 1 is_stmt 1 view -0
 932              		.cfi_startproc
 933              		@ args = 0, pretend = 0, frame = 0
 934              		@ frame_needed = 0, uses_anonymous_args = 0
 920:Drivers/STM32F3xx_HAL_Driver/Src/stm32f3xx_hal_dac_ex.c ****   /* Check the parameters */
 935              		.loc 1 920 1 is_stmt 0 view .LVU289
 936 0000 0346     		mov	r3, r0
 922:Drivers/STM32F3xx_HAL_Driver/Src/stm32f3xx_hal_dac_ex.c ****   assert_param(IS_DAC_LFSR_UNMASK_TRIANGLE_AMPLITUDE(Amplitude));
 937              		.loc 1 922 3 is_stmt 1 view .LVU290
 923:Drivers/STM32F3xx_HAL_Driver/Src/stm32f3xx_hal_dac_ex.c **** 
 938              		.loc 1 923 3 view .LVU291
 926:Drivers/STM32F3xx_HAL_Driver/Src/stm32f3xx_hal_dac_ex.c **** 
 939              		.loc 1 926 3 view .LVU292
 926:Drivers/STM32F3xx_HAL_Driver/Src/stm32f3xx_hal_dac_ex.c **** 
 940              		.loc 1 926 3 view .LVU293
ARM GAS  C:\Users\nakas\AppData\Local\Temp\ccXxe4Dd.s 			page 41


 941 0002 4079     		ldrb	r0, [r0, #5]	@ zero_extendqisi2
 942              	.LVL83:
 926:Drivers/STM32F3xx_HAL_Driver/Src/stm32f3xx_hal_dac_ex.c **** 
 943              		.loc 1 926 3 is_stmt 0 view .LVU294
 944 0004 0128     		cmp	r0, #1
 945 0006 18D0     		beq	.L66
 920:Drivers/STM32F3xx_HAL_Driver/Src/stm32f3xx_hal_dac_ex.c ****   /* Check the parameters */
 946              		.loc 1 920 1 view .LVU295
 947 0008 10B5     		push	{r4, lr}
 948              	.LCFI14:
 949              		.cfi_def_cfa_offset 8
 950              		.cfi_offset 4, -8
 951              		.cfi_offset 14, -4
 926:Drivers/STM32F3xx_HAL_Driver/Src/stm32f3xx_hal_dac_ex.c **** 
 952              		.loc 1 926 3 is_stmt 1 discriminator 2 view .LVU296
 953 000a 4FF0010E 		mov	lr, #1
 954 000e 83F805E0 		strb	lr, [r3, #5]
 926:Drivers/STM32F3xx_HAL_Driver/Src/stm32f3xx_hal_dac_ex.c **** 
 955              		.loc 1 926 3 view .LVU297
 929:Drivers/STM32F3xx_HAL_Driver/Src/stm32f3xx_hal_dac_ex.c **** 
 956              		.loc 1 929 3 view .LVU298
 929:Drivers/STM32F3xx_HAL_Driver/Src/stm32f3xx_hal_dac_ex.c **** 
 957              		.loc 1 929 15 is_stmt 0 view .LVU299
 958 0012 0220     		movs	r0, #2
 959 0014 1871     		strb	r0, [r3, #4]
 932:Drivers/STM32F3xx_HAL_Driver/Src/stm32f3xx_hal_dac_ex.c ****   
 960              		.loc 1 932 3 is_stmt 1 view .LVU300
 961 0016 1C68     		ldr	r4, [r3]
 962 0018 2068     		ldr	r0, [r4]
 963 001a 4FF47C6C 		mov	ip, #4032
 964 001e 0CFA01FC 		lsl	ip, ip, r1
 965 0022 20EA0C00 		bic	r0, r0, ip
 966 0026 42F04002 		orr	r2, r2, #64
 967              	.LVL84:
 932:Drivers/STM32F3xx_HAL_Driver/Src/stm32f3xx_hal_dac_ex.c ****   
 968              		.loc 1 932 3 is_stmt 0 view .LVU301
 969 002a 8A40     		lsls	r2, r2, r1
 970 002c 0243     		orrs	r2, r2, r0
 971 002e 2260     		str	r2, [r4]
 935:Drivers/STM32F3xx_HAL_Driver/Src/stm32f3xx_hal_dac_ex.c **** 
 972              		.loc 1 935 3 is_stmt 1 view .LVU302
 935:Drivers/STM32F3xx_HAL_Driver/Src/stm32f3xx_hal_dac_ex.c **** 
 973              		.loc 1 935 15 is_stmt 0 view .LVU303
 974 0030 83F804E0 		strb	lr, [r3, #4]
 938:Drivers/STM32F3xx_HAL_Driver/Src/stm32f3xx_hal_dac_ex.c **** 
 975              		.loc 1 938 3 is_stmt 1 view .LVU304
 938:Drivers/STM32F3xx_HAL_Driver/Src/stm32f3xx_hal_dac_ex.c **** 
 976              		.loc 1 938 3 view .LVU305
 977 0034 0020     		movs	r0, #0
 978 0036 5871     		strb	r0, [r3, #5]
 938:Drivers/STM32F3xx_HAL_Driver/Src/stm32f3xx_hal_dac_ex.c **** 
 979              		.loc 1 938 3 view .LVU306
 941:Drivers/STM32F3xx_HAL_Driver/Src/stm32f3xx_hal_dac_ex.c **** }
 980              		.loc 1 941 3 view .LVU307
 942:Drivers/STM32F3xx_HAL_Driver/Src/stm32f3xx_hal_dac_ex.c **** 
 981              		.loc 1 942 1 is_stmt 0 view .LVU308
 982 0038 10BD     		pop	{r4, pc}
ARM GAS  C:\Users\nakas\AppData\Local\Temp\ccXxe4Dd.s 			page 42


 983              	.LVL85:
 984              	.L66:
 985              	.LCFI15:
 986              		.cfi_def_cfa_offset 0
 987              		.cfi_restore 4
 988              		.cfi_restore 14
 926:Drivers/STM32F3xx_HAL_Driver/Src/stm32f3xx_hal_dac_ex.c **** 
 989              		.loc 1 926 3 discriminator 1 view .LVU309
 990 003a 0220     		movs	r0, #2
 942:Drivers/STM32F3xx_HAL_Driver/Src/stm32f3xx_hal_dac_ex.c **** 
 991              		.loc 1 942 1 view .LVU310
 992 003c 7047     		bx	lr
 993              		.cfi_endproc
 994              	.LFE132:
 996              		.section	.text.HAL_DACEx_ConvCpltCallbackCh2,"ax",%progbits
 997              		.align	1
 998              		.weak	HAL_DACEx_ConvCpltCallbackCh2
 999              		.syntax unified
 1000              		.thumb
 1001              		.thumb_func
 1003              	HAL_DACEx_ConvCpltCallbackCh2:
 1004              	.LVL86:
 1005              	.LFB133:
 956:Drivers/STM32F3xx_HAL_Driver/Src/stm32f3xx_hal_dac_ex.c ****   /* Prevent unused argument(s) compilation warning */
 1006              		.loc 1 956 1 is_stmt 1 view -0
 1007              		.cfi_startproc
 1008              		@ args = 0, pretend = 0, frame = 0
 1009              		@ frame_needed = 0, uses_anonymous_args = 0
 1010              		@ link register save eliminated.
 958:Drivers/STM32F3xx_HAL_Driver/Src/stm32f3xx_hal_dac_ex.c **** 
 1011              		.loc 1 958 3 view .LVU312
 963:Drivers/STM32F3xx_HAL_Driver/Src/stm32f3xx_hal_dac_ex.c **** 
 1012              		.loc 1 963 1 is_stmt 0 view .LVU313
 1013 0000 7047     		bx	lr
 1014              		.cfi_endproc
 1015              	.LFE133:
 1017              		.section	.text.DAC_DMAConvCpltCh2,"ax",%progbits
 1018              		.align	1
 1019              		.syntax unified
 1020              		.thumb
 1021              		.thumb_func
 1023              	DAC_DMAConvCpltCh2:
 1024              	.LVL87:
 1025              	.LFB140:
1083:Drivers/STM32F3xx_HAL_Driver/Src/stm32f3xx_hal_dac_ex.c **** 
1084:Drivers/STM32F3xx_HAL_Driver/Src/stm32f3xx_hal_dac_ex.c **** #if  defined(STM32F303xE) || defined(STM32F398xx)                         || \
1085:Drivers/STM32F3xx_HAL_Driver/Src/stm32f3xx_hal_dac_ex.c ****      defined(STM32F303xC) || defined(STM32F358xx)                         || \
1086:Drivers/STM32F3xx_HAL_Driver/Src/stm32f3xx_hal_dac_ex.c ****      defined(STM32F303x8) || defined(STM32F334x8) || defined(STM32F328xx) || \
1087:Drivers/STM32F3xx_HAL_Driver/Src/stm32f3xx_hal_dac_ex.c ****      defined(STM32F373xC) || defined(STM32F378xx)
1088:Drivers/STM32F3xx_HAL_Driver/Src/stm32f3xx_hal_dac_ex.c **** /* DAC channel 2 is available on top of DAC channel 1U */
1089:Drivers/STM32F3xx_HAL_Driver/Src/stm32f3xx_hal_dac_ex.c **** /**
1090:Drivers/STM32F3xx_HAL_Driver/Src/stm32f3xx_hal_dac_ex.c ****   * @brief  DMA conversion complete callback. 
1091:Drivers/STM32F3xx_HAL_Driver/Src/stm32f3xx_hal_dac_ex.c ****   * @param  hdma pointer to DMA handle.
1092:Drivers/STM32F3xx_HAL_Driver/Src/stm32f3xx_hal_dac_ex.c ****   * @retval None
1093:Drivers/STM32F3xx_HAL_Driver/Src/stm32f3xx_hal_dac_ex.c ****   */
1094:Drivers/STM32F3xx_HAL_Driver/Src/stm32f3xx_hal_dac_ex.c **** static void DAC_DMAConvCpltCh2(DMA_HandleTypeDef *hdma)   
1095:Drivers/STM32F3xx_HAL_Driver/Src/stm32f3xx_hal_dac_ex.c **** {
ARM GAS  C:\Users\nakas\AppData\Local\Temp\ccXxe4Dd.s 			page 43


 1026              		.loc 1 1095 1 is_stmt 1 view -0
 1027              		.cfi_startproc
 1028              		@ args = 0, pretend = 0, frame = 0
 1029              		@ frame_needed = 0, uses_anonymous_args = 0
 1030              		.loc 1 1095 1 is_stmt 0 view .LVU315
 1031 0000 10B5     		push	{r4, lr}
 1032              	.LCFI16:
 1033              		.cfi_def_cfa_offset 8
 1034              		.cfi_offset 4, -8
 1035              		.cfi_offset 14, -4
1096:Drivers/STM32F3xx_HAL_Driver/Src/stm32f3xx_hal_dac_ex.c ****   DAC_HandleTypeDef* hdac = ( DAC_HandleTypeDef* )((DMA_HandleTypeDef* )hdma)->Parent;
 1036              		.loc 1 1096 3 is_stmt 1 view .LVU316
 1037              		.loc 1 1096 22 is_stmt 0 view .LVU317
 1038 0002 446A     		ldr	r4, [r0, #36]
 1039              	.LVL88:
1097:Drivers/STM32F3xx_HAL_Driver/Src/stm32f3xx_hal_dac_ex.c ****   
1098:Drivers/STM32F3xx_HAL_Driver/Src/stm32f3xx_hal_dac_ex.c **** #if (USE_HAL_DAC_REGISTER_CALLBACKS == 1)  
1099:Drivers/STM32F3xx_HAL_Driver/Src/stm32f3xx_hal_dac_ex.c ****   hdac->ConvCpltCallbackCh2(hdac);
1100:Drivers/STM32F3xx_HAL_Driver/Src/stm32f3xx_hal_dac_ex.c **** #else
1101:Drivers/STM32F3xx_HAL_Driver/Src/stm32f3xx_hal_dac_ex.c ****   HAL_DACEx_ConvCpltCallbackCh2(hdac); 
 1040              		.loc 1 1101 3 is_stmt 1 view .LVU318
 1041 0004 2046     		mov	r0, r4
 1042              	.LVL89:
 1043              		.loc 1 1101 3 is_stmt 0 view .LVU319
 1044 0006 FFF7FEFF 		bl	HAL_DACEx_ConvCpltCallbackCh2
 1045              	.LVL90:
1102:Drivers/STM32F3xx_HAL_Driver/Src/stm32f3xx_hal_dac_ex.c **** #endif
1103:Drivers/STM32F3xx_HAL_Driver/Src/stm32f3xx_hal_dac_ex.c ****   
1104:Drivers/STM32F3xx_HAL_Driver/Src/stm32f3xx_hal_dac_ex.c ****   hdac->State= HAL_DAC_STATE_READY;
 1046              		.loc 1 1104 3 is_stmt 1 view .LVU320
 1047              		.loc 1 1104 14 is_stmt 0 view .LVU321
 1048 000a 0123     		movs	r3, #1
 1049 000c 2371     		strb	r3, [r4, #4]
1105:Drivers/STM32F3xx_HAL_Driver/Src/stm32f3xx_hal_dac_ex.c **** }
 1050              		.loc 1 1105 1 view .LVU322
 1051 000e 10BD     		pop	{r4, pc}
 1052              		.loc 1 1105 1 view .LVU323
 1053              		.cfi_endproc
 1054              	.LFE140:
 1056              		.section	.text.HAL_DACEx_ConvHalfCpltCallbackCh2,"ax",%progbits
 1057              		.align	1
 1058              		.weak	HAL_DACEx_ConvHalfCpltCallbackCh2
 1059              		.syntax unified
 1060              		.thumb
 1061              		.thumb_func
 1063              	HAL_DACEx_ConvHalfCpltCallbackCh2:
 1064              	.LVL91:
 1065              	.LFB134:
 972:Drivers/STM32F3xx_HAL_Driver/Src/stm32f3xx_hal_dac_ex.c ****   /* Prevent unused argument(s) compilation warning */
 1066              		.loc 1 972 1 is_stmt 1 view -0
 1067              		.cfi_startproc
 1068              		@ args = 0, pretend = 0, frame = 0
 1069              		@ frame_needed = 0, uses_anonymous_args = 0
 1070              		@ link register save eliminated.
 974:Drivers/STM32F3xx_HAL_Driver/Src/stm32f3xx_hal_dac_ex.c **** 
 1071              		.loc 1 974 3 view .LVU325
 979:Drivers/STM32F3xx_HAL_Driver/Src/stm32f3xx_hal_dac_ex.c **** 
ARM GAS  C:\Users\nakas\AppData\Local\Temp\ccXxe4Dd.s 			page 44


 1072              		.loc 1 979 1 is_stmt 0 view .LVU326
 1073 0000 7047     		bx	lr
 1074              		.cfi_endproc
 1075              	.LFE134:
 1077              		.section	.text.DAC_DMAHalfConvCpltCh2,"ax",%progbits
 1078              		.align	1
 1079              		.syntax unified
 1080              		.thumb
 1081              		.thumb_func
 1083              	DAC_DMAHalfConvCpltCh2:
 1084              	.LVL92:
 1085              	.LFB141:
1106:Drivers/STM32F3xx_HAL_Driver/Src/stm32f3xx_hal_dac_ex.c **** 
1107:Drivers/STM32F3xx_HAL_Driver/Src/stm32f3xx_hal_dac_ex.c **** /**
1108:Drivers/STM32F3xx_HAL_Driver/Src/stm32f3xx_hal_dac_ex.c ****   * @brief  DMA half transfer complete callback. 
1109:Drivers/STM32F3xx_HAL_Driver/Src/stm32f3xx_hal_dac_ex.c ****   * @param  hdma pointer to DMA handle.
1110:Drivers/STM32F3xx_HAL_Driver/Src/stm32f3xx_hal_dac_ex.c ****   * @retval None
1111:Drivers/STM32F3xx_HAL_Driver/Src/stm32f3xx_hal_dac_ex.c ****   */
1112:Drivers/STM32F3xx_HAL_Driver/Src/stm32f3xx_hal_dac_ex.c **** static void DAC_DMAHalfConvCpltCh2(DMA_HandleTypeDef *hdma)   
1113:Drivers/STM32F3xx_HAL_Driver/Src/stm32f3xx_hal_dac_ex.c **** {
 1086              		.loc 1 1113 1 is_stmt 1 view -0
 1087              		.cfi_startproc
 1088              		@ args = 0, pretend = 0, frame = 0
 1089              		@ frame_needed = 0, uses_anonymous_args = 0
 1090              		.loc 1 1113 1 is_stmt 0 view .LVU328
 1091 0000 08B5     		push	{r3, lr}
 1092              	.LCFI17:
 1093              		.cfi_def_cfa_offset 8
 1094              		.cfi_offset 3, -8
 1095              		.cfi_offset 14, -4
1114:Drivers/STM32F3xx_HAL_Driver/Src/stm32f3xx_hal_dac_ex.c ****     DAC_HandleTypeDef* hdac = ( DAC_HandleTypeDef* )((DMA_HandleTypeDef* )hdma)->Parent;
 1096              		.loc 1 1114 5 is_stmt 1 view .LVU329
 1097              	.LVL93:
1115:Drivers/STM32F3xx_HAL_Driver/Src/stm32f3xx_hal_dac_ex.c **** 
1116:Drivers/STM32F3xx_HAL_Driver/Src/stm32f3xx_hal_dac_ex.c ****     /* Conversion complete callback */
1117:Drivers/STM32F3xx_HAL_Driver/Src/stm32f3xx_hal_dac_ex.c **** #if (USE_HAL_DAC_REGISTER_CALLBACKS == 1)  
1118:Drivers/STM32F3xx_HAL_Driver/Src/stm32f3xx_hal_dac_ex.c ****   hdac->ConvHalfCpltCallbackCh2(hdac);
1119:Drivers/STM32F3xx_HAL_Driver/Src/stm32f3xx_hal_dac_ex.c **** #else
1120:Drivers/STM32F3xx_HAL_Driver/Src/stm32f3xx_hal_dac_ex.c ****     HAL_DACEx_ConvHalfCpltCallbackCh2(hdac); 
 1098              		.loc 1 1120 5 view .LVU330
 1099 0002 406A     		ldr	r0, [r0, #36]
 1100              	.LVL94:
 1101              		.loc 1 1120 5 is_stmt 0 view .LVU331
 1102 0004 FFF7FEFF 		bl	HAL_DACEx_ConvHalfCpltCallbackCh2
 1103              	.LVL95:
1121:Drivers/STM32F3xx_HAL_Driver/Src/stm32f3xx_hal_dac_ex.c **** #endif
1122:Drivers/STM32F3xx_HAL_Driver/Src/stm32f3xx_hal_dac_ex.c **** }
 1104              		.loc 1 1122 1 view .LVU332
 1105 0008 08BD     		pop	{r3, pc}
 1106              		.cfi_endproc
 1107              	.LFE141:
 1109              		.section	.text.HAL_DACEx_ErrorCallbackCh2,"ax",%progbits
 1110              		.align	1
 1111              		.weak	HAL_DACEx_ErrorCallbackCh2
 1112              		.syntax unified
 1113              		.thumb
 1114              		.thumb_func
ARM GAS  C:\Users\nakas\AppData\Local\Temp\ccXxe4Dd.s 			page 45


 1116              	HAL_DACEx_ErrorCallbackCh2:
 1117              	.LVL96:
 1118              	.LFB135:
 988:Drivers/STM32F3xx_HAL_Driver/Src/stm32f3xx_hal_dac_ex.c ****   /* Prevent unused argument(s) compilation warning */
 1119              		.loc 1 988 1 is_stmt 1 view -0
 1120              		.cfi_startproc
 1121              		@ args = 0, pretend = 0, frame = 0
 1122              		@ frame_needed = 0, uses_anonymous_args = 0
 1123              		@ link register save eliminated.
 990:Drivers/STM32F3xx_HAL_Driver/Src/stm32f3xx_hal_dac_ex.c **** 
 1124              		.loc 1 990 3 view .LVU334
 995:Drivers/STM32F3xx_HAL_Driver/Src/stm32f3xx_hal_dac_ex.c **** 
 1125              		.loc 1 995 1 is_stmt 0 view .LVU335
 1126 0000 7047     		bx	lr
 1127              		.cfi_endproc
 1128              	.LFE135:
 1130              		.section	.text.DAC_DMAErrorCh2,"ax",%progbits
 1131              		.align	1
 1132              		.syntax unified
 1133              		.thumb
 1134              		.thumb_func
 1136              	DAC_DMAErrorCh2:
 1137              	.LVL97:
 1138              	.LFB142:
1123:Drivers/STM32F3xx_HAL_Driver/Src/stm32f3xx_hal_dac_ex.c **** 
1124:Drivers/STM32F3xx_HAL_Driver/Src/stm32f3xx_hal_dac_ex.c **** /**
1125:Drivers/STM32F3xx_HAL_Driver/Src/stm32f3xx_hal_dac_ex.c ****   * @brief  DMA error callback 
1126:Drivers/STM32F3xx_HAL_Driver/Src/stm32f3xx_hal_dac_ex.c ****   * @param  hdma pointer to DMA handle.
1127:Drivers/STM32F3xx_HAL_Driver/Src/stm32f3xx_hal_dac_ex.c ****   * @retval None
1128:Drivers/STM32F3xx_HAL_Driver/Src/stm32f3xx_hal_dac_ex.c ****   */
1129:Drivers/STM32F3xx_HAL_Driver/Src/stm32f3xx_hal_dac_ex.c **** static void DAC_DMAErrorCh2(DMA_HandleTypeDef *hdma)   
1130:Drivers/STM32F3xx_HAL_Driver/Src/stm32f3xx_hal_dac_ex.c **** {
 1139              		.loc 1 1130 1 is_stmt 1 view -0
 1140              		.cfi_startproc
 1141              		@ args = 0, pretend = 0, frame = 0
 1142              		@ frame_needed = 0, uses_anonymous_args = 0
 1143              		.loc 1 1130 1 is_stmt 0 view .LVU337
 1144 0000 10B5     		push	{r4, lr}
 1145              	.LCFI18:
 1146              		.cfi_def_cfa_offset 8
 1147              		.cfi_offset 4, -8
 1148              		.cfi_offset 14, -4
1131:Drivers/STM32F3xx_HAL_Driver/Src/stm32f3xx_hal_dac_ex.c ****   DAC_HandleTypeDef* hdac = ( DAC_HandleTypeDef* )((DMA_HandleTypeDef* )hdma)->Parent;
 1149              		.loc 1 1131 3 is_stmt 1 view .LVU338
 1150              		.loc 1 1131 22 is_stmt 0 view .LVU339
 1151 0002 446A     		ldr	r4, [r0, #36]
 1152              	.LVL98:
1132:Drivers/STM32F3xx_HAL_Driver/Src/stm32f3xx_hal_dac_ex.c ****     
1133:Drivers/STM32F3xx_HAL_Driver/Src/stm32f3xx_hal_dac_ex.c ****   /* Set DAC error code to DMA error */
1134:Drivers/STM32F3xx_HAL_Driver/Src/stm32f3xx_hal_dac_ex.c ****   hdac->ErrorCode |= HAL_DAC_ERROR_DMA;
 1153              		.loc 1 1134 3 is_stmt 1 view .LVU340
 1154              		.loc 1 1134 7 is_stmt 0 view .LVU341
 1155 0004 2369     		ldr	r3, [r4, #16]
 1156              		.loc 1 1134 19 view .LVU342
 1157 0006 43F00403 		orr	r3, r3, #4
 1158 000a 2361     		str	r3, [r4, #16]
1135:Drivers/STM32F3xx_HAL_Driver/Src/stm32f3xx_hal_dac_ex.c ****     
ARM GAS  C:\Users\nakas\AppData\Local\Temp\ccXxe4Dd.s 			page 46


1136:Drivers/STM32F3xx_HAL_Driver/Src/stm32f3xx_hal_dac_ex.c **** #if (USE_HAL_DAC_REGISTER_CALLBACKS == 1)
1137:Drivers/STM32F3xx_HAL_Driver/Src/stm32f3xx_hal_dac_ex.c ****   hdac->ErrorCallbackCh2(hdac);
1138:Drivers/STM32F3xx_HAL_Driver/Src/stm32f3xx_hal_dac_ex.c **** #else 
1139:Drivers/STM32F3xx_HAL_Driver/Src/stm32f3xx_hal_dac_ex.c ****   HAL_DACEx_ErrorCallbackCh2(hdac); 
 1159              		.loc 1 1139 3 is_stmt 1 view .LVU343
 1160 000c 2046     		mov	r0, r4
 1161              	.LVL99:
 1162              		.loc 1 1139 3 is_stmt 0 view .LVU344
 1163 000e FFF7FEFF 		bl	HAL_DACEx_ErrorCallbackCh2
 1164              	.LVL100:
1140:Drivers/STM32F3xx_HAL_Driver/Src/stm32f3xx_hal_dac_ex.c **** #endif
1141:Drivers/STM32F3xx_HAL_Driver/Src/stm32f3xx_hal_dac_ex.c ****     
1142:Drivers/STM32F3xx_HAL_Driver/Src/stm32f3xx_hal_dac_ex.c ****   hdac->State= HAL_DAC_STATE_READY;
 1165              		.loc 1 1142 3 is_stmt 1 view .LVU345
 1166              		.loc 1 1142 14 is_stmt 0 view .LVU346
 1167 0012 0123     		movs	r3, #1
 1168 0014 2371     		strb	r3, [r4, #4]
1143:Drivers/STM32F3xx_HAL_Driver/Src/stm32f3xx_hal_dac_ex.c **** }
 1169              		.loc 1 1143 1 view .LVU347
 1170 0016 10BD     		pop	{r4, pc}
 1171              		.loc 1 1143 1 view .LVU348
 1172              		.cfi_endproc
 1173              	.LFE142:
 1175              		.section	.text.HAL_DACEx_DMAUnderrunCallbackCh2,"ax",%progbits
 1176              		.align	1
 1177              		.weak	HAL_DACEx_DMAUnderrunCallbackCh2
 1178              		.syntax unified
 1179              		.thumb
 1180              		.thumb_func
 1182              	HAL_DACEx_DMAUnderrunCallbackCh2:
 1183              	.LVL101:
 1184              	.LFB136:
1004:Drivers/STM32F3xx_HAL_Driver/Src/stm32f3xx_hal_dac_ex.c ****   /* Prevent unused argument(s) compilation warning */
 1185              		.loc 1 1004 1 is_stmt 1 view -0
 1186              		.cfi_startproc
 1187              		@ args = 0, pretend = 0, frame = 0
 1188              		@ frame_needed = 0, uses_anonymous_args = 0
 1189              		@ link register save eliminated.
1006:Drivers/STM32F3xx_HAL_Driver/Src/stm32f3xx_hal_dac_ex.c **** 
 1190              		.loc 1 1006 3 view .LVU350
1011:Drivers/STM32F3xx_HAL_Driver/Src/stm32f3xx_hal_dac_ex.c **** #endif /* STM32F303xE || STM32F398xx                || */
 1191              		.loc 1 1011 1 is_stmt 0 view .LVU351
 1192 0000 7047     		bx	lr
 1193              		.cfi_endproc
 1194              	.LFE136:
 1196              		.section	.text.HAL_DAC_IRQHandler,"ax",%progbits
 1197              		.align	1
 1198              		.global	HAL_DAC_IRQHandler
 1199              		.syntax unified
 1200              		.thumb
 1201              		.thumb_func
 1203              	HAL_DAC_IRQHandler:
 1204              	.LVL102:
 1205              	.LFB129:
 660:Drivers/STM32F3xx_HAL_Driver/Src/stm32f3xx_hal_dac_ex.c ****   if(__HAL_DAC_GET_IT_SOURCE(hdac, DAC_IT_DMAUDR1))
 1206              		.loc 1 660 1 is_stmt 1 view -0
 1207              		.cfi_startproc
ARM GAS  C:\Users\nakas\AppData\Local\Temp\ccXxe4Dd.s 			page 47


 1208              		@ args = 0, pretend = 0, frame = 0
 1209              		@ frame_needed = 0, uses_anonymous_args = 0
 660:Drivers/STM32F3xx_HAL_Driver/Src/stm32f3xx_hal_dac_ex.c ****   if(__HAL_DAC_GET_IT_SOURCE(hdac, DAC_IT_DMAUDR1))
 1210              		.loc 1 660 1 is_stmt 0 view .LVU353
 1211 0000 10B5     		push	{r4, lr}
 1212              	.LCFI19:
 1213              		.cfi_def_cfa_offset 8
 1214              		.cfi_offset 4, -8
 1215              		.cfi_offset 14, -4
 1216 0002 0446     		mov	r4, r0
 661:Drivers/STM32F3xx_HAL_Driver/Src/stm32f3xx_hal_dac_ex.c ****   { 
 1217              		.loc 1 661 3 is_stmt 1 view .LVU354
 661:Drivers/STM32F3xx_HAL_Driver/Src/stm32f3xx_hal_dac_ex.c ****   { 
 1218              		.loc 1 661 6 is_stmt 0 view .LVU355
 1219 0004 0368     		ldr	r3, [r0]
 1220 0006 1A68     		ldr	r2, [r3]
 661:Drivers/STM32F3xx_HAL_Driver/Src/stm32f3xx_hal_dac_ex.c ****   { 
 1221              		.loc 1 661 5 view .LVU356
 1222 0008 12F4005F 		tst	r2, #8192
 1223 000c 03D0     		beq	.L82
 664:Drivers/STM32F3xx_HAL_Driver/Src/stm32f3xx_hal_dac_ex.c ****     {
 1224              		.loc 1 664 5 is_stmt 1 view .LVU357
 664:Drivers/STM32F3xx_HAL_Driver/Src/stm32f3xx_hal_dac_ex.c ****     {
 1225              		.loc 1 664 8 is_stmt 0 view .LVU358
 1226 000e 5A6B     		ldr	r2, [r3, #52]
 664:Drivers/STM32F3xx_HAL_Driver/Src/stm32f3xx_hal_dac_ex.c ****     {
 1227              		.loc 1 664 7 view .LVU359
 1228 0010 12F4005F 		tst	r2, #8192
 1229 0014 09D1     		bne	.L85
 1230              	.LVL103:
 1231              	.L82:
 687:Drivers/STM32F3xx_HAL_Driver/Src/stm32f3xx_hal_dac_ex.c ****   {
 1232              		.loc 1 687 3 is_stmt 1 view .LVU360
 687:Drivers/STM32F3xx_HAL_Driver/Src/stm32f3xx_hal_dac_ex.c ****   {
 1233              		.loc 1 687 6 is_stmt 0 view .LVU361
 1234 0016 2368     		ldr	r3, [r4]
 1235 0018 1A68     		ldr	r2, [r3]
 687:Drivers/STM32F3xx_HAL_Driver/Src/stm32f3xx_hal_dac_ex.c ****   {
 1236              		.loc 1 687 5 view .LVU362
 1237 001a 12F0005F 		tst	r2, #536870912
 1238 001e 03D0     		beq	.L81
 690:Drivers/STM32F3xx_HAL_Driver/Src/stm32f3xx_hal_dac_ex.c ****     {
 1239              		.loc 1 690 5 is_stmt 1 view .LVU363
 690:Drivers/STM32F3xx_HAL_Driver/Src/stm32f3xx_hal_dac_ex.c ****     {
 1240              		.loc 1 690 9 is_stmt 0 view .LVU364
 1241 0020 5A6B     		ldr	r2, [r3, #52]
 690:Drivers/STM32F3xx_HAL_Driver/Src/stm32f3xx_hal_dac_ex.c ****     {
 1242              		.loc 1 690 8 view .LVU365
 1243 0022 12F0005F 		tst	r2, #536870912
 1244 0026 11D1     		bne	.L86
 1245              	.L81:
 712:Drivers/STM32F3xx_HAL_Driver/Src/stm32f3xx_hal_dac_ex.c **** #endif /* STM32F303xE || STM32F398xx                || */
 1246              		.loc 1 712 1 view .LVU366
 1247 0028 10BD     		pop	{r4, pc}
 1248              	.LVL104:
 1249              	.L85:
 667:Drivers/STM32F3xx_HAL_Driver/Src/stm32f3xx_hal_dac_ex.c ****     
ARM GAS  C:\Users\nakas\AppData\Local\Temp\ccXxe4Dd.s 			page 48


 1250              		.loc 1 667 7 is_stmt 1 view .LVU367
 667:Drivers/STM32F3xx_HAL_Driver/Src/stm32f3xx_hal_dac_ex.c ****     
 1251              		.loc 1 667 19 is_stmt 0 view .LVU368
 1252 002a 0422     		movs	r2, #4
 1253 002c 0271     		strb	r2, [r0, #4]
 670:Drivers/STM32F3xx_HAL_Driver/Src/stm32f3xx_hal_dac_ex.c ****           
 1254              		.loc 1 670 7 is_stmt 1 view .LVU369
 1255 002e 0269     		ldr	r2, [r0, #16]
 1256 0030 42F00102 		orr	r2, r2, #1
 1257 0034 0261     		str	r2, [r0, #16]
 673:Drivers/STM32F3xx_HAL_Driver/Src/stm32f3xx_hal_dac_ex.c ****     
 1258              		.loc 1 673 7 view .LVU370
 1259 0036 4FF40052 		mov	r2, #8192
 1260 003a 5A63     		str	r2, [r3, #52]
 676:Drivers/STM32F3xx_HAL_Driver/Src/stm32f3xx_hal_dac_ex.c ****     
 1261              		.loc 1 676 7 view .LVU371
 1262 003c 0268     		ldr	r2, [r0]
 1263 003e 1368     		ldr	r3, [r2]
 1264 0040 23F48053 		bic	r3, r3, #4096
 1265 0044 1360     		str	r3, [r2]
 682:Drivers/STM32F3xx_HAL_Driver/Src/stm32f3xx_hal_dac_ex.c **** #endif
 1266              		.loc 1 682 7 view .LVU372
 1267 0046 FFF7FEFF 		bl	HAL_DAC_DMAUnderrunCallbackCh1
 1268              	.LVL105:
 682:Drivers/STM32F3xx_HAL_Driver/Src/stm32f3xx_hal_dac_ex.c **** #endif
 1269              		.loc 1 682 7 is_stmt 0 view .LVU373
 1270 004a E4E7     		b	.L82
 1271              	.L86:
 693:Drivers/STM32F3xx_HAL_Driver/Src/stm32f3xx_hal_dac_ex.c ****     
 1272              		.loc 1 693 7 is_stmt 1 view .LVU374
 693:Drivers/STM32F3xx_HAL_Driver/Src/stm32f3xx_hal_dac_ex.c ****     
 1273              		.loc 1 693 19 is_stmt 0 view .LVU375
 1274 004c 0422     		movs	r2, #4
 1275 004e 2271     		strb	r2, [r4, #4]
 696:Drivers/STM32F3xx_HAL_Driver/Src/stm32f3xx_hal_dac_ex.c ****     
 1276              		.loc 1 696 7 is_stmt 1 view .LVU376
 1277 0050 2269     		ldr	r2, [r4, #16]
 1278 0052 42F00202 		orr	r2, r2, #2
 1279 0056 2261     		str	r2, [r4, #16]
 699:Drivers/STM32F3xx_HAL_Driver/Src/stm32f3xx_hal_dac_ex.c ****     
 1280              		.loc 1 699 7 view .LVU377
 1281 0058 4FF00052 		mov	r2, #536870912
 1282 005c 5A63     		str	r2, [r3, #52]
 702:Drivers/STM32F3xx_HAL_Driver/Src/stm32f3xx_hal_dac_ex.c ****    
 1283              		.loc 1 702 7 view .LVU378
 1284 005e 2268     		ldr	r2, [r4]
 1285 0060 1368     		ldr	r3, [r2]
 1286 0062 23F08053 		bic	r3, r3, #268435456
 1287 0066 1360     		str	r3, [r2]
 708:Drivers/STM32F3xx_HAL_Driver/Src/stm32f3xx_hal_dac_ex.c **** #endif
 1288              		.loc 1 708 7 view .LVU379
 1289 0068 2046     		mov	r0, r4
 1290 006a FFF7FEFF 		bl	HAL_DACEx_DMAUnderrunCallbackCh2
 1291              	.LVL106:
 712:Drivers/STM32F3xx_HAL_Driver/Src/stm32f3xx_hal_dac_ex.c **** #endif /* STM32F303xE || STM32F398xx                || */
 1292              		.loc 1 712 1 is_stmt 0 view .LVU380
 1293 006e DBE7     		b	.L81
ARM GAS  C:\Users\nakas\AppData\Local\Temp\ccXxe4Dd.s 			page 49


 1294              		.cfi_endproc
 1295              	.LFE129:
 1297              		.text
 1298              	.Letext0:
 1299              		.file 2 "C:\\STM32CubeCLT_1.21.0\\GNU-tools-for-STM32\\bin\\../lib/gcc/arm-none-eabi/14.3.1/../../
 1300              		.file 3 "C:\\STM32CubeCLT_1.21.0\\GNU-tools-for-STM32\\bin\\../lib/gcc/arm-none-eabi/14.3.1/../../
 1301              		.file 4 "Drivers/CMSIS/Device/ST/STM32F3xx/Include/stm32f303x8.h"
 1302              		.file 5 "Drivers/STM32F3xx_HAL_Driver/Inc/stm32f3xx_hal_def.h"
 1303              		.file 6 "Drivers/STM32F3xx_HAL_Driver/Inc/stm32f3xx_hal_dma.h"
 1304              		.file 7 "Drivers/STM32F3xx_HAL_Driver/Inc/stm32f3xx_hal_dac.h"
ARM GAS  C:\Users\nakas\AppData\Local\Temp\ccXxe4Dd.s 			page 50


DEFINED SYMBOLS
                            *ABS*:00000000 stm32f3xx_hal_dac_ex.c
C:\Users\nakas\AppData\Local\Temp\ccXxe4Dd.s:21     .text.DAC_DMAErrorCh1:00000000 $t
C:\Users\nakas\AppData\Local\Temp\ccXxe4Dd.s:26     .text.DAC_DMAErrorCh1:00000000 DAC_DMAErrorCh1
C:\Users\nakas\AppData\Local\Temp\ccXxe4Dd.s:66     .text.DAC_DMAHalfConvCpltCh1:00000000 $t
C:\Users\nakas\AppData\Local\Temp\ccXxe4Dd.s:71     .text.DAC_DMAHalfConvCpltCh1:00000000 DAC_DMAHalfConvCpltCh1
C:\Users\nakas\AppData\Local\Temp\ccXxe4Dd.s:98     .text.DAC_DMAConvCpltCh1:00000000 $t
C:\Users\nakas\AppData\Local\Temp\ccXxe4Dd.s:103    .text.DAC_DMAConvCpltCh1:00000000 DAC_DMAConvCpltCh1
C:\Users\nakas\AppData\Local\Temp\ccXxe4Dd.s:137    .text.HAL_DAC_SetValue:00000000 $t
C:\Users\nakas\AppData\Local\Temp\ccXxe4Dd.s:143    .text.HAL_DAC_SetValue:00000000 HAL_DAC_SetValue
C:\Users\nakas\AppData\Local\Temp\ccXxe4Dd.s:220    .text.HAL_DACEx_DualSetValue:00000000 $t
C:\Users\nakas\AppData\Local\Temp\ccXxe4Dd.s:226    .text.HAL_DACEx_DualSetValue:00000000 HAL_DACEx_DualSetValue
C:\Users\nakas\AppData\Local\Temp\ccXxe4Dd.s:276    .text.HAL_DAC_Start:00000000 $t
C:\Users\nakas\AppData\Local\Temp\ccXxe4Dd.s:282    .text.HAL_DAC_Start:00000000 HAL_DAC_Start
C:\Users\nakas\AppData\Local\Temp\ccXxe4Dd.s:384    .text.HAL_DAC_Start_DMA:00000000 $t
C:\Users\nakas\AppData\Local\Temp\ccXxe4Dd.s:390    .text.HAL_DAC_Start_DMA:00000000 HAL_DAC_Start_DMA
C:\Users\nakas\AppData\Local\Temp\ccXxe4Dd.s:612    .text.HAL_DAC_Start_DMA:000000d0 $d
C:\Users\nakas\AppData\Local\Temp\ccXxe4Dd.s:1023   .text.DAC_DMAConvCpltCh2:00000000 DAC_DMAConvCpltCh2
C:\Users\nakas\AppData\Local\Temp\ccXxe4Dd.s:1083   .text.DAC_DMAHalfConvCpltCh2:00000000 DAC_DMAHalfConvCpltCh2
C:\Users\nakas\AppData\Local\Temp\ccXxe4Dd.s:1136   .text.DAC_DMAErrorCh2:00000000 DAC_DMAErrorCh2
C:\Users\nakas\AppData\Local\Temp\ccXxe4Dd.s:622    .text.HAL_DAC_GetValue:00000000 $t
C:\Users\nakas\AppData\Local\Temp\ccXxe4Dd.s:628    .text.HAL_DAC_GetValue:00000000 HAL_DAC_GetValue
C:\Users\nakas\AppData\Local\Temp\ccXxe4Dd.s:662    .text.HAL_DACEx_DualGetValue:00000000 $t
C:\Users\nakas\AppData\Local\Temp\ccXxe4Dd.s:668    .text.HAL_DACEx_DualGetValue:00000000 HAL_DACEx_DualGetValue
C:\Users\nakas\AppData\Local\Temp\ccXxe4Dd.s:697    .text.HAL_DAC_ConfigChannel:00000000 $t
C:\Users\nakas\AppData\Local\Temp\ccXxe4Dd.s:703    .text.HAL_DAC_ConfigChannel:00000000 HAL_DAC_ConfigChannel
C:\Users\nakas\AppData\Local\Temp\ccXxe4Dd.s:842    .text.HAL_DAC_ConfigChannel:00000074 $d
C:\Users\nakas\AppData\Local\Temp\ccXxe4Dd.s:847    .text.HAL_DACEx_TriangleWaveGenerate:00000000 $t
C:\Users\nakas\AppData\Local\Temp\ccXxe4Dd.s:853    .text.HAL_DACEx_TriangleWaveGenerate:00000000 HAL_DACEx_TriangleWaveGenerate
C:\Users\nakas\AppData\Local\Temp\ccXxe4Dd.s:922    .text.HAL_DACEx_NoiseWaveGenerate:00000000 $t
C:\Users\nakas\AppData\Local\Temp\ccXxe4Dd.s:928    .text.HAL_DACEx_NoiseWaveGenerate:00000000 HAL_DACEx_NoiseWaveGenerate
C:\Users\nakas\AppData\Local\Temp\ccXxe4Dd.s:997    .text.HAL_DACEx_ConvCpltCallbackCh2:00000000 $t
C:\Users\nakas\AppData\Local\Temp\ccXxe4Dd.s:1003   .text.HAL_DACEx_ConvCpltCallbackCh2:00000000 HAL_DACEx_ConvCpltCallbackCh2
C:\Users\nakas\AppData\Local\Temp\ccXxe4Dd.s:1018   .text.DAC_DMAConvCpltCh2:00000000 $t
C:\Users\nakas\AppData\Local\Temp\ccXxe4Dd.s:1057   .text.HAL_DACEx_ConvHalfCpltCallbackCh2:00000000 $t
C:\Users\nakas\AppData\Local\Temp\ccXxe4Dd.s:1063   .text.HAL_DACEx_ConvHalfCpltCallbackCh2:00000000 HAL_DACEx_ConvHalfCpltCallbackCh2
C:\Users\nakas\AppData\Local\Temp\ccXxe4Dd.s:1078   .text.DAC_DMAHalfConvCpltCh2:00000000 $t
C:\Users\nakas\AppData\Local\Temp\ccXxe4Dd.s:1110   .text.HAL_DACEx_ErrorCallbackCh2:00000000 $t
C:\Users\nakas\AppData\Local\Temp\ccXxe4Dd.s:1116   .text.HAL_DACEx_ErrorCallbackCh2:00000000 HAL_DACEx_ErrorCallbackCh2
C:\Users\nakas\AppData\Local\Temp\ccXxe4Dd.s:1131   .text.DAC_DMAErrorCh2:00000000 $t
C:\Users\nakas\AppData\Local\Temp\ccXxe4Dd.s:1176   .text.HAL_DACEx_DMAUnderrunCallbackCh2:00000000 $t
C:\Users\nakas\AppData\Local\Temp\ccXxe4Dd.s:1182   .text.HAL_DACEx_DMAUnderrunCallbackCh2:00000000 HAL_DACEx_DMAUnderrunCallbackCh2
C:\Users\nakas\AppData\Local\Temp\ccXxe4Dd.s:1197   .text.HAL_DAC_IRQHandler:00000000 $t
C:\Users\nakas\AppData\Local\Temp\ccXxe4Dd.s:1203   .text.HAL_DAC_IRQHandler:00000000 HAL_DAC_IRQHandler

UNDEFINED SYMBOLS
HAL_DAC_ErrorCallbackCh1
HAL_DAC_ConvHalfCpltCallbackCh1
HAL_DAC_ConvCpltCallbackCh1
HAL_DMA_Start_IT
HAL_DAC_DMAUnderrunCallbackCh1
