ARM GAS  C:\Users\nakas\AppData\Local\Temp\ccIuqt5O.s 			page 1


   1              		.cpu cortex-m4
   2              		.arch armv7e-m
   3              		.fpu fpv4-sp-d16
   4              		.eabi_attribute 27, 1
   5              		.eabi_attribute 28, 1
   6              		.eabi_attribute 20, 1
   7              		.eabi_attribute 21, 1
   8              		.eabi_attribute 23, 3
   9              		.eabi_attribute 24, 1
  10              		.eabi_attribute 25, 1
  11              		.eabi_attribute 26, 1
  12              		.eabi_attribute 30, 1
  13              		.eabi_attribute 34, 1
  14              		.eabi_attribute 18, 4
  15              		.file	"stm32f3xx_hal_rcc.c"
  16              		.text
  17              	.Ltext0:
  18              		.cfi_sections	.debug_frame
  19              		.file 1 "Drivers/STM32F3xx_HAL_Driver/Src/stm32f3xx_hal_rcc.c"
  20              		.section	.text.HAL_RCC_DeInit,"ax",%progbits
  21              		.align	1
  22              		.global	HAL_RCC_DeInit
  23              		.syntax unified
  24              		.thumb
  25              		.thumb_func
  27              	HAL_RCC_DeInit:
  28              	.LFB123:
   1:Drivers/STM32F3xx_HAL_Driver/Src/stm32f3xx_hal_rcc.c **** /**
   2:Drivers/STM32F3xx_HAL_Driver/Src/stm32f3xx_hal_rcc.c ****   ******************************************************************************
   3:Drivers/STM32F3xx_HAL_Driver/Src/stm32f3xx_hal_rcc.c ****   * @file    stm32f3xx_hal_rcc.c
   4:Drivers/STM32F3xx_HAL_Driver/Src/stm32f3xx_hal_rcc.c ****   * @author  MCD Application Team
   5:Drivers/STM32F3xx_HAL_Driver/Src/stm32f3xx_hal_rcc.c ****   * @brief   RCC HAL module driver.
   6:Drivers/STM32F3xx_HAL_Driver/Src/stm32f3xx_hal_rcc.c ****   *          This file provides firmware functions to manage the following 
   7:Drivers/STM32F3xx_HAL_Driver/Src/stm32f3xx_hal_rcc.c ****   *          functionalities of the Reset and Clock Control (RCC) peripheral:
   8:Drivers/STM32F3xx_HAL_Driver/Src/stm32f3xx_hal_rcc.c ****   *           + Initialization and de-initialization functions
   9:Drivers/STM32F3xx_HAL_Driver/Src/stm32f3xx_hal_rcc.c ****   *           + Peripheral Control functions
  10:Drivers/STM32F3xx_HAL_Driver/Src/stm32f3xx_hal_rcc.c ****   *       
  11:Drivers/STM32F3xx_HAL_Driver/Src/stm32f3xx_hal_rcc.c ****   @verbatim                
  12:Drivers/STM32F3xx_HAL_Driver/Src/stm32f3xx_hal_rcc.c ****   ==============================================================================
  13:Drivers/STM32F3xx_HAL_Driver/Src/stm32f3xx_hal_rcc.c ****                       ##### RCC specific features #####
  14:Drivers/STM32F3xx_HAL_Driver/Src/stm32f3xx_hal_rcc.c ****   ==============================================================================
  15:Drivers/STM32F3xx_HAL_Driver/Src/stm32f3xx_hal_rcc.c ****     [..]  
  16:Drivers/STM32F3xx_HAL_Driver/Src/stm32f3xx_hal_rcc.c ****       After reset the device is running from Internal High Speed oscillator
  17:Drivers/STM32F3xx_HAL_Driver/Src/stm32f3xx_hal_rcc.c ****       (HSI 8MHz) with Flash 0 wait state, Flash prefetch buffer is enabled, 
  18:Drivers/STM32F3xx_HAL_Driver/Src/stm32f3xx_hal_rcc.c ****       and all peripherals are off except internal SRAM, Flash and JTAG.
  19:Drivers/STM32F3xx_HAL_Driver/Src/stm32f3xx_hal_rcc.c ****       (+) There is no prescaler on High speed (AHB) and Low speed (APB) buses;
  20:Drivers/STM32F3xx_HAL_Driver/Src/stm32f3xx_hal_rcc.c ****           all peripherals mapped on these buses are running at HSI speed.
  21:Drivers/STM32F3xx_HAL_Driver/Src/stm32f3xx_hal_rcc.c ****       (+) The clock for all peripherals is switched off, except the SRAM and FLASH.
  22:Drivers/STM32F3xx_HAL_Driver/Src/stm32f3xx_hal_rcc.c ****       (+) All GPIOs are in input floating state, except the JTAG pins which
  23:Drivers/STM32F3xx_HAL_Driver/Src/stm32f3xx_hal_rcc.c ****           are assigned to be used for debug purpose.
  24:Drivers/STM32F3xx_HAL_Driver/Src/stm32f3xx_hal_rcc.c ****     [..] Once the device started from reset, the user application has to:
  25:Drivers/STM32F3xx_HAL_Driver/Src/stm32f3xx_hal_rcc.c ****       (+) Configure the clock source to be used to drive the System clock
  26:Drivers/STM32F3xx_HAL_Driver/Src/stm32f3xx_hal_rcc.c ****           (if the application needs higher frequency/performance)
  27:Drivers/STM32F3xx_HAL_Driver/Src/stm32f3xx_hal_rcc.c ****       (+) Configure the System clock frequency and Flash settings  
  28:Drivers/STM32F3xx_HAL_Driver/Src/stm32f3xx_hal_rcc.c ****       (+) Configure the AHB and APB buses prescalers
  29:Drivers/STM32F3xx_HAL_Driver/Src/stm32f3xx_hal_rcc.c ****       (+) Enable the clock for the peripheral(s) to be used
  30:Drivers/STM32F3xx_HAL_Driver/Src/stm32f3xx_hal_rcc.c ****       (+) Configure the clock source(s) for peripherals whose clocks are not
ARM GAS  C:\Users\nakas\AppData\Local\Temp\ccIuqt5O.s 			page 2


  31:Drivers/STM32F3xx_HAL_Driver/Src/stm32f3xx_hal_rcc.c ****           derived from the System clock (RTC, ADC, I2C, I2S, TIM, USB FS)
  32:Drivers/STM32F3xx_HAL_Driver/Src/stm32f3xx_hal_rcc.c **** 
  33:Drivers/STM32F3xx_HAL_Driver/Src/stm32f3xx_hal_rcc.c ****                       ##### RCC Limitations #####
  34:Drivers/STM32F3xx_HAL_Driver/Src/stm32f3xx_hal_rcc.c ****   ==============================================================================
  35:Drivers/STM32F3xx_HAL_Driver/Src/stm32f3xx_hal_rcc.c ****     [..]  
  36:Drivers/STM32F3xx_HAL_Driver/Src/stm32f3xx_hal_rcc.c ****       A delay between an RCC peripheral clock enable and the effective peripheral 
  37:Drivers/STM32F3xx_HAL_Driver/Src/stm32f3xx_hal_rcc.c ****       enabling should be taken into account in order to manage the peripheral read/write 
  38:Drivers/STM32F3xx_HAL_Driver/Src/stm32f3xx_hal_rcc.c ****       from/to registers.
  39:Drivers/STM32F3xx_HAL_Driver/Src/stm32f3xx_hal_rcc.c ****       (+) This delay depends on the peripheral mapping.
  40:Drivers/STM32F3xx_HAL_Driver/Src/stm32f3xx_hal_rcc.c ****         (++) AHB & APB peripherals, 1 dummy read is necessary
  41:Drivers/STM32F3xx_HAL_Driver/Src/stm32f3xx_hal_rcc.c **** 
  42:Drivers/STM32F3xx_HAL_Driver/Src/stm32f3xx_hal_rcc.c ****     [..]  
  43:Drivers/STM32F3xx_HAL_Driver/Src/stm32f3xx_hal_rcc.c ****       Workarounds:
  44:Drivers/STM32F3xx_HAL_Driver/Src/stm32f3xx_hal_rcc.c ****       (#) For AHB & APB peripherals, a dummy read to the peripheral register has been
  45:Drivers/STM32F3xx_HAL_Driver/Src/stm32f3xx_hal_rcc.c ****           inserted in each __HAL_RCC_PPP_CLK_ENABLE() macro.
  46:Drivers/STM32F3xx_HAL_Driver/Src/stm32f3xx_hal_rcc.c **** 
  47:Drivers/STM32F3xx_HAL_Driver/Src/stm32f3xx_hal_rcc.c ****   @endverbatim
  48:Drivers/STM32F3xx_HAL_Driver/Src/stm32f3xx_hal_rcc.c ****   ******************************************************************************
  49:Drivers/STM32F3xx_HAL_Driver/Src/stm32f3xx_hal_rcc.c ****   * @attention
  50:Drivers/STM32F3xx_HAL_Driver/Src/stm32f3xx_hal_rcc.c ****   *
  51:Drivers/STM32F3xx_HAL_Driver/Src/stm32f3xx_hal_rcc.c ****   * Copyright (c) 2016 STMicroelectronics.
  52:Drivers/STM32F3xx_HAL_Driver/Src/stm32f3xx_hal_rcc.c ****   * All rights reserved.
  53:Drivers/STM32F3xx_HAL_Driver/Src/stm32f3xx_hal_rcc.c ****   *
  54:Drivers/STM32F3xx_HAL_Driver/Src/stm32f3xx_hal_rcc.c ****   * This software is licensed under terms that can be found in the LICENSE file in
  55:Drivers/STM32F3xx_HAL_Driver/Src/stm32f3xx_hal_rcc.c ****   * the root directory of this software component.
  56:Drivers/STM32F3xx_HAL_Driver/Src/stm32f3xx_hal_rcc.c ****   * If no LICENSE file comes with this software, it is provided AS-IS.
  57:Drivers/STM32F3xx_HAL_Driver/Src/stm32f3xx_hal_rcc.c ****   ******************************************************************************
  58:Drivers/STM32F3xx_HAL_Driver/Src/stm32f3xx_hal_rcc.c ****   */
  59:Drivers/STM32F3xx_HAL_Driver/Src/stm32f3xx_hal_rcc.c **** 
  60:Drivers/STM32F3xx_HAL_Driver/Src/stm32f3xx_hal_rcc.c **** /* Includes ------------------------------------------------------------------*/
  61:Drivers/STM32F3xx_HAL_Driver/Src/stm32f3xx_hal_rcc.c **** #include "stm32f3xx_hal.h"
  62:Drivers/STM32F3xx_HAL_Driver/Src/stm32f3xx_hal_rcc.c **** 
  63:Drivers/STM32F3xx_HAL_Driver/Src/stm32f3xx_hal_rcc.c **** /** @addtogroup STM32F3xx_HAL_Driver
  64:Drivers/STM32F3xx_HAL_Driver/Src/stm32f3xx_hal_rcc.c ****   * @{
  65:Drivers/STM32F3xx_HAL_Driver/Src/stm32f3xx_hal_rcc.c ****   */
  66:Drivers/STM32F3xx_HAL_Driver/Src/stm32f3xx_hal_rcc.c **** 
  67:Drivers/STM32F3xx_HAL_Driver/Src/stm32f3xx_hal_rcc.c **** /** @defgroup RCC RCC
  68:Drivers/STM32F3xx_HAL_Driver/Src/stm32f3xx_hal_rcc.c **** * @brief RCC HAL module driver
  69:Drivers/STM32F3xx_HAL_Driver/Src/stm32f3xx_hal_rcc.c ****   * @{
  70:Drivers/STM32F3xx_HAL_Driver/Src/stm32f3xx_hal_rcc.c ****   */
  71:Drivers/STM32F3xx_HAL_Driver/Src/stm32f3xx_hal_rcc.c **** 
  72:Drivers/STM32F3xx_HAL_Driver/Src/stm32f3xx_hal_rcc.c **** #ifdef HAL_RCC_MODULE_ENABLED
  73:Drivers/STM32F3xx_HAL_Driver/Src/stm32f3xx_hal_rcc.c **** 
  74:Drivers/STM32F3xx_HAL_Driver/Src/stm32f3xx_hal_rcc.c **** /* Private typedef -----------------------------------------------------------*/
  75:Drivers/STM32F3xx_HAL_Driver/Src/stm32f3xx_hal_rcc.c **** /* Private define ------------------------------------------------------------*/
  76:Drivers/STM32F3xx_HAL_Driver/Src/stm32f3xx_hal_rcc.c **** /** @defgroup RCC_Private_Constants RCC Private Constants
  77:Drivers/STM32F3xx_HAL_Driver/Src/stm32f3xx_hal_rcc.c ****  * @{
  78:Drivers/STM32F3xx_HAL_Driver/Src/stm32f3xx_hal_rcc.c ****  */
  79:Drivers/STM32F3xx_HAL_Driver/Src/stm32f3xx_hal_rcc.c **** /* Bits position in  in the CFGR register */
  80:Drivers/STM32F3xx_HAL_Driver/Src/stm32f3xx_hal_rcc.c **** #define RCC_CFGR_HPRE_BITNUMBER           POSITION_VAL(RCC_CFGR_HPRE)
  81:Drivers/STM32F3xx_HAL_Driver/Src/stm32f3xx_hal_rcc.c **** #define RCC_CFGR_PPRE1_BITNUMBER          POSITION_VAL(RCC_CFGR_PPRE1)
  82:Drivers/STM32F3xx_HAL_Driver/Src/stm32f3xx_hal_rcc.c **** #define RCC_CFGR_PPRE2_BITNUMBER          POSITION_VAL(RCC_CFGR_PPRE2)
  83:Drivers/STM32F3xx_HAL_Driver/Src/stm32f3xx_hal_rcc.c **** /**
  84:Drivers/STM32F3xx_HAL_Driver/Src/stm32f3xx_hal_rcc.c ****   * @}
  85:Drivers/STM32F3xx_HAL_Driver/Src/stm32f3xx_hal_rcc.c ****   */
  86:Drivers/STM32F3xx_HAL_Driver/Src/stm32f3xx_hal_rcc.c **** /* Private macro -------------------------------------------------------------*/
  87:Drivers/STM32F3xx_HAL_Driver/Src/stm32f3xx_hal_rcc.c **** /** @defgroup RCC_Private_Macros RCC Private Macros
ARM GAS  C:\Users\nakas\AppData\Local\Temp\ccIuqt5O.s 			page 3


  88:Drivers/STM32F3xx_HAL_Driver/Src/stm32f3xx_hal_rcc.c ****   * @{
  89:Drivers/STM32F3xx_HAL_Driver/Src/stm32f3xx_hal_rcc.c ****   */
  90:Drivers/STM32F3xx_HAL_Driver/Src/stm32f3xx_hal_rcc.c **** 
  91:Drivers/STM32F3xx_HAL_Driver/Src/stm32f3xx_hal_rcc.c **** #define MCO1_CLK_ENABLE()     __HAL_RCC_GPIOA_CLK_ENABLE()
  92:Drivers/STM32F3xx_HAL_Driver/Src/stm32f3xx_hal_rcc.c **** #define MCO1_GPIO_PORT        GPIOA
  93:Drivers/STM32F3xx_HAL_Driver/Src/stm32f3xx_hal_rcc.c **** #define MCO1_PIN              GPIO_PIN_8
  94:Drivers/STM32F3xx_HAL_Driver/Src/stm32f3xx_hal_rcc.c **** 
  95:Drivers/STM32F3xx_HAL_Driver/Src/stm32f3xx_hal_rcc.c **** /**
  96:Drivers/STM32F3xx_HAL_Driver/Src/stm32f3xx_hal_rcc.c ****   * @}
  97:Drivers/STM32F3xx_HAL_Driver/Src/stm32f3xx_hal_rcc.c ****   */
  98:Drivers/STM32F3xx_HAL_Driver/Src/stm32f3xx_hal_rcc.c **** 
  99:Drivers/STM32F3xx_HAL_Driver/Src/stm32f3xx_hal_rcc.c **** /* Private variables ---------------------------------------------------------*/
 100:Drivers/STM32F3xx_HAL_Driver/Src/stm32f3xx_hal_rcc.c **** /** @defgroup RCC_Private_Variables RCC Private Variables
 101:Drivers/STM32F3xx_HAL_Driver/Src/stm32f3xx_hal_rcc.c ****   * @{
 102:Drivers/STM32F3xx_HAL_Driver/Src/stm32f3xx_hal_rcc.c ****   */
 103:Drivers/STM32F3xx_HAL_Driver/Src/stm32f3xx_hal_rcc.c **** static const uint8_t aPLLMULFactorTable[16U] = { 2U,  3U,  4U,  5U,  6U,  7U,  8U,  9U,
 104:Drivers/STM32F3xx_HAL_Driver/Src/stm32f3xx_hal_rcc.c ****                                                  10U, 11U, 12U, 13U, 14U, 15U, 16U, 16U};
 105:Drivers/STM32F3xx_HAL_Driver/Src/stm32f3xx_hal_rcc.c **** static const uint8_t aPredivFactorTable[16U] = { 1U, 2U,  3U,  4U,  5U,  6U,  7U,  8U,
 106:Drivers/STM32F3xx_HAL_Driver/Src/stm32f3xx_hal_rcc.c ****                                                  9U,10U, 11U, 12U, 13U, 14U, 15U, 16U};
 107:Drivers/STM32F3xx_HAL_Driver/Src/stm32f3xx_hal_rcc.c **** /**
 108:Drivers/STM32F3xx_HAL_Driver/Src/stm32f3xx_hal_rcc.c ****   * @}
 109:Drivers/STM32F3xx_HAL_Driver/Src/stm32f3xx_hal_rcc.c ****   */
 110:Drivers/STM32F3xx_HAL_Driver/Src/stm32f3xx_hal_rcc.c **** 
 111:Drivers/STM32F3xx_HAL_Driver/Src/stm32f3xx_hal_rcc.c **** /* Private function prototypes -----------------------------------------------*/
 112:Drivers/STM32F3xx_HAL_Driver/Src/stm32f3xx_hal_rcc.c **** /* Exported functions ---------------------------------------------------------*/
 113:Drivers/STM32F3xx_HAL_Driver/Src/stm32f3xx_hal_rcc.c **** 
 114:Drivers/STM32F3xx_HAL_Driver/Src/stm32f3xx_hal_rcc.c **** /** @defgroup RCC_Exported_Functions RCC Exported Functions
 115:Drivers/STM32F3xx_HAL_Driver/Src/stm32f3xx_hal_rcc.c ****   * @{
 116:Drivers/STM32F3xx_HAL_Driver/Src/stm32f3xx_hal_rcc.c ****   */
 117:Drivers/STM32F3xx_HAL_Driver/Src/stm32f3xx_hal_rcc.c **** 
 118:Drivers/STM32F3xx_HAL_Driver/Src/stm32f3xx_hal_rcc.c **** /** @defgroup RCC_Exported_Functions_Group1 Initialization and de-initialization functions 
 119:Drivers/STM32F3xx_HAL_Driver/Src/stm32f3xx_hal_rcc.c ****   *  @brief    Initialization and Configuration functions 
 120:Drivers/STM32F3xx_HAL_Driver/Src/stm32f3xx_hal_rcc.c ****   *
 121:Drivers/STM32F3xx_HAL_Driver/Src/stm32f3xx_hal_rcc.c ****   @verbatim    
 122:Drivers/STM32F3xx_HAL_Driver/Src/stm32f3xx_hal_rcc.c ****   ===============================================================================
 123:Drivers/STM32F3xx_HAL_Driver/Src/stm32f3xx_hal_rcc.c ****            ##### Initialization and de-initialization functions #####
 124:Drivers/STM32F3xx_HAL_Driver/Src/stm32f3xx_hal_rcc.c ****   ===============================================================================
 125:Drivers/STM32F3xx_HAL_Driver/Src/stm32f3xx_hal_rcc.c ****     [..]
 126:Drivers/STM32F3xx_HAL_Driver/Src/stm32f3xx_hal_rcc.c ****       This section provides functions allowing to configure the internal/external oscillators
 127:Drivers/STM32F3xx_HAL_Driver/Src/stm32f3xx_hal_rcc.c ****       (HSE, HSI, LSE, LSI, PLL, CSS and MCO) and the System buses clocks (SYSCLK, AHB, APB1
 128:Drivers/STM32F3xx_HAL_Driver/Src/stm32f3xx_hal_rcc.c ****       and APB2).
 129:Drivers/STM32F3xx_HAL_Driver/Src/stm32f3xx_hal_rcc.c **** 
 130:Drivers/STM32F3xx_HAL_Driver/Src/stm32f3xx_hal_rcc.c ****     [..] Internal/external clock and PLL configuration
 131:Drivers/STM32F3xx_HAL_Driver/Src/stm32f3xx_hal_rcc.c ****       (#) HSI (high-speed internal), 8 MHz factory-trimmed RC used directly or through
 132:Drivers/STM32F3xx_HAL_Driver/Src/stm32f3xx_hal_rcc.c ****           the PLL as System clock source.
 133:Drivers/STM32F3xx_HAL_Driver/Src/stm32f3xx_hal_rcc.c ****           The HSI clock can be used also to clock the USART and I2C peripherals.
 134:Drivers/STM32F3xx_HAL_Driver/Src/stm32f3xx_hal_rcc.c **** 
 135:Drivers/STM32F3xx_HAL_Driver/Src/stm32f3xx_hal_rcc.c ****       (#) LSI (low-speed internal), ~40 KHz low consumption RC used as IWDG and/or RTC
 136:Drivers/STM32F3xx_HAL_Driver/Src/stm32f3xx_hal_rcc.c ****           clock source.
 137:Drivers/STM32F3xx_HAL_Driver/Src/stm32f3xx_hal_rcc.c **** 
 138:Drivers/STM32F3xx_HAL_Driver/Src/stm32f3xx_hal_rcc.c ****       (#) HSE (high-speed external), 4 to 32 MHz crystal oscillator used directly or
 139:Drivers/STM32F3xx_HAL_Driver/Src/stm32f3xx_hal_rcc.c ****           through the PLL as System clock source. Can be used also as RTC clock source.
 140:Drivers/STM32F3xx_HAL_Driver/Src/stm32f3xx_hal_rcc.c **** 
 141:Drivers/STM32F3xx_HAL_Driver/Src/stm32f3xx_hal_rcc.c ****       (#) LSE (low-speed external), 32 KHz oscillator used as RTC clock source.   
 142:Drivers/STM32F3xx_HAL_Driver/Src/stm32f3xx_hal_rcc.c **** 
 143:Drivers/STM32F3xx_HAL_Driver/Src/stm32f3xx_hal_rcc.c ****       (#) PLL (clocked by HSI or HSE), featuring different output clocks:
 144:Drivers/STM32F3xx_HAL_Driver/Src/stm32f3xx_hal_rcc.c ****         (++) The first output is used to generate the high speed system clock (up to 72 MHz)
ARM GAS  C:\Users\nakas\AppData\Local\Temp\ccIuqt5O.s 			page 4


 145:Drivers/STM32F3xx_HAL_Driver/Src/stm32f3xx_hal_rcc.c ****         (++) The second output is used to generate the clock for the USB FS (48 MHz)
 146:Drivers/STM32F3xx_HAL_Driver/Src/stm32f3xx_hal_rcc.c ****         (++) The third output may be used to generate the clock for the ADC peripherals (up to 72 M
 147:Drivers/STM32F3xx_HAL_Driver/Src/stm32f3xx_hal_rcc.c ****         (++) The fourth output may be used to generate the clock for the TIM peripherals (144 MHz)
 148:Drivers/STM32F3xx_HAL_Driver/Src/stm32f3xx_hal_rcc.c **** 
 149:Drivers/STM32F3xx_HAL_Driver/Src/stm32f3xx_hal_rcc.c ****       (#) CSS (Clock security system), once enable using the macro __HAL_RCC_CSS_ENABLE()
 150:Drivers/STM32F3xx_HAL_Driver/Src/stm32f3xx_hal_rcc.c ****           and if a HSE clock failure occurs(HSE used directly or through PLL as System 
 151:Drivers/STM32F3xx_HAL_Driver/Src/stm32f3xx_hal_rcc.c ****           clock source), the System clocks automatically switched to HSI and an interrupt
 152:Drivers/STM32F3xx_HAL_Driver/Src/stm32f3xx_hal_rcc.c ****           is generated if enabled. The interrupt is linked to the Cortex-M4 NMI 
 153:Drivers/STM32F3xx_HAL_Driver/Src/stm32f3xx_hal_rcc.c ****           (Non-Maskable Interrupt) exception vector.   
 154:Drivers/STM32F3xx_HAL_Driver/Src/stm32f3xx_hal_rcc.c **** 
 155:Drivers/STM32F3xx_HAL_Driver/Src/stm32f3xx_hal_rcc.c ****       (#) MCO (microcontroller clock output), used to output SYSCLK, HSI, HSE, LSI, LSE or PLL
 156:Drivers/STM32F3xx_HAL_Driver/Src/stm32f3xx_hal_rcc.c ****           clock (divided by 2) output on pin (such as PA8 pin).
 157:Drivers/STM32F3xx_HAL_Driver/Src/stm32f3xx_hal_rcc.c **** 
 158:Drivers/STM32F3xx_HAL_Driver/Src/stm32f3xx_hal_rcc.c ****     [..] System, AHB and APB buses clocks configuration
 159:Drivers/STM32F3xx_HAL_Driver/Src/stm32f3xx_hal_rcc.c ****       (#) Several clock sources can be used to drive the System clock (SYSCLK): HSI,
 160:Drivers/STM32F3xx_HAL_Driver/Src/stm32f3xx_hal_rcc.c ****           HSE and PLL.
 161:Drivers/STM32F3xx_HAL_Driver/Src/stm32f3xx_hal_rcc.c ****           The AHB clock (HCLK) is derived from System clock through configurable
 162:Drivers/STM32F3xx_HAL_Driver/Src/stm32f3xx_hal_rcc.c ****           prescaler and used to clock the CPU, memory and peripherals mapped
 163:Drivers/STM32F3xx_HAL_Driver/Src/stm32f3xx_hal_rcc.c ****           on AHB bus (DMA, GPIO...). APB1 (PCLK1) and APB2 (PCLK2) clocks are derived
 164:Drivers/STM32F3xx_HAL_Driver/Src/stm32f3xx_hal_rcc.c ****           from AHB clock through configurable prescalers and used to clock
 165:Drivers/STM32F3xx_HAL_Driver/Src/stm32f3xx_hal_rcc.c ****           the peripherals mapped on these buses. You can use
 166:Drivers/STM32F3xx_HAL_Driver/Src/stm32f3xx_hal_rcc.c ****           "HAL_RCC_GetSysClockFreq()" function to retrieve the frequencies of these clocks.
 167:Drivers/STM32F3xx_HAL_Driver/Src/stm32f3xx_hal_rcc.c **** 
 168:Drivers/STM32F3xx_HAL_Driver/Src/stm32f3xx_hal_rcc.c ****       (#) All the peripheral clocks are derived from the System clock (SYSCLK) except:
 169:Drivers/STM32F3xx_HAL_Driver/Src/stm32f3xx_hal_rcc.c ****         (++) The FLASH program/erase clock  which is always HSI 8MHz clock.
 170:Drivers/STM32F3xx_HAL_Driver/Src/stm32f3xx_hal_rcc.c ****         (++) The USB 48 MHz clock which is derived from the PLL VCO clock.
 171:Drivers/STM32F3xx_HAL_Driver/Src/stm32f3xx_hal_rcc.c ****         (++) The USART clock which can be derived as well from HSI 8MHz, LSI or LSE.
 172:Drivers/STM32F3xx_HAL_Driver/Src/stm32f3xx_hal_rcc.c ****         (++) The I2C clock which can be derived as well from HSI 8MHz clock.
 173:Drivers/STM32F3xx_HAL_Driver/Src/stm32f3xx_hal_rcc.c ****         (++) The ADC clock which is derived from PLL output.
 174:Drivers/STM32F3xx_HAL_Driver/Src/stm32f3xx_hal_rcc.c ****         (++) The RTC clock which is derived from the LSE, LSI or 1 MHz HSE_RTC
 175:Drivers/STM32F3xx_HAL_Driver/Src/stm32f3xx_hal_rcc.c ****              (HSE divided by a programmable prescaler). The System clock (SYSCLK)
 176:Drivers/STM32F3xx_HAL_Driver/Src/stm32f3xx_hal_rcc.c ****              frequency must be higher or equal to the RTC clock frequency.
 177:Drivers/STM32F3xx_HAL_Driver/Src/stm32f3xx_hal_rcc.c ****         (++) IWDG clock which is always the LSI clock.
 178:Drivers/STM32F3xx_HAL_Driver/Src/stm32f3xx_hal_rcc.c **** 
 179:Drivers/STM32F3xx_HAL_Driver/Src/stm32f3xx_hal_rcc.c ****          (#) For the STM32F3xx devices, the maximum frequency of the SYSCLK, HCLK, PCLK1 and PCLK2 
 180:Drivers/STM32F3xx_HAL_Driver/Src/stm32f3xx_hal_rcc.c ****              Depending on the SYSCLK frequency, the flash latency should be adapted accordingly.
 181:Drivers/STM32F3xx_HAL_Driver/Src/stm32f3xx_hal_rcc.c **** 
 182:Drivers/STM32F3xx_HAL_Driver/Src/stm32f3xx_hal_rcc.c ****          (#) After reset, the System clock source is the HSI (8 MHz) with 0 WS and
 183:Drivers/STM32F3xx_HAL_Driver/Src/stm32f3xx_hal_rcc.c ****              prefetch is disabled.
 184:Drivers/STM32F3xx_HAL_Driver/Src/stm32f3xx_hal_rcc.c ****   @endverbatim
 185:Drivers/STM32F3xx_HAL_Driver/Src/stm32f3xx_hal_rcc.c ****   * @{
 186:Drivers/STM32F3xx_HAL_Driver/Src/stm32f3xx_hal_rcc.c ****   */
 187:Drivers/STM32F3xx_HAL_Driver/Src/stm32f3xx_hal_rcc.c ****   
 188:Drivers/STM32F3xx_HAL_Driver/Src/stm32f3xx_hal_rcc.c **** /*
 189:Drivers/STM32F3xx_HAL_Driver/Src/stm32f3xx_hal_rcc.c ****   Additional consideration on the SYSCLK based on Latency settings:
 190:Drivers/STM32F3xx_HAL_Driver/Src/stm32f3xx_hal_rcc.c ****         +-----------------------------------------------+
 191:Drivers/STM32F3xx_HAL_Driver/Src/stm32f3xx_hal_rcc.c ****         | Latency       | SYSCLK clock frequency (MHz)  |
 192:Drivers/STM32F3xx_HAL_Driver/Src/stm32f3xx_hal_rcc.c ****         |---------------|-------------------------------|
 193:Drivers/STM32F3xx_HAL_Driver/Src/stm32f3xx_hal_rcc.c ****         |0WS(1CPU cycle)|       0 < SYSCLK <= 24        |
 194:Drivers/STM32F3xx_HAL_Driver/Src/stm32f3xx_hal_rcc.c ****         |---------------|-------------------------------|
 195:Drivers/STM32F3xx_HAL_Driver/Src/stm32f3xx_hal_rcc.c ****         |1WS(2CPU cycle)|      24 < SYSCLK <= 48        |
 196:Drivers/STM32F3xx_HAL_Driver/Src/stm32f3xx_hal_rcc.c ****         |---------------|-------------------------------|
 197:Drivers/STM32F3xx_HAL_Driver/Src/stm32f3xx_hal_rcc.c ****         |2WS(3CPU cycle)|      48 < SYSCLK <= 72        |
 198:Drivers/STM32F3xx_HAL_Driver/Src/stm32f3xx_hal_rcc.c ****         +-----------------------------------------------+
 199:Drivers/STM32F3xx_HAL_Driver/Src/stm32f3xx_hal_rcc.c ****   */
 200:Drivers/STM32F3xx_HAL_Driver/Src/stm32f3xx_hal_rcc.c **** 
 201:Drivers/STM32F3xx_HAL_Driver/Src/stm32f3xx_hal_rcc.c **** /**
ARM GAS  C:\Users\nakas\AppData\Local\Temp\ccIuqt5O.s 			page 5


 202:Drivers/STM32F3xx_HAL_Driver/Src/stm32f3xx_hal_rcc.c ****   * @brief  Resets the RCC clock configuration to the default reset state.
 203:Drivers/STM32F3xx_HAL_Driver/Src/stm32f3xx_hal_rcc.c ****   * @note   The default reset state of the clock configuration is given below:
 204:Drivers/STM32F3xx_HAL_Driver/Src/stm32f3xx_hal_rcc.c ****   *            - HSI ON and used as system clock source
 205:Drivers/STM32F3xx_HAL_Driver/Src/stm32f3xx_hal_rcc.c ****   *            - HSE and PLL OFF
 206:Drivers/STM32F3xx_HAL_Driver/Src/stm32f3xx_hal_rcc.c ****   *            - AHB, APB1 and APB2 prescaler set to 1.
 207:Drivers/STM32F3xx_HAL_Driver/Src/stm32f3xx_hal_rcc.c ****   *            - CSS and MCO1 OFF
 208:Drivers/STM32F3xx_HAL_Driver/Src/stm32f3xx_hal_rcc.c ****   *            - All interrupts disabled
 209:Drivers/STM32F3xx_HAL_Driver/Src/stm32f3xx_hal_rcc.c ****   * @note   This function does not modify the configuration of the
 210:Drivers/STM32F3xx_HAL_Driver/Src/stm32f3xx_hal_rcc.c ****   *            - Peripheral clocks
 211:Drivers/STM32F3xx_HAL_Driver/Src/stm32f3xx_hal_rcc.c ****   *            - LSI, LSE and RTC clocks
 212:Drivers/STM32F3xx_HAL_Driver/Src/stm32f3xx_hal_rcc.c ****   * @retval HAL status
 213:Drivers/STM32F3xx_HAL_Driver/Src/stm32f3xx_hal_rcc.c ****   */
 214:Drivers/STM32F3xx_HAL_Driver/Src/stm32f3xx_hal_rcc.c **** HAL_StatusTypeDef HAL_RCC_DeInit(void)
 215:Drivers/STM32F3xx_HAL_Driver/Src/stm32f3xx_hal_rcc.c **** {
  29              		.loc 1 215 1 view -0
  30              		.cfi_startproc
  31              		@ args = 0, pretend = 0, frame = 0
  32              		@ frame_needed = 0, uses_anonymous_args = 0
  33 0000 38B5     		push	{r3, r4, r5, lr}
  34              	.LCFI0:
  35              		.cfi_def_cfa_offset 16
  36              		.cfi_offset 3, -16
  37              		.cfi_offset 4, -12
  38              		.cfi_offset 5, -8
  39              		.cfi_offset 14, -4
 216:Drivers/STM32F3xx_HAL_Driver/Src/stm32f3xx_hal_rcc.c ****   uint32_t tickstart = 0;
  40              		.loc 1 216 3 view .LVU1
  41              	.LVL0:
 217:Drivers/STM32F3xx_HAL_Driver/Src/stm32f3xx_hal_rcc.c **** 
 218:Drivers/STM32F3xx_HAL_Driver/Src/stm32f3xx_hal_rcc.c ****   /* Set HSION bit */
 219:Drivers/STM32F3xx_HAL_Driver/Src/stm32f3xx_hal_rcc.c ****   SET_BIT(RCC->CR, RCC_CR_HSION);
  42              		.loc 1 219 3 view .LVU2
  43 0002 364A     		ldr	r2, .L18
  44 0004 1368     		ldr	r3, [r2]
  45 0006 43F00103 		orr	r3, r3, #1
  46 000a 1360     		str	r3, [r2]
 220:Drivers/STM32F3xx_HAL_Driver/Src/stm32f3xx_hal_rcc.c **** 
 221:Drivers/STM32F3xx_HAL_Driver/Src/stm32f3xx_hal_rcc.c ****   /* Insure HSIRDY bit is set before writing default HSITRIM value */
 222:Drivers/STM32F3xx_HAL_Driver/Src/stm32f3xx_hal_rcc.c ****   /* Get start tick */
 223:Drivers/STM32F3xx_HAL_Driver/Src/stm32f3xx_hal_rcc.c ****   tickstart = HAL_GetTick();
  47              		.loc 1 223 3 view .LVU3
  48              		.loc 1 223 15 is_stmt 0 view .LVU4
  49 000c FFF7FEFF 		bl	HAL_GetTick
  50              	.LVL1:
  51 0010 0446     		mov	r4, r0
  52              	.LVL2:
 224:Drivers/STM32F3xx_HAL_Driver/Src/stm32f3xx_hal_rcc.c **** 
 225:Drivers/STM32F3xx_HAL_Driver/Src/stm32f3xx_hal_rcc.c ****   /* Wait till HSI is ready */
 226:Drivers/STM32F3xx_HAL_Driver/Src/stm32f3xx_hal_rcc.c ****   while(READ_BIT(RCC->CR, RCC_CR_HSIRDY) == RESET)
  53              		.loc 1 226 3 is_stmt 1 view .LVU5
  54              	.L2:
  55              		.loc 1 226 42 view .LVU6
  56              		.loc 1 226 9 is_stmt 0 view .LVU7
  57 0012 324B     		ldr	r3, .L18
  58 0014 1B68     		ldr	r3, [r3]
  59              		.loc 1 226 42 view .LVU8
  60 0016 13F0020F 		tst	r3, #2
ARM GAS  C:\Users\nakas\AppData\Local\Temp\ccIuqt5O.s 			page 6


  61 001a 07D1     		bne	.L14
 227:Drivers/STM32F3xx_HAL_Driver/Src/stm32f3xx_hal_rcc.c ****   {
 228:Drivers/STM32F3xx_HAL_Driver/Src/stm32f3xx_hal_rcc.c ****     if((HAL_GetTick() - tickstart) > HSI_TIMEOUT_VALUE)
  62              		.loc 1 228 5 is_stmt 1 view .LVU9
  63              		.loc 1 228 9 is_stmt 0 view .LVU10
  64 001c FFF7FEFF 		bl	HAL_GetTick
  65              	.LVL3:
  66              		.loc 1 228 23 discriminator 1 view .LVU11
  67 0020 001B     		subs	r0, r0, r4
  68              		.loc 1 228 7 discriminator 1 view .LVU12
  69 0022 0228     		cmp	r0, #2
  70 0024 F5D9     		bls	.L2
 229:Drivers/STM32F3xx_HAL_Driver/Src/stm32f3xx_hal_rcc.c ****     {
 230:Drivers/STM32F3xx_HAL_Driver/Src/stm32f3xx_hal_rcc.c ****       return HAL_TIMEOUT;
  71              		.loc 1 230 14 view .LVU13
  72 0026 0324     		movs	r4, #3
  73              	.LVL4:
  74              	.L3:
 231:Drivers/STM32F3xx_HAL_Driver/Src/stm32f3xx_hal_rcc.c ****     }
 232:Drivers/STM32F3xx_HAL_Driver/Src/stm32f3xx_hal_rcc.c ****   }
 233:Drivers/STM32F3xx_HAL_Driver/Src/stm32f3xx_hal_rcc.c **** 
 234:Drivers/STM32F3xx_HAL_Driver/Src/stm32f3xx_hal_rcc.c ****   /* Set HSITRIM default value */
 235:Drivers/STM32F3xx_HAL_Driver/Src/stm32f3xx_hal_rcc.c ****   MODIFY_REG(RCC->CR, RCC_CR_HSITRIM, RCC_CR_HSITRIM_4);
 236:Drivers/STM32F3xx_HAL_Driver/Src/stm32f3xx_hal_rcc.c **** 
 237:Drivers/STM32F3xx_HAL_Driver/Src/stm32f3xx_hal_rcc.c ****   /* Reset SW[1:0], HPRE[3:0], PPRE1[2:0], PPRE2[2:0] and MCOSEL[2:0] bits */
 238:Drivers/STM32F3xx_HAL_Driver/Src/stm32f3xx_hal_rcc.c ****   CLEAR_BIT(RCC->CFGR, RCC_CFGR_SW | RCC_CFGR_HPRE | RCC_CFGR_PPRE1 | RCC_CFGR_PPRE2 | RCC_CFGR_MCO
 239:Drivers/STM32F3xx_HAL_Driver/Src/stm32f3xx_hal_rcc.c **** 
 240:Drivers/STM32F3xx_HAL_Driver/Src/stm32f3xx_hal_rcc.c ****   /* Insure HSI selected as system clock source */
 241:Drivers/STM32F3xx_HAL_Driver/Src/stm32f3xx_hal_rcc.c ****   /* Get start tick */
 242:Drivers/STM32F3xx_HAL_Driver/Src/stm32f3xx_hal_rcc.c ****   tickstart = HAL_GetTick();
 243:Drivers/STM32F3xx_HAL_Driver/Src/stm32f3xx_hal_rcc.c **** 
 244:Drivers/STM32F3xx_HAL_Driver/Src/stm32f3xx_hal_rcc.c ****   /* Wait till system clock source is ready */
 245:Drivers/STM32F3xx_HAL_Driver/Src/stm32f3xx_hal_rcc.c ****   while(READ_BIT(RCC->CFGR, RCC_CFGR_SWS) != RCC_CFGR_SWS_HSI)
 246:Drivers/STM32F3xx_HAL_Driver/Src/stm32f3xx_hal_rcc.c ****   {
 247:Drivers/STM32F3xx_HAL_Driver/Src/stm32f3xx_hal_rcc.c ****     if((HAL_GetTick() - tickstart) > CLOCKSWITCH_TIMEOUT_VALUE)
 248:Drivers/STM32F3xx_HAL_Driver/Src/stm32f3xx_hal_rcc.c ****     {
 249:Drivers/STM32F3xx_HAL_Driver/Src/stm32f3xx_hal_rcc.c ****       return HAL_TIMEOUT;
 250:Drivers/STM32F3xx_HAL_Driver/Src/stm32f3xx_hal_rcc.c ****     }
 251:Drivers/STM32F3xx_HAL_Driver/Src/stm32f3xx_hal_rcc.c ****   }
 252:Drivers/STM32F3xx_HAL_Driver/Src/stm32f3xx_hal_rcc.c **** 
 253:Drivers/STM32F3xx_HAL_Driver/Src/stm32f3xx_hal_rcc.c ****   /* Update the SystemCoreClock global variable for HSI as system clock source */
 254:Drivers/STM32F3xx_HAL_Driver/Src/stm32f3xx_hal_rcc.c ****   SystemCoreClock = HSI_VALUE;
 255:Drivers/STM32F3xx_HAL_Driver/Src/stm32f3xx_hal_rcc.c **** 
 256:Drivers/STM32F3xx_HAL_Driver/Src/stm32f3xx_hal_rcc.c ****   /* Configure the source of time base considering new system clock settings  */
 257:Drivers/STM32F3xx_HAL_Driver/Src/stm32f3xx_hal_rcc.c ****   if(HAL_InitTick(uwTickPrio) != HAL_OK)
 258:Drivers/STM32F3xx_HAL_Driver/Src/stm32f3xx_hal_rcc.c ****   {
 259:Drivers/STM32F3xx_HAL_Driver/Src/stm32f3xx_hal_rcc.c ****     return HAL_ERROR;
 260:Drivers/STM32F3xx_HAL_Driver/Src/stm32f3xx_hal_rcc.c ****   }
 261:Drivers/STM32F3xx_HAL_Driver/Src/stm32f3xx_hal_rcc.c **** 
 262:Drivers/STM32F3xx_HAL_Driver/Src/stm32f3xx_hal_rcc.c ****   /* Reset HSEON, CSSON, PLLON bits */
 263:Drivers/STM32F3xx_HAL_Driver/Src/stm32f3xx_hal_rcc.c ****   CLEAR_BIT(RCC->CR, RCC_CR_PLLON | RCC_CR_CSSON | RCC_CR_HSEON);
 264:Drivers/STM32F3xx_HAL_Driver/Src/stm32f3xx_hal_rcc.c **** 
 265:Drivers/STM32F3xx_HAL_Driver/Src/stm32f3xx_hal_rcc.c ****   /* Reset HSEBYP bit */
 266:Drivers/STM32F3xx_HAL_Driver/Src/stm32f3xx_hal_rcc.c ****   CLEAR_BIT(RCC->CR, RCC_CR_HSEBYP);
 267:Drivers/STM32F3xx_HAL_Driver/Src/stm32f3xx_hal_rcc.c **** 
 268:Drivers/STM32F3xx_HAL_Driver/Src/stm32f3xx_hal_rcc.c ****   /* Insure PLLRDY is reset */
 269:Drivers/STM32F3xx_HAL_Driver/Src/stm32f3xx_hal_rcc.c ****   /* Get start tick */
ARM GAS  C:\Users\nakas\AppData\Local\Temp\ccIuqt5O.s 			page 7


 270:Drivers/STM32F3xx_HAL_Driver/Src/stm32f3xx_hal_rcc.c ****   tickstart = HAL_GetTick();
 271:Drivers/STM32F3xx_HAL_Driver/Src/stm32f3xx_hal_rcc.c ****   while(READ_BIT(RCC->CR, RCC_CR_PLLRDY) != 0U)
 272:Drivers/STM32F3xx_HAL_Driver/Src/stm32f3xx_hal_rcc.c ****   {
 273:Drivers/STM32F3xx_HAL_Driver/Src/stm32f3xx_hal_rcc.c ****     if((HAL_GetTick() - tickstart) > PLL_TIMEOUT_VALUE)
 274:Drivers/STM32F3xx_HAL_Driver/Src/stm32f3xx_hal_rcc.c ****     {
 275:Drivers/STM32F3xx_HAL_Driver/Src/stm32f3xx_hal_rcc.c ****       return HAL_TIMEOUT;
 276:Drivers/STM32F3xx_HAL_Driver/Src/stm32f3xx_hal_rcc.c ****     }
 277:Drivers/STM32F3xx_HAL_Driver/Src/stm32f3xx_hal_rcc.c ****   }
 278:Drivers/STM32F3xx_HAL_Driver/Src/stm32f3xx_hal_rcc.c **** 
 279:Drivers/STM32F3xx_HAL_Driver/Src/stm32f3xx_hal_rcc.c ****   /* Reset CFGR register */
 280:Drivers/STM32F3xx_HAL_Driver/Src/stm32f3xx_hal_rcc.c ****   CLEAR_REG(RCC->CFGR);
 281:Drivers/STM32F3xx_HAL_Driver/Src/stm32f3xx_hal_rcc.c **** 
 282:Drivers/STM32F3xx_HAL_Driver/Src/stm32f3xx_hal_rcc.c ****   /* Reset CFGR2 register */
 283:Drivers/STM32F3xx_HAL_Driver/Src/stm32f3xx_hal_rcc.c ****   CLEAR_REG(RCC->CFGR2);
 284:Drivers/STM32F3xx_HAL_Driver/Src/stm32f3xx_hal_rcc.c **** 
 285:Drivers/STM32F3xx_HAL_Driver/Src/stm32f3xx_hal_rcc.c ****   /* Reset CFGR3 register */
 286:Drivers/STM32F3xx_HAL_Driver/Src/stm32f3xx_hal_rcc.c ****   CLEAR_REG(RCC->CFGR3);
 287:Drivers/STM32F3xx_HAL_Driver/Src/stm32f3xx_hal_rcc.c **** 
 288:Drivers/STM32F3xx_HAL_Driver/Src/stm32f3xx_hal_rcc.c ****   /* Clear all interrupt flags */
 289:Drivers/STM32F3xx_HAL_Driver/Src/stm32f3xx_hal_rcc.c ****   SET_BIT(RCC->CIR, RCC_CIR_LSIRDYC | RCC_CIR_LSERDYC | RCC_CIR_HSIRDYC | RCC_CIR_HSERDYC | RCC_CIR
 290:Drivers/STM32F3xx_HAL_Driver/Src/stm32f3xx_hal_rcc.c **** 
 291:Drivers/STM32F3xx_HAL_Driver/Src/stm32f3xx_hal_rcc.c ****   /* Disable all interrupts */
 292:Drivers/STM32F3xx_HAL_Driver/Src/stm32f3xx_hal_rcc.c ****   CLEAR_REG(RCC->CIR);
 293:Drivers/STM32F3xx_HAL_Driver/Src/stm32f3xx_hal_rcc.c **** 
 294:Drivers/STM32F3xx_HAL_Driver/Src/stm32f3xx_hal_rcc.c ****   /* Reset all CSR flags */
 295:Drivers/STM32F3xx_HAL_Driver/Src/stm32f3xx_hal_rcc.c ****   __HAL_RCC_CLEAR_RESET_FLAGS();
 296:Drivers/STM32F3xx_HAL_Driver/Src/stm32f3xx_hal_rcc.c **** 
 297:Drivers/STM32F3xx_HAL_Driver/Src/stm32f3xx_hal_rcc.c ****   return HAL_OK;
 298:Drivers/STM32F3xx_HAL_Driver/Src/stm32f3xx_hal_rcc.c **** }
  75              		.loc 1 298 1 view .LVU14
  76 0028 2046     		mov	r0, r4
  77 002a 38BD     		pop	{r3, r4, r5, pc}
  78              	.LVL5:
  79              	.L14:
 235:Drivers/STM32F3xx_HAL_Driver/Src/stm32f3xx_hal_rcc.c **** 
  80              		.loc 1 235 3 is_stmt 1 view .LVU15
  81 002c 2B4A     		ldr	r2, .L18
  82 002e 1368     		ldr	r3, [r2]
  83 0030 23F0F803 		bic	r3, r3, #248
  84 0034 43F08003 		orr	r3, r3, #128
  85 0038 1360     		str	r3, [r2]
 238:Drivers/STM32F3xx_HAL_Driver/Src/stm32f3xx_hal_rcc.c **** 
  86              		.loc 1 238 3 view .LVU16
  87 003a 5168     		ldr	r1, [r2, #4]
  88 003c 284B     		ldr	r3, .L18+4
  89 003e 0B40     		ands	r3, r3, r1
  90 0040 5360     		str	r3, [r2, #4]
 242:Drivers/STM32F3xx_HAL_Driver/Src/stm32f3xx_hal_rcc.c **** 
  91              		.loc 1 242 3 view .LVU17
 242:Drivers/STM32F3xx_HAL_Driver/Src/stm32f3xx_hal_rcc.c **** 
  92              		.loc 1 242 15 is_stmt 0 view .LVU18
  93 0042 FFF7FEFF 		bl	HAL_GetTick
  94              	.LVL6:
  95 0046 0446     		mov	r4, r0
  96              	.LVL7:
 245:Drivers/STM32F3xx_HAL_Driver/Src/stm32f3xx_hal_rcc.c ****   {
  97              		.loc 1 245 3 is_stmt 1 view .LVU19
ARM GAS  C:\Users\nakas\AppData\Local\Temp\ccIuqt5O.s 			page 8


  98              	.L5:
 245:Drivers/STM32F3xx_HAL_Driver/Src/stm32f3xx_hal_rcc.c ****   {
  99              		.loc 1 245 43 view .LVU20
 245:Drivers/STM32F3xx_HAL_Driver/Src/stm32f3xx_hal_rcc.c ****   {
 100              		.loc 1 245 9 is_stmt 0 view .LVU21
 101 0048 244B     		ldr	r3, .L18
 102 004a 5B68     		ldr	r3, [r3, #4]
 245:Drivers/STM32F3xx_HAL_Driver/Src/stm32f3xx_hal_rcc.c ****   {
 103              		.loc 1 245 43 view .LVU22
 104 004c 13F00C0F 		tst	r3, #12
 105 0050 08D0     		beq	.L15
 247:Drivers/STM32F3xx_HAL_Driver/Src/stm32f3xx_hal_rcc.c ****     {
 106              		.loc 1 247 5 is_stmt 1 view .LVU23
 247:Drivers/STM32F3xx_HAL_Driver/Src/stm32f3xx_hal_rcc.c ****     {
 107              		.loc 1 247 9 is_stmt 0 view .LVU24
 108 0052 FFF7FEFF 		bl	HAL_GetTick
 109              	.LVL8:
 247:Drivers/STM32F3xx_HAL_Driver/Src/stm32f3xx_hal_rcc.c ****     {
 110              		.loc 1 247 23 discriminator 1 view .LVU25
 111 0056 001B     		subs	r0, r0, r4
 247:Drivers/STM32F3xx_HAL_Driver/Src/stm32f3xx_hal_rcc.c ****     {
 112              		.loc 1 247 7 discriminator 1 view .LVU26
 113 0058 41F28833 		movw	r3, #5000
 114 005c 9842     		cmp	r0, r3
 115 005e F3D9     		bls	.L5
 249:Drivers/STM32F3xx_HAL_Driver/Src/stm32f3xx_hal_rcc.c ****     }
 116              		.loc 1 249 14 view .LVU27
 117 0060 0324     		movs	r4, #3
 118              	.LVL9:
 249:Drivers/STM32F3xx_HAL_Driver/Src/stm32f3xx_hal_rcc.c ****     }
 119              		.loc 1 249 14 view .LVU28
 120 0062 E1E7     		b	.L3
 121              	.LVL10:
 122              	.L15:
 254:Drivers/STM32F3xx_HAL_Driver/Src/stm32f3xx_hal_rcc.c **** 
 123              		.loc 1 254 3 is_stmt 1 view .LVU29
 254:Drivers/STM32F3xx_HAL_Driver/Src/stm32f3xx_hal_rcc.c **** 
 124              		.loc 1 254 19 is_stmt 0 view .LVU30
 125 0064 1F4B     		ldr	r3, .L18+8
 126 0066 204A     		ldr	r2, .L18+12
 127 0068 1A60     		str	r2, [r3]
 257:Drivers/STM32F3xx_HAL_Driver/Src/stm32f3xx_hal_rcc.c ****   {
 128              		.loc 1 257 3 is_stmt 1 view .LVU31
 257:Drivers/STM32F3xx_HAL_Driver/Src/stm32f3xx_hal_rcc.c ****   {
 129              		.loc 1 257 6 is_stmt 0 view .LVU32
 130 006a 204B     		ldr	r3, .L18+16
 131 006c 1868     		ldr	r0, [r3]
 132 006e FFF7FEFF 		bl	HAL_InitTick
 133              	.LVL11:
 257:Drivers/STM32F3xx_HAL_Driver/Src/stm32f3xx_hal_rcc.c ****   {
 134              		.loc 1 257 5 discriminator 1 view .LVU33
 135 0072 0446     		mov	r4, r0
 136              	.LVL12:
 257:Drivers/STM32F3xx_HAL_Driver/Src/stm32f3xx_hal_rcc.c ****   {
 137              		.loc 1 257 5 discriminator 1 view .LVU34
 138 0074 08B1     		cbz	r0, .L16
 259:Drivers/STM32F3xx_HAL_Driver/Src/stm32f3xx_hal_rcc.c ****   }
ARM GAS  C:\Users\nakas\AppData\Local\Temp\ccIuqt5O.s 			page 9


 139              		.loc 1 259 12 view .LVU35
 140 0076 0124     		movs	r4, #1
 141 0078 D6E7     		b	.L3
 142              	.L16:
 263:Drivers/STM32F3xx_HAL_Driver/Src/stm32f3xx_hal_rcc.c **** 
 143              		.loc 1 263 3 is_stmt 1 view .LVU36
 144 007a 184A     		ldr	r2, .L18
 145 007c 1368     		ldr	r3, [r2]
 146 007e 23F08473 		bic	r3, r3, #17301504
 147 0082 23F48033 		bic	r3, r3, #65536
 148 0086 1360     		str	r3, [r2]
 266:Drivers/STM32F3xx_HAL_Driver/Src/stm32f3xx_hal_rcc.c **** 
 149              		.loc 1 266 3 view .LVU37
 150 0088 1368     		ldr	r3, [r2]
 151 008a 23F48023 		bic	r3, r3, #262144
 152 008e 1360     		str	r3, [r2]
 270:Drivers/STM32F3xx_HAL_Driver/Src/stm32f3xx_hal_rcc.c ****   while(READ_BIT(RCC->CR, RCC_CR_PLLRDY) != 0U)
 153              		.loc 1 270 3 view .LVU38
 270:Drivers/STM32F3xx_HAL_Driver/Src/stm32f3xx_hal_rcc.c ****   while(READ_BIT(RCC->CR, RCC_CR_PLLRDY) != 0U)
 154              		.loc 1 270 15 is_stmt 0 view .LVU39
 155 0090 FFF7FEFF 		bl	HAL_GetTick
 156              	.LVL13:
 157 0094 0546     		mov	r5, r0
 158              	.LVL14:
 271:Drivers/STM32F3xx_HAL_Driver/Src/stm32f3xx_hal_rcc.c ****   {
 159              		.loc 1 271 3 is_stmt 1 view .LVU40
 160              	.L7:
 271:Drivers/STM32F3xx_HAL_Driver/Src/stm32f3xx_hal_rcc.c ****   {
 161              		.loc 1 271 42 view .LVU41
 271:Drivers/STM32F3xx_HAL_Driver/Src/stm32f3xx_hal_rcc.c ****   {
 162              		.loc 1 271 9 is_stmt 0 view .LVU42
 163 0096 114B     		ldr	r3, .L18
 164 0098 1B68     		ldr	r3, [r3]
 271:Drivers/STM32F3xx_HAL_Driver/Src/stm32f3xx_hal_rcc.c ****   {
 165              		.loc 1 271 42 view .LVU43
 166 009a 13F0007F 		tst	r3, #33554432
 167 009e 06D0     		beq	.L17
 273:Drivers/STM32F3xx_HAL_Driver/Src/stm32f3xx_hal_rcc.c ****     {
 168              		.loc 1 273 5 is_stmt 1 view .LVU44
 273:Drivers/STM32F3xx_HAL_Driver/Src/stm32f3xx_hal_rcc.c ****     {
 169              		.loc 1 273 9 is_stmt 0 view .LVU45
 170 00a0 FFF7FEFF 		bl	HAL_GetTick
 171              	.LVL15:
 273:Drivers/STM32F3xx_HAL_Driver/Src/stm32f3xx_hal_rcc.c ****     {
 172              		.loc 1 273 23 discriminator 1 view .LVU46
 173 00a4 401B     		subs	r0, r0, r5
 273:Drivers/STM32F3xx_HAL_Driver/Src/stm32f3xx_hal_rcc.c ****     {
 174              		.loc 1 273 7 discriminator 1 view .LVU47
 175 00a6 0228     		cmp	r0, #2
 176 00a8 F5D9     		bls	.L7
 275:Drivers/STM32F3xx_HAL_Driver/Src/stm32f3xx_hal_rcc.c ****     }
 177              		.loc 1 275 14 view .LVU48
 178 00aa 0324     		movs	r4, #3
 179 00ac BCE7     		b	.L3
 180              	.L17:
 280:Drivers/STM32F3xx_HAL_Driver/Src/stm32f3xx_hal_rcc.c **** 
 181              		.loc 1 280 3 is_stmt 1 view .LVU49
ARM GAS  C:\Users\nakas\AppData\Local\Temp\ccIuqt5O.s 			page 10


 182 00ae 0B4B     		ldr	r3, .L18
 183 00b0 0022     		movs	r2, #0
 184 00b2 5A60     		str	r2, [r3, #4]
 283:Drivers/STM32F3xx_HAL_Driver/Src/stm32f3xx_hal_rcc.c **** 
 185              		.loc 1 283 3 view .LVU50
 186 00b4 DA62     		str	r2, [r3, #44]
 286:Drivers/STM32F3xx_HAL_Driver/Src/stm32f3xx_hal_rcc.c **** 
 187              		.loc 1 286 3 view .LVU51
 188 00b6 1A63     		str	r2, [r3, #48]
 289:Drivers/STM32F3xx_HAL_Driver/Src/stm32f3xx_hal_rcc.c **** 
 189              		.loc 1 289 3 view .LVU52
 190 00b8 9968     		ldr	r1, [r3, #8]
 191 00ba 41F41F01 		orr	r1, r1, #10420224
 192 00be 9960     		str	r1, [r3, #8]
 292:Drivers/STM32F3xx_HAL_Driver/Src/stm32f3xx_hal_rcc.c **** 
 193              		.loc 1 292 3 view .LVU53
 194 00c0 9A60     		str	r2, [r3, #8]
 295:Drivers/STM32F3xx_HAL_Driver/Src/stm32f3xx_hal_rcc.c **** 
 195              		.loc 1 295 3 view .LVU54
 196              	.LVL16:
 197              	.LBB162:
 198              	.LBI162:
 199              		.file 2 "Drivers/CMSIS/Include/cmsis_gcc.h"
   1:Drivers/CMSIS/Include/cmsis_gcc.h **** /**************************************************************************//**
   2:Drivers/CMSIS/Include/cmsis_gcc.h ****  * @file     cmsis_gcc.h
   3:Drivers/CMSIS/Include/cmsis_gcc.h ****  * @brief    CMSIS compiler GCC header file
   4:Drivers/CMSIS/Include/cmsis_gcc.h ****  * @version  V5.0.4
   5:Drivers/CMSIS/Include/cmsis_gcc.h ****  * @date     09. April 2018
   6:Drivers/CMSIS/Include/cmsis_gcc.h ****  ******************************************************************************/
   7:Drivers/CMSIS/Include/cmsis_gcc.h **** /*
   8:Drivers/CMSIS/Include/cmsis_gcc.h ****  * Copyright (c) 2009-2018 Arm Limited. All rights reserved.
   9:Drivers/CMSIS/Include/cmsis_gcc.h ****  *
  10:Drivers/CMSIS/Include/cmsis_gcc.h ****  * SPDX-License-Identifier: Apache-2.0
  11:Drivers/CMSIS/Include/cmsis_gcc.h ****  *
  12:Drivers/CMSIS/Include/cmsis_gcc.h ****  * Licensed under the Apache License, Version 2.0 (the License); you may
  13:Drivers/CMSIS/Include/cmsis_gcc.h ****  * not use this file except in compliance with the License.
  14:Drivers/CMSIS/Include/cmsis_gcc.h ****  * You may obtain a copy of the License at
  15:Drivers/CMSIS/Include/cmsis_gcc.h ****  *
  16:Drivers/CMSIS/Include/cmsis_gcc.h ****  * www.apache.org/licenses/LICENSE-2.0
  17:Drivers/CMSIS/Include/cmsis_gcc.h ****  *
  18:Drivers/CMSIS/Include/cmsis_gcc.h ****  * Unless required by applicable law or agreed to in writing, software
  19:Drivers/CMSIS/Include/cmsis_gcc.h ****  * distributed under the License is distributed on an AS IS BASIS, WITHOUT
  20:Drivers/CMSIS/Include/cmsis_gcc.h ****  * WARRANTIES OR CONDITIONS OF ANY KIND, either express or implied.
  21:Drivers/CMSIS/Include/cmsis_gcc.h ****  * See the License for the specific language governing permissions and
  22:Drivers/CMSIS/Include/cmsis_gcc.h ****  * limitations under the License.
  23:Drivers/CMSIS/Include/cmsis_gcc.h ****  */
  24:Drivers/CMSIS/Include/cmsis_gcc.h **** 
  25:Drivers/CMSIS/Include/cmsis_gcc.h **** #ifndef __CMSIS_GCC_H
  26:Drivers/CMSIS/Include/cmsis_gcc.h **** #define __CMSIS_GCC_H
  27:Drivers/CMSIS/Include/cmsis_gcc.h **** 
  28:Drivers/CMSIS/Include/cmsis_gcc.h **** /* ignore some GCC warnings */
  29:Drivers/CMSIS/Include/cmsis_gcc.h **** #pragma GCC diagnostic push
  30:Drivers/CMSIS/Include/cmsis_gcc.h **** #pragma GCC diagnostic ignored "-Wsign-conversion"
  31:Drivers/CMSIS/Include/cmsis_gcc.h **** #pragma GCC diagnostic ignored "-Wconversion"
  32:Drivers/CMSIS/Include/cmsis_gcc.h **** #pragma GCC diagnostic ignored "-Wunused-parameter"
  33:Drivers/CMSIS/Include/cmsis_gcc.h **** 
  34:Drivers/CMSIS/Include/cmsis_gcc.h **** /* Fallback for __has_builtin */
ARM GAS  C:\Users\nakas\AppData\Local\Temp\ccIuqt5O.s 			page 11


  35:Drivers/CMSIS/Include/cmsis_gcc.h **** #ifndef __has_builtin
  36:Drivers/CMSIS/Include/cmsis_gcc.h ****   #define __has_builtin(x) (0)
  37:Drivers/CMSIS/Include/cmsis_gcc.h **** #endif
  38:Drivers/CMSIS/Include/cmsis_gcc.h **** 
  39:Drivers/CMSIS/Include/cmsis_gcc.h **** /* CMSIS compiler specific defines */
  40:Drivers/CMSIS/Include/cmsis_gcc.h **** #ifndef   __ASM
  41:Drivers/CMSIS/Include/cmsis_gcc.h ****   #define __ASM                                  __asm
  42:Drivers/CMSIS/Include/cmsis_gcc.h **** #endif
  43:Drivers/CMSIS/Include/cmsis_gcc.h **** #ifndef   __INLINE
  44:Drivers/CMSIS/Include/cmsis_gcc.h ****   #define __INLINE                               inline
  45:Drivers/CMSIS/Include/cmsis_gcc.h **** #endif
  46:Drivers/CMSIS/Include/cmsis_gcc.h **** #ifndef   __STATIC_INLINE
  47:Drivers/CMSIS/Include/cmsis_gcc.h ****   #define __STATIC_INLINE                        static inline
  48:Drivers/CMSIS/Include/cmsis_gcc.h **** #endif
  49:Drivers/CMSIS/Include/cmsis_gcc.h **** #ifndef   __STATIC_FORCEINLINE                 
  50:Drivers/CMSIS/Include/cmsis_gcc.h ****   #define __STATIC_FORCEINLINE                   __attribute__((always_inline)) static inline
  51:Drivers/CMSIS/Include/cmsis_gcc.h **** #endif                                           
  52:Drivers/CMSIS/Include/cmsis_gcc.h **** #ifndef   __NO_RETURN
  53:Drivers/CMSIS/Include/cmsis_gcc.h ****   #define __NO_RETURN                            __attribute__((__noreturn__))
  54:Drivers/CMSIS/Include/cmsis_gcc.h **** #endif
  55:Drivers/CMSIS/Include/cmsis_gcc.h **** #ifndef   __USED
  56:Drivers/CMSIS/Include/cmsis_gcc.h ****   #define __USED                                 __attribute__((used))
  57:Drivers/CMSIS/Include/cmsis_gcc.h **** #endif
  58:Drivers/CMSIS/Include/cmsis_gcc.h **** #ifndef   __WEAK
  59:Drivers/CMSIS/Include/cmsis_gcc.h ****   #define __WEAK                                 __attribute__((weak))
  60:Drivers/CMSIS/Include/cmsis_gcc.h **** #endif
  61:Drivers/CMSIS/Include/cmsis_gcc.h **** #ifndef   __PACKED
  62:Drivers/CMSIS/Include/cmsis_gcc.h ****   #define __PACKED                               __attribute__((packed, aligned(1)))
  63:Drivers/CMSIS/Include/cmsis_gcc.h **** #endif
  64:Drivers/CMSIS/Include/cmsis_gcc.h **** #ifndef   __PACKED_STRUCT
  65:Drivers/CMSIS/Include/cmsis_gcc.h ****   #define __PACKED_STRUCT                        struct __attribute__((packed, aligned(1)))
  66:Drivers/CMSIS/Include/cmsis_gcc.h **** #endif
  67:Drivers/CMSIS/Include/cmsis_gcc.h **** #ifndef   __PACKED_UNION
  68:Drivers/CMSIS/Include/cmsis_gcc.h ****   #define __PACKED_UNION                         union __attribute__((packed, aligned(1)))
  69:Drivers/CMSIS/Include/cmsis_gcc.h **** #endif
  70:Drivers/CMSIS/Include/cmsis_gcc.h **** #ifndef   __UNALIGNED_UINT32        /* deprecated */
  71:Drivers/CMSIS/Include/cmsis_gcc.h ****   #pragma GCC diagnostic push
  72:Drivers/CMSIS/Include/cmsis_gcc.h ****   #pragma GCC diagnostic ignored "-Wpacked"
  73:Drivers/CMSIS/Include/cmsis_gcc.h ****   #pragma GCC diagnostic ignored "-Wattributes"
  74:Drivers/CMSIS/Include/cmsis_gcc.h ****   struct __attribute__((packed)) T_UINT32 { uint32_t v; };
  75:Drivers/CMSIS/Include/cmsis_gcc.h ****   #pragma GCC diagnostic pop
  76:Drivers/CMSIS/Include/cmsis_gcc.h ****   #define __UNALIGNED_UINT32(x)                  (((struct T_UINT32 *)(x))->v)
  77:Drivers/CMSIS/Include/cmsis_gcc.h **** #endif
  78:Drivers/CMSIS/Include/cmsis_gcc.h **** #ifndef   __UNALIGNED_UINT16_WRITE
  79:Drivers/CMSIS/Include/cmsis_gcc.h ****   #pragma GCC diagnostic push
  80:Drivers/CMSIS/Include/cmsis_gcc.h ****   #pragma GCC diagnostic ignored "-Wpacked"
  81:Drivers/CMSIS/Include/cmsis_gcc.h ****   #pragma GCC diagnostic ignored "-Wattributes"
  82:Drivers/CMSIS/Include/cmsis_gcc.h ****   __PACKED_STRUCT T_UINT16_WRITE { uint16_t v; };
  83:Drivers/CMSIS/Include/cmsis_gcc.h ****   #pragma GCC diagnostic pop
  84:Drivers/CMSIS/Include/cmsis_gcc.h ****   #define __UNALIGNED_UINT16_WRITE(addr, val)    (void)((((struct T_UINT16_WRITE *)(void *)(addr))-
  85:Drivers/CMSIS/Include/cmsis_gcc.h **** #endif
  86:Drivers/CMSIS/Include/cmsis_gcc.h **** #ifndef   __UNALIGNED_UINT16_READ
  87:Drivers/CMSIS/Include/cmsis_gcc.h ****   #pragma GCC diagnostic push
  88:Drivers/CMSIS/Include/cmsis_gcc.h ****   #pragma GCC diagnostic ignored "-Wpacked"
  89:Drivers/CMSIS/Include/cmsis_gcc.h ****   #pragma GCC diagnostic ignored "-Wattributes"
  90:Drivers/CMSIS/Include/cmsis_gcc.h ****   __PACKED_STRUCT T_UINT16_READ { uint16_t v; };
  91:Drivers/CMSIS/Include/cmsis_gcc.h ****   #pragma GCC diagnostic pop
ARM GAS  C:\Users\nakas\AppData\Local\Temp\ccIuqt5O.s 			page 12


  92:Drivers/CMSIS/Include/cmsis_gcc.h ****   #define __UNALIGNED_UINT16_READ(addr)          (((const struct T_UINT16_READ *)(const void *)(add
  93:Drivers/CMSIS/Include/cmsis_gcc.h **** #endif
  94:Drivers/CMSIS/Include/cmsis_gcc.h **** #ifndef   __UNALIGNED_UINT32_WRITE
  95:Drivers/CMSIS/Include/cmsis_gcc.h ****   #pragma GCC diagnostic push
  96:Drivers/CMSIS/Include/cmsis_gcc.h ****   #pragma GCC diagnostic ignored "-Wpacked"
  97:Drivers/CMSIS/Include/cmsis_gcc.h ****   #pragma GCC diagnostic ignored "-Wattributes"
  98:Drivers/CMSIS/Include/cmsis_gcc.h ****   __PACKED_STRUCT T_UINT32_WRITE { uint32_t v; };
  99:Drivers/CMSIS/Include/cmsis_gcc.h ****   #pragma GCC diagnostic pop
 100:Drivers/CMSIS/Include/cmsis_gcc.h ****   #define __UNALIGNED_UINT32_WRITE(addr, val)    (void)((((struct T_UINT32_WRITE *)(void *)(addr))-
 101:Drivers/CMSIS/Include/cmsis_gcc.h **** #endif
 102:Drivers/CMSIS/Include/cmsis_gcc.h **** #ifndef   __UNALIGNED_UINT32_READ
 103:Drivers/CMSIS/Include/cmsis_gcc.h ****   #pragma GCC diagnostic push
 104:Drivers/CMSIS/Include/cmsis_gcc.h ****   #pragma GCC diagnostic ignored "-Wpacked"
 105:Drivers/CMSIS/Include/cmsis_gcc.h ****   #pragma GCC diagnostic ignored "-Wattributes"
 106:Drivers/CMSIS/Include/cmsis_gcc.h ****   __PACKED_STRUCT T_UINT32_READ { uint32_t v; };
 107:Drivers/CMSIS/Include/cmsis_gcc.h ****   #pragma GCC diagnostic pop
 108:Drivers/CMSIS/Include/cmsis_gcc.h ****   #define __UNALIGNED_UINT32_READ(addr)          (((const struct T_UINT32_READ *)(const void *)(add
 109:Drivers/CMSIS/Include/cmsis_gcc.h **** #endif
 110:Drivers/CMSIS/Include/cmsis_gcc.h **** #ifndef   __ALIGNED
 111:Drivers/CMSIS/Include/cmsis_gcc.h ****   #define __ALIGNED(x)                           __attribute__((aligned(x)))
 112:Drivers/CMSIS/Include/cmsis_gcc.h **** #endif
 113:Drivers/CMSIS/Include/cmsis_gcc.h **** #ifndef   __RESTRICT
 114:Drivers/CMSIS/Include/cmsis_gcc.h ****   #define __RESTRICT                             __restrict
 115:Drivers/CMSIS/Include/cmsis_gcc.h **** #endif
 116:Drivers/CMSIS/Include/cmsis_gcc.h **** 
 117:Drivers/CMSIS/Include/cmsis_gcc.h **** 
 118:Drivers/CMSIS/Include/cmsis_gcc.h **** /* ###########################  Core Function Access  ########################### */
 119:Drivers/CMSIS/Include/cmsis_gcc.h **** /** \ingroup  CMSIS_Core_FunctionInterface
 120:Drivers/CMSIS/Include/cmsis_gcc.h ****     \defgroup CMSIS_Core_RegAccFunctions CMSIS Core Register Access Functions
 121:Drivers/CMSIS/Include/cmsis_gcc.h ****   @{
 122:Drivers/CMSIS/Include/cmsis_gcc.h ****  */
 123:Drivers/CMSIS/Include/cmsis_gcc.h **** 
 124:Drivers/CMSIS/Include/cmsis_gcc.h **** /**
 125:Drivers/CMSIS/Include/cmsis_gcc.h ****   \brief   Enable IRQ Interrupts
 126:Drivers/CMSIS/Include/cmsis_gcc.h ****   \details Enables IRQ interrupts by clearing the I-bit in the CPSR.
 127:Drivers/CMSIS/Include/cmsis_gcc.h ****            Can only be executed in Privileged modes.
 128:Drivers/CMSIS/Include/cmsis_gcc.h ****  */
 129:Drivers/CMSIS/Include/cmsis_gcc.h **** __STATIC_FORCEINLINE void __enable_irq(void)
 130:Drivers/CMSIS/Include/cmsis_gcc.h **** {
 131:Drivers/CMSIS/Include/cmsis_gcc.h ****   __ASM volatile ("cpsie i" : : : "memory");
 132:Drivers/CMSIS/Include/cmsis_gcc.h **** }
 133:Drivers/CMSIS/Include/cmsis_gcc.h **** 
 134:Drivers/CMSIS/Include/cmsis_gcc.h **** 
 135:Drivers/CMSIS/Include/cmsis_gcc.h **** /**
 136:Drivers/CMSIS/Include/cmsis_gcc.h ****   \brief   Disable IRQ Interrupts
 137:Drivers/CMSIS/Include/cmsis_gcc.h ****   \details Disables IRQ interrupts by setting the I-bit in the CPSR.
 138:Drivers/CMSIS/Include/cmsis_gcc.h ****            Can only be executed in Privileged modes.
 139:Drivers/CMSIS/Include/cmsis_gcc.h ****  */
 140:Drivers/CMSIS/Include/cmsis_gcc.h **** __STATIC_FORCEINLINE void __disable_irq(void)
 141:Drivers/CMSIS/Include/cmsis_gcc.h **** {
 142:Drivers/CMSIS/Include/cmsis_gcc.h ****   __ASM volatile ("cpsid i" : : : "memory");
 143:Drivers/CMSIS/Include/cmsis_gcc.h **** }
 144:Drivers/CMSIS/Include/cmsis_gcc.h **** 
 145:Drivers/CMSIS/Include/cmsis_gcc.h **** 
 146:Drivers/CMSIS/Include/cmsis_gcc.h **** /**
 147:Drivers/CMSIS/Include/cmsis_gcc.h ****   \brief   Get Control Register
 148:Drivers/CMSIS/Include/cmsis_gcc.h ****   \details Returns the content of the Control Register.
ARM GAS  C:\Users\nakas\AppData\Local\Temp\ccIuqt5O.s 			page 13


 149:Drivers/CMSIS/Include/cmsis_gcc.h ****   \return               Control Register value
 150:Drivers/CMSIS/Include/cmsis_gcc.h ****  */
 151:Drivers/CMSIS/Include/cmsis_gcc.h **** __STATIC_FORCEINLINE uint32_t __get_CONTROL(void)
 152:Drivers/CMSIS/Include/cmsis_gcc.h **** {
 153:Drivers/CMSIS/Include/cmsis_gcc.h ****   uint32_t result;
 154:Drivers/CMSIS/Include/cmsis_gcc.h **** 
 155:Drivers/CMSIS/Include/cmsis_gcc.h ****   __ASM volatile ("MRS %0, control" : "=r" (result) );
 156:Drivers/CMSIS/Include/cmsis_gcc.h ****   return(result);
 157:Drivers/CMSIS/Include/cmsis_gcc.h **** }
 158:Drivers/CMSIS/Include/cmsis_gcc.h **** 
 159:Drivers/CMSIS/Include/cmsis_gcc.h **** 
 160:Drivers/CMSIS/Include/cmsis_gcc.h **** #if (defined (__ARM_FEATURE_CMSE ) && (__ARM_FEATURE_CMSE == 3))
 161:Drivers/CMSIS/Include/cmsis_gcc.h **** /**
 162:Drivers/CMSIS/Include/cmsis_gcc.h ****   \brief   Get Control Register (non-secure)
 163:Drivers/CMSIS/Include/cmsis_gcc.h ****   \details Returns the content of the non-secure Control Register when in secure mode.
 164:Drivers/CMSIS/Include/cmsis_gcc.h ****   \return               non-secure Control Register value
 165:Drivers/CMSIS/Include/cmsis_gcc.h ****  */
 166:Drivers/CMSIS/Include/cmsis_gcc.h **** __STATIC_FORCEINLINE uint32_t __TZ_get_CONTROL_NS(void)
 167:Drivers/CMSIS/Include/cmsis_gcc.h **** {
 168:Drivers/CMSIS/Include/cmsis_gcc.h ****   uint32_t result;
 169:Drivers/CMSIS/Include/cmsis_gcc.h **** 
 170:Drivers/CMSIS/Include/cmsis_gcc.h ****   __ASM volatile ("MRS %0, control_ns" : "=r" (result) );
 171:Drivers/CMSIS/Include/cmsis_gcc.h ****   return(result);
 172:Drivers/CMSIS/Include/cmsis_gcc.h **** }
 173:Drivers/CMSIS/Include/cmsis_gcc.h **** #endif
 174:Drivers/CMSIS/Include/cmsis_gcc.h **** 
 175:Drivers/CMSIS/Include/cmsis_gcc.h **** 
 176:Drivers/CMSIS/Include/cmsis_gcc.h **** /**
 177:Drivers/CMSIS/Include/cmsis_gcc.h ****   \brief   Set Control Register
 178:Drivers/CMSIS/Include/cmsis_gcc.h ****   \details Writes the given value to the Control Register.
 179:Drivers/CMSIS/Include/cmsis_gcc.h ****   \param [in]    control  Control Register value to set
 180:Drivers/CMSIS/Include/cmsis_gcc.h ****  */
 181:Drivers/CMSIS/Include/cmsis_gcc.h **** __STATIC_FORCEINLINE void __set_CONTROL(uint32_t control)
 182:Drivers/CMSIS/Include/cmsis_gcc.h **** {
 183:Drivers/CMSIS/Include/cmsis_gcc.h ****   __ASM volatile ("MSR control, %0" : : "r" (control) : "memory");
 184:Drivers/CMSIS/Include/cmsis_gcc.h **** }
 185:Drivers/CMSIS/Include/cmsis_gcc.h **** 
 186:Drivers/CMSIS/Include/cmsis_gcc.h **** 
 187:Drivers/CMSIS/Include/cmsis_gcc.h **** #if (defined (__ARM_FEATURE_CMSE ) && (__ARM_FEATURE_CMSE == 3))
 188:Drivers/CMSIS/Include/cmsis_gcc.h **** /**
 189:Drivers/CMSIS/Include/cmsis_gcc.h ****   \brief   Set Control Register (non-secure)
 190:Drivers/CMSIS/Include/cmsis_gcc.h ****   \details Writes the given value to the non-secure Control Register when in secure state.
 191:Drivers/CMSIS/Include/cmsis_gcc.h ****   \param [in]    control  Control Register value to set
 192:Drivers/CMSIS/Include/cmsis_gcc.h ****  */
 193:Drivers/CMSIS/Include/cmsis_gcc.h **** __STATIC_FORCEINLINE void __TZ_set_CONTROL_NS(uint32_t control)
 194:Drivers/CMSIS/Include/cmsis_gcc.h **** {
 195:Drivers/CMSIS/Include/cmsis_gcc.h ****   __ASM volatile ("MSR control_ns, %0" : : "r" (control) : "memory");
 196:Drivers/CMSIS/Include/cmsis_gcc.h **** }
 197:Drivers/CMSIS/Include/cmsis_gcc.h **** #endif
 198:Drivers/CMSIS/Include/cmsis_gcc.h **** 
 199:Drivers/CMSIS/Include/cmsis_gcc.h **** 
 200:Drivers/CMSIS/Include/cmsis_gcc.h **** /**
 201:Drivers/CMSIS/Include/cmsis_gcc.h ****   \brief   Get IPSR Register
 202:Drivers/CMSIS/Include/cmsis_gcc.h ****   \details Returns the content of the IPSR Register.
 203:Drivers/CMSIS/Include/cmsis_gcc.h ****   \return               IPSR Register value
 204:Drivers/CMSIS/Include/cmsis_gcc.h ****  */
 205:Drivers/CMSIS/Include/cmsis_gcc.h **** __STATIC_FORCEINLINE uint32_t __get_IPSR(void)
ARM GAS  C:\Users\nakas\AppData\Local\Temp\ccIuqt5O.s 			page 14


 206:Drivers/CMSIS/Include/cmsis_gcc.h **** {
 207:Drivers/CMSIS/Include/cmsis_gcc.h ****   uint32_t result;
 208:Drivers/CMSIS/Include/cmsis_gcc.h **** 
 209:Drivers/CMSIS/Include/cmsis_gcc.h ****   __ASM volatile ("MRS %0, ipsr" : "=r" (result) );
 210:Drivers/CMSIS/Include/cmsis_gcc.h ****   return(result);
 211:Drivers/CMSIS/Include/cmsis_gcc.h **** }
 212:Drivers/CMSIS/Include/cmsis_gcc.h **** 
 213:Drivers/CMSIS/Include/cmsis_gcc.h **** 
 214:Drivers/CMSIS/Include/cmsis_gcc.h **** /**
 215:Drivers/CMSIS/Include/cmsis_gcc.h ****   \brief   Get APSR Register
 216:Drivers/CMSIS/Include/cmsis_gcc.h ****   \details Returns the content of the APSR Register.
 217:Drivers/CMSIS/Include/cmsis_gcc.h ****   \return               APSR Register value
 218:Drivers/CMSIS/Include/cmsis_gcc.h ****  */
 219:Drivers/CMSIS/Include/cmsis_gcc.h **** __STATIC_FORCEINLINE uint32_t __get_APSR(void)
 220:Drivers/CMSIS/Include/cmsis_gcc.h **** {
 221:Drivers/CMSIS/Include/cmsis_gcc.h ****   uint32_t result;
 222:Drivers/CMSIS/Include/cmsis_gcc.h **** 
 223:Drivers/CMSIS/Include/cmsis_gcc.h ****   __ASM volatile ("MRS %0, apsr" : "=r" (result) );
 224:Drivers/CMSIS/Include/cmsis_gcc.h ****   return(result);
 225:Drivers/CMSIS/Include/cmsis_gcc.h **** }
 226:Drivers/CMSIS/Include/cmsis_gcc.h **** 
 227:Drivers/CMSIS/Include/cmsis_gcc.h **** 
 228:Drivers/CMSIS/Include/cmsis_gcc.h **** /**
 229:Drivers/CMSIS/Include/cmsis_gcc.h ****   \brief   Get xPSR Register
 230:Drivers/CMSIS/Include/cmsis_gcc.h ****   \details Returns the content of the xPSR Register.
 231:Drivers/CMSIS/Include/cmsis_gcc.h ****   \return               xPSR Register value
 232:Drivers/CMSIS/Include/cmsis_gcc.h ****  */
 233:Drivers/CMSIS/Include/cmsis_gcc.h **** __STATIC_FORCEINLINE uint32_t __get_xPSR(void)
 234:Drivers/CMSIS/Include/cmsis_gcc.h **** {
 235:Drivers/CMSIS/Include/cmsis_gcc.h ****   uint32_t result;
 236:Drivers/CMSIS/Include/cmsis_gcc.h **** 
 237:Drivers/CMSIS/Include/cmsis_gcc.h ****   __ASM volatile ("MRS %0, xpsr" : "=r" (result) );
 238:Drivers/CMSIS/Include/cmsis_gcc.h ****   return(result);
 239:Drivers/CMSIS/Include/cmsis_gcc.h **** }
 240:Drivers/CMSIS/Include/cmsis_gcc.h **** 
 241:Drivers/CMSIS/Include/cmsis_gcc.h **** 
 242:Drivers/CMSIS/Include/cmsis_gcc.h **** /**
 243:Drivers/CMSIS/Include/cmsis_gcc.h ****   \brief   Get Process Stack Pointer
 244:Drivers/CMSIS/Include/cmsis_gcc.h ****   \details Returns the current value of the Process Stack Pointer (PSP).
 245:Drivers/CMSIS/Include/cmsis_gcc.h ****   \return               PSP Register value
 246:Drivers/CMSIS/Include/cmsis_gcc.h ****  */
 247:Drivers/CMSIS/Include/cmsis_gcc.h **** __STATIC_FORCEINLINE uint32_t __get_PSP(void)
 248:Drivers/CMSIS/Include/cmsis_gcc.h **** {
 249:Drivers/CMSIS/Include/cmsis_gcc.h ****   uint32_t result;
 250:Drivers/CMSIS/Include/cmsis_gcc.h **** 
 251:Drivers/CMSIS/Include/cmsis_gcc.h ****   __ASM volatile ("MRS %0, psp"  : "=r" (result) );
 252:Drivers/CMSIS/Include/cmsis_gcc.h ****   return(result);
 253:Drivers/CMSIS/Include/cmsis_gcc.h **** }
 254:Drivers/CMSIS/Include/cmsis_gcc.h **** 
 255:Drivers/CMSIS/Include/cmsis_gcc.h **** 
 256:Drivers/CMSIS/Include/cmsis_gcc.h **** #if (defined (__ARM_FEATURE_CMSE ) && (__ARM_FEATURE_CMSE == 3))
 257:Drivers/CMSIS/Include/cmsis_gcc.h **** /**
 258:Drivers/CMSIS/Include/cmsis_gcc.h ****   \brief   Get Process Stack Pointer (non-secure)
 259:Drivers/CMSIS/Include/cmsis_gcc.h ****   \details Returns the current value of the non-secure Process Stack Pointer (PSP) when in secure s
 260:Drivers/CMSIS/Include/cmsis_gcc.h ****   \return               PSP Register value
 261:Drivers/CMSIS/Include/cmsis_gcc.h ****  */
 262:Drivers/CMSIS/Include/cmsis_gcc.h **** __STATIC_FORCEINLINE uint32_t __TZ_get_PSP_NS(void)
ARM GAS  C:\Users\nakas\AppData\Local\Temp\ccIuqt5O.s 			page 15


 263:Drivers/CMSIS/Include/cmsis_gcc.h **** {
 264:Drivers/CMSIS/Include/cmsis_gcc.h ****   uint32_t result;
 265:Drivers/CMSIS/Include/cmsis_gcc.h **** 
 266:Drivers/CMSIS/Include/cmsis_gcc.h ****   __ASM volatile ("MRS %0, psp_ns"  : "=r" (result) );
 267:Drivers/CMSIS/Include/cmsis_gcc.h ****   return(result);
 268:Drivers/CMSIS/Include/cmsis_gcc.h **** }
 269:Drivers/CMSIS/Include/cmsis_gcc.h **** #endif
 270:Drivers/CMSIS/Include/cmsis_gcc.h **** 
 271:Drivers/CMSIS/Include/cmsis_gcc.h **** 
 272:Drivers/CMSIS/Include/cmsis_gcc.h **** /**
 273:Drivers/CMSIS/Include/cmsis_gcc.h ****   \brief   Set Process Stack Pointer
 274:Drivers/CMSIS/Include/cmsis_gcc.h ****   \details Assigns the given value to the Process Stack Pointer (PSP).
 275:Drivers/CMSIS/Include/cmsis_gcc.h ****   \param [in]    topOfProcStack  Process Stack Pointer value to set
 276:Drivers/CMSIS/Include/cmsis_gcc.h ****  */
 277:Drivers/CMSIS/Include/cmsis_gcc.h **** __STATIC_FORCEINLINE void __set_PSP(uint32_t topOfProcStack)
 278:Drivers/CMSIS/Include/cmsis_gcc.h **** {
 279:Drivers/CMSIS/Include/cmsis_gcc.h ****   __ASM volatile ("MSR psp, %0" : : "r" (topOfProcStack) : );
 280:Drivers/CMSIS/Include/cmsis_gcc.h **** }
 281:Drivers/CMSIS/Include/cmsis_gcc.h **** 
 282:Drivers/CMSIS/Include/cmsis_gcc.h **** 
 283:Drivers/CMSIS/Include/cmsis_gcc.h **** #if (defined (__ARM_FEATURE_CMSE ) && (__ARM_FEATURE_CMSE == 3))
 284:Drivers/CMSIS/Include/cmsis_gcc.h **** /**
 285:Drivers/CMSIS/Include/cmsis_gcc.h ****   \brief   Set Process Stack Pointer (non-secure)
 286:Drivers/CMSIS/Include/cmsis_gcc.h ****   \details Assigns the given value to the non-secure Process Stack Pointer (PSP) when in secure sta
 287:Drivers/CMSIS/Include/cmsis_gcc.h ****   \param [in]    topOfProcStack  Process Stack Pointer value to set
 288:Drivers/CMSIS/Include/cmsis_gcc.h ****  */
 289:Drivers/CMSIS/Include/cmsis_gcc.h **** __STATIC_FORCEINLINE void __TZ_set_PSP_NS(uint32_t topOfProcStack)
 290:Drivers/CMSIS/Include/cmsis_gcc.h **** {
 291:Drivers/CMSIS/Include/cmsis_gcc.h ****   __ASM volatile ("MSR psp_ns, %0" : : "r" (topOfProcStack) : );
 292:Drivers/CMSIS/Include/cmsis_gcc.h **** }
 293:Drivers/CMSIS/Include/cmsis_gcc.h **** #endif
 294:Drivers/CMSIS/Include/cmsis_gcc.h **** 
 295:Drivers/CMSIS/Include/cmsis_gcc.h **** 
 296:Drivers/CMSIS/Include/cmsis_gcc.h **** /**
 297:Drivers/CMSIS/Include/cmsis_gcc.h ****   \brief   Get Main Stack Pointer
 298:Drivers/CMSIS/Include/cmsis_gcc.h ****   \details Returns the current value of the Main Stack Pointer (MSP).
 299:Drivers/CMSIS/Include/cmsis_gcc.h ****   \return               MSP Register value
 300:Drivers/CMSIS/Include/cmsis_gcc.h ****  */
 301:Drivers/CMSIS/Include/cmsis_gcc.h **** __STATIC_FORCEINLINE uint32_t __get_MSP(void)
 302:Drivers/CMSIS/Include/cmsis_gcc.h **** {
 303:Drivers/CMSIS/Include/cmsis_gcc.h ****   uint32_t result;
 304:Drivers/CMSIS/Include/cmsis_gcc.h **** 
 305:Drivers/CMSIS/Include/cmsis_gcc.h ****   __ASM volatile ("MRS %0, msp" : "=r" (result) );
 306:Drivers/CMSIS/Include/cmsis_gcc.h ****   return(result);
 307:Drivers/CMSIS/Include/cmsis_gcc.h **** }
 308:Drivers/CMSIS/Include/cmsis_gcc.h **** 
 309:Drivers/CMSIS/Include/cmsis_gcc.h **** 
 310:Drivers/CMSIS/Include/cmsis_gcc.h **** #if (defined (__ARM_FEATURE_CMSE ) && (__ARM_FEATURE_CMSE == 3))
 311:Drivers/CMSIS/Include/cmsis_gcc.h **** /**
 312:Drivers/CMSIS/Include/cmsis_gcc.h ****   \brief   Get Main Stack Pointer (non-secure)
 313:Drivers/CMSIS/Include/cmsis_gcc.h ****   \details Returns the current value of the non-secure Main Stack Pointer (MSP) when in secure stat
 314:Drivers/CMSIS/Include/cmsis_gcc.h ****   \return               MSP Register value
 315:Drivers/CMSIS/Include/cmsis_gcc.h ****  */
 316:Drivers/CMSIS/Include/cmsis_gcc.h **** __STATIC_FORCEINLINE uint32_t __TZ_get_MSP_NS(void)
 317:Drivers/CMSIS/Include/cmsis_gcc.h **** {
 318:Drivers/CMSIS/Include/cmsis_gcc.h ****   uint32_t result;
 319:Drivers/CMSIS/Include/cmsis_gcc.h **** 
ARM GAS  C:\Users\nakas\AppData\Local\Temp\ccIuqt5O.s 			page 16


 320:Drivers/CMSIS/Include/cmsis_gcc.h ****   __ASM volatile ("MRS %0, msp_ns" : "=r" (result) );
 321:Drivers/CMSIS/Include/cmsis_gcc.h ****   return(result);
 322:Drivers/CMSIS/Include/cmsis_gcc.h **** }
 323:Drivers/CMSIS/Include/cmsis_gcc.h **** #endif
 324:Drivers/CMSIS/Include/cmsis_gcc.h **** 
 325:Drivers/CMSIS/Include/cmsis_gcc.h **** 
 326:Drivers/CMSIS/Include/cmsis_gcc.h **** /**
 327:Drivers/CMSIS/Include/cmsis_gcc.h ****   \brief   Set Main Stack Pointer
 328:Drivers/CMSIS/Include/cmsis_gcc.h ****   \details Assigns the given value to the Main Stack Pointer (MSP).
 329:Drivers/CMSIS/Include/cmsis_gcc.h ****   \param [in]    topOfMainStack  Main Stack Pointer value to set
 330:Drivers/CMSIS/Include/cmsis_gcc.h ****  */
 331:Drivers/CMSIS/Include/cmsis_gcc.h **** __STATIC_FORCEINLINE void __set_MSP(uint32_t topOfMainStack)
 332:Drivers/CMSIS/Include/cmsis_gcc.h **** {
 333:Drivers/CMSIS/Include/cmsis_gcc.h ****   __ASM volatile ("MSR msp, %0" : : "r" (topOfMainStack) : );
 334:Drivers/CMSIS/Include/cmsis_gcc.h **** }
 335:Drivers/CMSIS/Include/cmsis_gcc.h **** 
 336:Drivers/CMSIS/Include/cmsis_gcc.h **** 
 337:Drivers/CMSIS/Include/cmsis_gcc.h **** #if (defined (__ARM_FEATURE_CMSE ) && (__ARM_FEATURE_CMSE == 3))
 338:Drivers/CMSIS/Include/cmsis_gcc.h **** /**
 339:Drivers/CMSIS/Include/cmsis_gcc.h ****   \brief   Set Main Stack Pointer (non-secure)
 340:Drivers/CMSIS/Include/cmsis_gcc.h ****   \details Assigns the given value to the non-secure Main Stack Pointer (MSP) when in secure state.
 341:Drivers/CMSIS/Include/cmsis_gcc.h ****   \param [in]    topOfMainStack  Main Stack Pointer value to set
 342:Drivers/CMSIS/Include/cmsis_gcc.h ****  */
 343:Drivers/CMSIS/Include/cmsis_gcc.h **** __STATIC_FORCEINLINE void __TZ_set_MSP_NS(uint32_t topOfMainStack)
 344:Drivers/CMSIS/Include/cmsis_gcc.h **** {
 345:Drivers/CMSIS/Include/cmsis_gcc.h ****   __ASM volatile ("MSR msp_ns, %0" : : "r" (topOfMainStack) : );
 346:Drivers/CMSIS/Include/cmsis_gcc.h **** }
 347:Drivers/CMSIS/Include/cmsis_gcc.h **** #endif
 348:Drivers/CMSIS/Include/cmsis_gcc.h **** 
 349:Drivers/CMSIS/Include/cmsis_gcc.h **** 
 350:Drivers/CMSIS/Include/cmsis_gcc.h **** #if (defined (__ARM_FEATURE_CMSE ) && (__ARM_FEATURE_CMSE == 3))
 351:Drivers/CMSIS/Include/cmsis_gcc.h **** /**
 352:Drivers/CMSIS/Include/cmsis_gcc.h ****   \brief   Get Stack Pointer (non-secure)
 353:Drivers/CMSIS/Include/cmsis_gcc.h ****   \details Returns the current value of the non-secure Stack Pointer (SP) when in secure state.
 354:Drivers/CMSIS/Include/cmsis_gcc.h ****   \return               SP Register value
 355:Drivers/CMSIS/Include/cmsis_gcc.h ****  */
 356:Drivers/CMSIS/Include/cmsis_gcc.h **** __STATIC_FORCEINLINE uint32_t __TZ_get_SP_NS(void)
 357:Drivers/CMSIS/Include/cmsis_gcc.h **** {
 358:Drivers/CMSIS/Include/cmsis_gcc.h ****   uint32_t result;
 359:Drivers/CMSIS/Include/cmsis_gcc.h **** 
 360:Drivers/CMSIS/Include/cmsis_gcc.h ****   __ASM volatile ("MRS %0, sp_ns" : "=r" (result) );
 361:Drivers/CMSIS/Include/cmsis_gcc.h ****   return(result);
 362:Drivers/CMSIS/Include/cmsis_gcc.h **** }
 363:Drivers/CMSIS/Include/cmsis_gcc.h **** 
 364:Drivers/CMSIS/Include/cmsis_gcc.h **** 
 365:Drivers/CMSIS/Include/cmsis_gcc.h **** /**
 366:Drivers/CMSIS/Include/cmsis_gcc.h ****   \brief   Set Stack Pointer (non-secure)
 367:Drivers/CMSIS/Include/cmsis_gcc.h ****   \details Assigns the given value to the non-secure Stack Pointer (SP) when in secure state.
 368:Drivers/CMSIS/Include/cmsis_gcc.h ****   \param [in]    topOfStack  Stack Pointer value to set
 369:Drivers/CMSIS/Include/cmsis_gcc.h ****  */
 370:Drivers/CMSIS/Include/cmsis_gcc.h **** __STATIC_FORCEINLINE void __TZ_set_SP_NS(uint32_t topOfStack)
 371:Drivers/CMSIS/Include/cmsis_gcc.h **** {
 372:Drivers/CMSIS/Include/cmsis_gcc.h ****   __ASM volatile ("MSR sp_ns, %0" : : "r" (topOfStack) : );
 373:Drivers/CMSIS/Include/cmsis_gcc.h **** }
 374:Drivers/CMSIS/Include/cmsis_gcc.h **** #endif
 375:Drivers/CMSIS/Include/cmsis_gcc.h **** 
 376:Drivers/CMSIS/Include/cmsis_gcc.h **** 
ARM GAS  C:\Users\nakas\AppData\Local\Temp\ccIuqt5O.s 			page 17


 377:Drivers/CMSIS/Include/cmsis_gcc.h **** /**
 378:Drivers/CMSIS/Include/cmsis_gcc.h ****   \brief   Get Priority Mask
 379:Drivers/CMSIS/Include/cmsis_gcc.h ****   \details Returns the current state of the priority mask bit from the Priority Mask Register.
 380:Drivers/CMSIS/Include/cmsis_gcc.h ****   \return               Priority Mask value
 381:Drivers/CMSIS/Include/cmsis_gcc.h ****  */
 382:Drivers/CMSIS/Include/cmsis_gcc.h **** __STATIC_FORCEINLINE uint32_t __get_PRIMASK(void)
 383:Drivers/CMSIS/Include/cmsis_gcc.h **** {
 384:Drivers/CMSIS/Include/cmsis_gcc.h ****   uint32_t result;
 385:Drivers/CMSIS/Include/cmsis_gcc.h **** 
 386:Drivers/CMSIS/Include/cmsis_gcc.h ****   __ASM volatile ("MRS %0, primask" : "=r" (result) :: "memory");
 387:Drivers/CMSIS/Include/cmsis_gcc.h ****   return(result);
 388:Drivers/CMSIS/Include/cmsis_gcc.h **** }
 389:Drivers/CMSIS/Include/cmsis_gcc.h **** 
 390:Drivers/CMSIS/Include/cmsis_gcc.h **** 
 391:Drivers/CMSIS/Include/cmsis_gcc.h **** #if (defined (__ARM_FEATURE_CMSE ) && (__ARM_FEATURE_CMSE == 3))
 392:Drivers/CMSIS/Include/cmsis_gcc.h **** /**
 393:Drivers/CMSIS/Include/cmsis_gcc.h ****   \brief   Get Priority Mask (non-secure)
 394:Drivers/CMSIS/Include/cmsis_gcc.h ****   \details Returns the current state of the non-secure priority mask bit from the Priority Mask Reg
 395:Drivers/CMSIS/Include/cmsis_gcc.h ****   \return               Priority Mask value
 396:Drivers/CMSIS/Include/cmsis_gcc.h ****  */
 397:Drivers/CMSIS/Include/cmsis_gcc.h **** __STATIC_FORCEINLINE uint32_t __TZ_get_PRIMASK_NS(void)
 398:Drivers/CMSIS/Include/cmsis_gcc.h **** {
 399:Drivers/CMSIS/Include/cmsis_gcc.h ****   uint32_t result;
 400:Drivers/CMSIS/Include/cmsis_gcc.h **** 
 401:Drivers/CMSIS/Include/cmsis_gcc.h ****   __ASM volatile ("MRS %0, primask_ns" : "=r" (result) :: "memory");
 402:Drivers/CMSIS/Include/cmsis_gcc.h ****   return(result);
 403:Drivers/CMSIS/Include/cmsis_gcc.h **** }
 404:Drivers/CMSIS/Include/cmsis_gcc.h **** #endif
 405:Drivers/CMSIS/Include/cmsis_gcc.h **** 
 406:Drivers/CMSIS/Include/cmsis_gcc.h **** 
 407:Drivers/CMSIS/Include/cmsis_gcc.h **** /**
 408:Drivers/CMSIS/Include/cmsis_gcc.h ****   \brief   Set Priority Mask
 409:Drivers/CMSIS/Include/cmsis_gcc.h ****   \details Assigns the given value to the Priority Mask Register.
 410:Drivers/CMSIS/Include/cmsis_gcc.h ****   \param [in]    priMask  Priority Mask
 411:Drivers/CMSIS/Include/cmsis_gcc.h ****  */
 412:Drivers/CMSIS/Include/cmsis_gcc.h **** __STATIC_FORCEINLINE void __set_PRIMASK(uint32_t priMask)
 413:Drivers/CMSIS/Include/cmsis_gcc.h **** {
 414:Drivers/CMSIS/Include/cmsis_gcc.h ****   __ASM volatile ("MSR primask, %0" : : "r" (priMask) : "memory");
 415:Drivers/CMSIS/Include/cmsis_gcc.h **** }
 416:Drivers/CMSIS/Include/cmsis_gcc.h **** 
 417:Drivers/CMSIS/Include/cmsis_gcc.h **** 
 418:Drivers/CMSIS/Include/cmsis_gcc.h **** #if (defined (__ARM_FEATURE_CMSE ) && (__ARM_FEATURE_CMSE == 3))
 419:Drivers/CMSIS/Include/cmsis_gcc.h **** /**
 420:Drivers/CMSIS/Include/cmsis_gcc.h ****   \brief   Set Priority Mask (non-secure)
 421:Drivers/CMSIS/Include/cmsis_gcc.h ****   \details Assigns the given value to the non-secure Priority Mask Register when in secure state.
 422:Drivers/CMSIS/Include/cmsis_gcc.h ****   \param [in]    priMask  Priority Mask
 423:Drivers/CMSIS/Include/cmsis_gcc.h ****  */
 424:Drivers/CMSIS/Include/cmsis_gcc.h **** __STATIC_FORCEINLINE void __TZ_set_PRIMASK_NS(uint32_t priMask)
 425:Drivers/CMSIS/Include/cmsis_gcc.h **** {
 426:Drivers/CMSIS/Include/cmsis_gcc.h ****   __ASM volatile ("MSR primask_ns, %0" : : "r" (priMask) : "memory");
 427:Drivers/CMSIS/Include/cmsis_gcc.h **** }
 428:Drivers/CMSIS/Include/cmsis_gcc.h **** #endif
 429:Drivers/CMSIS/Include/cmsis_gcc.h **** 
 430:Drivers/CMSIS/Include/cmsis_gcc.h **** 
 431:Drivers/CMSIS/Include/cmsis_gcc.h **** #if ((defined (__ARM_ARCH_7M__      ) && (__ARM_ARCH_7M__      == 1)) || \
 432:Drivers/CMSIS/Include/cmsis_gcc.h ****      (defined (__ARM_ARCH_7EM__     ) && (__ARM_ARCH_7EM__     == 1)) || \
 433:Drivers/CMSIS/Include/cmsis_gcc.h ****      (defined (__ARM_ARCH_8M_MAIN__ ) && (__ARM_ARCH_8M_MAIN__ == 1))    )
ARM GAS  C:\Users\nakas\AppData\Local\Temp\ccIuqt5O.s 			page 18


 434:Drivers/CMSIS/Include/cmsis_gcc.h **** /**
 435:Drivers/CMSIS/Include/cmsis_gcc.h ****   \brief   Enable FIQ
 436:Drivers/CMSIS/Include/cmsis_gcc.h ****   \details Enables FIQ interrupts by clearing the F-bit in the CPSR.
 437:Drivers/CMSIS/Include/cmsis_gcc.h ****            Can only be executed in Privileged modes.
 438:Drivers/CMSIS/Include/cmsis_gcc.h ****  */
 439:Drivers/CMSIS/Include/cmsis_gcc.h **** __STATIC_FORCEINLINE void __enable_fault_irq(void)
 440:Drivers/CMSIS/Include/cmsis_gcc.h **** {
 441:Drivers/CMSIS/Include/cmsis_gcc.h ****   __ASM volatile ("cpsie f" : : : "memory");
 442:Drivers/CMSIS/Include/cmsis_gcc.h **** }
 443:Drivers/CMSIS/Include/cmsis_gcc.h **** 
 444:Drivers/CMSIS/Include/cmsis_gcc.h **** 
 445:Drivers/CMSIS/Include/cmsis_gcc.h **** /**
 446:Drivers/CMSIS/Include/cmsis_gcc.h ****   \brief   Disable FIQ
 447:Drivers/CMSIS/Include/cmsis_gcc.h ****   \details Disables FIQ interrupts by setting the F-bit in the CPSR.
 448:Drivers/CMSIS/Include/cmsis_gcc.h ****            Can only be executed in Privileged modes.
 449:Drivers/CMSIS/Include/cmsis_gcc.h ****  */
 450:Drivers/CMSIS/Include/cmsis_gcc.h **** __STATIC_FORCEINLINE void __disable_fault_irq(void)
 451:Drivers/CMSIS/Include/cmsis_gcc.h **** {
 452:Drivers/CMSIS/Include/cmsis_gcc.h ****   __ASM volatile ("cpsid f" : : : "memory");
 453:Drivers/CMSIS/Include/cmsis_gcc.h **** }
 454:Drivers/CMSIS/Include/cmsis_gcc.h **** 
 455:Drivers/CMSIS/Include/cmsis_gcc.h **** 
 456:Drivers/CMSIS/Include/cmsis_gcc.h **** /**
 457:Drivers/CMSIS/Include/cmsis_gcc.h ****   \brief   Get Base Priority
 458:Drivers/CMSIS/Include/cmsis_gcc.h ****   \details Returns the current value of the Base Priority register.
 459:Drivers/CMSIS/Include/cmsis_gcc.h ****   \return               Base Priority register value
 460:Drivers/CMSIS/Include/cmsis_gcc.h ****  */
 461:Drivers/CMSIS/Include/cmsis_gcc.h **** __STATIC_FORCEINLINE uint32_t __get_BASEPRI(void)
 462:Drivers/CMSIS/Include/cmsis_gcc.h **** {
 463:Drivers/CMSIS/Include/cmsis_gcc.h ****   uint32_t result;
 464:Drivers/CMSIS/Include/cmsis_gcc.h **** 
 465:Drivers/CMSIS/Include/cmsis_gcc.h ****   __ASM volatile ("MRS %0, basepri" : "=r" (result) );
 466:Drivers/CMSIS/Include/cmsis_gcc.h ****   return(result);
 467:Drivers/CMSIS/Include/cmsis_gcc.h **** }
 468:Drivers/CMSIS/Include/cmsis_gcc.h **** 
 469:Drivers/CMSIS/Include/cmsis_gcc.h **** 
 470:Drivers/CMSIS/Include/cmsis_gcc.h **** #if (defined (__ARM_FEATURE_CMSE ) && (__ARM_FEATURE_CMSE == 3))
 471:Drivers/CMSIS/Include/cmsis_gcc.h **** /**
 472:Drivers/CMSIS/Include/cmsis_gcc.h ****   \brief   Get Base Priority (non-secure)
 473:Drivers/CMSIS/Include/cmsis_gcc.h ****   \details Returns the current value of the non-secure Base Priority register when in secure state.
 474:Drivers/CMSIS/Include/cmsis_gcc.h ****   \return               Base Priority register value
 475:Drivers/CMSIS/Include/cmsis_gcc.h ****  */
 476:Drivers/CMSIS/Include/cmsis_gcc.h **** __STATIC_FORCEINLINE uint32_t __TZ_get_BASEPRI_NS(void)
 477:Drivers/CMSIS/Include/cmsis_gcc.h **** {
 478:Drivers/CMSIS/Include/cmsis_gcc.h ****   uint32_t result;
 479:Drivers/CMSIS/Include/cmsis_gcc.h **** 
 480:Drivers/CMSIS/Include/cmsis_gcc.h ****   __ASM volatile ("MRS %0, basepri_ns" : "=r" (result) );
 481:Drivers/CMSIS/Include/cmsis_gcc.h ****   return(result);
 482:Drivers/CMSIS/Include/cmsis_gcc.h **** }
 483:Drivers/CMSIS/Include/cmsis_gcc.h **** #endif
 484:Drivers/CMSIS/Include/cmsis_gcc.h **** 
 485:Drivers/CMSIS/Include/cmsis_gcc.h **** 
 486:Drivers/CMSIS/Include/cmsis_gcc.h **** /**
 487:Drivers/CMSIS/Include/cmsis_gcc.h ****   \brief   Set Base Priority
 488:Drivers/CMSIS/Include/cmsis_gcc.h ****   \details Assigns the given value to the Base Priority register.
 489:Drivers/CMSIS/Include/cmsis_gcc.h ****   \param [in]    basePri  Base Priority value to set
 490:Drivers/CMSIS/Include/cmsis_gcc.h ****  */
ARM GAS  C:\Users\nakas\AppData\Local\Temp\ccIuqt5O.s 			page 19


 491:Drivers/CMSIS/Include/cmsis_gcc.h **** __STATIC_FORCEINLINE void __set_BASEPRI(uint32_t basePri)
 492:Drivers/CMSIS/Include/cmsis_gcc.h **** {
 493:Drivers/CMSIS/Include/cmsis_gcc.h ****   __ASM volatile ("MSR basepri, %0" : : "r" (basePri) : "memory");
 494:Drivers/CMSIS/Include/cmsis_gcc.h **** }
 495:Drivers/CMSIS/Include/cmsis_gcc.h **** 
 496:Drivers/CMSIS/Include/cmsis_gcc.h **** 
 497:Drivers/CMSIS/Include/cmsis_gcc.h **** #if (defined (__ARM_FEATURE_CMSE ) && (__ARM_FEATURE_CMSE == 3))
 498:Drivers/CMSIS/Include/cmsis_gcc.h **** /**
 499:Drivers/CMSIS/Include/cmsis_gcc.h ****   \brief   Set Base Priority (non-secure)
 500:Drivers/CMSIS/Include/cmsis_gcc.h ****   \details Assigns the given value to the non-secure Base Priority register when in secure state.
 501:Drivers/CMSIS/Include/cmsis_gcc.h ****   \param [in]    basePri  Base Priority value to set
 502:Drivers/CMSIS/Include/cmsis_gcc.h ****  */
 503:Drivers/CMSIS/Include/cmsis_gcc.h **** __STATIC_FORCEINLINE void __TZ_set_BASEPRI_NS(uint32_t basePri)
 504:Drivers/CMSIS/Include/cmsis_gcc.h **** {
 505:Drivers/CMSIS/Include/cmsis_gcc.h ****   __ASM volatile ("MSR basepri_ns, %0" : : "r" (basePri) : "memory");
 506:Drivers/CMSIS/Include/cmsis_gcc.h **** }
 507:Drivers/CMSIS/Include/cmsis_gcc.h **** #endif
 508:Drivers/CMSIS/Include/cmsis_gcc.h **** 
 509:Drivers/CMSIS/Include/cmsis_gcc.h **** 
 510:Drivers/CMSIS/Include/cmsis_gcc.h **** /**
 511:Drivers/CMSIS/Include/cmsis_gcc.h ****   \brief   Set Base Priority with condition
 512:Drivers/CMSIS/Include/cmsis_gcc.h ****   \details Assigns the given value to the Base Priority register only if BASEPRI masking is disable
 513:Drivers/CMSIS/Include/cmsis_gcc.h ****            or the new value increases the BASEPRI priority level.
 514:Drivers/CMSIS/Include/cmsis_gcc.h ****   \param [in]    basePri  Base Priority value to set
 515:Drivers/CMSIS/Include/cmsis_gcc.h ****  */
 516:Drivers/CMSIS/Include/cmsis_gcc.h **** __STATIC_FORCEINLINE void __set_BASEPRI_MAX(uint32_t basePri)
 517:Drivers/CMSIS/Include/cmsis_gcc.h **** {
 518:Drivers/CMSIS/Include/cmsis_gcc.h ****   __ASM volatile ("MSR basepri_max, %0" : : "r" (basePri) : "memory");
 519:Drivers/CMSIS/Include/cmsis_gcc.h **** }
 520:Drivers/CMSIS/Include/cmsis_gcc.h **** 
 521:Drivers/CMSIS/Include/cmsis_gcc.h **** 
 522:Drivers/CMSIS/Include/cmsis_gcc.h **** /**
 523:Drivers/CMSIS/Include/cmsis_gcc.h ****   \brief   Get Fault Mask
 524:Drivers/CMSIS/Include/cmsis_gcc.h ****   \details Returns the current value of the Fault Mask register.
 525:Drivers/CMSIS/Include/cmsis_gcc.h ****   \return               Fault Mask register value
 526:Drivers/CMSIS/Include/cmsis_gcc.h ****  */
 527:Drivers/CMSIS/Include/cmsis_gcc.h **** __STATIC_FORCEINLINE uint32_t __get_FAULTMASK(void)
 528:Drivers/CMSIS/Include/cmsis_gcc.h **** {
 529:Drivers/CMSIS/Include/cmsis_gcc.h ****   uint32_t result;
 530:Drivers/CMSIS/Include/cmsis_gcc.h **** 
 531:Drivers/CMSIS/Include/cmsis_gcc.h ****   __ASM volatile ("MRS %0, faultmask" : "=r" (result) );
 532:Drivers/CMSIS/Include/cmsis_gcc.h ****   return(result);
 533:Drivers/CMSIS/Include/cmsis_gcc.h **** }
 534:Drivers/CMSIS/Include/cmsis_gcc.h **** 
 535:Drivers/CMSIS/Include/cmsis_gcc.h **** 
 536:Drivers/CMSIS/Include/cmsis_gcc.h **** #if (defined (__ARM_FEATURE_CMSE ) && (__ARM_FEATURE_CMSE == 3))
 537:Drivers/CMSIS/Include/cmsis_gcc.h **** /**
 538:Drivers/CMSIS/Include/cmsis_gcc.h ****   \brief   Get Fault Mask (non-secure)
 539:Drivers/CMSIS/Include/cmsis_gcc.h ****   \details Returns the current value of the non-secure Fault Mask register when in secure state.
 540:Drivers/CMSIS/Include/cmsis_gcc.h ****   \return               Fault Mask register value
 541:Drivers/CMSIS/Include/cmsis_gcc.h ****  */
 542:Drivers/CMSIS/Include/cmsis_gcc.h **** __STATIC_FORCEINLINE uint32_t __TZ_get_FAULTMASK_NS(void)
 543:Drivers/CMSIS/Include/cmsis_gcc.h **** {
 544:Drivers/CMSIS/Include/cmsis_gcc.h ****   uint32_t result;
 545:Drivers/CMSIS/Include/cmsis_gcc.h **** 
 546:Drivers/CMSIS/Include/cmsis_gcc.h ****   __ASM volatile ("MRS %0, faultmask_ns" : "=r" (result) );
 547:Drivers/CMSIS/Include/cmsis_gcc.h ****   return(result);
ARM GAS  C:\Users\nakas\AppData\Local\Temp\ccIuqt5O.s 			page 20


 548:Drivers/CMSIS/Include/cmsis_gcc.h **** }
 549:Drivers/CMSIS/Include/cmsis_gcc.h **** #endif
 550:Drivers/CMSIS/Include/cmsis_gcc.h **** 
 551:Drivers/CMSIS/Include/cmsis_gcc.h **** 
 552:Drivers/CMSIS/Include/cmsis_gcc.h **** /**
 553:Drivers/CMSIS/Include/cmsis_gcc.h ****   \brief   Set Fault Mask
 554:Drivers/CMSIS/Include/cmsis_gcc.h ****   \details Assigns the given value to the Fault Mask register.
 555:Drivers/CMSIS/Include/cmsis_gcc.h ****   \param [in]    faultMask  Fault Mask value to set
 556:Drivers/CMSIS/Include/cmsis_gcc.h ****  */
 557:Drivers/CMSIS/Include/cmsis_gcc.h **** __STATIC_FORCEINLINE void __set_FAULTMASK(uint32_t faultMask)
 558:Drivers/CMSIS/Include/cmsis_gcc.h **** {
 559:Drivers/CMSIS/Include/cmsis_gcc.h ****   __ASM volatile ("MSR faultmask, %0" : : "r" (faultMask) : "memory");
 560:Drivers/CMSIS/Include/cmsis_gcc.h **** }
 561:Drivers/CMSIS/Include/cmsis_gcc.h **** 
 562:Drivers/CMSIS/Include/cmsis_gcc.h **** 
 563:Drivers/CMSIS/Include/cmsis_gcc.h **** #if (defined (__ARM_FEATURE_CMSE ) && (__ARM_FEATURE_CMSE == 3))
 564:Drivers/CMSIS/Include/cmsis_gcc.h **** /**
 565:Drivers/CMSIS/Include/cmsis_gcc.h ****   \brief   Set Fault Mask (non-secure)
 566:Drivers/CMSIS/Include/cmsis_gcc.h ****   \details Assigns the given value to the non-secure Fault Mask register when in secure state.
 567:Drivers/CMSIS/Include/cmsis_gcc.h ****   \param [in]    faultMask  Fault Mask value to set
 568:Drivers/CMSIS/Include/cmsis_gcc.h ****  */
 569:Drivers/CMSIS/Include/cmsis_gcc.h **** __STATIC_FORCEINLINE void __TZ_set_FAULTMASK_NS(uint32_t faultMask)
 570:Drivers/CMSIS/Include/cmsis_gcc.h **** {
 571:Drivers/CMSIS/Include/cmsis_gcc.h ****   __ASM volatile ("MSR faultmask_ns, %0" : : "r" (faultMask) : "memory");
 572:Drivers/CMSIS/Include/cmsis_gcc.h **** }
 573:Drivers/CMSIS/Include/cmsis_gcc.h **** #endif
 574:Drivers/CMSIS/Include/cmsis_gcc.h **** 
 575:Drivers/CMSIS/Include/cmsis_gcc.h **** #endif /* ((defined (__ARM_ARCH_7M__      ) && (__ARM_ARCH_7M__      == 1)) || \
 576:Drivers/CMSIS/Include/cmsis_gcc.h ****            (defined (__ARM_ARCH_7EM__     ) && (__ARM_ARCH_7EM__     == 1)) || \
 577:Drivers/CMSIS/Include/cmsis_gcc.h ****            (defined (__ARM_ARCH_8M_MAIN__ ) && (__ARM_ARCH_8M_MAIN__ == 1))    ) */
 578:Drivers/CMSIS/Include/cmsis_gcc.h **** 
 579:Drivers/CMSIS/Include/cmsis_gcc.h **** 
 580:Drivers/CMSIS/Include/cmsis_gcc.h **** #if ((defined (__ARM_ARCH_8M_MAIN__ ) && (__ARM_ARCH_8M_MAIN__ == 1)) || \
 581:Drivers/CMSIS/Include/cmsis_gcc.h ****      (defined (__ARM_ARCH_8M_BASE__ ) && (__ARM_ARCH_8M_BASE__ == 1))    )
 582:Drivers/CMSIS/Include/cmsis_gcc.h **** 
 583:Drivers/CMSIS/Include/cmsis_gcc.h **** /**
 584:Drivers/CMSIS/Include/cmsis_gcc.h ****   \brief   Get Process Stack Pointer Limit
 585:Drivers/CMSIS/Include/cmsis_gcc.h ****   Devices without ARMv8-M Main Extensions (i.e. Cortex-M23) lack the non-secure
 586:Drivers/CMSIS/Include/cmsis_gcc.h ****   Stack Pointer Limit register hence zero is returned always in non-secure
 587:Drivers/CMSIS/Include/cmsis_gcc.h ****   mode.
 588:Drivers/CMSIS/Include/cmsis_gcc.h ****   
 589:Drivers/CMSIS/Include/cmsis_gcc.h ****   \details Returns the current value of the Process Stack Pointer Limit (PSPLIM).
 590:Drivers/CMSIS/Include/cmsis_gcc.h ****   \return               PSPLIM Register value
 591:Drivers/CMSIS/Include/cmsis_gcc.h ****  */
 592:Drivers/CMSIS/Include/cmsis_gcc.h **** __STATIC_FORCEINLINE uint32_t __get_PSPLIM(void)
 593:Drivers/CMSIS/Include/cmsis_gcc.h **** {
 594:Drivers/CMSIS/Include/cmsis_gcc.h **** #if (!(defined (__ARM_ARCH_8M_MAIN__ ) && (__ARM_ARCH_8M_MAIN__ == 1)) && \
 595:Drivers/CMSIS/Include/cmsis_gcc.h ****     (!defined (__ARM_FEATURE_CMSE) || (__ARM_FEATURE_CMSE < 3)))
 596:Drivers/CMSIS/Include/cmsis_gcc.h ****     // without main extensions, the non-secure PSPLIM is RAZ/WI
 597:Drivers/CMSIS/Include/cmsis_gcc.h ****   return 0U;
 598:Drivers/CMSIS/Include/cmsis_gcc.h **** #else
 599:Drivers/CMSIS/Include/cmsis_gcc.h ****   uint32_t result;
 600:Drivers/CMSIS/Include/cmsis_gcc.h ****   __ASM volatile ("MRS %0, psplim"  : "=r" (result) );
 601:Drivers/CMSIS/Include/cmsis_gcc.h ****   return result;
 602:Drivers/CMSIS/Include/cmsis_gcc.h **** #endif
 603:Drivers/CMSIS/Include/cmsis_gcc.h **** }
 604:Drivers/CMSIS/Include/cmsis_gcc.h **** 
ARM GAS  C:\Users\nakas\AppData\Local\Temp\ccIuqt5O.s 			page 21


 605:Drivers/CMSIS/Include/cmsis_gcc.h **** #if (defined (__ARM_FEATURE_CMSE) && (__ARM_FEATURE_CMSE == 3))
 606:Drivers/CMSIS/Include/cmsis_gcc.h **** /**
 607:Drivers/CMSIS/Include/cmsis_gcc.h ****   \brief   Get Process Stack Pointer Limit (non-secure)
 608:Drivers/CMSIS/Include/cmsis_gcc.h ****   Devices without ARMv8-M Main Extensions (i.e. Cortex-M23) lack the non-secure
 609:Drivers/CMSIS/Include/cmsis_gcc.h ****   Stack Pointer Limit register hence zero is returned always.
 610:Drivers/CMSIS/Include/cmsis_gcc.h **** 
 611:Drivers/CMSIS/Include/cmsis_gcc.h ****   \details Returns the current value of the non-secure Process Stack Pointer Limit (PSPLIM) when in
 612:Drivers/CMSIS/Include/cmsis_gcc.h ****   \return               PSPLIM Register value
 613:Drivers/CMSIS/Include/cmsis_gcc.h ****  */
 614:Drivers/CMSIS/Include/cmsis_gcc.h **** __STATIC_FORCEINLINE uint32_t __TZ_get_PSPLIM_NS(void)
 615:Drivers/CMSIS/Include/cmsis_gcc.h **** {
 616:Drivers/CMSIS/Include/cmsis_gcc.h **** #if (!(defined (__ARM_ARCH_8M_MAIN__ ) && (__ARM_ARCH_8M_MAIN__ == 1)))
 617:Drivers/CMSIS/Include/cmsis_gcc.h ****   // without main extensions, the non-secure PSPLIM is RAZ/WI
 618:Drivers/CMSIS/Include/cmsis_gcc.h ****   return 0U;
 619:Drivers/CMSIS/Include/cmsis_gcc.h **** #else
 620:Drivers/CMSIS/Include/cmsis_gcc.h ****   uint32_t result;
 621:Drivers/CMSIS/Include/cmsis_gcc.h ****   __ASM volatile ("MRS %0, psplim_ns"  : "=r" (result) );
 622:Drivers/CMSIS/Include/cmsis_gcc.h ****   return result;
 623:Drivers/CMSIS/Include/cmsis_gcc.h **** #endif
 624:Drivers/CMSIS/Include/cmsis_gcc.h **** }
 625:Drivers/CMSIS/Include/cmsis_gcc.h **** #endif
 626:Drivers/CMSIS/Include/cmsis_gcc.h **** 
 627:Drivers/CMSIS/Include/cmsis_gcc.h **** 
 628:Drivers/CMSIS/Include/cmsis_gcc.h **** /**
 629:Drivers/CMSIS/Include/cmsis_gcc.h ****   \brief   Set Process Stack Pointer Limit
 630:Drivers/CMSIS/Include/cmsis_gcc.h ****   Devices without ARMv8-M Main Extensions (i.e. Cortex-M23) lack the non-secure
 631:Drivers/CMSIS/Include/cmsis_gcc.h ****   Stack Pointer Limit register hence the write is silently ignored in non-secure
 632:Drivers/CMSIS/Include/cmsis_gcc.h ****   mode.
 633:Drivers/CMSIS/Include/cmsis_gcc.h ****   
 634:Drivers/CMSIS/Include/cmsis_gcc.h ****   \details Assigns the given value to the Process Stack Pointer Limit (PSPLIM).
 635:Drivers/CMSIS/Include/cmsis_gcc.h ****   \param [in]    ProcStackPtrLimit  Process Stack Pointer Limit value to set
 636:Drivers/CMSIS/Include/cmsis_gcc.h ****  */
 637:Drivers/CMSIS/Include/cmsis_gcc.h **** __STATIC_FORCEINLINE void __set_PSPLIM(uint32_t ProcStackPtrLimit)
 638:Drivers/CMSIS/Include/cmsis_gcc.h **** {
 639:Drivers/CMSIS/Include/cmsis_gcc.h **** #if (!(defined (__ARM_ARCH_8M_MAIN__ ) && (__ARM_ARCH_8M_MAIN__ == 1)) && \
 640:Drivers/CMSIS/Include/cmsis_gcc.h ****     (!defined (__ARM_FEATURE_CMSE) || (__ARM_FEATURE_CMSE < 3)))
 641:Drivers/CMSIS/Include/cmsis_gcc.h ****   // without main extensions, the non-secure PSPLIM is RAZ/WI
 642:Drivers/CMSIS/Include/cmsis_gcc.h ****   (void)ProcStackPtrLimit;
 643:Drivers/CMSIS/Include/cmsis_gcc.h **** #else
 644:Drivers/CMSIS/Include/cmsis_gcc.h ****   __ASM volatile ("MSR psplim, %0" : : "r" (ProcStackPtrLimit));
 645:Drivers/CMSIS/Include/cmsis_gcc.h **** #endif
 646:Drivers/CMSIS/Include/cmsis_gcc.h **** }
 647:Drivers/CMSIS/Include/cmsis_gcc.h **** 
 648:Drivers/CMSIS/Include/cmsis_gcc.h **** 
 649:Drivers/CMSIS/Include/cmsis_gcc.h **** #if (defined (__ARM_FEATURE_CMSE  ) && (__ARM_FEATURE_CMSE   == 3))
 650:Drivers/CMSIS/Include/cmsis_gcc.h **** /**
 651:Drivers/CMSIS/Include/cmsis_gcc.h ****   \brief   Set Process Stack Pointer (non-secure)
 652:Drivers/CMSIS/Include/cmsis_gcc.h ****   Devices without ARMv8-M Main Extensions (i.e. Cortex-M23) lack the non-secure
 653:Drivers/CMSIS/Include/cmsis_gcc.h ****   Stack Pointer Limit register hence the write is silently ignored.
 654:Drivers/CMSIS/Include/cmsis_gcc.h **** 
 655:Drivers/CMSIS/Include/cmsis_gcc.h ****   \details Assigns the given value to the non-secure Process Stack Pointer Limit (PSPLIM) when in s
 656:Drivers/CMSIS/Include/cmsis_gcc.h ****   \param [in]    ProcStackPtrLimit  Process Stack Pointer Limit value to set
 657:Drivers/CMSIS/Include/cmsis_gcc.h ****  */
 658:Drivers/CMSIS/Include/cmsis_gcc.h **** __STATIC_FORCEINLINE void __TZ_set_PSPLIM_NS(uint32_t ProcStackPtrLimit)
 659:Drivers/CMSIS/Include/cmsis_gcc.h **** {
 660:Drivers/CMSIS/Include/cmsis_gcc.h **** #if (!(defined (__ARM_ARCH_8M_MAIN__ ) && (__ARM_ARCH_8M_MAIN__ == 1)))
 661:Drivers/CMSIS/Include/cmsis_gcc.h ****   // without main extensions, the non-secure PSPLIM is RAZ/WI
ARM GAS  C:\Users\nakas\AppData\Local\Temp\ccIuqt5O.s 			page 22


 662:Drivers/CMSIS/Include/cmsis_gcc.h ****   (void)ProcStackPtrLimit;
 663:Drivers/CMSIS/Include/cmsis_gcc.h **** #else
 664:Drivers/CMSIS/Include/cmsis_gcc.h ****   __ASM volatile ("MSR psplim_ns, %0\n" : : "r" (ProcStackPtrLimit));
 665:Drivers/CMSIS/Include/cmsis_gcc.h **** #endif
 666:Drivers/CMSIS/Include/cmsis_gcc.h **** }
 667:Drivers/CMSIS/Include/cmsis_gcc.h **** #endif
 668:Drivers/CMSIS/Include/cmsis_gcc.h **** 
 669:Drivers/CMSIS/Include/cmsis_gcc.h **** 
 670:Drivers/CMSIS/Include/cmsis_gcc.h **** /**
 671:Drivers/CMSIS/Include/cmsis_gcc.h ****   \brief   Get Main Stack Pointer Limit
 672:Drivers/CMSIS/Include/cmsis_gcc.h ****   Devices without ARMv8-M Main Extensions (i.e. Cortex-M23) lack the non-secure
 673:Drivers/CMSIS/Include/cmsis_gcc.h ****   Stack Pointer Limit register hence zero is returned always in non-secure
 674:Drivers/CMSIS/Include/cmsis_gcc.h ****   mode.
 675:Drivers/CMSIS/Include/cmsis_gcc.h **** 
 676:Drivers/CMSIS/Include/cmsis_gcc.h ****   \details Returns the current value of the Main Stack Pointer Limit (MSPLIM).
 677:Drivers/CMSIS/Include/cmsis_gcc.h ****   \return               MSPLIM Register value
 678:Drivers/CMSIS/Include/cmsis_gcc.h ****  */
 679:Drivers/CMSIS/Include/cmsis_gcc.h **** __STATIC_FORCEINLINE uint32_t __get_MSPLIM(void)
 680:Drivers/CMSIS/Include/cmsis_gcc.h **** {
 681:Drivers/CMSIS/Include/cmsis_gcc.h **** #if (!(defined (__ARM_ARCH_8M_MAIN__ ) && (__ARM_ARCH_8M_MAIN__ == 1)) && \
 682:Drivers/CMSIS/Include/cmsis_gcc.h ****     (!defined (__ARM_FEATURE_CMSE) || (__ARM_FEATURE_CMSE < 3)))
 683:Drivers/CMSIS/Include/cmsis_gcc.h ****   // without main extensions, the non-secure MSPLIM is RAZ/WI
 684:Drivers/CMSIS/Include/cmsis_gcc.h ****   return 0U;
 685:Drivers/CMSIS/Include/cmsis_gcc.h **** #else
 686:Drivers/CMSIS/Include/cmsis_gcc.h ****   uint32_t result;
 687:Drivers/CMSIS/Include/cmsis_gcc.h ****   __ASM volatile ("MRS %0, msplim" : "=r" (result) );
 688:Drivers/CMSIS/Include/cmsis_gcc.h ****   return result;
 689:Drivers/CMSIS/Include/cmsis_gcc.h **** #endif
 690:Drivers/CMSIS/Include/cmsis_gcc.h **** }
 691:Drivers/CMSIS/Include/cmsis_gcc.h **** 
 692:Drivers/CMSIS/Include/cmsis_gcc.h **** 
 693:Drivers/CMSIS/Include/cmsis_gcc.h **** #if (defined (__ARM_FEATURE_CMSE  ) && (__ARM_FEATURE_CMSE   == 3))
 694:Drivers/CMSIS/Include/cmsis_gcc.h **** /**
 695:Drivers/CMSIS/Include/cmsis_gcc.h ****   \brief   Get Main Stack Pointer Limit (non-secure)
 696:Drivers/CMSIS/Include/cmsis_gcc.h ****   Devices without ARMv8-M Main Extensions (i.e. Cortex-M23) lack the non-secure
 697:Drivers/CMSIS/Include/cmsis_gcc.h ****   Stack Pointer Limit register hence zero is returned always.
 698:Drivers/CMSIS/Include/cmsis_gcc.h **** 
 699:Drivers/CMSIS/Include/cmsis_gcc.h ****   \details Returns the current value of the non-secure Main Stack Pointer Limit(MSPLIM) when in sec
 700:Drivers/CMSIS/Include/cmsis_gcc.h ****   \return               MSPLIM Register value
 701:Drivers/CMSIS/Include/cmsis_gcc.h ****  */
 702:Drivers/CMSIS/Include/cmsis_gcc.h **** __STATIC_FORCEINLINE uint32_t __TZ_get_MSPLIM_NS(void)
 703:Drivers/CMSIS/Include/cmsis_gcc.h **** {
 704:Drivers/CMSIS/Include/cmsis_gcc.h **** #if (!(defined (__ARM_ARCH_8M_MAIN__ ) && (__ARM_ARCH_8M_MAIN__ == 1)))
 705:Drivers/CMSIS/Include/cmsis_gcc.h ****   // without main extensions, the non-secure MSPLIM is RAZ/WI
 706:Drivers/CMSIS/Include/cmsis_gcc.h ****   return 0U;
 707:Drivers/CMSIS/Include/cmsis_gcc.h **** #else
 708:Drivers/CMSIS/Include/cmsis_gcc.h ****   uint32_t result;
 709:Drivers/CMSIS/Include/cmsis_gcc.h ****   __ASM volatile ("MRS %0, msplim_ns" : "=r" (result) );
 710:Drivers/CMSIS/Include/cmsis_gcc.h ****   return result;
 711:Drivers/CMSIS/Include/cmsis_gcc.h **** #endif
 712:Drivers/CMSIS/Include/cmsis_gcc.h **** }
 713:Drivers/CMSIS/Include/cmsis_gcc.h **** #endif
 714:Drivers/CMSIS/Include/cmsis_gcc.h **** 
 715:Drivers/CMSIS/Include/cmsis_gcc.h **** 
 716:Drivers/CMSIS/Include/cmsis_gcc.h **** /**
 717:Drivers/CMSIS/Include/cmsis_gcc.h ****   \brief   Set Main Stack Pointer Limit
 718:Drivers/CMSIS/Include/cmsis_gcc.h ****   Devices without ARMv8-M Main Extensions (i.e. Cortex-M23) lack the non-secure
ARM GAS  C:\Users\nakas\AppData\Local\Temp\ccIuqt5O.s 			page 23


 719:Drivers/CMSIS/Include/cmsis_gcc.h ****   Stack Pointer Limit register hence the write is silently ignored in non-secure
 720:Drivers/CMSIS/Include/cmsis_gcc.h ****   mode.
 721:Drivers/CMSIS/Include/cmsis_gcc.h **** 
 722:Drivers/CMSIS/Include/cmsis_gcc.h ****   \details Assigns the given value to the Main Stack Pointer Limit (MSPLIM).
 723:Drivers/CMSIS/Include/cmsis_gcc.h ****   \param [in]    MainStackPtrLimit  Main Stack Pointer Limit value to set
 724:Drivers/CMSIS/Include/cmsis_gcc.h ****  */
 725:Drivers/CMSIS/Include/cmsis_gcc.h **** __STATIC_FORCEINLINE void __set_MSPLIM(uint32_t MainStackPtrLimit)
 726:Drivers/CMSIS/Include/cmsis_gcc.h **** {
 727:Drivers/CMSIS/Include/cmsis_gcc.h **** #if (!(defined (__ARM_ARCH_8M_MAIN__ ) && (__ARM_ARCH_8M_MAIN__ == 1)) && \
 728:Drivers/CMSIS/Include/cmsis_gcc.h ****     (!defined (__ARM_FEATURE_CMSE) || (__ARM_FEATURE_CMSE < 3)))
 729:Drivers/CMSIS/Include/cmsis_gcc.h ****   // without main extensions, the non-secure MSPLIM is RAZ/WI
 730:Drivers/CMSIS/Include/cmsis_gcc.h ****   (void)MainStackPtrLimit;
 731:Drivers/CMSIS/Include/cmsis_gcc.h **** #else
 732:Drivers/CMSIS/Include/cmsis_gcc.h ****   __ASM volatile ("MSR msplim, %0" : : "r" (MainStackPtrLimit));
 733:Drivers/CMSIS/Include/cmsis_gcc.h **** #endif
 734:Drivers/CMSIS/Include/cmsis_gcc.h **** }
 735:Drivers/CMSIS/Include/cmsis_gcc.h **** 
 736:Drivers/CMSIS/Include/cmsis_gcc.h **** 
 737:Drivers/CMSIS/Include/cmsis_gcc.h **** #if (defined (__ARM_FEATURE_CMSE  ) && (__ARM_FEATURE_CMSE   == 3))
 738:Drivers/CMSIS/Include/cmsis_gcc.h **** /**
 739:Drivers/CMSIS/Include/cmsis_gcc.h ****   \brief   Set Main Stack Pointer Limit (non-secure)
 740:Drivers/CMSIS/Include/cmsis_gcc.h ****   Devices without ARMv8-M Main Extensions (i.e. Cortex-M23) lack the non-secure
 741:Drivers/CMSIS/Include/cmsis_gcc.h ****   Stack Pointer Limit register hence the write is silently ignored.
 742:Drivers/CMSIS/Include/cmsis_gcc.h **** 
 743:Drivers/CMSIS/Include/cmsis_gcc.h ****   \details Assigns the given value to the non-secure Main Stack Pointer Limit (MSPLIM) when in secu
 744:Drivers/CMSIS/Include/cmsis_gcc.h ****   \param [in]    MainStackPtrLimit  Main Stack Pointer value to set
 745:Drivers/CMSIS/Include/cmsis_gcc.h ****  */
 746:Drivers/CMSIS/Include/cmsis_gcc.h **** __STATIC_FORCEINLINE void __TZ_set_MSPLIM_NS(uint32_t MainStackPtrLimit)
 747:Drivers/CMSIS/Include/cmsis_gcc.h **** {
 748:Drivers/CMSIS/Include/cmsis_gcc.h **** #if (!(defined (__ARM_ARCH_8M_MAIN__ ) && (__ARM_ARCH_8M_MAIN__ == 1)))
 749:Drivers/CMSIS/Include/cmsis_gcc.h ****   // without main extensions, the non-secure MSPLIM is RAZ/WI
 750:Drivers/CMSIS/Include/cmsis_gcc.h ****   (void)MainStackPtrLimit;
 751:Drivers/CMSIS/Include/cmsis_gcc.h **** #else
 752:Drivers/CMSIS/Include/cmsis_gcc.h ****   __ASM volatile ("MSR msplim_ns, %0" : : "r" (MainStackPtrLimit));
 753:Drivers/CMSIS/Include/cmsis_gcc.h **** #endif
 754:Drivers/CMSIS/Include/cmsis_gcc.h **** }
 755:Drivers/CMSIS/Include/cmsis_gcc.h **** #endif
 756:Drivers/CMSIS/Include/cmsis_gcc.h **** 
 757:Drivers/CMSIS/Include/cmsis_gcc.h **** #endif /* ((defined (__ARM_ARCH_8M_MAIN__ ) && (__ARM_ARCH_8M_MAIN__ == 1)) || \
 758:Drivers/CMSIS/Include/cmsis_gcc.h ****            (defined (__ARM_ARCH_8M_BASE__ ) && (__ARM_ARCH_8M_BASE__ == 1))    ) */
 759:Drivers/CMSIS/Include/cmsis_gcc.h **** 
 760:Drivers/CMSIS/Include/cmsis_gcc.h **** 
 761:Drivers/CMSIS/Include/cmsis_gcc.h **** /**
 762:Drivers/CMSIS/Include/cmsis_gcc.h ****   \brief   Get FPSCR
 763:Drivers/CMSIS/Include/cmsis_gcc.h ****   \details Returns the current value of the Floating Point Status/Control register.
 764:Drivers/CMSIS/Include/cmsis_gcc.h ****   \return               Floating Point Status/Control register value
 765:Drivers/CMSIS/Include/cmsis_gcc.h ****  */
 766:Drivers/CMSIS/Include/cmsis_gcc.h **** __STATIC_FORCEINLINE uint32_t __get_FPSCR(void)
 767:Drivers/CMSIS/Include/cmsis_gcc.h **** {
 768:Drivers/CMSIS/Include/cmsis_gcc.h **** #if ((defined (__FPU_PRESENT) && (__FPU_PRESENT == 1U)) && \
 769:Drivers/CMSIS/Include/cmsis_gcc.h ****      (defined (__FPU_USED   ) && (__FPU_USED    == 1U))     )
 770:Drivers/CMSIS/Include/cmsis_gcc.h **** #if __has_builtin(__builtin_arm_get_fpscr) 
 771:Drivers/CMSIS/Include/cmsis_gcc.h **** // Re-enable using built-in when GCC has been fixed
 772:Drivers/CMSIS/Include/cmsis_gcc.h **** // || (__GNUC__ > 7) || (__GNUC__ == 7 && __GNUC_MINOR__ >= 2)
 773:Drivers/CMSIS/Include/cmsis_gcc.h ****   /* see https://gcc.gnu.org/ml/gcc-patches/2017-04/msg00443.html */
 774:Drivers/CMSIS/Include/cmsis_gcc.h ****   return __builtin_arm_get_fpscr();
 775:Drivers/CMSIS/Include/cmsis_gcc.h **** #else
ARM GAS  C:\Users\nakas\AppData\Local\Temp\ccIuqt5O.s 			page 24


 776:Drivers/CMSIS/Include/cmsis_gcc.h ****   uint32_t result;
 777:Drivers/CMSIS/Include/cmsis_gcc.h **** 
 778:Drivers/CMSIS/Include/cmsis_gcc.h ****   __ASM volatile ("VMRS %0, fpscr" : "=r" (result) );
 779:Drivers/CMSIS/Include/cmsis_gcc.h ****   return(result);
 780:Drivers/CMSIS/Include/cmsis_gcc.h **** #endif
 781:Drivers/CMSIS/Include/cmsis_gcc.h **** #else
 782:Drivers/CMSIS/Include/cmsis_gcc.h ****   return(0U);
 783:Drivers/CMSIS/Include/cmsis_gcc.h **** #endif
 784:Drivers/CMSIS/Include/cmsis_gcc.h **** }
 785:Drivers/CMSIS/Include/cmsis_gcc.h **** 
 786:Drivers/CMSIS/Include/cmsis_gcc.h **** 
 787:Drivers/CMSIS/Include/cmsis_gcc.h **** /**
 788:Drivers/CMSIS/Include/cmsis_gcc.h ****   \brief   Set FPSCR
 789:Drivers/CMSIS/Include/cmsis_gcc.h ****   \details Assigns the given value to the Floating Point Status/Control register.
 790:Drivers/CMSIS/Include/cmsis_gcc.h ****   \param [in]    fpscr  Floating Point Status/Control value to set
 791:Drivers/CMSIS/Include/cmsis_gcc.h ****  */
 792:Drivers/CMSIS/Include/cmsis_gcc.h **** __STATIC_FORCEINLINE void __set_FPSCR(uint32_t fpscr)
 793:Drivers/CMSIS/Include/cmsis_gcc.h **** {
 794:Drivers/CMSIS/Include/cmsis_gcc.h **** #if ((defined (__FPU_PRESENT) && (__FPU_PRESENT == 1U)) && \
 795:Drivers/CMSIS/Include/cmsis_gcc.h ****      (defined (__FPU_USED   ) && (__FPU_USED    == 1U))     )
 796:Drivers/CMSIS/Include/cmsis_gcc.h **** #if __has_builtin(__builtin_arm_set_fpscr)
 797:Drivers/CMSIS/Include/cmsis_gcc.h **** // Re-enable using built-in when GCC has been fixed
 798:Drivers/CMSIS/Include/cmsis_gcc.h **** // || (__GNUC__ > 7) || (__GNUC__ == 7 && __GNUC_MINOR__ >= 2)
 799:Drivers/CMSIS/Include/cmsis_gcc.h ****   /* see https://gcc.gnu.org/ml/gcc-patches/2017-04/msg00443.html */
 800:Drivers/CMSIS/Include/cmsis_gcc.h ****   __builtin_arm_set_fpscr(fpscr);
 801:Drivers/CMSIS/Include/cmsis_gcc.h **** #else
 802:Drivers/CMSIS/Include/cmsis_gcc.h ****   __ASM volatile ("VMSR fpscr, %0" : : "r" (fpscr) : "vfpcc", "memory");
 803:Drivers/CMSIS/Include/cmsis_gcc.h **** #endif
 804:Drivers/CMSIS/Include/cmsis_gcc.h **** #else
 805:Drivers/CMSIS/Include/cmsis_gcc.h ****   (void)fpscr;
 806:Drivers/CMSIS/Include/cmsis_gcc.h **** #endif
 807:Drivers/CMSIS/Include/cmsis_gcc.h **** }
 808:Drivers/CMSIS/Include/cmsis_gcc.h **** 
 809:Drivers/CMSIS/Include/cmsis_gcc.h **** 
 810:Drivers/CMSIS/Include/cmsis_gcc.h **** /*@} end of CMSIS_Core_RegAccFunctions */
 811:Drivers/CMSIS/Include/cmsis_gcc.h **** 
 812:Drivers/CMSIS/Include/cmsis_gcc.h **** 
 813:Drivers/CMSIS/Include/cmsis_gcc.h **** /* ##########################  Core Instruction Access  ######################### */
 814:Drivers/CMSIS/Include/cmsis_gcc.h **** /** \defgroup CMSIS_Core_InstructionInterface CMSIS Core Instruction Interface
 815:Drivers/CMSIS/Include/cmsis_gcc.h ****   Access to dedicated instructions
 816:Drivers/CMSIS/Include/cmsis_gcc.h ****   @{
 817:Drivers/CMSIS/Include/cmsis_gcc.h **** */
 818:Drivers/CMSIS/Include/cmsis_gcc.h **** 
 819:Drivers/CMSIS/Include/cmsis_gcc.h **** /* Define macros for porting to both thumb1 and thumb2.
 820:Drivers/CMSIS/Include/cmsis_gcc.h ****  * For thumb1, use low register (r0-r7), specified by constraint "l"
 821:Drivers/CMSIS/Include/cmsis_gcc.h ****  * Otherwise, use general registers, specified by constraint "r" */
 822:Drivers/CMSIS/Include/cmsis_gcc.h **** #if defined (__thumb__) && !defined (__thumb2__)
 823:Drivers/CMSIS/Include/cmsis_gcc.h **** #define __CMSIS_GCC_OUT_REG(r) "=l" (r)
 824:Drivers/CMSIS/Include/cmsis_gcc.h **** #define __CMSIS_GCC_RW_REG(r) "+l" (r)
 825:Drivers/CMSIS/Include/cmsis_gcc.h **** #define __CMSIS_GCC_USE_REG(r) "l" (r)
 826:Drivers/CMSIS/Include/cmsis_gcc.h **** #else
 827:Drivers/CMSIS/Include/cmsis_gcc.h **** #define __CMSIS_GCC_OUT_REG(r) "=r" (r)
 828:Drivers/CMSIS/Include/cmsis_gcc.h **** #define __CMSIS_GCC_RW_REG(r) "+r" (r)
 829:Drivers/CMSIS/Include/cmsis_gcc.h **** #define __CMSIS_GCC_USE_REG(r) "r" (r)
 830:Drivers/CMSIS/Include/cmsis_gcc.h **** #endif
 831:Drivers/CMSIS/Include/cmsis_gcc.h **** 
 832:Drivers/CMSIS/Include/cmsis_gcc.h **** /**
ARM GAS  C:\Users\nakas\AppData\Local\Temp\ccIuqt5O.s 			page 25


 833:Drivers/CMSIS/Include/cmsis_gcc.h ****   \brief   No Operation
 834:Drivers/CMSIS/Include/cmsis_gcc.h ****   \details No Operation does nothing. This instruction can be used for code alignment purposes.
 835:Drivers/CMSIS/Include/cmsis_gcc.h ****  */
 836:Drivers/CMSIS/Include/cmsis_gcc.h **** #define __NOP()                             __ASM volatile ("nop")
 837:Drivers/CMSIS/Include/cmsis_gcc.h **** 
 838:Drivers/CMSIS/Include/cmsis_gcc.h **** /**
 839:Drivers/CMSIS/Include/cmsis_gcc.h ****   \brief   Wait For Interrupt
 840:Drivers/CMSIS/Include/cmsis_gcc.h ****   \details Wait For Interrupt is a hint instruction that suspends execution until one of a number o
 841:Drivers/CMSIS/Include/cmsis_gcc.h ****  */
 842:Drivers/CMSIS/Include/cmsis_gcc.h **** #define __WFI()                             __ASM volatile ("wfi")
 843:Drivers/CMSIS/Include/cmsis_gcc.h **** 
 844:Drivers/CMSIS/Include/cmsis_gcc.h **** 
 845:Drivers/CMSIS/Include/cmsis_gcc.h **** /**
 846:Drivers/CMSIS/Include/cmsis_gcc.h ****   \brief   Wait For Event
 847:Drivers/CMSIS/Include/cmsis_gcc.h ****   \details Wait For Event is a hint instruction that permits the processor to enter
 848:Drivers/CMSIS/Include/cmsis_gcc.h ****            a low-power state until one of a number of events occurs.
 849:Drivers/CMSIS/Include/cmsis_gcc.h ****  */
 850:Drivers/CMSIS/Include/cmsis_gcc.h **** #define __WFE()                             __ASM volatile ("wfe")
 851:Drivers/CMSIS/Include/cmsis_gcc.h **** 
 852:Drivers/CMSIS/Include/cmsis_gcc.h **** 
 853:Drivers/CMSIS/Include/cmsis_gcc.h **** /**
 854:Drivers/CMSIS/Include/cmsis_gcc.h ****   \brief   Send Event
 855:Drivers/CMSIS/Include/cmsis_gcc.h ****   \details Send Event is a hint instruction. It causes an event to be signaled to the CPU.
 856:Drivers/CMSIS/Include/cmsis_gcc.h ****  */
 857:Drivers/CMSIS/Include/cmsis_gcc.h **** #define __SEV()                             __ASM volatile ("sev")
 858:Drivers/CMSIS/Include/cmsis_gcc.h **** 
 859:Drivers/CMSIS/Include/cmsis_gcc.h **** 
 860:Drivers/CMSIS/Include/cmsis_gcc.h **** /**
 861:Drivers/CMSIS/Include/cmsis_gcc.h ****   \brief   Instruction Synchronization Barrier
 862:Drivers/CMSIS/Include/cmsis_gcc.h ****   \details Instruction Synchronization Barrier flushes the pipeline in the processor,
 863:Drivers/CMSIS/Include/cmsis_gcc.h ****            so that all instructions following the ISB are fetched from cache or memory,
 864:Drivers/CMSIS/Include/cmsis_gcc.h ****            after the instruction has been completed.
 865:Drivers/CMSIS/Include/cmsis_gcc.h ****  */
 866:Drivers/CMSIS/Include/cmsis_gcc.h **** __STATIC_FORCEINLINE void __ISB(void)
 867:Drivers/CMSIS/Include/cmsis_gcc.h **** {
 868:Drivers/CMSIS/Include/cmsis_gcc.h ****   __ASM volatile ("isb 0xF":::"memory");
 869:Drivers/CMSIS/Include/cmsis_gcc.h **** }
 870:Drivers/CMSIS/Include/cmsis_gcc.h **** 
 871:Drivers/CMSIS/Include/cmsis_gcc.h **** 
 872:Drivers/CMSIS/Include/cmsis_gcc.h **** /**
 873:Drivers/CMSIS/Include/cmsis_gcc.h ****   \brief   Data Synchronization Barrier
 874:Drivers/CMSIS/Include/cmsis_gcc.h ****   \details Acts as a special kind of Data Memory Barrier.
 875:Drivers/CMSIS/Include/cmsis_gcc.h ****            It completes when all explicit memory accesses before this instruction complete.
 876:Drivers/CMSIS/Include/cmsis_gcc.h ****  */
 877:Drivers/CMSIS/Include/cmsis_gcc.h **** __STATIC_FORCEINLINE void __DSB(void)
 878:Drivers/CMSIS/Include/cmsis_gcc.h **** {
 879:Drivers/CMSIS/Include/cmsis_gcc.h ****   __ASM volatile ("dsb 0xF":::"memory");
 880:Drivers/CMSIS/Include/cmsis_gcc.h **** }
 881:Drivers/CMSIS/Include/cmsis_gcc.h **** 
 882:Drivers/CMSIS/Include/cmsis_gcc.h **** 
 883:Drivers/CMSIS/Include/cmsis_gcc.h **** /**
 884:Drivers/CMSIS/Include/cmsis_gcc.h ****   \brief   Data Memory Barrier
 885:Drivers/CMSIS/Include/cmsis_gcc.h ****   \details Ensures the apparent order of the explicit memory operations before
 886:Drivers/CMSIS/Include/cmsis_gcc.h ****            and after the instruction, without ensuring their completion.
 887:Drivers/CMSIS/Include/cmsis_gcc.h ****  */
 888:Drivers/CMSIS/Include/cmsis_gcc.h **** __STATIC_FORCEINLINE void __DMB(void)
 889:Drivers/CMSIS/Include/cmsis_gcc.h **** {
ARM GAS  C:\Users\nakas\AppData\Local\Temp\ccIuqt5O.s 			page 26


 890:Drivers/CMSIS/Include/cmsis_gcc.h ****   __ASM volatile ("dmb 0xF":::"memory");
 891:Drivers/CMSIS/Include/cmsis_gcc.h **** }
 892:Drivers/CMSIS/Include/cmsis_gcc.h **** 
 893:Drivers/CMSIS/Include/cmsis_gcc.h **** 
 894:Drivers/CMSIS/Include/cmsis_gcc.h **** /**
 895:Drivers/CMSIS/Include/cmsis_gcc.h ****   \brief   Reverse byte order (32 bit)
 896:Drivers/CMSIS/Include/cmsis_gcc.h ****   \details Reverses the byte order in unsigned integer value. For example, 0x12345678 becomes 0x785
 897:Drivers/CMSIS/Include/cmsis_gcc.h ****   \param [in]    value  Value to reverse
 898:Drivers/CMSIS/Include/cmsis_gcc.h ****   \return               Reversed value
 899:Drivers/CMSIS/Include/cmsis_gcc.h ****  */
 900:Drivers/CMSIS/Include/cmsis_gcc.h **** __STATIC_FORCEINLINE uint32_t __REV(uint32_t value)
 901:Drivers/CMSIS/Include/cmsis_gcc.h **** {
 902:Drivers/CMSIS/Include/cmsis_gcc.h **** #if (__GNUC__ > 4) || (__GNUC__ == 4 && __GNUC_MINOR__ >= 5)
 903:Drivers/CMSIS/Include/cmsis_gcc.h ****   return __builtin_bswap32(value);
 904:Drivers/CMSIS/Include/cmsis_gcc.h **** #else
 905:Drivers/CMSIS/Include/cmsis_gcc.h ****   uint32_t result;
 906:Drivers/CMSIS/Include/cmsis_gcc.h **** 
 907:Drivers/CMSIS/Include/cmsis_gcc.h ****   __ASM volatile ("rev %0, %1" : __CMSIS_GCC_OUT_REG (result) : __CMSIS_GCC_USE_REG (value) );
 908:Drivers/CMSIS/Include/cmsis_gcc.h ****   return result;
 909:Drivers/CMSIS/Include/cmsis_gcc.h **** #endif
 910:Drivers/CMSIS/Include/cmsis_gcc.h **** }
 911:Drivers/CMSIS/Include/cmsis_gcc.h **** 
 912:Drivers/CMSIS/Include/cmsis_gcc.h **** 
 913:Drivers/CMSIS/Include/cmsis_gcc.h **** /**
 914:Drivers/CMSIS/Include/cmsis_gcc.h ****   \brief   Reverse byte order (16 bit)
 915:Drivers/CMSIS/Include/cmsis_gcc.h ****   \details Reverses the byte order within each halfword of a word. For example, 0x12345678 becomes 
 916:Drivers/CMSIS/Include/cmsis_gcc.h ****   \param [in]    value  Value to reverse
 917:Drivers/CMSIS/Include/cmsis_gcc.h ****   \return               Reversed value
 918:Drivers/CMSIS/Include/cmsis_gcc.h ****  */
 919:Drivers/CMSIS/Include/cmsis_gcc.h **** __STATIC_FORCEINLINE uint32_t __REV16(uint32_t value)
 920:Drivers/CMSIS/Include/cmsis_gcc.h **** {
 921:Drivers/CMSIS/Include/cmsis_gcc.h ****   uint32_t result;
 922:Drivers/CMSIS/Include/cmsis_gcc.h **** 
 923:Drivers/CMSIS/Include/cmsis_gcc.h ****   __ASM volatile ("rev16 %0, %1" : __CMSIS_GCC_OUT_REG (result) : __CMSIS_GCC_USE_REG (value) );
 924:Drivers/CMSIS/Include/cmsis_gcc.h ****   return result;
 925:Drivers/CMSIS/Include/cmsis_gcc.h **** }
 926:Drivers/CMSIS/Include/cmsis_gcc.h **** 
 927:Drivers/CMSIS/Include/cmsis_gcc.h **** 
 928:Drivers/CMSIS/Include/cmsis_gcc.h **** /**
 929:Drivers/CMSIS/Include/cmsis_gcc.h ****   \brief   Reverse byte order (16 bit)
 930:Drivers/CMSIS/Include/cmsis_gcc.h ****   \details Reverses the byte order in a 16-bit value and returns the signed 16-bit result. For exam
 931:Drivers/CMSIS/Include/cmsis_gcc.h ****   \param [in]    value  Value to reverse
 932:Drivers/CMSIS/Include/cmsis_gcc.h ****   \return               Reversed value
 933:Drivers/CMSIS/Include/cmsis_gcc.h ****  */
 934:Drivers/CMSIS/Include/cmsis_gcc.h **** __STATIC_FORCEINLINE int16_t __REVSH(int16_t value)
 935:Drivers/CMSIS/Include/cmsis_gcc.h **** {
 936:Drivers/CMSIS/Include/cmsis_gcc.h **** #if (__GNUC__ > 4) || (__GNUC__ == 4 && __GNUC_MINOR__ >= 8)
 937:Drivers/CMSIS/Include/cmsis_gcc.h ****   return (int16_t)__builtin_bswap16(value);
 938:Drivers/CMSIS/Include/cmsis_gcc.h **** #else
 939:Drivers/CMSIS/Include/cmsis_gcc.h ****   int16_t result;
 940:Drivers/CMSIS/Include/cmsis_gcc.h **** 
 941:Drivers/CMSIS/Include/cmsis_gcc.h ****   __ASM volatile ("revsh %0, %1" : __CMSIS_GCC_OUT_REG (result) : __CMSIS_GCC_USE_REG (value) );
 942:Drivers/CMSIS/Include/cmsis_gcc.h ****   return result;
 943:Drivers/CMSIS/Include/cmsis_gcc.h **** #endif
 944:Drivers/CMSIS/Include/cmsis_gcc.h **** }
 945:Drivers/CMSIS/Include/cmsis_gcc.h **** 
 946:Drivers/CMSIS/Include/cmsis_gcc.h **** 
ARM GAS  C:\Users\nakas\AppData\Local\Temp\ccIuqt5O.s 			page 27


 947:Drivers/CMSIS/Include/cmsis_gcc.h **** /**
 948:Drivers/CMSIS/Include/cmsis_gcc.h ****   \brief   Rotate Right in unsigned value (32 bit)
 949:Drivers/CMSIS/Include/cmsis_gcc.h ****   \details Rotate Right (immediate) provides the value of the contents of a register rotated by a v
 950:Drivers/CMSIS/Include/cmsis_gcc.h ****   \param [in]    op1  Value to rotate
 951:Drivers/CMSIS/Include/cmsis_gcc.h ****   \param [in]    op2  Number of Bits to rotate
 952:Drivers/CMSIS/Include/cmsis_gcc.h ****   \return               Rotated value
 953:Drivers/CMSIS/Include/cmsis_gcc.h ****  */
 954:Drivers/CMSIS/Include/cmsis_gcc.h **** __STATIC_FORCEINLINE uint32_t __ROR(uint32_t op1, uint32_t op2)
 955:Drivers/CMSIS/Include/cmsis_gcc.h **** {
 956:Drivers/CMSIS/Include/cmsis_gcc.h ****   op2 %= 32U;
 957:Drivers/CMSIS/Include/cmsis_gcc.h ****   if (op2 == 0U)
 958:Drivers/CMSIS/Include/cmsis_gcc.h ****   {
 959:Drivers/CMSIS/Include/cmsis_gcc.h ****     return op1;
 960:Drivers/CMSIS/Include/cmsis_gcc.h ****   }
 961:Drivers/CMSIS/Include/cmsis_gcc.h ****   return (op1 >> op2) | (op1 << (32U - op2));
 962:Drivers/CMSIS/Include/cmsis_gcc.h **** }
 963:Drivers/CMSIS/Include/cmsis_gcc.h **** 
 964:Drivers/CMSIS/Include/cmsis_gcc.h **** 
 965:Drivers/CMSIS/Include/cmsis_gcc.h **** /**
 966:Drivers/CMSIS/Include/cmsis_gcc.h ****   \brief   Breakpoint
 967:Drivers/CMSIS/Include/cmsis_gcc.h ****   \details Causes the processor to enter Debug state.
 968:Drivers/CMSIS/Include/cmsis_gcc.h ****            Debug tools can use this to investigate system state when the instruction at a particula
 969:Drivers/CMSIS/Include/cmsis_gcc.h ****   \param [in]    value  is ignored by the processor.
 970:Drivers/CMSIS/Include/cmsis_gcc.h ****                  If required, a debugger can use it to store additional information about the break
 971:Drivers/CMSIS/Include/cmsis_gcc.h ****  */
 972:Drivers/CMSIS/Include/cmsis_gcc.h **** #define __BKPT(value)                       __ASM volatile ("bkpt "#value)
 973:Drivers/CMSIS/Include/cmsis_gcc.h **** 
 974:Drivers/CMSIS/Include/cmsis_gcc.h **** 
 975:Drivers/CMSIS/Include/cmsis_gcc.h **** /**
 976:Drivers/CMSIS/Include/cmsis_gcc.h ****   \brief   Reverse bit order of value
 977:Drivers/CMSIS/Include/cmsis_gcc.h ****   \details Reverses the bit order of the given value.
 978:Drivers/CMSIS/Include/cmsis_gcc.h ****   \param [in]    value  Value to reverse
 979:Drivers/CMSIS/Include/cmsis_gcc.h ****   \return               Reversed value
 980:Drivers/CMSIS/Include/cmsis_gcc.h ****  */
 981:Drivers/CMSIS/Include/cmsis_gcc.h **** __STATIC_FORCEINLINE uint32_t __RBIT(uint32_t value)
 200              		.loc 2 981 31 view .LVU55
 201              	.LBB163:
 982:Drivers/CMSIS/Include/cmsis_gcc.h **** {
 983:Drivers/CMSIS/Include/cmsis_gcc.h ****   uint32_t result;
 202              		.loc 2 983 3 view .LVU56
 984:Drivers/CMSIS/Include/cmsis_gcc.h **** 
 985:Drivers/CMSIS/Include/cmsis_gcc.h **** #if ((defined (__ARM_ARCH_7M__      ) && (__ARM_ARCH_7M__      == 1)) || \
 986:Drivers/CMSIS/Include/cmsis_gcc.h ****      (defined (__ARM_ARCH_7EM__     ) && (__ARM_ARCH_7EM__     == 1)) || \
 987:Drivers/CMSIS/Include/cmsis_gcc.h ****      (defined (__ARM_ARCH_8M_MAIN__ ) && (__ARM_ARCH_8M_MAIN__ == 1))    )
 988:Drivers/CMSIS/Include/cmsis_gcc.h ****    __ASM volatile ("rbit %0, %1" : "=r" (result) : "r" (value) );
 203              		.loc 2 988 4 view .LVU57
 204 00c2 4FF08072 		mov	r2, #16777216
 205              		.syntax unified
 206              	@ 988 "Drivers/CMSIS/Include/cmsis_gcc.h" 1
 207 00c6 92FAA2F2 		rbit r2, r2
 208              	@ 0 "" 2
 209              	.LVL17:
 989:Drivers/CMSIS/Include/cmsis_gcc.h **** #else
 990:Drivers/CMSIS/Include/cmsis_gcc.h ****   uint32_t s = (4U /*sizeof(v)*/ * 8U) - 1U; /* extra shift needed at end */
 991:Drivers/CMSIS/Include/cmsis_gcc.h **** 
 992:Drivers/CMSIS/Include/cmsis_gcc.h ****   result = value;                      /* r will be reversed bits of v; first get LSB of v */
 993:Drivers/CMSIS/Include/cmsis_gcc.h ****   for (value >>= 1U; value != 0U; value >>= 1U)
ARM GAS  C:\Users\nakas\AppData\Local\Temp\ccIuqt5O.s 			page 28


 994:Drivers/CMSIS/Include/cmsis_gcc.h ****   {
 995:Drivers/CMSIS/Include/cmsis_gcc.h ****     result <<= 1U;
 996:Drivers/CMSIS/Include/cmsis_gcc.h ****     result |= value & 1U;
 997:Drivers/CMSIS/Include/cmsis_gcc.h ****     s--;
 998:Drivers/CMSIS/Include/cmsis_gcc.h ****   }
 999:Drivers/CMSIS/Include/cmsis_gcc.h ****   result <<= s;                        /* shift when v's highest bits are zero */
1000:Drivers/CMSIS/Include/cmsis_gcc.h **** #endif
1001:Drivers/CMSIS/Include/cmsis_gcc.h ****   return result;
 210              		.loc 2 1001 3 view .LVU58
 211              		.loc 2 1001 3 is_stmt 0 view .LVU59
 212              		.thumb
 213              		.syntax unified
 214              	.LBE163:
 215              	.LBE162:
 295:Drivers/STM32F3xx_HAL_Driver/Src/stm32f3xx_hal_rcc.c **** 
 216              		.loc 1 295 3 discriminator 2 view .LVU60
 217 00ca B2FA82F2 		clz	r2, r2
 218 00ce 084B     		ldr	r3, .L18+20
 219 00d0 1344     		add	r3, r3, r2
 220 00d2 9B00     		lsls	r3, r3, #2
 221 00d4 0122     		movs	r2, #1
 222 00d6 1A60     		str	r2, [r3]
 297:Drivers/STM32F3xx_HAL_Driver/Src/stm32f3xx_hal_rcc.c **** }
 223              		.loc 1 297 3 is_stmt 1 view .LVU61
 297:Drivers/STM32F3xx_HAL_Driver/Src/stm32f3xx_hal_rcc.c **** }
 224              		.loc 1 297 10 is_stmt 0 view .LVU62
 225 00d8 A6E7     		b	.L3
 226              	.L19:
 227 00da 00BF     		.align	2
 228              	.L18:
 229 00dc 00100240 		.word	1073876992
 230 00e0 0CC0FFF8 		.word	-117456884
 231 00e4 00000000 		.word	SystemCoreClock
 232 00e8 00127A00 		.word	8000000
 233 00ec 00000000 		.word	uwTickPrio
 234 00f0 20819010 		.word	277905696
 235              		.cfi_endproc
 236              	.LFE123:
 238              		.section	.text.HAL_RCC_OscConfig,"ax",%progbits
 239              		.align	1
 240              		.global	HAL_RCC_OscConfig
 241              		.syntax unified
 242              		.thumb
 243              		.thumb_func
 245              	HAL_RCC_OscConfig:
 246              	.LVL18:
 247              	.LFB124:
 299:Drivers/STM32F3xx_HAL_Driver/Src/stm32f3xx_hal_rcc.c **** 
 300:Drivers/STM32F3xx_HAL_Driver/Src/stm32f3xx_hal_rcc.c **** /**
 301:Drivers/STM32F3xx_HAL_Driver/Src/stm32f3xx_hal_rcc.c ****   * @brief  Initializes the RCC Oscillators according to the specified parameters in the
 302:Drivers/STM32F3xx_HAL_Driver/Src/stm32f3xx_hal_rcc.c ****   *         RCC_OscInitTypeDef.
 303:Drivers/STM32F3xx_HAL_Driver/Src/stm32f3xx_hal_rcc.c ****   * @param  RCC_OscInitStruct pointer to an RCC_OscInitTypeDef structure that
 304:Drivers/STM32F3xx_HAL_Driver/Src/stm32f3xx_hal_rcc.c ****   *         contains the configuration information for the RCC Oscillators.
 305:Drivers/STM32F3xx_HAL_Driver/Src/stm32f3xx_hal_rcc.c ****   * @note   The PLL is not disabled when used as system clock.
 306:Drivers/STM32F3xx_HAL_Driver/Src/stm32f3xx_hal_rcc.c ****   * @note   Transitions LSE Bypass to LSE On and LSE On to LSE Bypass are not
 307:Drivers/STM32F3xx_HAL_Driver/Src/stm32f3xx_hal_rcc.c ****   *         supported by this macro. User should request a transition to LSE Off
 308:Drivers/STM32F3xx_HAL_Driver/Src/stm32f3xx_hal_rcc.c ****   *         first and then LSE On or LSE Bypass.
ARM GAS  C:\Users\nakas\AppData\Local\Temp\ccIuqt5O.s 			page 29


 309:Drivers/STM32F3xx_HAL_Driver/Src/stm32f3xx_hal_rcc.c ****   * @note   Transition HSE Bypass to HSE On and HSE On to HSE Bypass are not
 310:Drivers/STM32F3xx_HAL_Driver/Src/stm32f3xx_hal_rcc.c ****   *         supported by this macro. User should request a transition to HSE Off
 311:Drivers/STM32F3xx_HAL_Driver/Src/stm32f3xx_hal_rcc.c ****   *         first and then HSE On or HSE Bypass.
 312:Drivers/STM32F3xx_HAL_Driver/Src/stm32f3xx_hal_rcc.c ****   * @retval HAL status
 313:Drivers/STM32F3xx_HAL_Driver/Src/stm32f3xx_hal_rcc.c ****   */
 314:Drivers/STM32F3xx_HAL_Driver/Src/stm32f3xx_hal_rcc.c **** HAL_StatusTypeDef HAL_RCC_OscConfig(RCC_OscInitTypeDef  *RCC_OscInitStruct)
 315:Drivers/STM32F3xx_HAL_Driver/Src/stm32f3xx_hal_rcc.c **** {
 248              		.loc 1 315 1 is_stmt 1 view -0
 249              		.cfi_startproc
 250              		@ args = 0, pretend = 0, frame = 8
 251              		@ frame_needed = 0, uses_anonymous_args = 0
 316:Drivers/STM32F3xx_HAL_Driver/Src/stm32f3xx_hal_rcc.c ****   uint32_t tickstart;
 252              		.loc 1 316 3 view .LVU64
 317:Drivers/STM32F3xx_HAL_Driver/Src/stm32f3xx_hal_rcc.c ****   uint32_t pll_config;
 253              		.loc 1 317 3 view .LVU65
 318:Drivers/STM32F3xx_HAL_Driver/Src/stm32f3xx_hal_rcc.c **** #if defined(RCC_CFGR_PLLSRC_HSI_PREDIV)
 319:Drivers/STM32F3xx_HAL_Driver/Src/stm32f3xx_hal_rcc.c ****   uint32_t pll_config2;
 320:Drivers/STM32F3xx_HAL_Driver/Src/stm32f3xx_hal_rcc.c **** #endif /* RCC_CFGR_PLLSRC_HSI_PREDIV */
 321:Drivers/STM32F3xx_HAL_Driver/Src/stm32f3xx_hal_rcc.c **** 
 322:Drivers/STM32F3xx_HAL_Driver/Src/stm32f3xx_hal_rcc.c ****   /* Check Null pointer */
 323:Drivers/STM32F3xx_HAL_Driver/Src/stm32f3xx_hal_rcc.c ****   if(RCC_OscInitStruct == NULL)
 254              		.loc 1 323 3 view .LVU66
 255              		.loc 1 323 5 is_stmt 0 view .LVU67
 256 0000 0028     		cmp	r0, #0
 257 0002 00F0FF82 		beq	.L94
 315:Drivers/STM32F3xx_HAL_Driver/Src/stm32f3xx_hal_rcc.c ****   uint32_t tickstart;
 258              		.loc 1 315 1 view .LVU68
 259 0006 70B5     		push	{r4, r5, r6, lr}
 260              	.LCFI1:
 261              		.cfi_def_cfa_offset 16
 262              		.cfi_offset 4, -16
 263              		.cfi_offset 5, -12
 264              		.cfi_offset 6, -8
 265              		.cfi_offset 14, -4
 266 0008 82B0     		sub	sp, sp, #8
 267              	.LCFI2:
 268              		.cfi_def_cfa_offset 24
 269 000a 0446     		mov	r4, r0
 324:Drivers/STM32F3xx_HAL_Driver/Src/stm32f3xx_hal_rcc.c ****   {
 325:Drivers/STM32F3xx_HAL_Driver/Src/stm32f3xx_hal_rcc.c ****     return HAL_ERROR;
 326:Drivers/STM32F3xx_HAL_Driver/Src/stm32f3xx_hal_rcc.c ****   }
 327:Drivers/STM32F3xx_HAL_Driver/Src/stm32f3xx_hal_rcc.c **** 
 328:Drivers/STM32F3xx_HAL_Driver/Src/stm32f3xx_hal_rcc.c ****   /* Check the parameters */
 329:Drivers/STM32F3xx_HAL_Driver/Src/stm32f3xx_hal_rcc.c ****   assert_param(IS_RCC_OSCILLATORTYPE(RCC_OscInitStruct->OscillatorType));
 270              		.loc 1 329 3 is_stmt 1 view .LVU69
 330:Drivers/STM32F3xx_HAL_Driver/Src/stm32f3xx_hal_rcc.c **** 
 331:Drivers/STM32F3xx_HAL_Driver/Src/stm32f3xx_hal_rcc.c ****   /*------------------------------- HSE Configuration ------------------------*/ 
 332:Drivers/STM32F3xx_HAL_Driver/Src/stm32f3xx_hal_rcc.c ****   if(((RCC_OscInitStruct->OscillatorType) & RCC_OSCILLATORTYPE_HSE) == RCC_OSCILLATORTYPE_HSE)
 271              		.loc 1 332 3 view .LVU70
 272              		.loc 1 332 25 is_stmt 0 view .LVU71
 273 000c 0368     		ldr	r3, [r0]
 274              		.loc 1 332 5 view .LVU72
 275 000e 13F0010F 		tst	r3, #1
 276 0012 3BD0     		beq	.L22
 333:Drivers/STM32F3xx_HAL_Driver/Src/stm32f3xx_hal_rcc.c ****   {
 334:Drivers/STM32F3xx_HAL_Driver/Src/stm32f3xx_hal_rcc.c ****     /* Check the parameters */
 335:Drivers/STM32F3xx_HAL_Driver/Src/stm32f3xx_hal_rcc.c ****     assert_param(IS_RCC_HSE(RCC_OscInitStruct->HSEState));
ARM GAS  C:\Users\nakas\AppData\Local\Temp\ccIuqt5O.s 			page 30


 277              		.loc 1 335 5 is_stmt 1 view .LVU73
 336:Drivers/STM32F3xx_HAL_Driver/Src/stm32f3xx_hal_rcc.c **** 
 337:Drivers/STM32F3xx_HAL_Driver/Src/stm32f3xx_hal_rcc.c ****     /* When the HSE is used as system clock or clock source for PLL in these cases it is not allowe
 338:Drivers/STM32F3xx_HAL_Driver/Src/stm32f3xx_hal_rcc.c ****     if((__HAL_RCC_GET_SYSCLK_SOURCE() == RCC_SYSCLKSOURCE_STATUS_HSE) 
 278              		.loc 1 338 5 view .LVU74
 279              		.loc 1 338 9 is_stmt 0 view .LVU75
 280 0014 B44B     		ldr	r3, .L132
 281 0016 5B68     		ldr	r3, [r3, #4]
 282 0018 03F00C03 		and	r3, r3, #12
 283              		.loc 1 338 7 view .LVU76
 284 001c 042B     		cmp	r3, #4
 285 001e 1ED0     		beq	.L23
 339:Drivers/STM32F3xx_HAL_Driver/Src/stm32f3xx_hal_rcc.c ****        || ((__HAL_RCC_GET_SYSCLK_SOURCE() == RCC_SYSCLKSOURCE_STATUS_PLLCLK) && (__HAL_RCC_GET_PLL_
 286              		.loc 1 339 13 view .LVU77
 287 0020 B14B     		ldr	r3, .L132
 288 0022 5B68     		ldr	r3, [r3, #4]
 289 0024 03F00C03 		and	r3, r3, #12
 290              		.loc 1 339 8 view .LVU78
 291 0028 082B     		cmp	r3, #8
 292 002a 13D0     		beq	.L118
 293              	.L24:
 340:Drivers/STM32F3xx_HAL_Driver/Src/stm32f3xx_hal_rcc.c ****     {
 341:Drivers/STM32F3xx_HAL_Driver/Src/stm32f3xx_hal_rcc.c ****       if((__HAL_RCC_GET_FLAG(RCC_FLAG_HSERDY) != RESET) && (RCC_OscInitStruct->HSEState == RCC_HSE_
 342:Drivers/STM32F3xx_HAL_Driver/Src/stm32f3xx_hal_rcc.c ****       {
 343:Drivers/STM32F3xx_HAL_Driver/Src/stm32f3xx_hal_rcc.c ****         return HAL_ERROR;
 344:Drivers/STM32F3xx_HAL_Driver/Src/stm32f3xx_hal_rcc.c ****       }
 345:Drivers/STM32F3xx_HAL_Driver/Src/stm32f3xx_hal_rcc.c ****     }
 346:Drivers/STM32F3xx_HAL_Driver/Src/stm32f3xx_hal_rcc.c ****     else
 347:Drivers/STM32F3xx_HAL_Driver/Src/stm32f3xx_hal_rcc.c ****     {
 348:Drivers/STM32F3xx_HAL_Driver/Src/stm32f3xx_hal_rcc.c ****       /* Set the new HSE configuration ---------------------------------------*/
 349:Drivers/STM32F3xx_HAL_Driver/Src/stm32f3xx_hal_rcc.c ****       __HAL_RCC_HSE_CONFIG(RCC_OscInitStruct->HSEState);
 294              		.loc 1 349 7 is_stmt 1 view .LVU79
 295              		.loc 1 349 7 view .LVU80
 296 002c 6368     		ldr	r3, [r4, #4]
 297 002e B3F5803F 		cmp	r3, #65536
 298 0032 68D0     		beq	.L119
 299              		.loc 1 349 7 discriminator 2 view .LVU81
 300 0034 002B     		cmp	r3, #0
 301 0036 40F09280 		bne	.L29
 302              		.loc 1 349 7 discriminator 3 view .LVU82
 303 003a 03F18043 		add	r3, r3, #1073741824
 304 003e 03F50433 		add	r3, r3, #135168
 305 0042 1A68     		ldr	r2, [r3]
 306 0044 22F48032 		bic	r2, r2, #65536
 307 0048 1A60     		str	r2, [r3]
 308              		.loc 1 349 7 view .LVU83
 309              		.loc 1 349 7 is_stmt 0 discriminator 3 view .LVU84
 310 004a 1A68     		ldr	r2, [r3]
 311 004c 22F48022 		bic	r2, r2, #262144
 312 0050 1A60     		str	r2, [r3]
 313 0052 5DE0     		b	.L28
 314              	.L118:
 339:Drivers/STM32F3xx_HAL_Driver/Src/stm32f3xx_hal_rcc.c ****        || ((__HAL_RCC_GET_SYSCLK_SOURCE() == RCC_SYSCLKSOURCE_STATUS_PLLCLK) && (__HAL_RCC_GET_PLL_
 315              		.loc 1 339 82 discriminator 1 view .LVU85
 316 0054 A44B     		ldr	r3, .L132
 317 0056 5B68     		ldr	r3, [r3, #4]
 339:Drivers/STM32F3xx_HAL_Driver/Src/stm32f3xx_hal_rcc.c ****        || ((__HAL_RCC_GET_SYSCLK_SOURCE() == RCC_SYSCLKSOURCE_STATUS_PLLCLK) && (__HAL_RCC_GET_PLL_
ARM GAS  C:\Users\nakas\AppData\Local\Temp\ccIuqt5O.s 			page 31


 318              		.loc 1 339 78 discriminator 1 view .LVU86
 319 0058 13F4803F 		tst	r3, #65536
 320 005c E6D0     		beq	.L24
 321              	.L23:
 341:Drivers/STM32F3xx_HAL_Driver/Src/stm32f3xx_hal_rcc.c ****       {
 322              		.loc 1 341 7 is_stmt 1 view .LVU87
 323              	.LVL19:
 324              	.LBB164:
 325              	.LBI164:
 981:Drivers/CMSIS/Include/cmsis_gcc.h **** {
 326              		.loc 2 981 31 view .LVU88
 327              	.LBB165:
 983:Drivers/CMSIS/Include/cmsis_gcc.h **** 
 328              		.loc 2 983 3 view .LVU89
 988:Drivers/CMSIS/Include/cmsis_gcc.h **** #else
 329              		.loc 2 988 4 view .LVU90
 330 005e 4FF40033 		mov	r3, #131072
 331              		.syntax unified
 332              	@ 988 "Drivers/CMSIS/Include/cmsis_gcc.h" 1
 333 0062 93FAA3F3 		rbit r3, r3
 334              	@ 0 "" 2
 335              		.loc 2 1001 3 view .LVU91
 336              	.LVL20:
 337              		.loc 2 1001 3 is_stmt 0 view .LVU92
 338              		.thumb
 339              		.syntax unified
 340              	.LBE165:
 341              	.LBE164:
 341:Drivers/STM32F3xx_HAL_Driver/Src/stm32f3xx_hal_rcc.c ****       {
 342              		.loc 1 341 11 discriminator 1 view .LVU93
 343 0066 A04B     		ldr	r3, .L132
 344 0068 1968     		ldr	r1, [r3]
 345              	.LVL21:
 346              	.LBB166:
 347              	.LBI166:
 981:Drivers/CMSIS/Include/cmsis_gcc.h **** {
 348              		.loc 2 981 31 is_stmt 1 view .LVU94
 349              	.LBB167:
 983:Drivers/CMSIS/Include/cmsis_gcc.h **** 
 350              		.loc 2 983 3 view .LVU95
 988:Drivers/CMSIS/Include/cmsis_gcc.h **** #else
 351              		.loc 2 988 4 view .LVU96
 352 006a 4FF40033 		mov	r3, #131072
 353              		.syntax unified
 354              	@ 988 "Drivers/CMSIS/Include/cmsis_gcc.h" 1
 355 006e 93FAA3F3 		rbit r3, r3
 356              	@ 0 "" 2
 357              	.LVL22:
 358              		.loc 2 1001 3 view .LVU97
 359              		.loc 2 1001 3 is_stmt 0 view .LVU98
 360              		.thumb
 361              		.syntax unified
 362              	.LBE167:
 363              	.LBE166:
 341:Drivers/STM32F3xx_HAL_Driver/Src/stm32f3xx_hal_rcc.c ****       {
 364              		.loc 1 341 11 discriminator 2 view .LVU99
 365 0072 B3FA83F3 		clz	r3, r3
ARM GAS  C:\Users\nakas\AppData\Local\Temp\ccIuqt5O.s 			page 32


 366 0076 03F01F03 		and	r3, r3, #31
 367 007a 0122     		movs	r2, #1
 368 007c 02FA03F3 		lsl	r3, r2, r3
 341:Drivers/STM32F3xx_HAL_Driver/Src/stm32f3xx_hal_rcc.c ****       {
 369              		.loc 1 341 9 discriminator 2 view .LVU100
 370 0080 0B42     		tst	r3, r1
 371 0082 03D0     		beq	.L22
 341:Drivers/STM32F3xx_HAL_Driver/Src/stm32f3xx_hal_rcc.c ****       {
 372              		.loc 1 341 78 discriminator 13 view .LVU101
 373 0084 6368     		ldr	r3, [r4, #4]
 341:Drivers/STM32F3xx_HAL_Driver/Src/stm32f3xx_hal_rcc.c ****       {
 374              		.loc 1 341 57 discriminator 13 view .LVU102
 375 0086 002B     		cmp	r3, #0
 376 0088 00F0BE82 		beq	.L120
 377              	.LVL23:
 378              	.L22:
 350:Drivers/STM32F3xx_HAL_Driver/Src/stm32f3xx_hal_rcc.c ****       
 351:Drivers/STM32F3xx_HAL_Driver/Src/stm32f3xx_hal_rcc.c **** #if defined(RCC_CFGR_PLLSRC_HSI_DIV2)
 352:Drivers/STM32F3xx_HAL_Driver/Src/stm32f3xx_hal_rcc.c ****       /* Configure the HSE predivision factor --------------------------------*/
 353:Drivers/STM32F3xx_HAL_Driver/Src/stm32f3xx_hal_rcc.c ****       __HAL_RCC_HSE_PREDIV_CONFIG(RCC_OscInitStruct->HSEPredivValue);
 354:Drivers/STM32F3xx_HAL_Driver/Src/stm32f3xx_hal_rcc.c **** #endif /* RCC_CFGR_PLLSRC_HSI_DIV2 */
 355:Drivers/STM32F3xx_HAL_Driver/Src/stm32f3xx_hal_rcc.c **** 
 356:Drivers/STM32F3xx_HAL_Driver/Src/stm32f3xx_hal_rcc.c ****        /* Check the HSE State */
 357:Drivers/STM32F3xx_HAL_Driver/Src/stm32f3xx_hal_rcc.c ****       if(RCC_OscInitStruct->HSEState != RCC_HSE_OFF)
 358:Drivers/STM32F3xx_HAL_Driver/Src/stm32f3xx_hal_rcc.c ****       {
 359:Drivers/STM32F3xx_HAL_Driver/Src/stm32f3xx_hal_rcc.c ****         /* Get Start Tick */
 360:Drivers/STM32F3xx_HAL_Driver/Src/stm32f3xx_hal_rcc.c ****         tickstart = HAL_GetTick();
 361:Drivers/STM32F3xx_HAL_Driver/Src/stm32f3xx_hal_rcc.c ****         
 362:Drivers/STM32F3xx_HAL_Driver/Src/stm32f3xx_hal_rcc.c ****         /* Wait till HSE is ready */
 363:Drivers/STM32F3xx_HAL_Driver/Src/stm32f3xx_hal_rcc.c ****         while(__HAL_RCC_GET_FLAG(RCC_FLAG_HSERDY) == RESET)
 364:Drivers/STM32F3xx_HAL_Driver/Src/stm32f3xx_hal_rcc.c ****         {
 365:Drivers/STM32F3xx_HAL_Driver/Src/stm32f3xx_hal_rcc.c ****           if((HAL_GetTick() - tickstart ) > HSE_TIMEOUT_VALUE)
 366:Drivers/STM32F3xx_HAL_Driver/Src/stm32f3xx_hal_rcc.c ****           {
 367:Drivers/STM32F3xx_HAL_Driver/Src/stm32f3xx_hal_rcc.c ****             return HAL_TIMEOUT;
 368:Drivers/STM32F3xx_HAL_Driver/Src/stm32f3xx_hal_rcc.c ****           }
 369:Drivers/STM32F3xx_HAL_Driver/Src/stm32f3xx_hal_rcc.c ****         }
 370:Drivers/STM32F3xx_HAL_Driver/Src/stm32f3xx_hal_rcc.c ****       }
 371:Drivers/STM32F3xx_HAL_Driver/Src/stm32f3xx_hal_rcc.c ****       else
 372:Drivers/STM32F3xx_HAL_Driver/Src/stm32f3xx_hal_rcc.c ****       {
 373:Drivers/STM32F3xx_HAL_Driver/Src/stm32f3xx_hal_rcc.c ****         /* Get Start Tick */
 374:Drivers/STM32F3xx_HAL_Driver/Src/stm32f3xx_hal_rcc.c ****         tickstart = HAL_GetTick();
 375:Drivers/STM32F3xx_HAL_Driver/Src/stm32f3xx_hal_rcc.c ****         
 376:Drivers/STM32F3xx_HAL_Driver/Src/stm32f3xx_hal_rcc.c ****         /* Wait till HSE is disabled */
 377:Drivers/STM32F3xx_HAL_Driver/Src/stm32f3xx_hal_rcc.c ****         while(__HAL_RCC_GET_FLAG(RCC_FLAG_HSERDY) != RESET)
 378:Drivers/STM32F3xx_HAL_Driver/Src/stm32f3xx_hal_rcc.c ****         {
 379:Drivers/STM32F3xx_HAL_Driver/Src/stm32f3xx_hal_rcc.c ****            if((HAL_GetTick() - tickstart ) > HSE_TIMEOUT_VALUE)
 380:Drivers/STM32F3xx_HAL_Driver/Src/stm32f3xx_hal_rcc.c ****           {
 381:Drivers/STM32F3xx_HAL_Driver/Src/stm32f3xx_hal_rcc.c ****             return HAL_TIMEOUT;
 382:Drivers/STM32F3xx_HAL_Driver/Src/stm32f3xx_hal_rcc.c ****           }
 383:Drivers/STM32F3xx_HAL_Driver/Src/stm32f3xx_hal_rcc.c ****         }
 384:Drivers/STM32F3xx_HAL_Driver/Src/stm32f3xx_hal_rcc.c ****       }
 385:Drivers/STM32F3xx_HAL_Driver/Src/stm32f3xx_hal_rcc.c ****     }
 386:Drivers/STM32F3xx_HAL_Driver/Src/stm32f3xx_hal_rcc.c ****   }
 387:Drivers/STM32F3xx_HAL_Driver/Src/stm32f3xx_hal_rcc.c ****   /*----------------------------- HSI Configuration --------------------------*/ 
 388:Drivers/STM32F3xx_HAL_Driver/Src/stm32f3xx_hal_rcc.c ****   if(((RCC_OscInitStruct->OscillatorType) & RCC_OSCILLATORTYPE_HSI) == RCC_OSCILLATORTYPE_HSI)
 379              		.loc 1 388 3 is_stmt 1 view .LVU103
 380              		.loc 1 388 25 is_stmt 0 view .LVU104
ARM GAS  C:\Users\nakas\AppData\Local\Temp\ccIuqt5O.s 			page 33


 381 008c 2368     		ldr	r3, [r4]
 382              		.loc 1 388 5 view .LVU105
 383 008e 13F0020F 		tst	r3, #2
 384 0092 00F0C480 		beq	.L40
 389:Drivers/STM32F3xx_HAL_Driver/Src/stm32f3xx_hal_rcc.c ****   {
 390:Drivers/STM32F3xx_HAL_Driver/Src/stm32f3xx_hal_rcc.c ****     /* Check the parameters */
 391:Drivers/STM32F3xx_HAL_Driver/Src/stm32f3xx_hal_rcc.c ****     assert_param(IS_RCC_HSI(RCC_OscInitStruct->HSIState));
 385              		.loc 1 391 5 is_stmt 1 view .LVU106
 392:Drivers/STM32F3xx_HAL_Driver/Src/stm32f3xx_hal_rcc.c ****     assert_param(IS_RCC_CALIBRATION_VALUE(RCC_OscInitStruct->HSICalibrationValue));
 386              		.loc 1 392 5 view .LVU107
 393:Drivers/STM32F3xx_HAL_Driver/Src/stm32f3xx_hal_rcc.c ****     
 394:Drivers/STM32F3xx_HAL_Driver/Src/stm32f3xx_hal_rcc.c ****     /* Check if HSI is used as system clock or as PLL source when PLL is selected as system clock *
 395:Drivers/STM32F3xx_HAL_Driver/Src/stm32f3xx_hal_rcc.c ****     if((__HAL_RCC_GET_SYSCLK_SOURCE() == RCC_SYSCLKSOURCE_STATUS_HSI) 
 387              		.loc 1 395 5 view .LVU108
 388              		.loc 1 395 9 is_stmt 0 view .LVU109
 389 0096 944B     		ldr	r3, .L132
 390 0098 5B68     		ldr	r3, [r3, #4]
 391              		.loc 1 395 7 view .LVU110
 392 009a 13F00C0F 		tst	r3, #12
 393 009e 00F09C80 		beq	.L41
 396:Drivers/STM32F3xx_HAL_Driver/Src/stm32f3xx_hal_rcc.c ****        || ((__HAL_RCC_GET_SYSCLK_SOURCE() == RCC_SYSCLKSOURCE_STATUS_PLLCLK) && (__HAL_RCC_GET_PLL_
 394              		.loc 1 396 13 view .LVU111
 395 00a2 914B     		ldr	r3, .L132
 396 00a4 5B68     		ldr	r3, [r3, #4]
 397 00a6 03F00C03 		and	r3, r3, #12
 398              		.loc 1 396 8 view .LVU112
 399 00aa 082B     		cmp	r3, #8
 400 00ac 00F08F80 		beq	.L121
 401              	.L42:
 397:Drivers/STM32F3xx_HAL_Driver/Src/stm32f3xx_hal_rcc.c ****     {
 398:Drivers/STM32F3xx_HAL_Driver/Src/stm32f3xx_hal_rcc.c ****       /* When HSI is used as system clock it will not disabled */
 399:Drivers/STM32F3xx_HAL_Driver/Src/stm32f3xx_hal_rcc.c ****       if((__HAL_RCC_GET_FLAG(RCC_FLAG_HSIRDY) != RESET) && (RCC_OscInitStruct->HSIState != RCC_HSI_
 400:Drivers/STM32F3xx_HAL_Driver/Src/stm32f3xx_hal_rcc.c ****       {
 401:Drivers/STM32F3xx_HAL_Driver/Src/stm32f3xx_hal_rcc.c ****         return HAL_ERROR;
 402:Drivers/STM32F3xx_HAL_Driver/Src/stm32f3xx_hal_rcc.c ****       }
 403:Drivers/STM32F3xx_HAL_Driver/Src/stm32f3xx_hal_rcc.c ****       /* Otherwise, just the calibration is allowed */
 404:Drivers/STM32F3xx_HAL_Driver/Src/stm32f3xx_hal_rcc.c ****       else
 405:Drivers/STM32F3xx_HAL_Driver/Src/stm32f3xx_hal_rcc.c ****       {
 406:Drivers/STM32F3xx_HAL_Driver/Src/stm32f3xx_hal_rcc.c ****         /* Adjusts the Internal High Speed oscillator (HSI) calibration value.*/
 407:Drivers/STM32F3xx_HAL_Driver/Src/stm32f3xx_hal_rcc.c ****         __HAL_RCC_HSI_CALIBRATIONVALUE_ADJUST(RCC_OscInitStruct->HSICalibrationValue);
 408:Drivers/STM32F3xx_HAL_Driver/Src/stm32f3xx_hal_rcc.c ****       }
 409:Drivers/STM32F3xx_HAL_Driver/Src/stm32f3xx_hal_rcc.c ****     }
 410:Drivers/STM32F3xx_HAL_Driver/Src/stm32f3xx_hal_rcc.c ****     else
 411:Drivers/STM32F3xx_HAL_Driver/Src/stm32f3xx_hal_rcc.c ****     {
 412:Drivers/STM32F3xx_HAL_Driver/Src/stm32f3xx_hal_rcc.c ****       /* Check the HSI State */
 413:Drivers/STM32F3xx_HAL_Driver/Src/stm32f3xx_hal_rcc.c ****       if(RCC_OscInitStruct->HSIState != RCC_HSI_OFF)
 402              		.loc 1 413 7 is_stmt 1 view .LVU113
 403              		.loc 1 413 27 is_stmt 0 view .LVU114
 404 00b0 2369     		ldr	r3, [r4, #16]
 405              		.loc 1 413 9 view .LVU115
 406 00b2 002B     		cmp	r3, #0
 407 00b4 00F0F080 		beq	.L46
 414:Drivers/STM32F3xx_HAL_Driver/Src/stm32f3xx_hal_rcc.c ****       {
 415:Drivers/STM32F3xx_HAL_Driver/Src/stm32f3xx_hal_rcc.c ****        /* Enable the Internal High Speed oscillator (HSI). */
 416:Drivers/STM32F3xx_HAL_Driver/Src/stm32f3xx_hal_rcc.c ****         __HAL_RCC_HSI_ENABLE();
 408              		.loc 1 416 9 is_stmt 1 view .LVU116
 409              	.LVL24:
ARM GAS  C:\Users\nakas\AppData\Local\Temp\ccIuqt5O.s 			page 34


 410              	.LBB168:
 411              	.LBI168:
 981:Drivers/CMSIS/Include/cmsis_gcc.h **** {
 412              		.loc 2 981 31 view .LVU117
 413              	.LBB169:
 983:Drivers/CMSIS/Include/cmsis_gcc.h **** 
 414              		.loc 2 983 3 view .LVU118
 988:Drivers/CMSIS/Include/cmsis_gcc.h **** #else
 415              		.loc 2 988 4 view .LVU119
 416 00b8 0122     		movs	r2, #1
 417              		.syntax unified
 418              	@ 988 "Drivers/CMSIS/Include/cmsis_gcc.h" 1
 419 00ba 92FAA2F3 		rbit r3, r2
 420              	@ 0 "" 2
 421              	.LVL25:
 422              		.loc 2 1001 3 view .LVU120
 423              		.loc 2 1001 3 is_stmt 0 view .LVU121
 424              		.thumb
 425              		.syntax unified
 426              	.LBE169:
 427              	.LBE168:
 428              		.loc 1 416 9 discriminator 2 view .LVU122
 429 00be B3FA83F3 		clz	r3, r3
 430 00c2 03F18453 		add	r3, r3, #276824064
 431 00c6 03F58413 		add	r3, r3, #1081344
 432 00ca 9B00     		lsls	r3, r3, #2
 433 00cc 1A60     		str	r2, [r3]
 417:Drivers/STM32F3xx_HAL_Driver/Src/stm32f3xx_hal_rcc.c ****         
 418:Drivers/STM32F3xx_HAL_Driver/Src/stm32f3xx_hal_rcc.c ****         /* Get Start Tick */
 419:Drivers/STM32F3xx_HAL_Driver/Src/stm32f3xx_hal_rcc.c ****         tickstart = HAL_GetTick();
 434              		.loc 1 419 9 is_stmt 1 view .LVU123
 435              		.loc 1 419 21 is_stmt 0 view .LVU124
 436 00ce FFF7FEFF 		bl	HAL_GetTick
 437              	.LVL26:
 438 00d2 0546     		mov	r5, r0
 439              	.LVL27:
 420:Drivers/STM32F3xx_HAL_Driver/Src/stm32f3xx_hal_rcc.c ****         
 421:Drivers/STM32F3xx_HAL_Driver/Src/stm32f3xx_hal_rcc.c ****         /* Wait till HSI is ready */
 422:Drivers/STM32F3xx_HAL_Driver/Src/stm32f3xx_hal_rcc.c ****         while(__HAL_RCC_GET_FLAG(RCC_FLAG_HSIRDY) == RESET)
 440              		.loc 1 422 9 is_stmt 1 view .LVU125
 441              	.L47:
 442              		.loc 1 422 51 view .LVU126
 443              	.LBB170:
 444              	.LBI170:
 981:Drivers/CMSIS/Include/cmsis_gcc.h **** {
 445              		.loc 2 981 31 view .LVU127
 446              	.LBB171:
 983:Drivers/CMSIS/Include/cmsis_gcc.h **** 
 447              		.loc 2 983 3 view .LVU128
 988:Drivers/CMSIS/Include/cmsis_gcc.h **** #else
 448              		.loc 2 988 4 view .LVU129
 449 00d4 0223     		movs	r3, #2
 450              		.syntax unified
 451              	@ 988 "Drivers/CMSIS/Include/cmsis_gcc.h" 1
 452 00d6 93FAA3F3 		rbit r3, r3
 453              	@ 0 "" 2
 454              		.loc 2 1001 3 view .LVU130
ARM GAS  C:\Users\nakas\AppData\Local\Temp\ccIuqt5O.s 			page 35


 455              	.LVL28:
 456              		.loc 2 1001 3 is_stmt 0 view .LVU131
 457              		.thumb
 458              		.syntax unified
 459              	.LBE171:
 460              	.LBE170:
 461              		.loc 1 422 15 discriminator 1 view .LVU132
 462 00da 834B     		ldr	r3, .L132
 463 00dc 1968     		ldr	r1, [r3]
 464              	.LVL29:
 465              	.LBB172:
 466              	.LBI172:
 981:Drivers/CMSIS/Include/cmsis_gcc.h **** {
 467              		.loc 2 981 31 is_stmt 1 view .LVU133
 468              	.LBB173:
 983:Drivers/CMSIS/Include/cmsis_gcc.h **** 
 469              		.loc 2 983 3 view .LVU134
 988:Drivers/CMSIS/Include/cmsis_gcc.h **** #else
 470              		.loc 2 988 4 view .LVU135
 471 00de 0223     		movs	r3, #2
 472              		.syntax unified
 473              	@ 988 "Drivers/CMSIS/Include/cmsis_gcc.h" 1
 474 00e0 93FAA3F3 		rbit r3, r3
 475              	@ 0 "" 2
 476              	.LVL30:
 477              		.loc 2 1001 3 view .LVU136
 478              		.loc 2 1001 3 is_stmt 0 view .LVU137
 479              		.thumb
 480              		.syntax unified
 481              	.LBE173:
 482              	.LBE172:
 483              		.loc 1 422 15 discriminator 2 view .LVU138
 484 00e4 B3FA83F3 		clz	r3, r3
 485 00e8 03F01F03 		and	r3, r3, #31
 486 00ec 0122     		movs	r2, #1
 487 00ee 02FA03F3 		lsl	r3, r2, r3
 488              		.loc 1 422 51 discriminator 2 view .LVU139
 489 00f2 0B42     		tst	r3, r1
 490 00f4 40F0C280 		bne	.L122
 423:Drivers/STM32F3xx_HAL_Driver/Src/stm32f3xx_hal_rcc.c ****         {
 424:Drivers/STM32F3xx_HAL_Driver/Src/stm32f3xx_hal_rcc.c ****           if((HAL_GetTick() - tickstart ) > HSI_TIMEOUT_VALUE)
 491              		.loc 1 424 11 is_stmt 1 view .LVU140
 492              		.loc 1 424 15 is_stmt 0 view .LVU141
 493 00f8 FFF7FEFF 		bl	HAL_GetTick
 494              	.LVL31:
 495              		.loc 1 424 29 discriminator 1 view .LVU142
 496 00fc 401B     		subs	r0, r0, r5
 497              		.loc 1 424 13 discriminator 1 view .LVU143
 498 00fe 0228     		cmp	r0, #2
 499 0100 E8D9     		bls	.L47
 425:Drivers/STM32F3xx_HAL_Driver/Src/stm32f3xx_hal_rcc.c ****           {
 426:Drivers/STM32F3xx_HAL_Driver/Src/stm32f3xx_hal_rcc.c ****             return HAL_TIMEOUT;
 500              		.loc 1 426 20 view .LVU144
 501 0102 0320     		movs	r0, #3
 502 0104 89E2     		b	.L21
 503              	.LVL32:
 504              	.L119:
ARM GAS  C:\Users\nakas\AppData\Local\Temp\ccIuqt5O.s 			page 36


 349:Drivers/STM32F3xx_HAL_Driver/Src/stm32f3xx_hal_rcc.c ****       
 505              		.loc 1 349 7 is_stmt 1 discriminator 1 view .LVU145
 506 0106 784A     		ldr	r2, .L132
 507 0108 1368     		ldr	r3, [r2]
 508 010a 43F48033 		orr	r3, r3, #65536
 509 010e 1360     		str	r3, [r2]
 510              	.L28:
 349:Drivers/STM32F3xx_HAL_Driver/Src/stm32f3xx_hal_rcc.c ****       
 511              		.loc 1 349 7 view .LVU146
 353:Drivers/STM32F3xx_HAL_Driver/Src/stm32f3xx_hal_rcc.c **** #endif /* RCC_CFGR_PLLSRC_HSI_DIV2 */
 512              		.loc 1 353 7 view .LVU147
 513 0110 754A     		ldr	r2, .L132
 514 0112 D36A     		ldr	r3, [r2, #44]
 515 0114 23F00F03 		bic	r3, r3, #15
 516 0118 A168     		ldr	r1, [r4, #8]
 517 011a 0B43     		orrs	r3, r3, r1
 518 011c D362     		str	r3, [r2, #44]
 357:Drivers/STM32F3xx_HAL_Driver/Src/stm32f3xx_hal_rcc.c ****       {
 519              		.loc 1 357 7 view .LVU148
 357:Drivers/STM32F3xx_HAL_Driver/Src/stm32f3xx_hal_rcc.c ****       {
 520              		.loc 1 357 27 is_stmt 0 view .LVU149
 521 011e 6368     		ldr	r3, [r4, #4]
 357:Drivers/STM32F3xx_HAL_Driver/Src/stm32f3xx_hal_rcc.c ****       {
 522              		.loc 1 357 9 view .LVU150
 523 0120 002B     		cmp	r3, #0
 524 0122 36D0     		beq	.L31
 360:Drivers/STM32F3xx_HAL_Driver/Src/stm32f3xx_hal_rcc.c ****         
 525              		.loc 1 360 9 is_stmt 1 view .LVU151
 360:Drivers/STM32F3xx_HAL_Driver/Src/stm32f3xx_hal_rcc.c ****         
 526              		.loc 1 360 21 is_stmt 0 view .LVU152
 527 0124 FFF7FEFF 		bl	HAL_GetTick
 528              	.LVL33:
 360:Drivers/STM32F3xx_HAL_Driver/Src/stm32f3xx_hal_rcc.c ****         
 529              		.loc 1 360 21 view .LVU153
 530 0128 0546     		mov	r5, r0
 531              	.LVL34:
 363:Drivers/STM32F3xx_HAL_Driver/Src/stm32f3xx_hal_rcc.c ****         {
 532              		.loc 1 363 9 is_stmt 1 view .LVU154
 533              	.L32:
 363:Drivers/STM32F3xx_HAL_Driver/Src/stm32f3xx_hal_rcc.c ****         {
 534              		.loc 1 363 51 view .LVU155
 535              	.LBB174:
 536              	.LBI174:
 981:Drivers/CMSIS/Include/cmsis_gcc.h **** {
 537              		.loc 2 981 31 view .LVU156
 538              	.LBB175:
 983:Drivers/CMSIS/Include/cmsis_gcc.h **** 
 539              		.loc 2 983 3 view .LVU157
 988:Drivers/CMSIS/Include/cmsis_gcc.h **** #else
 540              		.loc 2 988 4 view .LVU158
 541 012a 4FF40033 		mov	r3, #131072
 542              		.syntax unified
 543              	@ 988 "Drivers/CMSIS/Include/cmsis_gcc.h" 1
 544 012e 93FAA3F3 		rbit r3, r3
 545              	@ 0 "" 2
 546              		.loc 2 1001 3 view .LVU159
 547              	.LVL35:
ARM GAS  C:\Users\nakas\AppData\Local\Temp\ccIuqt5O.s 			page 37


 548              		.loc 2 1001 3 is_stmt 0 view .LVU160
 549              		.thumb
 550              		.syntax unified
 551              	.LBE175:
 552              	.LBE174:
 363:Drivers/STM32F3xx_HAL_Driver/Src/stm32f3xx_hal_rcc.c ****         {
 553              		.loc 1 363 15 discriminator 1 view .LVU161
 554 0132 6D4B     		ldr	r3, .L132
 555 0134 1968     		ldr	r1, [r3]
 556              	.LVL36:
 557              	.LBB176:
 558              	.LBI176:
 981:Drivers/CMSIS/Include/cmsis_gcc.h **** {
 559              		.loc 2 981 31 is_stmt 1 view .LVU162
 560              	.LBB177:
 983:Drivers/CMSIS/Include/cmsis_gcc.h **** 
 561              		.loc 2 983 3 view .LVU163
 988:Drivers/CMSIS/Include/cmsis_gcc.h **** #else
 562              		.loc 2 988 4 view .LVU164
 563 0136 4FF40033 		mov	r3, #131072
 564              		.syntax unified
 565              	@ 988 "Drivers/CMSIS/Include/cmsis_gcc.h" 1
 566 013a 93FAA3F3 		rbit r3, r3
 567              	@ 0 "" 2
 568              	.LVL37:
 569              		.loc 2 1001 3 view .LVU165
 570              		.loc 2 1001 3 is_stmt 0 view .LVU166
 571              		.thumb
 572              		.syntax unified
 573              	.LBE177:
 574              	.LBE176:
 363:Drivers/STM32F3xx_HAL_Driver/Src/stm32f3xx_hal_rcc.c ****         {
 575              		.loc 1 363 15 discriminator 2 view .LVU167
 576 013e B3FA83F3 		clz	r3, r3
 577 0142 03F01F03 		and	r3, r3, #31
 578 0146 0122     		movs	r2, #1
 579 0148 02FA03F3 		lsl	r3, r2, r3
 363:Drivers/STM32F3xx_HAL_Driver/Src/stm32f3xx_hal_rcc.c ****         {
 580              		.loc 1 363 51 discriminator 2 view .LVU168
 581 014c 0B42     		tst	r3, r1
 582 014e 9DD1     		bne	.L22
 365:Drivers/STM32F3xx_HAL_Driver/Src/stm32f3xx_hal_rcc.c ****           {
 583              		.loc 1 365 11 is_stmt 1 view .LVU169
 365:Drivers/STM32F3xx_HAL_Driver/Src/stm32f3xx_hal_rcc.c ****           {
 584              		.loc 1 365 15 is_stmt 0 view .LVU170
 585 0150 FFF7FEFF 		bl	HAL_GetTick
 586              	.LVL38:
 365:Drivers/STM32F3xx_HAL_Driver/Src/stm32f3xx_hal_rcc.c ****           {
 587              		.loc 1 365 29 discriminator 1 view .LVU171
 588 0154 401B     		subs	r0, r0, r5
 365:Drivers/STM32F3xx_HAL_Driver/Src/stm32f3xx_hal_rcc.c ****           {
 589              		.loc 1 365 13 discriminator 1 view .LVU172
 590 0156 6428     		cmp	r0, #100
 591 0158 E7D9     		bls	.L32
 367:Drivers/STM32F3xx_HAL_Driver/Src/stm32f3xx_hal_rcc.c ****           }
 592              		.loc 1 367 20 view .LVU173
 593 015a 0320     		movs	r0, #3
ARM GAS  C:\Users\nakas\AppData\Local\Temp\ccIuqt5O.s 			page 38


 594 015c 5DE2     		b	.L21
 595              	.LVL39:
 596              	.L29:
 349:Drivers/STM32F3xx_HAL_Driver/Src/stm32f3xx_hal_rcc.c ****       
 597              		.loc 1 349 7 is_stmt 1 discriminator 4 view .LVU174
 598 015e B3F5A02F 		cmp	r3, #327680
 599 0162 09D0     		beq	.L123
 349:Drivers/STM32F3xx_HAL_Driver/Src/stm32f3xx_hal_rcc.c ****       
 600              		.loc 1 349 7 discriminator 6 view .LVU175
 601 0164 604B     		ldr	r3, .L132
 602 0166 1A68     		ldr	r2, [r3]
 603 0168 22F48032 		bic	r2, r2, #65536
 604 016c 1A60     		str	r2, [r3]
 349:Drivers/STM32F3xx_HAL_Driver/Src/stm32f3xx_hal_rcc.c ****       
 605              		.loc 1 349 7 view .LVU176
 349:Drivers/STM32F3xx_HAL_Driver/Src/stm32f3xx_hal_rcc.c ****       
 606              		.loc 1 349 7 is_stmt 0 discriminator 6 view .LVU177
 607 016e 1A68     		ldr	r2, [r3]
 608 0170 22F48022 		bic	r2, r2, #262144
 609 0174 1A60     		str	r2, [r3]
 610 0176 CBE7     		b	.L28
 611              	.L123:
 349:Drivers/STM32F3xx_HAL_Driver/Src/stm32f3xx_hal_rcc.c ****       
 612              		.loc 1 349 7 is_stmt 1 discriminator 5 view .LVU178
 613 0178 03F18043 		add	r3, r3, #1073741824
 614 017c A3F53C33 		sub	r3, r3, #192512
 615 0180 1A68     		ldr	r2, [r3]
 616 0182 42F48022 		orr	r2, r2, #262144
 617 0186 1A60     		str	r2, [r3]
 349:Drivers/STM32F3xx_HAL_Driver/Src/stm32f3xx_hal_rcc.c ****       
 618              		.loc 1 349 7 view .LVU179
 349:Drivers/STM32F3xx_HAL_Driver/Src/stm32f3xx_hal_rcc.c ****       
 619              		.loc 1 349 7 is_stmt 0 discriminator 5 view .LVU180
 620 0188 1A68     		ldr	r2, [r3]
 621 018a 42F48032 		orr	r2, r2, #65536
 622 018e 1A60     		str	r2, [r3]
 623 0190 BEE7     		b	.L28
 624              	.L31:
 374:Drivers/STM32F3xx_HAL_Driver/Src/stm32f3xx_hal_rcc.c ****         
 625              		.loc 1 374 9 is_stmt 1 view .LVU181
 374:Drivers/STM32F3xx_HAL_Driver/Src/stm32f3xx_hal_rcc.c ****         
 626              		.loc 1 374 21 is_stmt 0 view .LVU182
 627 0192 FFF7FEFF 		bl	HAL_GetTick
 628              	.LVL40:
 374:Drivers/STM32F3xx_HAL_Driver/Src/stm32f3xx_hal_rcc.c ****         
 629              		.loc 1 374 21 view .LVU183
 630 0196 0546     		mov	r5, r0
 631              	.LVL41:
 377:Drivers/STM32F3xx_HAL_Driver/Src/stm32f3xx_hal_rcc.c ****         {
 632              		.loc 1 377 9 is_stmt 1 view .LVU184
 633              	.L36:
 377:Drivers/STM32F3xx_HAL_Driver/Src/stm32f3xx_hal_rcc.c ****         {
 634              		.loc 1 377 51 view .LVU185
 635              	.LBB178:
 636              	.LBI178:
 981:Drivers/CMSIS/Include/cmsis_gcc.h **** {
 637              		.loc 2 981 31 view .LVU186
ARM GAS  C:\Users\nakas\AppData\Local\Temp\ccIuqt5O.s 			page 39


 638              	.LBB179:
 983:Drivers/CMSIS/Include/cmsis_gcc.h **** 
 639              		.loc 2 983 3 view .LVU187
 988:Drivers/CMSIS/Include/cmsis_gcc.h **** #else
 640              		.loc 2 988 4 view .LVU188
 641 0198 4FF40033 		mov	r3, #131072
 642              		.syntax unified
 643              	@ 988 "Drivers/CMSIS/Include/cmsis_gcc.h" 1
 644 019c 93FAA3F3 		rbit r3, r3
 645              	@ 0 "" 2
 646              		.loc 2 1001 3 view .LVU189
 647              	.LVL42:
 648              		.loc 2 1001 3 is_stmt 0 view .LVU190
 649              		.thumb
 650              		.syntax unified
 651              	.LBE179:
 652              	.LBE178:
 377:Drivers/STM32F3xx_HAL_Driver/Src/stm32f3xx_hal_rcc.c ****         {
 653              		.loc 1 377 15 discriminator 1 view .LVU191
 654 01a0 514B     		ldr	r3, .L132
 655 01a2 1968     		ldr	r1, [r3]
 656              	.LVL43:
 657              	.LBB180:
 658              	.LBI180:
 981:Drivers/CMSIS/Include/cmsis_gcc.h **** {
 659              		.loc 2 981 31 is_stmt 1 view .LVU192
 660              	.LBB181:
 983:Drivers/CMSIS/Include/cmsis_gcc.h **** 
 661              		.loc 2 983 3 view .LVU193
 988:Drivers/CMSIS/Include/cmsis_gcc.h **** #else
 662              		.loc 2 988 4 view .LVU194
 663 01a4 4FF40033 		mov	r3, #131072
 664              		.syntax unified
 665              	@ 988 "Drivers/CMSIS/Include/cmsis_gcc.h" 1
 666 01a8 93FAA3F3 		rbit r3, r3
 667              	@ 0 "" 2
 668              	.LVL44:
 669              		.loc 2 1001 3 view .LVU195
 670              		.loc 2 1001 3 is_stmt 0 view .LVU196
 671              		.thumb
 672              		.syntax unified
 673              	.LBE181:
 674              	.LBE180:
 377:Drivers/STM32F3xx_HAL_Driver/Src/stm32f3xx_hal_rcc.c ****         {
 675              		.loc 1 377 15 discriminator 2 view .LVU197
 676 01ac B3FA83F3 		clz	r3, r3
 677 01b0 03F01F03 		and	r3, r3, #31
 678 01b4 0122     		movs	r2, #1
 679 01b6 02FA03F3 		lsl	r3, r2, r3
 377:Drivers/STM32F3xx_HAL_Driver/Src/stm32f3xx_hal_rcc.c ****         {
 680              		.loc 1 377 51 discriminator 2 view .LVU198
 681 01ba 0B42     		tst	r3, r1
 682 01bc 3FF466AF 		beq	.L22
 379:Drivers/STM32F3xx_HAL_Driver/Src/stm32f3xx_hal_rcc.c ****           {
 683              		.loc 1 379 12 is_stmt 1 view .LVU199
 379:Drivers/STM32F3xx_HAL_Driver/Src/stm32f3xx_hal_rcc.c ****           {
 684              		.loc 1 379 16 is_stmt 0 view .LVU200
ARM GAS  C:\Users\nakas\AppData\Local\Temp\ccIuqt5O.s 			page 40


 685 01c0 FFF7FEFF 		bl	HAL_GetTick
 686              	.LVL45:
 379:Drivers/STM32F3xx_HAL_Driver/Src/stm32f3xx_hal_rcc.c ****           {
 687              		.loc 1 379 30 discriminator 1 view .LVU201
 688 01c4 401B     		subs	r0, r0, r5
 379:Drivers/STM32F3xx_HAL_Driver/Src/stm32f3xx_hal_rcc.c ****           {
 689              		.loc 1 379 14 discriminator 1 view .LVU202
 690 01c6 6428     		cmp	r0, #100
 691 01c8 E6D9     		bls	.L36
 381:Drivers/STM32F3xx_HAL_Driver/Src/stm32f3xx_hal_rcc.c ****           }
 692              		.loc 1 381 20 view .LVU203
 693 01ca 0320     		movs	r0, #3
 694 01cc 25E2     		b	.L21
 695              	.LVL46:
 696              	.L121:
 396:Drivers/STM32F3xx_HAL_Driver/Src/stm32f3xx_hal_rcc.c ****     {
 697              		.loc 1 396 82 discriminator 1 view .LVU204
 698 01ce 464B     		ldr	r3, .L132
 699 01d0 5B68     		ldr	r3, [r3, #4]
 396:Drivers/STM32F3xx_HAL_Driver/Src/stm32f3xx_hal_rcc.c ****     {
 700              		.loc 1 396 78 discriminator 1 view .LVU205
 701 01d2 13F4803F 		tst	r3, #65536
 702 01d6 7FF46BAF 		bne	.L42
 703              	.L41:
 399:Drivers/STM32F3xx_HAL_Driver/Src/stm32f3xx_hal_rcc.c ****       {
 704              		.loc 1 399 7 is_stmt 1 view .LVU206
 705              	.LVL47:
 706              	.LBB182:
 707              	.LBI182:
 981:Drivers/CMSIS/Include/cmsis_gcc.h **** {
 708              		.loc 2 981 31 view .LVU207
 709              	.LBB183:
 983:Drivers/CMSIS/Include/cmsis_gcc.h **** 
 710              		.loc 2 983 3 view .LVU208
 988:Drivers/CMSIS/Include/cmsis_gcc.h **** #else
 711              		.loc 2 988 4 view .LVU209
 712 01da 0223     		movs	r3, #2
 713              		.syntax unified
 714              	@ 988 "Drivers/CMSIS/Include/cmsis_gcc.h" 1
 715 01dc 93FAA3F3 		rbit r3, r3
 716              	@ 0 "" 2
 717              		.loc 2 1001 3 view .LVU210
 718              	.LVL48:
 719              		.loc 2 1001 3 is_stmt 0 view .LVU211
 720              		.thumb
 721              		.syntax unified
 722              	.LBE183:
 723              	.LBE182:
 399:Drivers/STM32F3xx_HAL_Driver/Src/stm32f3xx_hal_rcc.c ****       {
 724              		.loc 1 399 11 discriminator 1 view .LVU212
 725 01e0 414B     		ldr	r3, .L132
 726 01e2 1968     		ldr	r1, [r3]
 727              	.LVL49:
 728              	.LBB184:
 729              	.LBI184:
 981:Drivers/CMSIS/Include/cmsis_gcc.h **** {
 730              		.loc 2 981 31 is_stmt 1 view .LVU213
ARM GAS  C:\Users\nakas\AppData\Local\Temp\ccIuqt5O.s 			page 41


 731              	.LBB185:
 983:Drivers/CMSIS/Include/cmsis_gcc.h **** 
 732              		.loc 2 983 3 view .LVU214
 988:Drivers/CMSIS/Include/cmsis_gcc.h **** #else
 733              		.loc 2 988 4 view .LVU215
 734 01e4 0223     		movs	r3, #2
 735              		.syntax unified
 736              	@ 988 "Drivers/CMSIS/Include/cmsis_gcc.h" 1
 737 01e6 93FAA3F3 		rbit r3, r3
 738              	@ 0 "" 2
 739              	.LVL50:
 740              		.loc 2 1001 3 view .LVU216
 741              		.loc 2 1001 3 is_stmt 0 view .LVU217
 742              		.thumb
 743              		.syntax unified
 744              	.LBE185:
 745              	.LBE184:
 399:Drivers/STM32F3xx_HAL_Driver/Src/stm32f3xx_hal_rcc.c ****       {
 746              		.loc 1 399 11 discriminator 2 view .LVU218
 747 01ea B3FA83F3 		clz	r3, r3
 748 01ee 03F01F03 		and	r3, r3, #31
 749 01f2 0122     		movs	r2, #1
 750 01f4 02FA03F3 		lsl	r3, r2, r3
 399:Drivers/STM32F3xx_HAL_Driver/Src/stm32f3xx_hal_rcc.c ****       {
 751              		.loc 1 399 9 discriminator 2 view .LVU219
 752 01f8 0B42     		tst	r3, r1
 753 01fa 03D0     		beq	.L45
 399:Drivers/STM32F3xx_HAL_Driver/Src/stm32f3xx_hal_rcc.c ****       {
 754              		.loc 1 399 78 discriminator 13 view .LVU220
 755 01fc 2369     		ldr	r3, [r4, #16]
 399:Drivers/STM32F3xx_HAL_Driver/Src/stm32f3xx_hal_rcc.c ****       {
 756              		.loc 1 399 57 discriminator 13 view .LVU221
 757 01fe 9342     		cmp	r3, r2
 758 0200 40F00482 		bne	.L98
 759              	.L45:
 407:Drivers/STM32F3xx_HAL_Driver/Src/stm32f3xx_hal_rcc.c ****       }
 760              		.loc 1 407 9 is_stmt 1 view .LVU222
 761 0204 3848     		ldr	r0, .L132
 762 0206 0368     		ldr	r3, [r0]
 763 0208 23F0F803 		bic	r3, r3, #248
 764 020c 6169     		ldr	r1, [r4, #20]
 765              	.LVL51:
 766              	.LBB186:
 767              	.LBI186:
 981:Drivers/CMSIS/Include/cmsis_gcc.h **** {
 768              		.loc 2 981 31 view .LVU223
 769              	.LBB187:
 983:Drivers/CMSIS/Include/cmsis_gcc.h **** 
 770              		.loc 2 983 3 view .LVU224
 988:Drivers/CMSIS/Include/cmsis_gcc.h **** #else
 771              		.loc 2 988 4 view .LVU225
 772 020e F822     		movs	r2, #248
 773              		.syntax unified
 774              	@ 988 "Drivers/CMSIS/Include/cmsis_gcc.h" 1
 775 0210 92FAA2F2 		rbit r2, r2
 776              	@ 0 "" 2
 777              	.LVL52:
ARM GAS  C:\Users\nakas\AppData\Local\Temp\ccIuqt5O.s 			page 42


 778              		.loc 2 1001 3 view .LVU226
 779              		.loc 2 1001 3 is_stmt 0 view .LVU227
 780              		.thumb
 781              		.syntax unified
 782              	.LBE187:
 783              	.LBE186:
 407:Drivers/STM32F3xx_HAL_Driver/Src/stm32f3xx_hal_rcc.c ****       }
 784              		.loc 1 407 9 discriminator 2 view .LVU228
 785 0214 B2FA82F2 		clz	r2, r2
 786 0218 9140     		lsls	r1, r1, r2
 787 021a 0B43     		orrs	r3, r3, r1
 788 021c 0360     		str	r3, [r0]
 789              	.L40:
 427:Drivers/STM32F3xx_HAL_Driver/Src/stm32f3xx_hal_rcc.c ****           }
 428:Drivers/STM32F3xx_HAL_Driver/Src/stm32f3xx_hal_rcc.c ****         }
 429:Drivers/STM32F3xx_HAL_Driver/Src/stm32f3xx_hal_rcc.c ****                 
 430:Drivers/STM32F3xx_HAL_Driver/Src/stm32f3xx_hal_rcc.c ****         /* Adjusts the Internal High Speed oscillator (HSI) calibration value.*/
 431:Drivers/STM32F3xx_HAL_Driver/Src/stm32f3xx_hal_rcc.c ****         __HAL_RCC_HSI_CALIBRATIONVALUE_ADJUST(RCC_OscInitStruct->HSICalibrationValue);
 432:Drivers/STM32F3xx_HAL_Driver/Src/stm32f3xx_hal_rcc.c ****       }
 433:Drivers/STM32F3xx_HAL_Driver/Src/stm32f3xx_hal_rcc.c ****       else
 434:Drivers/STM32F3xx_HAL_Driver/Src/stm32f3xx_hal_rcc.c ****       {
 435:Drivers/STM32F3xx_HAL_Driver/Src/stm32f3xx_hal_rcc.c ****         /* Disable the Internal High Speed oscillator (HSI). */
 436:Drivers/STM32F3xx_HAL_Driver/Src/stm32f3xx_hal_rcc.c ****         __HAL_RCC_HSI_DISABLE();
 437:Drivers/STM32F3xx_HAL_Driver/Src/stm32f3xx_hal_rcc.c ****         
 438:Drivers/STM32F3xx_HAL_Driver/Src/stm32f3xx_hal_rcc.c ****         /* Get Start Tick */
 439:Drivers/STM32F3xx_HAL_Driver/Src/stm32f3xx_hal_rcc.c ****         tickstart = HAL_GetTick();
 440:Drivers/STM32F3xx_HAL_Driver/Src/stm32f3xx_hal_rcc.c ****         
 441:Drivers/STM32F3xx_HAL_Driver/Src/stm32f3xx_hal_rcc.c ****         /* Wait till HSI is disabled */
 442:Drivers/STM32F3xx_HAL_Driver/Src/stm32f3xx_hal_rcc.c ****         while(__HAL_RCC_GET_FLAG(RCC_FLAG_HSIRDY) != RESET)
 443:Drivers/STM32F3xx_HAL_Driver/Src/stm32f3xx_hal_rcc.c ****         {
 444:Drivers/STM32F3xx_HAL_Driver/Src/stm32f3xx_hal_rcc.c ****           if((HAL_GetTick() - tickstart ) > HSI_TIMEOUT_VALUE)
 445:Drivers/STM32F3xx_HAL_Driver/Src/stm32f3xx_hal_rcc.c ****           {
 446:Drivers/STM32F3xx_HAL_Driver/Src/stm32f3xx_hal_rcc.c ****             return HAL_TIMEOUT;
 447:Drivers/STM32F3xx_HAL_Driver/Src/stm32f3xx_hal_rcc.c ****           }
 448:Drivers/STM32F3xx_HAL_Driver/Src/stm32f3xx_hal_rcc.c ****         }
 449:Drivers/STM32F3xx_HAL_Driver/Src/stm32f3xx_hal_rcc.c ****       }
 450:Drivers/STM32F3xx_HAL_Driver/Src/stm32f3xx_hal_rcc.c ****     }
 451:Drivers/STM32F3xx_HAL_Driver/Src/stm32f3xx_hal_rcc.c ****   }
 452:Drivers/STM32F3xx_HAL_Driver/Src/stm32f3xx_hal_rcc.c ****   /*------------------------------ LSI Configuration -------------------------*/ 
 453:Drivers/STM32F3xx_HAL_Driver/Src/stm32f3xx_hal_rcc.c ****   if(((RCC_OscInitStruct->OscillatorType) & RCC_OSCILLATORTYPE_LSI) == RCC_OSCILLATORTYPE_LSI)
 790              		.loc 1 453 3 is_stmt 1 view .LVU229
 791              		.loc 1 453 25 is_stmt 0 view .LVU230
 792 021e 2368     		ldr	r3, [r4]
 793              		.loc 1 453 5 view .LVU231
 794 0220 13F0080F 		tst	r3, #8
 795 0224 00F08C80 		beq	.L55
 454:Drivers/STM32F3xx_HAL_Driver/Src/stm32f3xx_hal_rcc.c ****   {
 455:Drivers/STM32F3xx_HAL_Driver/Src/stm32f3xx_hal_rcc.c ****     /* Check the parameters */
 456:Drivers/STM32F3xx_HAL_Driver/Src/stm32f3xx_hal_rcc.c ****     assert_param(IS_RCC_LSI(RCC_OscInitStruct->LSIState));
 796              		.loc 1 456 5 is_stmt 1 view .LVU232
 457:Drivers/STM32F3xx_HAL_Driver/Src/stm32f3xx_hal_rcc.c ****     
 458:Drivers/STM32F3xx_HAL_Driver/Src/stm32f3xx_hal_rcc.c ****     /* Check the LSI State */
 459:Drivers/STM32F3xx_HAL_Driver/Src/stm32f3xx_hal_rcc.c ****     if(RCC_OscInitStruct->LSIState != RCC_LSI_OFF)
 797              		.loc 1 459 5 view .LVU233
 798              		.loc 1 459 25 is_stmt 0 view .LVU234
 799 0228 A369     		ldr	r3, [r4, #24]
 800              		.loc 1 459 7 view .LVU235
ARM GAS  C:\Users\nakas\AppData\Local\Temp\ccIuqt5O.s 			page 43


 801 022a 002B     		cmp	r3, #0
 802 022c 60D0     		beq	.L56
 460:Drivers/STM32F3xx_HAL_Driver/Src/stm32f3xx_hal_rcc.c ****     {
 461:Drivers/STM32F3xx_HAL_Driver/Src/stm32f3xx_hal_rcc.c ****       /* Enable the Internal Low Speed oscillator (LSI). */
 462:Drivers/STM32F3xx_HAL_Driver/Src/stm32f3xx_hal_rcc.c ****       __HAL_RCC_LSI_ENABLE();
 803              		.loc 1 462 7 is_stmt 1 view .LVU236
 804              	.LVL53:
 805              	.LBB188:
 806              	.LBI188:
 981:Drivers/CMSIS/Include/cmsis_gcc.h **** {
 807              		.loc 2 981 31 view .LVU237
 808              	.LBB189:
 983:Drivers/CMSIS/Include/cmsis_gcc.h **** 
 809              		.loc 2 983 3 view .LVU238
 988:Drivers/CMSIS/Include/cmsis_gcc.h **** #else
 810              		.loc 2 988 4 view .LVU239
 811 022e 0121     		movs	r1, #1
 812              		.syntax unified
 813              	@ 988 "Drivers/CMSIS/Include/cmsis_gcc.h" 1
 814 0230 91FAA1F2 		rbit r2, r1
 815              	@ 0 "" 2
 816              	.LVL54:
 817              		.loc 2 1001 3 view .LVU240
 818              		.loc 2 1001 3 is_stmt 0 view .LVU241
 819              		.thumb
 820              		.syntax unified
 821              	.LBE189:
 822              	.LBE188:
 823              		.loc 1 462 7 discriminator 2 view .LVU242
 824 0234 B2FA82F2 		clz	r2, r2
 825 0238 2C4B     		ldr	r3, .L132+4
 826 023a 1344     		add	r3, r3, r2
 827 023c 9B00     		lsls	r3, r3, #2
 828 023e 1960     		str	r1, [r3]
 463:Drivers/STM32F3xx_HAL_Driver/Src/stm32f3xx_hal_rcc.c ****       
 464:Drivers/STM32F3xx_HAL_Driver/Src/stm32f3xx_hal_rcc.c ****       /* Get Start Tick */
 465:Drivers/STM32F3xx_HAL_Driver/Src/stm32f3xx_hal_rcc.c ****       tickstart = HAL_GetTick();
 829              		.loc 1 465 7 is_stmt 1 view .LVU243
 830              		.loc 1 465 19 is_stmt 0 view .LVU244
 831 0240 FFF7FEFF 		bl	HAL_GetTick
 832              	.LVL55:
 833 0244 0546     		mov	r5, r0
 834              	.LVL56:
 466:Drivers/STM32F3xx_HAL_Driver/Src/stm32f3xx_hal_rcc.c ****       
 467:Drivers/STM32F3xx_HAL_Driver/Src/stm32f3xx_hal_rcc.c ****       /* Wait till LSI is ready */  
 468:Drivers/STM32F3xx_HAL_Driver/Src/stm32f3xx_hal_rcc.c ****       while(__HAL_RCC_GET_FLAG(RCC_FLAG_LSIRDY) == RESET)
 835              		.loc 1 468 7 is_stmt 1 view .LVU245
 836              	.L57:
 837              		.loc 1 468 49 view .LVU246
 838              	.LBB190:
 839              	.LBI190:
 981:Drivers/CMSIS/Include/cmsis_gcc.h **** {
 840              		.loc 2 981 31 view .LVU247
 841              	.LBB191:
 983:Drivers/CMSIS/Include/cmsis_gcc.h **** 
 842              		.loc 2 983 3 view .LVU248
 988:Drivers/CMSIS/Include/cmsis_gcc.h **** #else
ARM GAS  C:\Users\nakas\AppData\Local\Temp\ccIuqt5O.s 			page 44


 843              		.loc 2 988 4 view .LVU249
 844 0246 0223     		movs	r3, #2
 845              		.syntax unified
 846              	@ 988 "Drivers/CMSIS/Include/cmsis_gcc.h" 1
 847 0248 93FAA3F2 		rbit r2, r3
 848              	@ 0 "" 2
 849              	.LVL57:
 850              		.loc 2 1001 3 view .LVU250
 851              		.loc 2 1001 3 is_stmt 0 view .LVU251
 852              		.thumb
 853              		.syntax unified
 854              	.LBE191:
 855              	.LBE190:
 856              	.LBB192:
 857              	.LBI192:
 981:Drivers/CMSIS/Include/cmsis_gcc.h **** {
 858              		.loc 2 981 31 is_stmt 1 view .LVU252
 859              	.LBB193:
 983:Drivers/CMSIS/Include/cmsis_gcc.h **** 
 860              		.loc 2 983 3 view .LVU253
 988:Drivers/CMSIS/Include/cmsis_gcc.h **** #else
 861              		.loc 2 988 4 view .LVU254
 862              		.syntax unified
 863              	@ 988 "Drivers/CMSIS/Include/cmsis_gcc.h" 1
 864 024c 93FAA3F2 		rbit r2, r3
 865              	@ 0 "" 2
 866              	.LVL58:
 867              		.loc 2 1001 3 view .LVU255
 868              		.loc 2 1001 3 is_stmt 0 view .LVU256
 869              		.thumb
 870              		.syntax unified
 871              	.LBE193:
 872              	.LBE192:
 873              	.LBB194:
 874              	.LBI194:
 981:Drivers/CMSIS/Include/cmsis_gcc.h **** {
 875              		.loc 2 981 31 is_stmt 1 view .LVU257
 876              	.LBB195:
 983:Drivers/CMSIS/Include/cmsis_gcc.h **** 
 877              		.loc 2 983 3 view .LVU258
 988:Drivers/CMSIS/Include/cmsis_gcc.h **** #else
 878              		.loc 2 988 4 view .LVU259
 879              		.syntax unified
 880              	@ 988 "Drivers/CMSIS/Include/cmsis_gcc.h" 1
 881 0250 93FAA3F2 		rbit r2, r3
 882              	@ 0 "" 2
 883              	.LVL59:
 884              		.loc 2 1001 3 view .LVU260
 885              		.loc 2 1001 3 is_stmt 0 view .LVU261
 886              		.thumb
 887              		.syntax unified
 888              	.LBE195:
 889              	.LBE194:
 890              		.loc 1 468 13 discriminator 8 view .LVU262
 891 0254 244A     		ldr	r2, .L132
 892 0256 516A     		ldr	r1, [r2, #36]
 893              	.LVL60:
ARM GAS  C:\Users\nakas\AppData\Local\Temp\ccIuqt5O.s 			page 45


 894              	.LBB196:
 895              	.LBI196:
 981:Drivers/CMSIS/Include/cmsis_gcc.h **** {
 896              		.loc 2 981 31 is_stmt 1 view .LVU263
 897              	.LBB197:
 983:Drivers/CMSIS/Include/cmsis_gcc.h **** 
 898              		.loc 2 983 3 view .LVU264
 988:Drivers/CMSIS/Include/cmsis_gcc.h **** #else
 899              		.loc 2 988 4 view .LVU265
 900              		.syntax unified
 901              	@ 988 "Drivers/CMSIS/Include/cmsis_gcc.h" 1
 902 0258 93FAA3F3 		rbit r3, r3
 903              	@ 0 "" 2
 904              	.LVL61:
 905              		.loc 2 1001 3 view .LVU266
 906              		.loc 2 1001 3 is_stmt 0 view .LVU267
 907              		.thumb
 908              		.syntax unified
 909              	.LBE197:
 910              	.LBE196:
 911              		.loc 1 468 13 discriminator 2 view .LVU268
 912 025c B3FA83F3 		clz	r3, r3
 913 0260 03F01F03 		and	r3, r3, #31
 914 0264 0122     		movs	r2, #1
 915 0266 02FA03F3 		lsl	r3, r2, r3
 916              		.loc 1 468 49 discriminator 2 view .LVU269
 917 026a 0B42     		tst	r3, r1
 918 026c 68D1     		bne	.L55
 469:Drivers/STM32F3xx_HAL_Driver/Src/stm32f3xx_hal_rcc.c ****       {
 470:Drivers/STM32F3xx_HAL_Driver/Src/stm32f3xx_hal_rcc.c ****         if((HAL_GetTick() - tickstart ) > LSI_TIMEOUT_VALUE)
 919              		.loc 1 470 9 is_stmt 1 view .LVU270
 920              		.loc 1 470 13 is_stmt 0 view .LVU271
 921 026e FFF7FEFF 		bl	HAL_GetTick
 922              	.LVL62:
 923              		.loc 1 470 27 discriminator 1 view .LVU272
 924 0272 401B     		subs	r0, r0, r5
 925              		.loc 1 470 11 discriminator 1 view .LVU273
 926 0274 0228     		cmp	r0, #2
 927 0276 E6D9     		bls	.L57
 471:Drivers/STM32F3xx_HAL_Driver/Src/stm32f3xx_hal_rcc.c ****         {
 472:Drivers/STM32F3xx_HAL_Driver/Src/stm32f3xx_hal_rcc.c ****           return HAL_TIMEOUT;
 928              		.loc 1 472 18 view .LVU274
 929 0278 0320     		movs	r0, #3
 930 027a CEE1     		b	.L21
 931              	.L122:
 431:Drivers/STM32F3xx_HAL_Driver/Src/stm32f3xx_hal_rcc.c ****       }
 932              		.loc 1 431 9 is_stmt 1 view .LVU275
 933 027c 1A48     		ldr	r0, .L132
 934 027e 0368     		ldr	r3, [r0]
 935 0280 23F0F803 		bic	r3, r3, #248
 936 0284 6169     		ldr	r1, [r4, #20]
 937              	.LVL63:
 938              	.LBB198:
 939              	.LBI198:
 981:Drivers/CMSIS/Include/cmsis_gcc.h **** {
 940              		.loc 2 981 31 view .LVU276
 941              	.LBB199:
ARM GAS  C:\Users\nakas\AppData\Local\Temp\ccIuqt5O.s 			page 46


 983:Drivers/CMSIS/Include/cmsis_gcc.h **** 
 942              		.loc 2 983 3 view .LVU277
 988:Drivers/CMSIS/Include/cmsis_gcc.h **** #else
 943              		.loc 2 988 4 view .LVU278
 944 0286 F822     		movs	r2, #248
 945              		.syntax unified
 946              	@ 988 "Drivers/CMSIS/Include/cmsis_gcc.h" 1
 947 0288 92FAA2F2 		rbit r2, r2
 948              	@ 0 "" 2
 949              	.LVL64:
 950              		.loc 2 1001 3 view .LVU279
 951              		.loc 2 1001 3 is_stmt 0 view .LVU280
 952              		.thumb
 953              		.syntax unified
 954              	.LBE199:
 955              	.LBE198:
 431:Drivers/STM32F3xx_HAL_Driver/Src/stm32f3xx_hal_rcc.c ****       }
 956              		.loc 1 431 9 discriminator 2 view .LVU281
 957 028c B2FA82F2 		clz	r2, r2
 958 0290 9140     		lsls	r1, r1, r2
 959 0292 0B43     		orrs	r3, r3, r1
 960 0294 0360     		str	r3, [r0]
 961 0296 C2E7     		b	.L40
 962              	.LVL65:
 963              	.L46:
 436:Drivers/STM32F3xx_HAL_Driver/Src/stm32f3xx_hal_rcc.c ****         
 964              		.loc 1 436 9 is_stmt 1 view .LVU282
 965              	.LBB200:
 966              	.LBI200:
 981:Drivers/CMSIS/Include/cmsis_gcc.h **** {
 967              		.loc 2 981 31 view .LVU283
 968              	.LBB201:
 983:Drivers/CMSIS/Include/cmsis_gcc.h **** 
 969              		.loc 2 983 3 view .LVU284
 988:Drivers/CMSIS/Include/cmsis_gcc.h **** #else
 970              		.loc 2 988 4 view .LVU285
 971 0298 0123     		movs	r3, #1
 972              		.syntax unified
 973              	@ 988 "Drivers/CMSIS/Include/cmsis_gcc.h" 1
 974 029a 93FAA3F3 		rbit r3, r3
 975              	@ 0 "" 2
 976              	.LVL66:
 977              		.loc 2 1001 3 view .LVU286
 978              		.loc 2 1001 3 is_stmt 0 view .LVU287
 979              		.thumb
 980              		.syntax unified
 981              	.LBE201:
 982              	.LBE200:
 436:Drivers/STM32F3xx_HAL_Driver/Src/stm32f3xx_hal_rcc.c ****         
 983              		.loc 1 436 9 discriminator 2 view .LVU288
 984 029e B3FA83F3 		clz	r3, r3
 985 02a2 03F18453 		add	r3, r3, #276824064
 986 02a6 03F58413 		add	r3, r3, #1081344
 987 02aa 9B00     		lsls	r3, r3, #2
 988 02ac 0022     		movs	r2, #0
 989 02ae 1A60     		str	r2, [r3]
 439:Drivers/STM32F3xx_HAL_Driver/Src/stm32f3xx_hal_rcc.c ****         
ARM GAS  C:\Users\nakas\AppData\Local\Temp\ccIuqt5O.s 			page 47


 990              		.loc 1 439 9 is_stmt 1 view .LVU289
 439:Drivers/STM32F3xx_HAL_Driver/Src/stm32f3xx_hal_rcc.c ****         
 991              		.loc 1 439 21 is_stmt 0 view .LVU290
 992 02b0 FFF7FEFF 		bl	HAL_GetTick
 993              	.LVL67:
 994 02b4 0546     		mov	r5, r0
 995              	.LVL68:
 442:Drivers/STM32F3xx_HAL_Driver/Src/stm32f3xx_hal_rcc.c ****         {
 996              		.loc 1 442 9 is_stmt 1 view .LVU291
 997              	.L51:
 442:Drivers/STM32F3xx_HAL_Driver/Src/stm32f3xx_hal_rcc.c ****         {
 998              		.loc 1 442 51 view .LVU292
 999              	.LBB202:
 1000              	.LBI202:
 981:Drivers/CMSIS/Include/cmsis_gcc.h **** {
 1001              		.loc 2 981 31 view .LVU293
 1002              	.LBB203:
 983:Drivers/CMSIS/Include/cmsis_gcc.h **** 
 1003              		.loc 2 983 3 view .LVU294
 988:Drivers/CMSIS/Include/cmsis_gcc.h **** #else
 1004              		.loc 2 988 4 view .LVU295
 1005 02b6 0223     		movs	r3, #2
 1006              		.syntax unified
 1007              	@ 988 "Drivers/CMSIS/Include/cmsis_gcc.h" 1
 1008 02b8 93FAA3F3 		rbit r3, r3
 1009              	@ 0 "" 2
 1010              		.loc 2 1001 3 view .LVU296
 1011              	.LVL69:
 1012              		.loc 2 1001 3 is_stmt 0 view .LVU297
 1013              		.thumb
 1014              		.syntax unified
 1015              	.LBE203:
 1016              	.LBE202:
 442:Drivers/STM32F3xx_HAL_Driver/Src/stm32f3xx_hal_rcc.c ****         {
 1017              		.loc 1 442 15 discriminator 1 view .LVU298
 1018 02bc 0A4B     		ldr	r3, .L132
 1019 02be 1968     		ldr	r1, [r3]
 1020              	.LVL70:
 1021              	.LBB204:
 1022              	.LBI204:
 981:Drivers/CMSIS/Include/cmsis_gcc.h **** {
 1023              		.loc 2 981 31 is_stmt 1 view .LVU299
 1024              	.LBB205:
 983:Drivers/CMSIS/Include/cmsis_gcc.h **** 
 1025              		.loc 2 983 3 view .LVU300
 988:Drivers/CMSIS/Include/cmsis_gcc.h **** #else
 1026              		.loc 2 988 4 view .LVU301
 1027 02c0 0223     		movs	r3, #2
 1028              		.syntax unified
 1029              	@ 988 "Drivers/CMSIS/Include/cmsis_gcc.h" 1
 1030 02c2 93FAA3F3 		rbit r3, r3
 1031              	@ 0 "" 2
 1032              	.LVL71:
 1033              		.loc 2 1001 3 view .LVU302
 1034              		.loc 2 1001 3 is_stmt 0 view .LVU303
 1035              		.thumb
 1036              		.syntax unified
ARM GAS  C:\Users\nakas\AppData\Local\Temp\ccIuqt5O.s 			page 48


 1037              	.LBE205:
 1038              	.LBE204:
 442:Drivers/STM32F3xx_HAL_Driver/Src/stm32f3xx_hal_rcc.c ****         {
 1039              		.loc 1 442 15 discriminator 2 view .LVU304
 1040 02c6 B3FA83F3 		clz	r3, r3
 1041 02ca 03F01F03 		and	r3, r3, #31
 1042 02ce 0122     		movs	r2, #1
 1043 02d0 02FA03F3 		lsl	r3, r2, r3
 442:Drivers/STM32F3xx_HAL_Driver/Src/stm32f3xx_hal_rcc.c ****         {
 1044              		.loc 1 442 51 discriminator 2 view .LVU305
 1045 02d4 0B42     		tst	r3, r1
 1046 02d6 A2D0     		beq	.L40
 444:Drivers/STM32F3xx_HAL_Driver/Src/stm32f3xx_hal_rcc.c ****           {
 1047              		.loc 1 444 11 is_stmt 1 view .LVU306
 444:Drivers/STM32F3xx_HAL_Driver/Src/stm32f3xx_hal_rcc.c ****           {
 1048              		.loc 1 444 15 is_stmt 0 view .LVU307
 1049 02d8 FFF7FEFF 		bl	HAL_GetTick
 1050              	.LVL72:
 444:Drivers/STM32F3xx_HAL_Driver/Src/stm32f3xx_hal_rcc.c ****           {
 1051              		.loc 1 444 29 discriminator 1 view .LVU308
 1052 02dc 401B     		subs	r0, r0, r5
 444:Drivers/STM32F3xx_HAL_Driver/Src/stm32f3xx_hal_rcc.c ****           {
 1053              		.loc 1 444 13 discriminator 1 view .LVU309
 1054 02de 0228     		cmp	r0, #2
 1055 02e0 E9D9     		bls	.L51
 446:Drivers/STM32F3xx_HAL_Driver/Src/stm32f3xx_hal_rcc.c ****           }
 1056              		.loc 1 446 20 view .LVU310
 1057 02e2 0320     		movs	r0, #3
 1058 02e4 99E1     		b	.L21
 1059              	.L133:
 1060 02e6 00BF     		.align	2
 1061              	.L132:
 1062 02e8 00100240 		.word	1073876992
 1063 02ec 20819010 		.word	277905696
 1064              	.LVL73:
 1065              	.L56:
 473:Drivers/STM32F3xx_HAL_Driver/Src/stm32f3xx_hal_rcc.c ****         }
 474:Drivers/STM32F3xx_HAL_Driver/Src/stm32f3xx_hal_rcc.c ****       }
 475:Drivers/STM32F3xx_HAL_Driver/Src/stm32f3xx_hal_rcc.c ****     }
 476:Drivers/STM32F3xx_HAL_Driver/Src/stm32f3xx_hal_rcc.c ****     else
 477:Drivers/STM32F3xx_HAL_Driver/Src/stm32f3xx_hal_rcc.c ****     {
 478:Drivers/STM32F3xx_HAL_Driver/Src/stm32f3xx_hal_rcc.c ****       /* Disable the Internal Low Speed oscillator (LSI). */
 479:Drivers/STM32F3xx_HAL_Driver/Src/stm32f3xx_hal_rcc.c ****       __HAL_RCC_LSI_DISABLE();
 1066              		.loc 1 479 7 is_stmt 1 view .LVU311
 1067              	.LBB206:
 1068              	.LBI206:
 981:Drivers/CMSIS/Include/cmsis_gcc.h **** {
 1069              		.loc 2 981 31 view .LVU312
 1070              	.LBB207:
 983:Drivers/CMSIS/Include/cmsis_gcc.h **** 
 1071              		.loc 2 983 3 view .LVU313
 988:Drivers/CMSIS/Include/cmsis_gcc.h **** #else
 1072              		.loc 2 988 4 view .LVU314
 1073 02f0 0122     		movs	r2, #1
 1074              		.syntax unified
 1075              	@ 988 "Drivers/CMSIS/Include/cmsis_gcc.h" 1
 1076 02f2 92FAA2F2 		rbit r2, r2
ARM GAS  C:\Users\nakas\AppData\Local\Temp\ccIuqt5O.s 			page 49


 1077              	@ 0 "" 2
 1078              	.LVL74:
 1079              		.loc 2 1001 3 view .LVU315
 1080              		.loc 2 1001 3 is_stmt 0 view .LVU316
 1081              		.thumb
 1082              		.syntax unified
 1083              	.LBE207:
 1084              	.LBE206:
 1085              		.loc 1 479 7 discriminator 2 view .LVU317
 1086 02f6 B2FA82F2 		clz	r2, r2
 1087 02fa B74B     		ldr	r3, .L134
 1088 02fc 1344     		add	r3, r3, r2
 1089 02fe 9B00     		lsls	r3, r3, #2
 1090 0300 0022     		movs	r2, #0
 1091 0302 1A60     		str	r2, [r3]
 480:Drivers/STM32F3xx_HAL_Driver/Src/stm32f3xx_hal_rcc.c ****       
 481:Drivers/STM32F3xx_HAL_Driver/Src/stm32f3xx_hal_rcc.c ****       /* Get Start Tick */
 482:Drivers/STM32F3xx_HAL_Driver/Src/stm32f3xx_hal_rcc.c ****       tickstart = HAL_GetTick();
 1092              		.loc 1 482 7 is_stmt 1 view .LVU318
 1093              		.loc 1 482 19 is_stmt 0 view .LVU319
 1094 0304 FFF7FEFF 		bl	HAL_GetTick
 1095              	.LVL75:
 1096 0308 0546     		mov	r5, r0
 1097              	.LVL76:
 483:Drivers/STM32F3xx_HAL_Driver/Src/stm32f3xx_hal_rcc.c ****       
 484:Drivers/STM32F3xx_HAL_Driver/Src/stm32f3xx_hal_rcc.c ****       /* Wait till LSI is disabled */  
 485:Drivers/STM32F3xx_HAL_Driver/Src/stm32f3xx_hal_rcc.c ****       while(__HAL_RCC_GET_FLAG(RCC_FLAG_LSIRDY) != RESET)
 1098              		.loc 1 485 7 is_stmt 1 view .LVU320
 1099              	.L59:
 1100              		.loc 1 485 49 view .LVU321
 1101              	.LBB208:
 1102              	.LBI208:
 981:Drivers/CMSIS/Include/cmsis_gcc.h **** {
 1103              		.loc 2 981 31 view .LVU322
 1104              	.LBB209:
 983:Drivers/CMSIS/Include/cmsis_gcc.h **** 
 1105              		.loc 2 983 3 view .LVU323
 988:Drivers/CMSIS/Include/cmsis_gcc.h **** #else
 1106              		.loc 2 988 4 view .LVU324
 1107 030a 0223     		movs	r3, #2
 1108              		.syntax unified
 1109              	@ 988 "Drivers/CMSIS/Include/cmsis_gcc.h" 1
 1110 030c 93FAA3F2 		rbit r2, r3
 1111              	@ 0 "" 2
 1112              	.LVL77:
 1113              		.loc 2 1001 3 view .LVU325
 1114              		.loc 2 1001 3 is_stmt 0 view .LVU326
 1115              		.thumb
 1116              		.syntax unified
 1117              	.LBE209:
 1118              	.LBE208:
 1119              	.LBB210:
 1120              	.LBI210:
 981:Drivers/CMSIS/Include/cmsis_gcc.h **** {
 1121              		.loc 2 981 31 is_stmt 1 view .LVU327
 1122              	.LBB211:
 983:Drivers/CMSIS/Include/cmsis_gcc.h **** 
ARM GAS  C:\Users\nakas\AppData\Local\Temp\ccIuqt5O.s 			page 50


 1123              		.loc 2 983 3 view .LVU328
 988:Drivers/CMSIS/Include/cmsis_gcc.h **** #else
 1124              		.loc 2 988 4 view .LVU329
 1125              		.syntax unified
 1126              	@ 988 "Drivers/CMSIS/Include/cmsis_gcc.h" 1
 1127 0310 93FAA3F2 		rbit r2, r3
 1128              	@ 0 "" 2
 1129              	.LVL78:
 1130              		.loc 2 1001 3 view .LVU330
 1131              		.loc 2 1001 3 is_stmt 0 view .LVU331
 1132              		.thumb
 1133              		.syntax unified
 1134              	.LBE211:
 1135              	.LBE210:
 1136              	.LBB212:
 1137              	.LBI212:
 981:Drivers/CMSIS/Include/cmsis_gcc.h **** {
 1138              		.loc 2 981 31 is_stmt 1 view .LVU332
 1139              	.LBB213:
 983:Drivers/CMSIS/Include/cmsis_gcc.h **** 
 1140              		.loc 2 983 3 view .LVU333
 988:Drivers/CMSIS/Include/cmsis_gcc.h **** #else
 1141              		.loc 2 988 4 view .LVU334
 1142              		.syntax unified
 1143              	@ 988 "Drivers/CMSIS/Include/cmsis_gcc.h" 1
 1144 0314 93FAA3F2 		rbit r2, r3
 1145              	@ 0 "" 2
 1146              	.LVL79:
 1147              		.loc 2 1001 3 view .LVU335
 1148              		.loc 2 1001 3 is_stmt 0 view .LVU336
 1149              		.thumb
 1150              		.syntax unified
 1151              	.LBE213:
 1152              	.LBE212:
 1153              		.loc 1 485 13 discriminator 8 view .LVU337
 1154 0318 B04A     		ldr	r2, .L134+4
 1155 031a 516A     		ldr	r1, [r2, #36]
 1156              	.LVL80:
 1157              	.LBB214:
 1158              	.LBI214:
 981:Drivers/CMSIS/Include/cmsis_gcc.h **** {
 1159              		.loc 2 981 31 is_stmt 1 view .LVU338
 1160              	.LBB215:
 983:Drivers/CMSIS/Include/cmsis_gcc.h **** 
 1161              		.loc 2 983 3 view .LVU339
 988:Drivers/CMSIS/Include/cmsis_gcc.h **** #else
 1162              		.loc 2 988 4 view .LVU340
 1163              		.syntax unified
 1164              	@ 988 "Drivers/CMSIS/Include/cmsis_gcc.h" 1
 1165 031c 93FAA3F3 		rbit r3, r3
 1166              	@ 0 "" 2
 1167              	.LVL81:
 1168              		.loc 2 1001 3 view .LVU341
 1169              		.loc 2 1001 3 is_stmt 0 view .LVU342
 1170              		.thumb
 1171              		.syntax unified
 1172              	.LBE215:
ARM GAS  C:\Users\nakas\AppData\Local\Temp\ccIuqt5O.s 			page 51


 1173              	.LBE214:
 1174              		.loc 1 485 13 discriminator 2 view .LVU343
 1175 0320 B3FA83F3 		clz	r3, r3
 1176 0324 03F01F03 		and	r3, r3, #31
 1177 0328 0122     		movs	r2, #1
 1178 032a 02FA03F3 		lsl	r3, r2, r3
 1179              		.loc 1 485 49 discriminator 2 view .LVU344
 1180 032e 0B42     		tst	r3, r1
 1181 0330 06D0     		beq	.L55
 486:Drivers/STM32F3xx_HAL_Driver/Src/stm32f3xx_hal_rcc.c ****       {
 487:Drivers/STM32F3xx_HAL_Driver/Src/stm32f3xx_hal_rcc.c ****         if((HAL_GetTick() - tickstart ) > LSI_TIMEOUT_VALUE)
 1182              		.loc 1 487 9 is_stmt 1 view .LVU345
 1183              		.loc 1 487 13 is_stmt 0 view .LVU346
 1184 0332 FFF7FEFF 		bl	HAL_GetTick
 1185              	.LVL82:
 1186              		.loc 1 487 27 discriminator 1 view .LVU347
 1187 0336 401B     		subs	r0, r0, r5
 1188              		.loc 1 487 11 discriminator 1 view .LVU348
 1189 0338 0228     		cmp	r0, #2
 1190 033a E6D9     		bls	.L59
 488:Drivers/STM32F3xx_HAL_Driver/Src/stm32f3xx_hal_rcc.c ****         {
 489:Drivers/STM32F3xx_HAL_Driver/Src/stm32f3xx_hal_rcc.c ****           return HAL_TIMEOUT;
 1191              		.loc 1 489 18 view .LVU349
 1192 033c 0320     		movs	r0, #3
 1193 033e 6CE1     		b	.L21
 1194              	.LVL83:
 1195              	.L55:
 490:Drivers/STM32F3xx_HAL_Driver/Src/stm32f3xx_hal_rcc.c ****         }
 491:Drivers/STM32F3xx_HAL_Driver/Src/stm32f3xx_hal_rcc.c ****       }
 492:Drivers/STM32F3xx_HAL_Driver/Src/stm32f3xx_hal_rcc.c ****     }
 493:Drivers/STM32F3xx_HAL_Driver/Src/stm32f3xx_hal_rcc.c ****   }
 494:Drivers/STM32F3xx_HAL_Driver/Src/stm32f3xx_hal_rcc.c ****   /*------------------------------ LSE Configuration -------------------------*/ 
 495:Drivers/STM32F3xx_HAL_Driver/Src/stm32f3xx_hal_rcc.c ****   if(((RCC_OscInitStruct->OscillatorType) & RCC_OSCILLATORTYPE_LSE) == RCC_OSCILLATORTYPE_LSE)
 1196              		.loc 1 495 3 is_stmt 1 view .LVU350
 1197              		.loc 1 495 25 is_stmt 0 view .LVU351
 1198 0340 2368     		ldr	r3, [r4]
 1199              		.loc 1 495 5 view .LVU352
 1200 0342 13F0040F 		tst	r3, #4
 1201 0346 00F0A980 		beq	.L61
 1202              	.LBB216:
 496:Drivers/STM32F3xx_HAL_Driver/Src/stm32f3xx_hal_rcc.c ****   {
 497:Drivers/STM32F3xx_HAL_Driver/Src/stm32f3xx_hal_rcc.c ****     FlagStatus       pwrclkchanged = RESET;
 1203              		.loc 1 497 5 is_stmt 1 view .LVU353
 1204              	.LVL84:
 498:Drivers/STM32F3xx_HAL_Driver/Src/stm32f3xx_hal_rcc.c ****     
 499:Drivers/STM32F3xx_HAL_Driver/Src/stm32f3xx_hal_rcc.c ****     /* Check the parameters */
 500:Drivers/STM32F3xx_HAL_Driver/Src/stm32f3xx_hal_rcc.c ****     assert_param(IS_RCC_LSE(RCC_OscInitStruct->LSEState));
 1205              		.loc 1 500 5 view .LVU354
 501:Drivers/STM32F3xx_HAL_Driver/Src/stm32f3xx_hal_rcc.c **** 
 502:Drivers/STM32F3xx_HAL_Driver/Src/stm32f3xx_hal_rcc.c ****     /* Update LSE configuration in Backup Domain control register    */
 503:Drivers/STM32F3xx_HAL_Driver/Src/stm32f3xx_hal_rcc.c ****     /* Requires to enable write access to Backup Domain of necessary */
 504:Drivers/STM32F3xx_HAL_Driver/Src/stm32f3xx_hal_rcc.c ****     if(__HAL_RCC_PWR_IS_CLK_DISABLED())
 1206              		.loc 1 504 5 view .LVU355
 1207              		.loc 1 504 8 is_stmt 0 view .LVU356
 1208 034a A44B     		ldr	r3, .L134+4
 1209 034c DB69     		ldr	r3, [r3, #28]
 1210              		.loc 1 504 7 view .LVU357
ARM GAS  C:\Users\nakas\AppData\Local\Temp\ccIuqt5O.s 			page 52


 1211 034e 13F0805F 		tst	r3, #268435456
 1212 0352 20D1     		bne	.L103
 505:Drivers/STM32F3xx_HAL_Driver/Src/stm32f3xx_hal_rcc.c ****     {
 506:Drivers/STM32F3xx_HAL_Driver/Src/stm32f3xx_hal_rcc.c ****       __HAL_RCC_PWR_CLK_ENABLE();
 1213              		.loc 1 506 7 is_stmt 1 view .LVU358
 1214              	.LBB217:
 1215              		.loc 1 506 7 view .LVU359
 1216              		.loc 1 506 7 view .LVU360
 1217 0354 A14B     		ldr	r3, .L134+4
 1218 0356 DA69     		ldr	r2, [r3, #28]
 1219 0358 42F08052 		orr	r2, r2, #268435456
 1220 035c DA61     		str	r2, [r3, #28]
 1221              		.loc 1 506 7 view .LVU361
 1222 035e DB69     		ldr	r3, [r3, #28]
 1223 0360 03F08053 		and	r3, r3, #268435456
 1224 0364 0193     		str	r3, [sp, #4]
 1225              		.loc 1 506 7 view .LVU362
 1226 0366 019B     		ldr	r3, [sp, #4]
 1227              	.LBE217:
 1228              		.loc 1 506 7 view .LVU363
 507:Drivers/STM32F3xx_HAL_Driver/Src/stm32f3xx_hal_rcc.c ****       pwrclkchanged = SET;
 1229              		.loc 1 507 7 view .LVU364
 1230              	.LVL85:
 1231              		.loc 1 507 21 is_stmt 0 view .LVU365
 1232 0368 0125     		movs	r5, #1
 1233              	.LVL86:
 1234              	.L62:
 508:Drivers/STM32F3xx_HAL_Driver/Src/stm32f3xx_hal_rcc.c ****     }
 509:Drivers/STM32F3xx_HAL_Driver/Src/stm32f3xx_hal_rcc.c ****     
 510:Drivers/STM32F3xx_HAL_Driver/Src/stm32f3xx_hal_rcc.c ****     if(HAL_IS_BIT_CLR(PWR->CR, PWR_CR_DBP))
 1235              		.loc 1 510 5 is_stmt 1 view .LVU366
 1236              		.loc 1 510 8 is_stmt 0 view .LVU367
 1237 036a 9D4B     		ldr	r3, .L134+8
 1238 036c 1B68     		ldr	r3, [r3]
 1239              		.loc 1 510 7 view .LVU368
 1240 036e 13F4807F 		tst	r3, #256
 1241 0372 12D0     		beq	.L124
 1242              	.L63:
 511:Drivers/STM32F3xx_HAL_Driver/Src/stm32f3xx_hal_rcc.c ****     {
 512:Drivers/STM32F3xx_HAL_Driver/Src/stm32f3xx_hal_rcc.c ****       /* Enable write access to Backup domain */
 513:Drivers/STM32F3xx_HAL_Driver/Src/stm32f3xx_hal_rcc.c ****       SET_BIT(PWR->CR, PWR_CR_DBP);
 514:Drivers/STM32F3xx_HAL_Driver/Src/stm32f3xx_hal_rcc.c ****       
 515:Drivers/STM32F3xx_HAL_Driver/Src/stm32f3xx_hal_rcc.c ****       /* Wait for Backup domain Write protection disable */
 516:Drivers/STM32F3xx_HAL_Driver/Src/stm32f3xx_hal_rcc.c ****       tickstart = HAL_GetTick();
 517:Drivers/STM32F3xx_HAL_Driver/Src/stm32f3xx_hal_rcc.c **** 
 518:Drivers/STM32F3xx_HAL_Driver/Src/stm32f3xx_hal_rcc.c ****       while(HAL_IS_BIT_CLR(PWR->CR, PWR_CR_DBP))
 519:Drivers/STM32F3xx_HAL_Driver/Src/stm32f3xx_hal_rcc.c ****       {
 520:Drivers/STM32F3xx_HAL_Driver/Src/stm32f3xx_hal_rcc.c ****         if((HAL_GetTick() - tickstart) > RCC_DBP_TIMEOUT_VALUE)
 521:Drivers/STM32F3xx_HAL_Driver/Src/stm32f3xx_hal_rcc.c ****         {
 522:Drivers/STM32F3xx_HAL_Driver/Src/stm32f3xx_hal_rcc.c ****           return HAL_TIMEOUT;
 523:Drivers/STM32F3xx_HAL_Driver/Src/stm32f3xx_hal_rcc.c ****         }
 524:Drivers/STM32F3xx_HAL_Driver/Src/stm32f3xx_hal_rcc.c ****       }
 525:Drivers/STM32F3xx_HAL_Driver/Src/stm32f3xx_hal_rcc.c ****     }
 526:Drivers/STM32F3xx_HAL_Driver/Src/stm32f3xx_hal_rcc.c **** 
 527:Drivers/STM32F3xx_HAL_Driver/Src/stm32f3xx_hal_rcc.c ****     /* Set the new LSE configuration -----------------------------------------*/
 528:Drivers/STM32F3xx_HAL_Driver/Src/stm32f3xx_hal_rcc.c ****     __HAL_RCC_LSE_CONFIG(RCC_OscInitStruct->LSEState);
 1243              		.loc 1 528 5 is_stmt 1 view .LVU369
ARM GAS  C:\Users\nakas\AppData\Local\Temp\ccIuqt5O.s 			page 53


 1244              		.loc 1 528 5 view .LVU370
 1245 0374 E368     		ldr	r3, [r4, #12]
 1246 0376 012B     		cmp	r3, #1
 1247 0378 23D0     		beq	.L125
 1248              		.loc 1 528 5 discriminator 2 view .LVU371
 1249 037a 73BB     		cbnz	r3, .L68
 1250              		.loc 1 528 5 discriminator 3 view .LVU372
 1251 037c 03F18043 		add	r3, r3, #1073741824
 1252 0380 03F50433 		add	r3, r3, #135168
 1253 0384 1A6A     		ldr	r2, [r3, #32]
 1254 0386 22F00102 		bic	r2, r2, #1
 1255 038a 1A62     		str	r2, [r3, #32]
 1256              		.loc 1 528 5 view .LVU373
 1257              		.loc 1 528 5 is_stmt 0 discriminator 3 view .LVU374
 1258 038c 1A6A     		ldr	r2, [r3, #32]
 1259 038e 22F00402 		bic	r2, r2, #4
 1260 0392 1A62     		str	r2, [r3, #32]
 1261 0394 1AE0     		b	.L67
 1262              	.LVL87:
 1263              	.L103:
 497:Drivers/STM32F3xx_HAL_Driver/Src/stm32f3xx_hal_rcc.c ****     
 1264              		.loc 1 497 22 view .LVU375
 1265 0396 0025     		movs	r5, #0
 1266 0398 E7E7     		b	.L62
 1267              	.LVL88:
 1268              	.L124:
 513:Drivers/STM32F3xx_HAL_Driver/Src/stm32f3xx_hal_rcc.c ****       
 1269              		.loc 1 513 7 is_stmt 1 view .LVU376
 1270 039a 914A     		ldr	r2, .L134+8
 1271 039c 1368     		ldr	r3, [r2]
 1272 039e 43F48073 		orr	r3, r3, #256
 1273 03a2 1360     		str	r3, [r2]
 516:Drivers/STM32F3xx_HAL_Driver/Src/stm32f3xx_hal_rcc.c **** 
 1274              		.loc 1 516 7 view .LVU377
 516:Drivers/STM32F3xx_HAL_Driver/Src/stm32f3xx_hal_rcc.c **** 
 1275              		.loc 1 516 19 is_stmt 0 view .LVU378
 1276 03a4 FFF7FEFF 		bl	HAL_GetTick
 1277              	.LVL89:
 1278 03a8 0646     		mov	r6, r0
 1279              	.LVL90:
 518:Drivers/STM32F3xx_HAL_Driver/Src/stm32f3xx_hal_rcc.c ****       {
 1280              		.loc 1 518 7 is_stmt 1 view .LVU379
 1281              	.L64:
 518:Drivers/STM32F3xx_HAL_Driver/Src/stm32f3xx_hal_rcc.c ****       {
 1282              		.loc 1 518 13 view .LVU380
 1283 03aa 8D4B     		ldr	r3, .L134+8
 1284 03ac 1B68     		ldr	r3, [r3]
 1285 03ae 13F4807F 		tst	r3, #256
 1286 03b2 DFD1     		bne	.L63
 520:Drivers/STM32F3xx_HAL_Driver/Src/stm32f3xx_hal_rcc.c ****         {
 1287              		.loc 1 520 9 view .LVU381
 520:Drivers/STM32F3xx_HAL_Driver/Src/stm32f3xx_hal_rcc.c ****         {
 1288              		.loc 1 520 13 is_stmt 0 view .LVU382
 1289 03b4 FFF7FEFF 		bl	HAL_GetTick
 1290              	.LVL91:
 520:Drivers/STM32F3xx_HAL_Driver/Src/stm32f3xx_hal_rcc.c ****         {
 1291              		.loc 1 520 27 discriminator 1 view .LVU383
ARM GAS  C:\Users\nakas\AppData\Local\Temp\ccIuqt5O.s 			page 54


 1292 03b8 801B     		subs	r0, r0, r6
 520:Drivers/STM32F3xx_HAL_Driver/Src/stm32f3xx_hal_rcc.c ****         {
 1293              		.loc 1 520 11 discriminator 1 view .LVU384
 1294 03ba 6428     		cmp	r0, #100
 1295 03bc F5D9     		bls	.L64
 522:Drivers/STM32F3xx_HAL_Driver/Src/stm32f3xx_hal_rcc.c ****         }
 1296              		.loc 1 522 18 view .LVU385
 1297 03be 0320     		movs	r0, #3
 1298 03c0 2BE1     		b	.L21
 1299              	.LVL92:
 1300              	.L125:
 1301              		.loc 1 528 5 is_stmt 1 discriminator 1 view .LVU386
 1302 03c2 864A     		ldr	r2, .L134+4
 1303 03c4 136A     		ldr	r3, [r2, #32]
 1304 03c6 43F00103 		orr	r3, r3, #1
 1305 03ca 1362     		str	r3, [r2, #32]
 1306              	.L67:
 1307              		.loc 1 528 5 view .LVU387
 529:Drivers/STM32F3xx_HAL_Driver/Src/stm32f3xx_hal_rcc.c ****     /* Check the LSE State */
 530:Drivers/STM32F3xx_HAL_Driver/Src/stm32f3xx_hal_rcc.c ****     if(RCC_OscInitStruct->LSEState != RCC_LSE_OFF)
 1308              		.loc 1 530 5 view .LVU388
 1309              		.loc 1 530 25 is_stmt 0 view .LVU389
 1310 03cc E368     		ldr	r3, [r4, #12]
 1311              		.loc 1 530 7 view .LVU390
 1312 03ce 002B     		cmp	r3, #0
 1313 03d0 3CD0     		beq	.L70
 531:Drivers/STM32F3xx_HAL_Driver/Src/stm32f3xx_hal_rcc.c ****     {
 532:Drivers/STM32F3xx_HAL_Driver/Src/stm32f3xx_hal_rcc.c ****       /* Get Start Tick */
 533:Drivers/STM32F3xx_HAL_Driver/Src/stm32f3xx_hal_rcc.c ****       tickstart = HAL_GetTick();
 1314              		.loc 1 533 7 is_stmt 1 view .LVU391
 1315              		.loc 1 533 19 is_stmt 0 view .LVU392
 1316 03d2 FFF7FEFF 		bl	HAL_GetTick
 1317              	.LVL93:
 1318 03d6 0646     		mov	r6, r0
 1319              	.LVL94:
 534:Drivers/STM32F3xx_HAL_Driver/Src/stm32f3xx_hal_rcc.c ****       
 535:Drivers/STM32F3xx_HAL_Driver/Src/stm32f3xx_hal_rcc.c ****       /* Wait till LSE is ready */  
 536:Drivers/STM32F3xx_HAL_Driver/Src/stm32f3xx_hal_rcc.c ****       while(__HAL_RCC_GET_FLAG(RCC_FLAG_LSERDY) == RESET)
 1320              		.loc 1 536 7 is_stmt 1 view .LVU393
 1321              		.loc 1 536 12 is_stmt 0 view .LVU394
 1322 03d8 2EE0     		b	.L71
 1323              	.LVL95:
 1324              	.L68:
 528:Drivers/STM32F3xx_HAL_Driver/Src/stm32f3xx_hal_rcc.c ****     /* Check the LSE State */
 1325              		.loc 1 528 5 is_stmt 1 discriminator 4 view .LVU395
 1326 03da 052B     		cmp	r3, #5
 1327 03dc 09D0     		beq	.L126
 528:Drivers/STM32F3xx_HAL_Driver/Src/stm32f3xx_hal_rcc.c ****     /* Check the LSE State */
 1328              		.loc 1 528 5 discriminator 6 view .LVU396
 1329 03de 7F4B     		ldr	r3, .L134+4
 1330 03e0 1A6A     		ldr	r2, [r3, #32]
 1331 03e2 22F00102 		bic	r2, r2, #1
 1332 03e6 1A62     		str	r2, [r3, #32]
 528:Drivers/STM32F3xx_HAL_Driver/Src/stm32f3xx_hal_rcc.c ****     /* Check the LSE State */
 1333              		.loc 1 528 5 view .LVU397
 528:Drivers/STM32F3xx_HAL_Driver/Src/stm32f3xx_hal_rcc.c ****     /* Check the LSE State */
 1334              		.loc 1 528 5 is_stmt 0 discriminator 6 view .LVU398
ARM GAS  C:\Users\nakas\AppData\Local\Temp\ccIuqt5O.s 			page 55


 1335 03e8 1A6A     		ldr	r2, [r3, #32]
 1336 03ea 22F00402 		bic	r2, r2, #4
 1337 03ee 1A62     		str	r2, [r3, #32]
 1338 03f0 ECE7     		b	.L67
 1339              	.L126:
 528:Drivers/STM32F3xx_HAL_Driver/Src/stm32f3xx_hal_rcc.c ****     /* Check the LSE State */
 1340              		.loc 1 528 5 is_stmt 1 discriminator 5 view .LVU399
 1341 03f2 7A4B     		ldr	r3, .L134+4
 1342 03f4 1A6A     		ldr	r2, [r3, #32]
 1343 03f6 42F00402 		orr	r2, r2, #4
 1344 03fa 1A62     		str	r2, [r3, #32]
 528:Drivers/STM32F3xx_HAL_Driver/Src/stm32f3xx_hal_rcc.c ****     /* Check the LSE State */
 1345              		.loc 1 528 5 view .LVU400
 528:Drivers/STM32F3xx_HAL_Driver/Src/stm32f3xx_hal_rcc.c ****     /* Check the LSE State */
 1346              		.loc 1 528 5 is_stmt 0 discriminator 5 view .LVU401
 1347 03fc 1A6A     		ldr	r2, [r3, #32]
 1348 03fe 42F00102 		orr	r2, r2, #1
 1349 0402 1A62     		str	r2, [r3, #32]
 1350 0404 E2E7     		b	.L67
 1351              	.LVL96:
 1352              	.L72:
 1353              	.LBB218:
 1354              	.LBI218:
 981:Drivers/CMSIS/Include/cmsis_gcc.h **** {
 1355              		.loc 2 981 31 is_stmt 1 view .LVU402
 1356              	.LBB219:
 983:Drivers/CMSIS/Include/cmsis_gcc.h **** 
 1357              		.loc 2 983 3 view .LVU403
 988:Drivers/CMSIS/Include/cmsis_gcc.h **** #else
 1358              		.loc 2 988 4 view .LVU404
 1359 0406 0223     		movs	r3, #2
 1360              		.syntax unified
 1361              	@ 988 "Drivers/CMSIS/Include/cmsis_gcc.h" 1
 1362 0408 93FAA3F3 		rbit r3, r3
 1363              	@ 0 "" 2
 1364              	.LVL97:
 1365              		.loc 2 1001 3 view .LVU405
 1366              		.loc 2 1001 3 is_stmt 0 view .LVU406
 1367              		.thumb
 1368              		.syntax unified
 1369              	.LBE219:
 1370              	.LBE218:
 1371              		.loc 1 536 13 discriminator 8 view .LVU407
 1372 040c 734B     		ldr	r3, .L134+4
 1373 040e 596A     		ldr	r1, [r3, #36]
 1374              	.L73:
 1375              	.LVL98:
 1376              	.LBB220:
 1377              	.LBI220:
 981:Drivers/CMSIS/Include/cmsis_gcc.h **** {
 1378              		.loc 2 981 31 is_stmt 1 view .LVU408
 1379              	.LBB221:
 983:Drivers/CMSIS/Include/cmsis_gcc.h **** 
 1380              		.loc 2 983 3 view .LVU409
 988:Drivers/CMSIS/Include/cmsis_gcc.h **** #else
 1381              		.loc 2 988 4 view .LVU410
 1382 0410 0223     		movs	r3, #2
ARM GAS  C:\Users\nakas\AppData\Local\Temp\ccIuqt5O.s 			page 56


 1383              		.syntax unified
 1384              	@ 988 "Drivers/CMSIS/Include/cmsis_gcc.h" 1
 1385 0412 93FAA3F3 		rbit r3, r3
 1386              	@ 0 "" 2
 1387              	.LVL99:
 1388              		.loc 2 1001 3 view .LVU411
 1389              		.loc 2 1001 3 is_stmt 0 view .LVU412
 1390              		.thumb
 1391              		.syntax unified
 1392              	.LBE221:
 1393              	.LBE220:
 1394              		.loc 1 536 13 discriminator 2 view .LVU413
 1395 0416 B3FA83F3 		clz	r3, r3
 1396 041a 03F01F03 		and	r3, r3, #31
 1397 041e 0122     		movs	r2, #1
 1398 0420 02FA03F3 		lsl	r3, r2, r3
 1399              		.loc 1 536 49 discriminator 2 view .LVU414
 1400 0424 1942     		tst	r1, r3
 1401 0426 38D1     		bne	.L75
 537:Drivers/STM32F3xx_HAL_Driver/Src/stm32f3xx_hal_rcc.c ****       {
 538:Drivers/STM32F3xx_HAL_Driver/Src/stm32f3xx_hal_rcc.c ****         if((HAL_GetTick() - tickstart ) > RCC_LSE_TIMEOUT_VALUE)
 1402              		.loc 1 538 9 is_stmt 1 view .LVU415
 1403              		.loc 1 538 13 is_stmt 0 view .LVU416
 1404 0428 FFF7FEFF 		bl	HAL_GetTick
 1405              	.LVL100:
 1406              		.loc 1 538 27 discriminator 1 view .LVU417
 1407 042c 801B     		subs	r0, r0, r6
 1408              		.loc 1 538 11 discriminator 1 view .LVU418
 1409 042e 41F28833 		movw	r3, #5000
 1410 0432 9842     		cmp	r0, r3
 1411 0434 00F2EC80 		bhi	.L105
 1412              	.L71:
 536:Drivers/STM32F3xx_HAL_Driver/Src/stm32f3xx_hal_rcc.c ****       {
 1413              		.loc 1 536 49 is_stmt 1 view .LVU419
 1414              	.LVL101:
 1415              	.LBB222:
 1416              	.LBI222:
 981:Drivers/CMSIS/Include/cmsis_gcc.h **** {
 1417              		.loc 2 981 31 view .LVU420
 1418              	.LBB223:
 983:Drivers/CMSIS/Include/cmsis_gcc.h **** 
 1419              		.loc 2 983 3 view .LVU421
 988:Drivers/CMSIS/Include/cmsis_gcc.h **** #else
 1420              		.loc 2 988 4 view .LVU422
 1421 0438 0223     		movs	r3, #2
 1422              		.syntax unified
 1423              	@ 988 "Drivers/CMSIS/Include/cmsis_gcc.h" 1
 1424 043a 93FAA3F2 		rbit r2, r3
 1425              	@ 0 "" 2
 1426              	.LVL102:
 1427              		.loc 2 1001 3 view .LVU423
 1428              		.loc 2 1001 3 is_stmt 0 view .LVU424
 1429              		.thumb
 1430              		.syntax unified
 1431              	.LBE223:
 1432              	.LBE222:
 1433              	.LBB224:
ARM GAS  C:\Users\nakas\AppData\Local\Temp\ccIuqt5O.s 			page 57


 1434              	.LBI224:
 981:Drivers/CMSIS/Include/cmsis_gcc.h **** {
 1435              		.loc 2 981 31 is_stmt 1 view .LVU425
 1436              	.LBB225:
 983:Drivers/CMSIS/Include/cmsis_gcc.h **** 
 1437              		.loc 2 983 3 view .LVU426
 988:Drivers/CMSIS/Include/cmsis_gcc.h **** #else
 1438              		.loc 2 988 4 view .LVU427
 1439              		.syntax unified
 1440              	@ 988 "Drivers/CMSIS/Include/cmsis_gcc.h" 1
 1441 043e 93FAA3F3 		rbit r3, r3
 1442              	@ 0 "" 2
 1443              	.LVL103:
 1444              		.loc 2 1001 3 view .LVU428
 1445              		.loc 2 1001 3 is_stmt 0 view .LVU429
 1446              		.thumb
 1447              		.syntax unified
 1448              	.LBE225:
 1449              	.LBE224:
 536:Drivers/STM32F3xx_HAL_Driver/Src/stm32f3xx_hal_rcc.c ****       {
 1450              		.loc 1 536 13 discriminator 2 view .LVU430
 1451 0442 002B     		cmp	r3, #0
 1452 0444 DFD0     		beq	.L72
 536:Drivers/STM32F3xx_HAL_Driver/Src/stm32f3xx_hal_rcc.c ****       {
 1453              		.loc 1 536 13 discriminator 4 view .LVU431
 1454 0446 654B     		ldr	r3, .L134+4
 1455 0448 196A     		ldr	r1, [r3, #32]
 1456 044a E1E7     		b	.L73
 1457              	.LVL104:
 1458              	.L70:
 539:Drivers/STM32F3xx_HAL_Driver/Src/stm32f3xx_hal_rcc.c ****         {
 540:Drivers/STM32F3xx_HAL_Driver/Src/stm32f3xx_hal_rcc.c ****           return HAL_TIMEOUT;
 541:Drivers/STM32F3xx_HAL_Driver/Src/stm32f3xx_hal_rcc.c ****         }
 542:Drivers/STM32F3xx_HAL_Driver/Src/stm32f3xx_hal_rcc.c ****       }
 543:Drivers/STM32F3xx_HAL_Driver/Src/stm32f3xx_hal_rcc.c ****     }
 544:Drivers/STM32F3xx_HAL_Driver/Src/stm32f3xx_hal_rcc.c ****     else
 545:Drivers/STM32F3xx_HAL_Driver/Src/stm32f3xx_hal_rcc.c ****     {
 546:Drivers/STM32F3xx_HAL_Driver/Src/stm32f3xx_hal_rcc.c ****       /* Get Start Tick */
 547:Drivers/STM32F3xx_HAL_Driver/Src/stm32f3xx_hal_rcc.c ****       tickstart = HAL_GetTick();
 1459              		.loc 1 547 7 is_stmt 1 view .LVU432
 1460              		.loc 1 547 19 is_stmt 0 view .LVU433
 1461 044c FFF7FEFF 		bl	HAL_GetTick
 1462              	.LVL105:
 1463 0450 0646     		mov	r6, r0
 1464              	.LVL106:
 548:Drivers/STM32F3xx_HAL_Driver/Src/stm32f3xx_hal_rcc.c ****       
 549:Drivers/STM32F3xx_HAL_Driver/Src/stm32f3xx_hal_rcc.c ****       /* Wait till LSE is disabled */  
 550:Drivers/STM32F3xx_HAL_Driver/Src/stm32f3xx_hal_rcc.c ****       while(__HAL_RCC_GET_FLAG(RCC_FLAG_LSERDY) != RESET)
 1465              		.loc 1 550 7 is_stmt 1 view .LVU434
 1466              		.loc 1 550 12 is_stmt 0 view .LVU435
 1467 0452 18E0     		b	.L76
 1468              	.LVL107:
 1469              	.L77:
 1470              	.LBB226:
 1471              	.LBI226:
 981:Drivers/CMSIS/Include/cmsis_gcc.h **** {
 1472              		.loc 2 981 31 is_stmt 1 view .LVU436
ARM GAS  C:\Users\nakas\AppData\Local\Temp\ccIuqt5O.s 			page 58


 1473              	.LBB227:
 983:Drivers/CMSIS/Include/cmsis_gcc.h **** 
 1474              		.loc 2 983 3 view .LVU437
 988:Drivers/CMSIS/Include/cmsis_gcc.h **** #else
 1475              		.loc 2 988 4 view .LVU438
 1476 0454 0223     		movs	r3, #2
 1477              		.syntax unified
 1478              	@ 988 "Drivers/CMSIS/Include/cmsis_gcc.h" 1
 1479 0456 93FAA3F3 		rbit r3, r3
 1480              	@ 0 "" 2
 1481              	.LVL108:
 1482              		.loc 2 1001 3 view .LVU439
 1483              		.loc 2 1001 3 is_stmt 0 view .LVU440
 1484              		.thumb
 1485              		.syntax unified
 1486              	.LBE227:
 1487              	.LBE226:
 1488              		.loc 1 550 13 discriminator 8 view .LVU441
 1489 045a 604B     		ldr	r3, .L134+4
 1490 045c 596A     		ldr	r1, [r3, #36]
 1491              	.L78:
 1492              	.LVL109:
 1493              	.LBB228:
 1494              	.LBI228:
 981:Drivers/CMSIS/Include/cmsis_gcc.h **** {
 1495              		.loc 2 981 31 is_stmt 1 view .LVU442
 1496              	.LBB229:
 983:Drivers/CMSIS/Include/cmsis_gcc.h **** 
 1497              		.loc 2 983 3 view .LVU443
 988:Drivers/CMSIS/Include/cmsis_gcc.h **** #else
 1498              		.loc 2 988 4 view .LVU444
 1499 045e 0223     		movs	r3, #2
 1500              		.syntax unified
 1501              	@ 988 "Drivers/CMSIS/Include/cmsis_gcc.h" 1
 1502 0460 93FAA3F3 		rbit r3, r3
 1503              	@ 0 "" 2
 1504              	.LVL110:
 1505              		.loc 2 1001 3 view .LVU445
 1506              		.loc 2 1001 3 is_stmt 0 view .LVU446
 1507              		.thumb
 1508              		.syntax unified
 1509              	.LBE229:
 1510              	.LBE228:
 1511              		.loc 1 550 13 discriminator 2 view .LVU447
 1512 0464 B3FA83F3 		clz	r3, r3
 1513 0468 03F01F03 		and	r3, r3, #31
 1514 046c 0122     		movs	r2, #1
 1515 046e 02FA03F3 		lsl	r3, r2, r3
 1516              		.loc 1 550 49 discriminator 2 view .LVU448
 1517 0472 1942     		tst	r1, r3
 1518 0474 11D0     		beq	.L75
 551:Drivers/STM32F3xx_HAL_Driver/Src/stm32f3xx_hal_rcc.c ****       {
 552:Drivers/STM32F3xx_HAL_Driver/Src/stm32f3xx_hal_rcc.c ****         if((HAL_GetTick() - tickstart ) > RCC_LSE_TIMEOUT_VALUE)
 1519              		.loc 1 552 9 is_stmt 1 view .LVU449
 1520              		.loc 1 552 13 is_stmt 0 view .LVU450
 1521 0476 FFF7FEFF 		bl	HAL_GetTick
 1522              	.LVL111:
ARM GAS  C:\Users\nakas\AppData\Local\Temp\ccIuqt5O.s 			page 59


 1523              		.loc 1 552 27 discriminator 1 view .LVU451
 1524 047a 801B     		subs	r0, r0, r6
 1525              		.loc 1 552 11 discriminator 1 view .LVU452
 1526 047c 41F28833 		movw	r3, #5000
 1527 0480 9842     		cmp	r0, r3
 1528 0482 00F2C780 		bhi	.L106
 1529              	.L76:
 550:Drivers/STM32F3xx_HAL_Driver/Src/stm32f3xx_hal_rcc.c ****       {
 1530              		.loc 1 550 49 is_stmt 1 view .LVU453
 1531              	.LVL112:
 1532              	.LBB230:
 1533              	.LBI230:
 981:Drivers/CMSIS/Include/cmsis_gcc.h **** {
 1534              		.loc 2 981 31 view .LVU454
 1535              	.LBB231:
 983:Drivers/CMSIS/Include/cmsis_gcc.h **** 
 1536              		.loc 2 983 3 view .LVU455
 988:Drivers/CMSIS/Include/cmsis_gcc.h **** #else
 1537              		.loc 2 988 4 view .LVU456
 1538 0486 0223     		movs	r3, #2
 1539              		.syntax unified
 1540              	@ 988 "Drivers/CMSIS/Include/cmsis_gcc.h" 1
 1541 0488 93FAA3F2 		rbit r2, r3
 1542              	@ 0 "" 2
 1543              	.LVL113:
 1544              		.loc 2 1001 3 view .LVU457
 1545              		.loc 2 1001 3 is_stmt 0 view .LVU458
 1546              		.thumb
 1547              		.syntax unified
 1548              	.LBE231:
 1549              	.LBE230:
 1550              	.LBB232:
 1551              	.LBI232:
 981:Drivers/CMSIS/Include/cmsis_gcc.h **** {
 1552              		.loc 2 981 31 is_stmt 1 view .LVU459
 1553              	.LBB233:
 983:Drivers/CMSIS/Include/cmsis_gcc.h **** 
 1554              		.loc 2 983 3 view .LVU460
 988:Drivers/CMSIS/Include/cmsis_gcc.h **** #else
 1555              		.loc 2 988 4 view .LVU461
 1556              		.syntax unified
 1557              	@ 988 "Drivers/CMSIS/Include/cmsis_gcc.h" 1
 1558 048c 93FAA3F3 		rbit r3, r3
 1559              	@ 0 "" 2
 1560              	.LVL114:
 1561              		.loc 2 1001 3 view .LVU462
 1562              		.loc 2 1001 3 is_stmt 0 view .LVU463
 1563              		.thumb
 1564              		.syntax unified
 1565              	.LBE233:
 1566              	.LBE232:
 550:Drivers/STM32F3xx_HAL_Driver/Src/stm32f3xx_hal_rcc.c ****       {
 1567              		.loc 1 550 13 discriminator 2 view .LVU464
 1568 0490 002B     		cmp	r3, #0
 1569 0492 DFD0     		beq	.L77
 550:Drivers/STM32F3xx_HAL_Driver/Src/stm32f3xx_hal_rcc.c ****       {
 1570              		.loc 1 550 13 discriminator 4 view .LVU465
ARM GAS  C:\Users\nakas\AppData\Local\Temp\ccIuqt5O.s 			page 60


 1571 0494 514B     		ldr	r3, .L134+4
 1572 0496 196A     		ldr	r1, [r3, #32]
 1573 0498 E1E7     		b	.L78
 1574              	.L75:
 553:Drivers/STM32F3xx_HAL_Driver/Src/stm32f3xx_hal_rcc.c ****         {
 554:Drivers/STM32F3xx_HAL_Driver/Src/stm32f3xx_hal_rcc.c ****           return HAL_TIMEOUT;
 555:Drivers/STM32F3xx_HAL_Driver/Src/stm32f3xx_hal_rcc.c ****         }
 556:Drivers/STM32F3xx_HAL_Driver/Src/stm32f3xx_hal_rcc.c ****       }
 557:Drivers/STM32F3xx_HAL_Driver/Src/stm32f3xx_hal_rcc.c ****     }
 558:Drivers/STM32F3xx_HAL_Driver/Src/stm32f3xx_hal_rcc.c **** 
 559:Drivers/STM32F3xx_HAL_Driver/Src/stm32f3xx_hal_rcc.c ****     /* Require to disable power clock if necessary */
 560:Drivers/STM32F3xx_HAL_Driver/Src/stm32f3xx_hal_rcc.c ****     if(pwrclkchanged == SET)
 1575              		.loc 1 560 5 is_stmt 1 view .LVU466
 1576              		.loc 1 560 7 is_stmt 0 view .LVU467
 1577 049a B5BB     		cbnz	r5, .L127
 1578              	.LVL115:
 1579              	.L61:
 1580              		.loc 1 560 7 view .LVU468
 1581              	.LBE216:
 561:Drivers/STM32F3xx_HAL_Driver/Src/stm32f3xx_hal_rcc.c ****     {
 562:Drivers/STM32F3xx_HAL_Driver/Src/stm32f3xx_hal_rcc.c ****       __HAL_RCC_PWR_CLK_DISABLE();
 563:Drivers/STM32F3xx_HAL_Driver/Src/stm32f3xx_hal_rcc.c ****     }
 564:Drivers/STM32F3xx_HAL_Driver/Src/stm32f3xx_hal_rcc.c ****   }
 565:Drivers/STM32F3xx_HAL_Driver/Src/stm32f3xx_hal_rcc.c **** 
 566:Drivers/STM32F3xx_HAL_Driver/Src/stm32f3xx_hal_rcc.c ****   /*-------------------------------- PLL Configuration -----------------------*/
 567:Drivers/STM32F3xx_HAL_Driver/Src/stm32f3xx_hal_rcc.c ****   /* Check the parameters */
 568:Drivers/STM32F3xx_HAL_Driver/Src/stm32f3xx_hal_rcc.c ****   assert_param(IS_RCC_PLL(RCC_OscInitStruct->PLL.PLLState));
 1582              		.loc 1 568 3 is_stmt 1 view .LVU469
 569:Drivers/STM32F3xx_HAL_Driver/Src/stm32f3xx_hal_rcc.c ****   if ((RCC_OscInitStruct->PLL.PLLState) != RCC_PLL_NONE)
 1583              		.loc 1 569 3 view .LVU470
 1584              		.loc 1 569 30 is_stmt 0 view .LVU471
 1585 049c E369     		ldr	r3, [r4, #28]
 1586              		.loc 1 569 6 view .LVU472
 1587 049e 002B     		cmp	r3, #0
 1588 04a0 00F0BA80 		beq	.L107
 570:Drivers/STM32F3xx_HAL_Driver/Src/stm32f3xx_hal_rcc.c ****   {
 571:Drivers/STM32F3xx_HAL_Driver/Src/stm32f3xx_hal_rcc.c ****     /* Check if the PLL is used as system clock or not */
 572:Drivers/STM32F3xx_HAL_Driver/Src/stm32f3xx_hal_rcc.c ****     if(__HAL_RCC_GET_SYSCLK_SOURCE() != RCC_SYSCLKSOURCE_STATUS_PLLCLK)
 1589              		.loc 1 572 5 is_stmt 1 view .LVU473
 1590              		.loc 1 572 8 is_stmt 0 view .LVU474
 1591 04a4 4D4A     		ldr	r2, .L134+4
 1592 04a6 5268     		ldr	r2, [r2, #4]
 1593 04a8 02F00C02 		and	r2, r2, #12
 1594              		.loc 1 572 7 view .LVU475
 1595 04ac 082A     		cmp	r2, #8
 1596 04ae 00F09980 		beq	.L80
 573:Drivers/STM32F3xx_HAL_Driver/Src/stm32f3xx_hal_rcc.c ****     { 
 574:Drivers/STM32F3xx_HAL_Driver/Src/stm32f3xx_hal_rcc.c ****       if((RCC_OscInitStruct->PLL.PLLState) == RCC_PLL_ON)
 1597              		.loc 1 574 7 is_stmt 1 view .LVU476
 1598              		.loc 1 574 9 is_stmt 0 view .LVU477
 1599 04b2 022B     		cmp	r3, #2
 1600 04b4 2FD0     		beq	.L128
 575:Drivers/STM32F3xx_HAL_Driver/Src/stm32f3xx_hal_rcc.c ****       {
 576:Drivers/STM32F3xx_HAL_Driver/Src/stm32f3xx_hal_rcc.c ****         /* Check the parameters */
 577:Drivers/STM32F3xx_HAL_Driver/Src/stm32f3xx_hal_rcc.c ****         assert_param(IS_RCC_PLLSOURCE(RCC_OscInitStruct->PLL.PLLSource));
 578:Drivers/STM32F3xx_HAL_Driver/Src/stm32f3xx_hal_rcc.c ****         assert_param(IS_RCC_PLL_MUL(RCC_OscInitStruct->PLL.PLLMUL));
 579:Drivers/STM32F3xx_HAL_Driver/Src/stm32f3xx_hal_rcc.c **** #if   defined(RCC_CFGR_PLLSRC_HSI_PREDIV)
ARM GAS  C:\Users\nakas\AppData\Local\Temp\ccIuqt5O.s 			page 61


 580:Drivers/STM32F3xx_HAL_Driver/Src/stm32f3xx_hal_rcc.c ****         assert_param(IS_RCC_PREDIV(RCC_OscInitStruct->PLL.PREDIV));
 581:Drivers/STM32F3xx_HAL_Driver/Src/stm32f3xx_hal_rcc.c **** #endif
 582:Drivers/STM32F3xx_HAL_Driver/Src/stm32f3xx_hal_rcc.c ****   
 583:Drivers/STM32F3xx_HAL_Driver/Src/stm32f3xx_hal_rcc.c ****         /* Disable the main PLL. */
 584:Drivers/STM32F3xx_HAL_Driver/Src/stm32f3xx_hal_rcc.c ****         __HAL_RCC_PLL_DISABLE();
 585:Drivers/STM32F3xx_HAL_Driver/Src/stm32f3xx_hal_rcc.c ****         
 586:Drivers/STM32F3xx_HAL_Driver/Src/stm32f3xx_hal_rcc.c ****         /* Get Start Tick */
 587:Drivers/STM32F3xx_HAL_Driver/Src/stm32f3xx_hal_rcc.c ****         tickstart = HAL_GetTick();
 588:Drivers/STM32F3xx_HAL_Driver/Src/stm32f3xx_hal_rcc.c ****         
 589:Drivers/STM32F3xx_HAL_Driver/Src/stm32f3xx_hal_rcc.c ****         /* Wait till PLL is disabled */
 590:Drivers/STM32F3xx_HAL_Driver/Src/stm32f3xx_hal_rcc.c ****         while(__HAL_RCC_GET_FLAG(RCC_FLAG_PLLRDY)  != RESET)
 591:Drivers/STM32F3xx_HAL_Driver/Src/stm32f3xx_hal_rcc.c ****         {
 592:Drivers/STM32F3xx_HAL_Driver/Src/stm32f3xx_hal_rcc.c ****           if((HAL_GetTick() - tickstart ) > PLL_TIMEOUT_VALUE)
 593:Drivers/STM32F3xx_HAL_Driver/Src/stm32f3xx_hal_rcc.c ****           {
 594:Drivers/STM32F3xx_HAL_Driver/Src/stm32f3xx_hal_rcc.c ****             return HAL_TIMEOUT;
 595:Drivers/STM32F3xx_HAL_Driver/Src/stm32f3xx_hal_rcc.c ****           }
 596:Drivers/STM32F3xx_HAL_Driver/Src/stm32f3xx_hal_rcc.c ****         }
 597:Drivers/STM32F3xx_HAL_Driver/Src/stm32f3xx_hal_rcc.c **** 
 598:Drivers/STM32F3xx_HAL_Driver/Src/stm32f3xx_hal_rcc.c **** #if defined(RCC_CFGR_PLLSRC_HSI_PREDIV)
 599:Drivers/STM32F3xx_HAL_Driver/Src/stm32f3xx_hal_rcc.c ****         /* Configure the main PLL clock source, predivider and multiplication factor. */
 600:Drivers/STM32F3xx_HAL_Driver/Src/stm32f3xx_hal_rcc.c ****         __HAL_RCC_PLL_CONFIG(RCC_OscInitStruct->PLL.PLLSource,
 601:Drivers/STM32F3xx_HAL_Driver/Src/stm32f3xx_hal_rcc.c ****                              RCC_OscInitStruct->PLL.PREDIV,
 602:Drivers/STM32F3xx_HAL_Driver/Src/stm32f3xx_hal_rcc.c ****                              RCC_OscInitStruct->PLL.PLLMUL);
 603:Drivers/STM32F3xx_HAL_Driver/Src/stm32f3xx_hal_rcc.c **** #else
 604:Drivers/STM32F3xx_HAL_Driver/Src/stm32f3xx_hal_rcc.c ****       /* Configure the main PLL clock source and multiplication factor. */
 605:Drivers/STM32F3xx_HAL_Driver/Src/stm32f3xx_hal_rcc.c ****       __HAL_RCC_PLL_CONFIG(RCC_OscInitStruct->PLL.PLLSource,
 606:Drivers/STM32F3xx_HAL_Driver/Src/stm32f3xx_hal_rcc.c ****                            RCC_OscInitStruct->PLL.PLLMUL);
 607:Drivers/STM32F3xx_HAL_Driver/Src/stm32f3xx_hal_rcc.c **** #endif /* RCC_CFGR_PLLSRC_HSI_PREDIV */
 608:Drivers/STM32F3xx_HAL_Driver/Src/stm32f3xx_hal_rcc.c ****         /* Enable the main PLL. */
 609:Drivers/STM32F3xx_HAL_Driver/Src/stm32f3xx_hal_rcc.c ****         __HAL_RCC_PLL_ENABLE();
 610:Drivers/STM32F3xx_HAL_Driver/Src/stm32f3xx_hal_rcc.c ****         
 611:Drivers/STM32F3xx_HAL_Driver/Src/stm32f3xx_hal_rcc.c ****         /* Get Start Tick */
 612:Drivers/STM32F3xx_HAL_Driver/Src/stm32f3xx_hal_rcc.c ****         tickstart = HAL_GetTick();
 613:Drivers/STM32F3xx_HAL_Driver/Src/stm32f3xx_hal_rcc.c ****         
 614:Drivers/STM32F3xx_HAL_Driver/Src/stm32f3xx_hal_rcc.c ****         /* Wait till PLL is ready */
 615:Drivers/STM32F3xx_HAL_Driver/Src/stm32f3xx_hal_rcc.c ****         while(__HAL_RCC_GET_FLAG(RCC_FLAG_PLLRDY)  == RESET)
 616:Drivers/STM32F3xx_HAL_Driver/Src/stm32f3xx_hal_rcc.c ****         {
 617:Drivers/STM32F3xx_HAL_Driver/Src/stm32f3xx_hal_rcc.c ****           if((HAL_GetTick() - tickstart ) > PLL_TIMEOUT_VALUE)
 618:Drivers/STM32F3xx_HAL_Driver/Src/stm32f3xx_hal_rcc.c ****           {
 619:Drivers/STM32F3xx_HAL_Driver/Src/stm32f3xx_hal_rcc.c ****             return HAL_TIMEOUT;
 620:Drivers/STM32F3xx_HAL_Driver/Src/stm32f3xx_hal_rcc.c ****           }
 621:Drivers/STM32F3xx_HAL_Driver/Src/stm32f3xx_hal_rcc.c ****         }
 622:Drivers/STM32F3xx_HAL_Driver/Src/stm32f3xx_hal_rcc.c ****       }
 623:Drivers/STM32F3xx_HAL_Driver/Src/stm32f3xx_hal_rcc.c ****       else
 624:Drivers/STM32F3xx_HAL_Driver/Src/stm32f3xx_hal_rcc.c ****       {
 625:Drivers/STM32F3xx_HAL_Driver/Src/stm32f3xx_hal_rcc.c ****         /* Disable the main PLL. */
 626:Drivers/STM32F3xx_HAL_Driver/Src/stm32f3xx_hal_rcc.c ****         __HAL_RCC_PLL_DISABLE();
 1601              		.loc 1 626 9 is_stmt 1 view .LVU478
 1602              	.LVL116:
 1603              	.LBB234:
 1604              	.LBI234:
 981:Drivers/CMSIS/Include/cmsis_gcc.h **** {
 1605              		.loc 2 981 31 view .LVU479
 1606              	.LBB235:
 983:Drivers/CMSIS/Include/cmsis_gcc.h **** 
 1607              		.loc 2 983 3 view .LVU480
 988:Drivers/CMSIS/Include/cmsis_gcc.h **** #else
ARM GAS  C:\Users\nakas\AppData\Local\Temp\ccIuqt5O.s 			page 62


 1608              		.loc 2 988 4 view .LVU481
 1609 04b6 4FF08073 		mov	r3, #16777216
 1610              		.syntax unified
 1611              	@ 988 "Drivers/CMSIS/Include/cmsis_gcc.h" 1
 1612 04ba 93FAA3F3 		rbit r3, r3
 1613              	@ 0 "" 2
 1614              	.LVL117:
 1615              		.loc 2 1001 3 view .LVU482
 1616              		.loc 2 1001 3 is_stmt 0 view .LVU483
 1617              		.thumb
 1618              		.syntax unified
 1619              	.LBE235:
 1620              	.LBE234:
 1621              		.loc 1 626 9 discriminator 2 view .LVU484
 1622 04be B3FA83F3 		clz	r3, r3
 1623 04c2 03F18453 		add	r3, r3, #276824064
 1624 04c6 03F58413 		add	r3, r3, #1081344
 1625 04ca 9B00     		lsls	r3, r3, #2
 1626 04cc 0022     		movs	r2, #0
 1627 04ce 1A60     		str	r2, [r3]
 627:Drivers/STM32F3xx_HAL_Driver/Src/stm32f3xx_hal_rcc.c ****  
 628:Drivers/STM32F3xx_HAL_Driver/Src/stm32f3xx_hal_rcc.c ****         /* Get Start Tick */
 629:Drivers/STM32F3xx_HAL_Driver/Src/stm32f3xx_hal_rcc.c ****         tickstart = HAL_GetTick();
 1628              		.loc 1 629 9 is_stmt 1 view .LVU485
 1629              		.loc 1 629 21 is_stmt 0 view .LVU486
 1630 04d0 FFF7FEFF 		bl	HAL_GetTick
 1631              	.LVL118:
 1632 04d4 0446     		mov	r4, r0
 1633              	.LVL119:
 630:Drivers/STM32F3xx_HAL_Driver/Src/stm32f3xx_hal_rcc.c ****         
 631:Drivers/STM32F3xx_HAL_Driver/Src/stm32f3xx_hal_rcc.c ****         /* Wait till PLL is disabled */  
 632:Drivers/STM32F3xx_HAL_Driver/Src/stm32f3xx_hal_rcc.c ****         while(__HAL_RCC_GET_FLAG(RCC_FLAG_PLLRDY)  != RESET)
 1634              		.loc 1 632 9 is_stmt 1 view .LVU487
 1635              	.L90:
 1636              		.loc 1 632 52 view .LVU488
 1637              	.LBB236:
 1638              	.LBI236:
 981:Drivers/CMSIS/Include/cmsis_gcc.h **** {
 1639              		.loc 2 981 31 view .LVU489
 1640              	.LBB237:
 983:Drivers/CMSIS/Include/cmsis_gcc.h **** 
 1641              		.loc 2 983 3 view .LVU490
 988:Drivers/CMSIS/Include/cmsis_gcc.h **** #else
 1642              		.loc 2 988 4 view .LVU491
 1643 04d6 4FF00073 		mov	r3, #33554432
 1644              		.syntax unified
 1645              	@ 988 "Drivers/CMSIS/Include/cmsis_gcc.h" 1
 1646 04da 93FAA3F3 		rbit r3, r3
 1647              	@ 0 "" 2
 1648              		.loc 2 1001 3 view .LVU492
 1649              	.LVL120:
 1650              		.loc 2 1001 3 is_stmt 0 view .LVU493
 1651              		.thumb
 1652              		.syntax unified
 1653              	.LBE237:
 1654              	.LBE236:
 1655              		.loc 1 632 15 discriminator 1 view .LVU494
ARM GAS  C:\Users\nakas\AppData\Local\Temp\ccIuqt5O.s 			page 63


 1656 04de 3F4B     		ldr	r3, .L134+4
 1657 04e0 1968     		ldr	r1, [r3]
 1658              	.LVL121:
 1659              	.LBB238:
 1660              	.LBI238:
 981:Drivers/CMSIS/Include/cmsis_gcc.h **** {
 1661              		.loc 2 981 31 is_stmt 1 view .LVU495
 1662              	.LBB239:
 983:Drivers/CMSIS/Include/cmsis_gcc.h **** 
 1663              		.loc 2 983 3 view .LVU496
 988:Drivers/CMSIS/Include/cmsis_gcc.h **** #else
 1664              		.loc 2 988 4 view .LVU497
 1665 04e2 4FF00073 		mov	r3, #33554432
 1666              		.syntax unified
 1667              	@ 988 "Drivers/CMSIS/Include/cmsis_gcc.h" 1
 1668 04e6 93FAA3F3 		rbit r3, r3
 1669              	@ 0 "" 2
 1670              	.LVL122:
 1671              		.loc 2 1001 3 view .LVU498
 1672              		.loc 2 1001 3 is_stmt 0 view .LVU499
 1673              		.thumb
 1674              		.syntax unified
 1675              	.LBE239:
 1676              	.LBE238:
 1677              		.loc 1 632 15 discriminator 2 view .LVU500
 1678 04ea B3FA83F3 		clz	r3, r3
 1679 04ee 03F01F03 		and	r3, r3, #31
 1680 04f2 0122     		movs	r2, #1
 1681 04f4 02FA03F3 		lsl	r3, r2, r3
 1682              		.loc 1 632 52 discriminator 2 view .LVU501
 1683 04f8 1942     		tst	r1, r3
 1684 04fa 6BD0     		beq	.L129
 633:Drivers/STM32F3xx_HAL_Driver/Src/stm32f3xx_hal_rcc.c ****         {
 634:Drivers/STM32F3xx_HAL_Driver/Src/stm32f3xx_hal_rcc.c ****           if((HAL_GetTick() - tickstart ) > PLL_TIMEOUT_VALUE)
 1685              		.loc 1 634 11 is_stmt 1 view .LVU502
 1686              		.loc 1 634 15 is_stmt 0 view .LVU503
 1687 04fc FFF7FEFF 		bl	HAL_GetTick
 1688              	.LVL123:
 1689              		.loc 1 634 29 discriminator 1 view .LVU504
 1690 0500 001B     		subs	r0, r0, r4
 1691              		.loc 1 634 13 discriminator 1 view .LVU505
 1692 0502 0228     		cmp	r0, #2
 1693 0504 E7D9     		bls	.L90
 635:Drivers/STM32F3xx_HAL_Driver/Src/stm32f3xx_hal_rcc.c ****           {
 636:Drivers/STM32F3xx_HAL_Driver/Src/stm32f3xx_hal_rcc.c ****             return HAL_TIMEOUT;
 1694              		.loc 1 636 20 view .LVU506
 1695 0506 0320     		movs	r0, #3
 1696 0508 87E0     		b	.L21
 1697              	.LVL124:
 1698              	.L127:
 1699              	.LBB240:
 562:Drivers/STM32F3xx_HAL_Driver/Src/stm32f3xx_hal_rcc.c ****     }
 1700              		.loc 1 562 7 is_stmt 1 view .LVU507
 1701 050a 344A     		ldr	r2, .L134+4
 1702 050c D369     		ldr	r3, [r2, #28]
 1703 050e 23F08053 		bic	r3, r3, #268435456
 1704 0512 D361     		str	r3, [r2, #28]
ARM GAS  C:\Users\nakas\AppData\Local\Temp\ccIuqt5O.s 			page 64


 1705 0514 C2E7     		b	.L61
 1706              	.LVL125:
 1707              	.L128:
 562:Drivers/STM32F3xx_HAL_Driver/Src/stm32f3xx_hal_rcc.c ****     }
 1708              		.loc 1 562 7 is_stmt 0 view .LVU508
 1709              	.LBE240:
 577:Drivers/STM32F3xx_HAL_Driver/Src/stm32f3xx_hal_rcc.c ****         assert_param(IS_RCC_PLL_MUL(RCC_OscInitStruct->PLL.PLLMUL));
 1710              		.loc 1 577 9 is_stmt 1 view .LVU509
 578:Drivers/STM32F3xx_HAL_Driver/Src/stm32f3xx_hal_rcc.c **** #if   defined(RCC_CFGR_PLLSRC_HSI_PREDIV)
 1711              		.loc 1 578 9 view .LVU510
 584:Drivers/STM32F3xx_HAL_Driver/Src/stm32f3xx_hal_rcc.c ****         
 1712              		.loc 1 584 9 view .LVU511
 1713              	.LBB241:
 1714              	.LBI241:
 981:Drivers/CMSIS/Include/cmsis_gcc.h **** {
 1715              		.loc 2 981 31 view .LVU512
 1716              	.LBB242:
 983:Drivers/CMSIS/Include/cmsis_gcc.h **** 
 1717              		.loc 2 983 3 view .LVU513
 988:Drivers/CMSIS/Include/cmsis_gcc.h **** #else
 1718              		.loc 2 988 4 view .LVU514
 1719 0516 4FF08073 		mov	r3, #16777216
 1720              		.syntax unified
 1721              	@ 988 "Drivers/CMSIS/Include/cmsis_gcc.h" 1
 1722 051a 93FAA3F3 		rbit r3, r3
 1723              	@ 0 "" 2
 1724              	.LVL126:
 1725              		.loc 2 1001 3 view .LVU515
 1726              		.loc 2 1001 3 is_stmt 0 view .LVU516
 1727              		.thumb
 1728              		.syntax unified
 1729              	.LBE242:
 1730              	.LBE241:
 584:Drivers/STM32F3xx_HAL_Driver/Src/stm32f3xx_hal_rcc.c ****         
 1731              		.loc 1 584 9 discriminator 2 view .LVU517
 1732 051e B3FA83F3 		clz	r3, r3
 1733 0522 03F18453 		add	r3, r3, #276824064
 1734 0526 03F58413 		add	r3, r3, #1081344
 1735 052a 9B00     		lsls	r3, r3, #2
 1736 052c 0022     		movs	r2, #0
 1737 052e 1A60     		str	r2, [r3]
 587:Drivers/STM32F3xx_HAL_Driver/Src/stm32f3xx_hal_rcc.c ****         
 1738              		.loc 1 587 9 is_stmt 1 view .LVU518
 587:Drivers/STM32F3xx_HAL_Driver/Src/stm32f3xx_hal_rcc.c ****         
 1739              		.loc 1 587 21 is_stmt 0 view .LVU519
 1740 0530 FFF7FEFF 		bl	HAL_GetTick
 1741              	.LVL127:
 1742 0534 0546     		mov	r5, r0
 1743              	.LVL128:
 590:Drivers/STM32F3xx_HAL_Driver/Src/stm32f3xx_hal_rcc.c ****         {
 1744              		.loc 1 590 9 is_stmt 1 view .LVU520
 1745              	.L82:
 590:Drivers/STM32F3xx_HAL_Driver/Src/stm32f3xx_hal_rcc.c ****         {
 1746              		.loc 1 590 52 view .LVU521
 1747              	.LBB243:
 1748              	.LBI243:
 981:Drivers/CMSIS/Include/cmsis_gcc.h **** {
ARM GAS  C:\Users\nakas\AppData\Local\Temp\ccIuqt5O.s 			page 65


 1749              		.loc 2 981 31 view .LVU522
 1750              	.LBB244:
 983:Drivers/CMSIS/Include/cmsis_gcc.h **** 
 1751              		.loc 2 983 3 view .LVU523
 988:Drivers/CMSIS/Include/cmsis_gcc.h **** #else
 1752              		.loc 2 988 4 view .LVU524
 1753 0536 4FF00073 		mov	r3, #33554432
 1754              		.syntax unified
 1755              	@ 988 "Drivers/CMSIS/Include/cmsis_gcc.h" 1
 1756 053a 93FAA3F3 		rbit r3, r3
 1757              	@ 0 "" 2
 1758              		.loc 2 1001 3 view .LVU525
 1759              	.LVL129:
 1760              		.loc 2 1001 3 is_stmt 0 view .LVU526
 1761              		.thumb
 1762              		.syntax unified
 1763              	.LBE244:
 1764              	.LBE243:
 590:Drivers/STM32F3xx_HAL_Driver/Src/stm32f3xx_hal_rcc.c ****         {
 1765              		.loc 1 590 15 discriminator 1 view .LVU527
 1766 053e 274B     		ldr	r3, .L134+4
 1767 0540 1968     		ldr	r1, [r3]
 1768              	.LVL130:
 1769              	.LBB245:
 1770              	.LBI245:
 981:Drivers/CMSIS/Include/cmsis_gcc.h **** {
 1771              		.loc 2 981 31 is_stmt 1 view .LVU528
 1772              	.LBB246:
 983:Drivers/CMSIS/Include/cmsis_gcc.h **** 
 1773              		.loc 2 983 3 view .LVU529
 988:Drivers/CMSIS/Include/cmsis_gcc.h **** #else
 1774              		.loc 2 988 4 view .LVU530
 1775 0542 4FF00073 		mov	r3, #33554432
 1776              		.syntax unified
 1777              	@ 988 "Drivers/CMSIS/Include/cmsis_gcc.h" 1
 1778 0546 93FAA3F3 		rbit r3, r3
 1779              	@ 0 "" 2
 1780              	.LVL131:
 1781              		.loc 2 1001 3 view .LVU531
 1782              		.loc 2 1001 3 is_stmt 0 view .LVU532
 1783              		.thumb
 1784              		.syntax unified
 1785              	.LBE246:
 1786              	.LBE245:
 590:Drivers/STM32F3xx_HAL_Driver/Src/stm32f3xx_hal_rcc.c ****         {
 1787              		.loc 1 590 15 discriminator 2 view .LVU533
 1788 054a B3FA83F3 		clz	r3, r3
 1789 054e 03F01F03 		and	r3, r3, #31
 1790 0552 0122     		movs	r2, #1
 1791 0554 02FA03F3 		lsl	r3, r2, r3
 590:Drivers/STM32F3xx_HAL_Driver/Src/stm32f3xx_hal_rcc.c ****         {
 1792              		.loc 1 590 52 discriminator 2 view .LVU534
 1793 0558 1942     		tst	r1, r3
 1794 055a 06D0     		beq	.L130
 592:Drivers/STM32F3xx_HAL_Driver/Src/stm32f3xx_hal_rcc.c ****           {
 1795              		.loc 1 592 11 is_stmt 1 view .LVU535
 592:Drivers/STM32F3xx_HAL_Driver/Src/stm32f3xx_hal_rcc.c ****           {
ARM GAS  C:\Users\nakas\AppData\Local\Temp\ccIuqt5O.s 			page 66


 1796              		.loc 1 592 15 is_stmt 0 view .LVU536
 1797 055c FFF7FEFF 		bl	HAL_GetTick
 1798              	.LVL132:
 592:Drivers/STM32F3xx_HAL_Driver/Src/stm32f3xx_hal_rcc.c ****           {
 1799              		.loc 1 592 29 discriminator 1 view .LVU537
 1800 0560 401B     		subs	r0, r0, r5
 592:Drivers/STM32F3xx_HAL_Driver/Src/stm32f3xx_hal_rcc.c ****           {
 1801              		.loc 1 592 13 discriminator 1 view .LVU538
 1802 0562 0228     		cmp	r0, #2
 1803 0564 E7D9     		bls	.L82
 594:Drivers/STM32F3xx_HAL_Driver/Src/stm32f3xx_hal_rcc.c ****           }
 1804              		.loc 1 594 20 view .LVU539
 1805 0566 0320     		movs	r0, #3
 1806 0568 57E0     		b	.L21
 1807              	.L130:
 605:Drivers/STM32F3xx_HAL_Driver/Src/stm32f3xx_hal_rcc.c ****                            RCC_OscInitStruct->PLL.PLLMUL);
 1808              		.loc 1 605 7 is_stmt 1 view .LVU540
 1809 056a 1C49     		ldr	r1, .L134+4
 1810 056c 4B68     		ldr	r3, [r1, #4]
 1811 056e 23F47413 		bic	r3, r3, #3997696
 1812 0572 626A     		ldr	r2, [r4, #36]
 1813 0574 206A     		ldr	r0, [r4, #32]
 1814 0576 0243     		orrs	r2, r2, r0
 1815 0578 1343     		orrs	r3, r3, r2
 1816 057a 4B60     		str	r3, [r1, #4]
 609:Drivers/STM32F3xx_HAL_Driver/Src/stm32f3xx_hal_rcc.c ****         
 1817              		.loc 1 609 9 view .LVU541
 1818              	.LVL133:
 1819              	.LBB247:
 1820              	.LBI247:
 981:Drivers/CMSIS/Include/cmsis_gcc.h **** {
 1821              		.loc 2 981 31 view .LVU542
 1822              	.LBB248:
 983:Drivers/CMSIS/Include/cmsis_gcc.h **** 
 1823              		.loc 2 983 3 view .LVU543
 988:Drivers/CMSIS/Include/cmsis_gcc.h **** #else
 1824              		.loc 2 988 4 view .LVU544
 1825 057c 4FF08073 		mov	r3, #16777216
 1826              		.syntax unified
 1827              	@ 988 "Drivers/CMSIS/Include/cmsis_gcc.h" 1
 1828 0580 93FAA3F3 		rbit r3, r3
 1829              	@ 0 "" 2
 1830              	.LVL134:
 1831              		.loc 2 1001 3 view .LVU545
 1832              		.loc 2 1001 3 is_stmt 0 view .LVU546
 1833              		.thumb
 1834              		.syntax unified
 1835              	.LBE248:
 1836              	.LBE247:
 609:Drivers/STM32F3xx_HAL_Driver/Src/stm32f3xx_hal_rcc.c ****         
 1837              		.loc 1 609 9 discriminator 2 view .LVU547
 1838 0584 B3FA83F3 		clz	r3, r3
 1839 0588 03F18453 		add	r3, r3, #276824064
 1840 058c 03F58413 		add	r3, r3, #1081344
 1841 0590 9B00     		lsls	r3, r3, #2
 1842 0592 0122     		movs	r2, #1
 1843 0594 1A60     		str	r2, [r3]
ARM GAS  C:\Users\nakas\AppData\Local\Temp\ccIuqt5O.s 			page 67


 612:Drivers/STM32F3xx_HAL_Driver/Src/stm32f3xx_hal_rcc.c ****         
 1844              		.loc 1 612 9 is_stmt 1 view .LVU548
 612:Drivers/STM32F3xx_HAL_Driver/Src/stm32f3xx_hal_rcc.c ****         
 1845              		.loc 1 612 21 is_stmt 0 view .LVU549
 1846 0596 FFF7FEFF 		bl	HAL_GetTick
 1847              	.LVL135:
 1848 059a 0446     		mov	r4, r0
 1849              	.LVL136:
 615:Drivers/STM32F3xx_HAL_Driver/Src/stm32f3xx_hal_rcc.c ****         {
 1850              		.loc 1 615 9 is_stmt 1 view .LVU550
 1851              	.L86:
 615:Drivers/STM32F3xx_HAL_Driver/Src/stm32f3xx_hal_rcc.c ****         {
 1852              		.loc 1 615 52 view .LVU551
 1853              	.LBB249:
 1854              	.LBI249:
 981:Drivers/CMSIS/Include/cmsis_gcc.h **** {
 1855              		.loc 2 981 31 view .LVU552
 1856              	.LBB250:
 983:Drivers/CMSIS/Include/cmsis_gcc.h **** 
 1857              		.loc 2 983 3 view .LVU553
 988:Drivers/CMSIS/Include/cmsis_gcc.h **** #else
 1858              		.loc 2 988 4 view .LVU554
 1859 059c 4FF00073 		mov	r3, #33554432
 1860              		.syntax unified
 1861              	@ 988 "Drivers/CMSIS/Include/cmsis_gcc.h" 1
 1862 05a0 93FAA3F3 		rbit r3, r3
 1863              	@ 0 "" 2
 1864              		.loc 2 1001 3 view .LVU555
 1865              	.LVL137:
 1866              		.loc 2 1001 3 is_stmt 0 view .LVU556
 1867              		.thumb
 1868              		.syntax unified
 1869              	.LBE250:
 1870              	.LBE249:
 615:Drivers/STM32F3xx_HAL_Driver/Src/stm32f3xx_hal_rcc.c ****         {
 1871              		.loc 1 615 15 discriminator 1 view .LVU557
 1872 05a4 0D4B     		ldr	r3, .L134+4
 1873 05a6 1968     		ldr	r1, [r3]
 1874              	.LVL138:
 1875              	.LBB251:
 1876              	.LBI251:
 981:Drivers/CMSIS/Include/cmsis_gcc.h **** {
 1877              		.loc 2 981 31 is_stmt 1 view .LVU558
 1878              	.LBB252:
 983:Drivers/CMSIS/Include/cmsis_gcc.h **** 
 1879              		.loc 2 983 3 view .LVU559
 988:Drivers/CMSIS/Include/cmsis_gcc.h **** #else
 1880              		.loc 2 988 4 view .LVU560
 1881 05a8 4FF00073 		mov	r3, #33554432
 1882              		.syntax unified
 1883              	@ 988 "Drivers/CMSIS/Include/cmsis_gcc.h" 1
 1884 05ac 93FAA3F3 		rbit r3, r3
 1885              	@ 0 "" 2
 1886              	.LVL139:
 1887              		.loc 2 1001 3 view .LVU561
 1888              		.loc 2 1001 3 is_stmt 0 view .LVU562
 1889              		.thumb
ARM GAS  C:\Users\nakas\AppData\Local\Temp\ccIuqt5O.s 			page 68


 1890              		.syntax unified
 1891              	.LBE252:
 1892              	.LBE251:
 615:Drivers/STM32F3xx_HAL_Driver/Src/stm32f3xx_hal_rcc.c ****         {
 1893              		.loc 1 615 15 discriminator 2 view .LVU563
 1894 05b0 B3FA83F3 		clz	r3, r3
 1895 05b4 03F01F03 		and	r3, r3, #31
 1896 05b8 0122     		movs	r2, #1
 1897 05ba 02FA03F3 		lsl	r3, r2, r3
 615:Drivers/STM32F3xx_HAL_Driver/Src/stm32f3xx_hal_rcc.c ****         {
 1898              		.loc 1 615 52 discriminator 2 view .LVU564
 1899 05be 1942     		tst	r1, r3
 1900 05c0 06D1     		bne	.L131
 617:Drivers/STM32F3xx_HAL_Driver/Src/stm32f3xx_hal_rcc.c ****           {
 1901              		.loc 1 617 11 is_stmt 1 view .LVU565
 617:Drivers/STM32F3xx_HAL_Driver/Src/stm32f3xx_hal_rcc.c ****           {
 1902              		.loc 1 617 15 is_stmt 0 view .LVU566
 1903 05c2 FFF7FEFF 		bl	HAL_GetTick
 1904              	.LVL140:
 617:Drivers/STM32F3xx_HAL_Driver/Src/stm32f3xx_hal_rcc.c ****           {
 1905              		.loc 1 617 29 discriminator 1 view .LVU567
 1906 05c6 001B     		subs	r0, r0, r4
 617:Drivers/STM32F3xx_HAL_Driver/Src/stm32f3xx_hal_rcc.c ****           {
 1907              		.loc 1 617 13 discriminator 1 view .LVU568
 1908 05c8 0228     		cmp	r0, #2
 1909 05ca E7D9     		bls	.L86
 619:Drivers/STM32F3xx_HAL_Driver/Src/stm32f3xx_hal_rcc.c ****           }
 1910              		.loc 1 619 20 view .LVU569
 1911 05cc 0320     		movs	r0, #3
 1912 05ce 24E0     		b	.L21
 1913              	.L131:
 637:Drivers/STM32F3xx_HAL_Driver/Src/stm32f3xx_hal_rcc.c ****           }
 638:Drivers/STM32F3xx_HAL_Driver/Src/stm32f3xx_hal_rcc.c ****         }
 639:Drivers/STM32F3xx_HAL_Driver/Src/stm32f3xx_hal_rcc.c ****       }
 640:Drivers/STM32F3xx_HAL_Driver/Src/stm32f3xx_hal_rcc.c ****     }
 641:Drivers/STM32F3xx_HAL_Driver/Src/stm32f3xx_hal_rcc.c ****     else
 642:Drivers/STM32F3xx_HAL_Driver/Src/stm32f3xx_hal_rcc.c ****     {
 643:Drivers/STM32F3xx_HAL_Driver/Src/stm32f3xx_hal_rcc.c ****       /* Check if there is a request to disable the PLL used as System clock source */
 644:Drivers/STM32F3xx_HAL_Driver/Src/stm32f3xx_hal_rcc.c ****       if((RCC_OscInitStruct->PLL.PLLState) == RCC_PLL_OFF)
 645:Drivers/STM32F3xx_HAL_Driver/Src/stm32f3xx_hal_rcc.c ****       {
 646:Drivers/STM32F3xx_HAL_Driver/Src/stm32f3xx_hal_rcc.c ****         return HAL_ERROR;
 647:Drivers/STM32F3xx_HAL_Driver/Src/stm32f3xx_hal_rcc.c ****       }
 648:Drivers/STM32F3xx_HAL_Driver/Src/stm32f3xx_hal_rcc.c ****       else
 649:Drivers/STM32F3xx_HAL_Driver/Src/stm32f3xx_hal_rcc.c ****       {
 650:Drivers/STM32F3xx_HAL_Driver/Src/stm32f3xx_hal_rcc.c ****         /* Do not return HAL_ERROR if request repeats the current configuration */
 651:Drivers/STM32F3xx_HAL_Driver/Src/stm32f3xx_hal_rcc.c ****         pll_config = RCC->CFGR;
 652:Drivers/STM32F3xx_HAL_Driver/Src/stm32f3xx_hal_rcc.c **** #if defined(RCC_CFGR_PLLSRC_HSI_PREDIV)
 653:Drivers/STM32F3xx_HAL_Driver/Src/stm32f3xx_hal_rcc.c ****         pll_config2 = RCC->CFGR2;
 654:Drivers/STM32F3xx_HAL_Driver/Src/stm32f3xx_hal_rcc.c ****         if((READ_BIT(pll_config, RCC_CFGR_PLLSRC)   != RCC_OscInitStruct->PLL.PLLSource) ||      
 655:Drivers/STM32F3xx_HAL_Driver/Src/stm32f3xx_hal_rcc.c ****            (READ_BIT(pll_config, RCC_CFGR_PLLMUL)   != RCC_OscInitStruct->PLL.PLLMUL)    ||      
 656:Drivers/STM32F3xx_HAL_Driver/Src/stm32f3xx_hal_rcc.c ****            (READ_BIT(pll_config2, RCC_CFGR2_PREDIV)  != RCC_OscInitStruct->PLL.PREDIV))     
 657:Drivers/STM32F3xx_HAL_Driver/Src/stm32f3xx_hal_rcc.c **** #else
 658:Drivers/STM32F3xx_HAL_Driver/Src/stm32f3xx_hal_rcc.c ****         if((READ_BIT(pll_config, RCC_CFGR_PLLSRC)   != RCC_OscInitStruct->PLL.PLLSource) ||      
 659:Drivers/STM32F3xx_HAL_Driver/Src/stm32f3xx_hal_rcc.c ****            (READ_BIT(pll_config, RCC_CFGR_PLLMUL)   != RCC_OscInitStruct->PLL.PLLMUL))
 660:Drivers/STM32F3xx_HAL_Driver/Src/stm32f3xx_hal_rcc.c **** #endif
 661:Drivers/STM32F3xx_HAL_Driver/Src/stm32f3xx_hal_rcc.c ****         {
 662:Drivers/STM32F3xx_HAL_Driver/Src/stm32f3xx_hal_rcc.c ****           return HAL_ERROR;
ARM GAS  C:\Users\nakas\AppData\Local\Temp\ccIuqt5O.s 			page 69


 663:Drivers/STM32F3xx_HAL_Driver/Src/stm32f3xx_hal_rcc.c ****         }
 664:Drivers/STM32F3xx_HAL_Driver/Src/stm32f3xx_hal_rcc.c ****       }
 665:Drivers/STM32F3xx_HAL_Driver/Src/stm32f3xx_hal_rcc.c ****     }
 666:Drivers/STM32F3xx_HAL_Driver/Src/stm32f3xx_hal_rcc.c ****   }
 667:Drivers/STM32F3xx_HAL_Driver/Src/stm32f3xx_hal_rcc.c **** 
 668:Drivers/STM32F3xx_HAL_Driver/Src/stm32f3xx_hal_rcc.c ****   return HAL_OK;
 1914              		.loc 1 668 10 view .LVU570
 1915 05d0 0020     		movs	r0, #0
 1916 05d2 22E0     		b	.L21
 1917              	.L129:
 1918              		.loc 1 668 10 view .LVU571
 1919 05d4 0020     		movs	r0, #0
 1920 05d6 20E0     		b	.L21
 1921              	.L135:
 1922              		.align	2
 1923              	.L134:
 1924 05d8 20819010 		.word	277905696
 1925 05dc 00100240 		.word	1073876992
 1926 05e0 00700040 		.word	1073770496
 1927              	.LVL141:
 1928              	.L80:
 644:Drivers/STM32F3xx_HAL_Driver/Src/stm32f3xx_hal_rcc.c ****       {
 1929              		.loc 1 644 7 is_stmt 1 view .LVU572
 644:Drivers/STM32F3xx_HAL_Driver/Src/stm32f3xx_hal_rcc.c ****       {
 1930              		.loc 1 644 9 is_stmt 0 view .LVU573
 1931 05e4 012B     		cmp	r3, #1
 1932 05e6 1AD0     		beq	.L111
 651:Drivers/STM32F3xx_HAL_Driver/Src/stm32f3xx_hal_rcc.c **** #if defined(RCC_CFGR_PLLSRC_HSI_PREDIV)
 1933              		.loc 1 651 9 is_stmt 1 view .LVU574
 651:Drivers/STM32F3xx_HAL_Driver/Src/stm32f3xx_hal_rcc.c **** #if defined(RCC_CFGR_PLLSRC_HSI_PREDIV)
 1934              		.loc 1 651 20 is_stmt 0 view .LVU575
 1935 05e8 104B     		ldr	r3, .L136
 1936 05ea 5B68     		ldr	r3, [r3, #4]
 1937              	.LVL142:
 658:Drivers/STM32F3xx_HAL_Driver/Src/stm32f3xx_hal_rcc.c ****            (READ_BIT(pll_config, RCC_CFGR_PLLMUL)   != RCC_OscInitStruct->PLL.PLLMUL))
 1938              		.loc 1 658 9 is_stmt 1 view .LVU576
 658:Drivers/STM32F3xx_HAL_Driver/Src/stm32f3xx_hal_rcc.c ****            (READ_BIT(pll_config, RCC_CFGR_PLLMUL)   != RCC_OscInitStruct->PLL.PLLMUL))
 1939              		.loc 1 658 13 is_stmt 0 view .LVU577
 1940 05ec 03F48031 		and	r1, r3, #65536
 658:Drivers/STM32F3xx_HAL_Driver/Src/stm32f3xx_hal_rcc.c ****            (READ_BIT(pll_config, RCC_CFGR_PLLMUL)   != RCC_OscInitStruct->PLL.PLLMUL))
 1941              		.loc 1 658 78 view .LVU578
 1942 05f0 226A     		ldr	r2, [r4, #32]
 658:Drivers/STM32F3xx_HAL_Driver/Src/stm32f3xx_hal_rcc.c ****            (READ_BIT(pll_config, RCC_CFGR_PLLMUL)   != RCC_OscInitStruct->PLL.PLLMUL))
 1943              		.loc 1 658 11 view .LVU579
 1944 05f2 9142     		cmp	r1, r2
 1945 05f4 15D1     		bne	.L112
 659:Drivers/STM32F3xx_HAL_Driver/Src/stm32f3xx_hal_rcc.c **** #endif
 1946              		.loc 1 659 13 view .LVU580
 1947 05f6 03F47013 		and	r3, r3, #3932160
 1948              	.LVL143:
 659:Drivers/STM32F3xx_HAL_Driver/Src/stm32f3xx_hal_rcc.c **** #endif
 1949              		.loc 1 659 78 view .LVU581
 1950 05fa 626A     		ldr	r2, [r4, #36]
 658:Drivers/STM32F3xx_HAL_Driver/Src/stm32f3xx_hal_rcc.c ****            (READ_BIT(pll_config, RCC_CFGR_PLLMUL)   != RCC_OscInitStruct->PLL.PLLMUL))
 1951              		.loc 1 658 90 discriminator 1 view .LVU582
 1952 05fc 9342     		cmp	r3, r2
 1953 05fe 12D1     		bne	.L113
ARM GAS  C:\Users\nakas\AppData\Local\Temp\ccIuqt5O.s 			page 70


 1954              		.loc 1 668 10 view .LVU583
 1955 0600 0020     		movs	r0, #0
 1956 0602 0AE0     		b	.L21
 1957              	.LVL144:
 1958              	.L94:
 1959              	.LCFI3:
 1960              		.cfi_def_cfa_offset 0
 1961              		.cfi_restore 4
 1962              		.cfi_restore 5
 1963              		.cfi_restore 6
 1964              		.cfi_restore 14
 325:Drivers/STM32F3xx_HAL_Driver/Src/stm32f3xx_hal_rcc.c ****   }
 1965              		.loc 1 325 12 view .LVU584
 1966 0604 0120     		movs	r0, #1
 1967              	.LVL145:
 669:Drivers/STM32F3xx_HAL_Driver/Src/stm32f3xx_hal_rcc.c **** }
 1968              		.loc 1 669 1 view .LVU585
 1969 0606 7047     		bx	lr
 1970              	.LVL146:
 1971              	.L120:
 1972              	.LCFI4:
 1973              		.cfi_def_cfa_offset 24
 1974              		.cfi_offset 4, -16
 1975              		.cfi_offset 5, -12
 1976              		.cfi_offset 6, -8
 1977              		.cfi_offset 14, -4
 343:Drivers/STM32F3xx_HAL_Driver/Src/stm32f3xx_hal_rcc.c ****       }
 1978              		.loc 1 343 16 view .LVU586
 1979 0608 0120     		movs	r0, #1
 1980              	.LVL147:
 343:Drivers/STM32F3xx_HAL_Driver/Src/stm32f3xx_hal_rcc.c ****       }
 1981              		.loc 1 343 16 view .LVU587
 1982 060a 06E0     		b	.L21
 1983              	.L98:
 401:Drivers/STM32F3xx_HAL_Driver/Src/stm32f3xx_hal_rcc.c ****       }
 1984              		.loc 1 401 16 view .LVU588
 1985 060c 0120     		movs	r0, #1
 1986 060e 04E0     		b	.L21
 1987              	.LVL148:
 1988              	.L105:
 1989              	.LBB253:
 540:Drivers/STM32F3xx_HAL_Driver/Src/stm32f3xx_hal_rcc.c ****         }
 1990              		.loc 1 540 18 view .LVU589
 1991 0610 0320     		movs	r0, #3
 1992 0612 02E0     		b	.L21
 1993              	.L106:
 554:Drivers/STM32F3xx_HAL_Driver/Src/stm32f3xx_hal_rcc.c ****         }
 1994              		.loc 1 554 18 view .LVU590
 1995 0614 0320     		movs	r0, #3
 1996 0616 00E0     		b	.L21
 1997              	.LVL149:
 1998              	.L107:
 554:Drivers/STM32F3xx_HAL_Driver/Src/stm32f3xx_hal_rcc.c ****         }
 1999              		.loc 1 554 18 view .LVU591
 2000              	.LBE253:
 668:Drivers/STM32F3xx_HAL_Driver/Src/stm32f3xx_hal_rcc.c **** }
 2001              		.loc 1 668 10 view .LVU592
ARM GAS  C:\Users\nakas\AppData\Local\Temp\ccIuqt5O.s 			page 71


 2002 0618 0020     		movs	r0, #0
 2003              	.LVL150:
 2004              	.L21:
 2005              		.loc 1 669 1 view .LVU593
 2006 061a 02B0     		add	sp, sp, #8
 2007              	.LCFI5:
 2008              		.cfi_remember_state
 2009              		.cfi_def_cfa_offset 16
 2010              		@ sp needed
 2011 061c 70BD     		pop	{r4, r5, r6, pc}
 2012              	.LVL151:
 2013              	.L111:
 2014              	.LCFI6:
 2015              		.cfi_restore_state
 646:Drivers/STM32F3xx_HAL_Driver/Src/stm32f3xx_hal_rcc.c ****       }
 2016              		.loc 1 646 16 view .LVU594
 2017 061e 0120     		movs	r0, #1
 2018 0620 FBE7     		b	.L21
 2019              	.LVL152:
 2020              	.L112:
 662:Drivers/STM32F3xx_HAL_Driver/Src/stm32f3xx_hal_rcc.c ****         }
 2021              		.loc 1 662 18 view .LVU595
 2022 0622 0120     		movs	r0, #1
 2023 0624 F9E7     		b	.L21
 2024              	.LVL153:
 2025              	.L113:
 662:Drivers/STM32F3xx_HAL_Driver/Src/stm32f3xx_hal_rcc.c ****         }
 2026              		.loc 1 662 18 view .LVU596
 2027 0626 0120     		movs	r0, #1
 2028 0628 F7E7     		b	.L21
 2029              	.L137:
 2030 062a 00BF     		.align	2
 2031              	.L136:
 2032 062c 00100240 		.word	1073876992
 2033              		.cfi_endproc
 2034              	.LFE124:
 2036              		.section	.text.HAL_RCC_MCOConfig,"ax",%progbits
 2037              		.align	1
 2038              		.global	HAL_RCC_MCOConfig
 2039              		.syntax unified
 2040              		.thumb
 2041              		.thumb_func
 2043              	HAL_RCC_MCOConfig:
 2044              	.LVL154:
 2045              	.LFB126:
 670:Drivers/STM32F3xx_HAL_Driver/Src/stm32f3xx_hal_rcc.c **** 
 671:Drivers/STM32F3xx_HAL_Driver/Src/stm32f3xx_hal_rcc.c **** /**
 672:Drivers/STM32F3xx_HAL_Driver/Src/stm32f3xx_hal_rcc.c ****   * @brief  Initializes the CPU, AHB and APB buses clocks according to the specified 
 673:Drivers/STM32F3xx_HAL_Driver/Src/stm32f3xx_hal_rcc.c ****   *         parameters in the RCC_ClkInitStruct.
 674:Drivers/STM32F3xx_HAL_Driver/Src/stm32f3xx_hal_rcc.c ****   * @param  RCC_ClkInitStruct pointer to an RCC_OscInitTypeDef structure that
 675:Drivers/STM32F3xx_HAL_Driver/Src/stm32f3xx_hal_rcc.c ****   *         contains the configuration information for the RCC peripheral.
 676:Drivers/STM32F3xx_HAL_Driver/Src/stm32f3xx_hal_rcc.c ****   * @param  FLatency FLASH Latency                   
 677:Drivers/STM32F3xx_HAL_Driver/Src/stm32f3xx_hal_rcc.c ****   *          The value of this parameter depend on device used within the same series
 678:Drivers/STM32F3xx_HAL_Driver/Src/stm32f3xx_hal_rcc.c ****   * @note   The SystemCoreClock CMSIS variable is used to store System Clock Frequency 
 679:Drivers/STM32F3xx_HAL_Driver/Src/stm32f3xx_hal_rcc.c ****   *         and updated by @ref HAL_RCC_GetHCLKFreq() function called within this function
 680:Drivers/STM32F3xx_HAL_Driver/Src/stm32f3xx_hal_rcc.c ****   *
 681:Drivers/STM32F3xx_HAL_Driver/Src/stm32f3xx_hal_rcc.c ****   * @note   The HSI is used (enabled by hardware) as system clock source after
ARM GAS  C:\Users\nakas\AppData\Local\Temp\ccIuqt5O.s 			page 72


 682:Drivers/STM32F3xx_HAL_Driver/Src/stm32f3xx_hal_rcc.c ****   *         start-up from Reset, wake-up from STOP and STANDBY mode, or in case
 683:Drivers/STM32F3xx_HAL_Driver/Src/stm32f3xx_hal_rcc.c ****   *         of failure of the HSE used directly or indirectly as system clock
 684:Drivers/STM32F3xx_HAL_Driver/Src/stm32f3xx_hal_rcc.c ****   *         (if the Clock Security System CSS is enabled).
 685:Drivers/STM32F3xx_HAL_Driver/Src/stm32f3xx_hal_rcc.c ****   *           
 686:Drivers/STM32F3xx_HAL_Driver/Src/stm32f3xx_hal_rcc.c ****   * @note   A switch from one clock source to another occurs only if the target
 687:Drivers/STM32F3xx_HAL_Driver/Src/stm32f3xx_hal_rcc.c ****   *         clock source is ready (clock stable after start-up delay or PLL locked). 
 688:Drivers/STM32F3xx_HAL_Driver/Src/stm32f3xx_hal_rcc.c ****   *         If a clock source which is not yet ready is selected, the switch will
 689:Drivers/STM32F3xx_HAL_Driver/Src/stm32f3xx_hal_rcc.c ****   *         occur when the clock source will be ready. 
 690:Drivers/STM32F3xx_HAL_Driver/Src/stm32f3xx_hal_rcc.c ****   *         You can use @ref HAL_RCC_GetClockConfig() function to know which clock is
 691:Drivers/STM32F3xx_HAL_Driver/Src/stm32f3xx_hal_rcc.c ****   *         currently used as system clock source.
 692:Drivers/STM32F3xx_HAL_Driver/Src/stm32f3xx_hal_rcc.c ****   * @retval HAL status
 693:Drivers/STM32F3xx_HAL_Driver/Src/stm32f3xx_hal_rcc.c ****   */
 694:Drivers/STM32F3xx_HAL_Driver/Src/stm32f3xx_hal_rcc.c **** HAL_StatusTypeDef HAL_RCC_ClockConfig(RCC_ClkInitTypeDef  *RCC_ClkInitStruct, uint32_t FLatency)
 695:Drivers/STM32F3xx_HAL_Driver/Src/stm32f3xx_hal_rcc.c **** {
 696:Drivers/STM32F3xx_HAL_Driver/Src/stm32f3xx_hal_rcc.c ****   uint32_t tickstart = 0U;
 697:Drivers/STM32F3xx_HAL_Driver/Src/stm32f3xx_hal_rcc.c **** 
 698:Drivers/STM32F3xx_HAL_Driver/Src/stm32f3xx_hal_rcc.c ****   /* Check Null pointer */
 699:Drivers/STM32F3xx_HAL_Driver/Src/stm32f3xx_hal_rcc.c ****   if(RCC_ClkInitStruct == NULL)
 700:Drivers/STM32F3xx_HAL_Driver/Src/stm32f3xx_hal_rcc.c ****   {
 701:Drivers/STM32F3xx_HAL_Driver/Src/stm32f3xx_hal_rcc.c ****     return HAL_ERROR;
 702:Drivers/STM32F3xx_HAL_Driver/Src/stm32f3xx_hal_rcc.c ****   }
 703:Drivers/STM32F3xx_HAL_Driver/Src/stm32f3xx_hal_rcc.c **** 
 704:Drivers/STM32F3xx_HAL_Driver/Src/stm32f3xx_hal_rcc.c ****   /* Check the parameters */
 705:Drivers/STM32F3xx_HAL_Driver/Src/stm32f3xx_hal_rcc.c ****   assert_param(IS_RCC_CLOCKTYPE(RCC_ClkInitStruct->ClockType));
 706:Drivers/STM32F3xx_HAL_Driver/Src/stm32f3xx_hal_rcc.c ****   assert_param(IS_FLASH_LATENCY(FLatency));
 707:Drivers/STM32F3xx_HAL_Driver/Src/stm32f3xx_hal_rcc.c **** 
 708:Drivers/STM32F3xx_HAL_Driver/Src/stm32f3xx_hal_rcc.c ****   /* To correctly read data from FLASH memory, the number of wait states (LATENCY) 
 709:Drivers/STM32F3xx_HAL_Driver/Src/stm32f3xx_hal_rcc.c ****   must be correctly programmed according to the frequency of the CPU clock 
 710:Drivers/STM32F3xx_HAL_Driver/Src/stm32f3xx_hal_rcc.c ****     (HCLK) of the device. */
 711:Drivers/STM32F3xx_HAL_Driver/Src/stm32f3xx_hal_rcc.c **** 
 712:Drivers/STM32F3xx_HAL_Driver/Src/stm32f3xx_hal_rcc.c ****   /* Increasing the number of wait states because of higher CPU frequency */
 713:Drivers/STM32F3xx_HAL_Driver/Src/stm32f3xx_hal_rcc.c ****   if(FLatency > __HAL_FLASH_GET_LATENCY())
 714:Drivers/STM32F3xx_HAL_Driver/Src/stm32f3xx_hal_rcc.c ****   {    
 715:Drivers/STM32F3xx_HAL_Driver/Src/stm32f3xx_hal_rcc.c ****     /* Program the new number of wait states to the LATENCY bits in the FLASH_ACR register */
 716:Drivers/STM32F3xx_HAL_Driver/Src/stm32f3xx_hal_rcc.c ****     __HAL_FLASH_SET_LATENCY(FLatency);
 717:Drivers/STM32F3xx_HAL_Driver/Src/stm32f3xx_hal_rcc.c ****     
 718:Drivers/STM32F3xx_HAL_Driver/Src/stm32f3xx_hal_rcc.c ****     /* Check that the new number of wait states is taken into account to access the Flash
 719:Drivers/STM32F3xx_HAL_Driver/Src/stm32f3xx_hal_rcc.c ****     memory by reading the FLASH_ACR register */
 720:Drivers/STM32F3xx_HAL_Driver/Src/stm32f3xx_hal_rcc.c ****     if(__HAL_FLASH_GET_LATENCY() != FLatency)
 721:Drivers/STM32F3xx_HAL_Driver/Src/stm32f3xx_hal_rcc.c ****     {
 722:Drivers/STM32F3xx_HAL_Driver/Src/stm32f3xx_hal_rcc.c ****       return HAL_ERROR;
 723:Drivers/STM32F3xx_HAL_Driver/Src/stm32f3xx_hal_rcc.c ****     }
 724:Drivers/STM32F3xx_HAL_Driver/Src/stm32f3xx_hal_rcc.c ****   }
 725:Drivers/STM32F3xx_HAL_Driver/Src/stm32f3xx_hal_rcc.c **** 
 726:Drivers/STM32F3xx_HAL_Driver/Src/stm32f3xx_hal_rcc.c ****   /*-------------------------- HCLK Configuration --------------------------*/
 727:Drivers/STM32F3xx_HAL_Driver/Src/stm32f3xx_hal_rcc.c ****   if(((RCC_ClkInitStruct->ClockType) & RCC_CLOCKTYPE_HCLK) == RCC_CLOCKTYPE_HCLK)
 728:Drivers/STM32F3xx_HAL_Driver/Src/stm32f3xx_hal_rcc.c ****   {
 729:Drivers/STM32F3xx_HAL_Driver/Src/stm32f3xx_hal_rcc.c ****     assert_param(IS_RCC_HCLK(RCC_ClkInitStruct->AHBCLKDivider));
 730:Drivers/STM32F3xx_HAL_Driver/Src/stm32f3xx_hal_rcc.c ****     MODIFY_REG(RCC->CFGR, RCC_CFGR_HPRE, RCC_ClkInitStruct->AHBCLKDivider);
 731:Drivers/STM32F3xx_HAL_Driver/Src/stm32f3xx_hal_rcc.c ****   }
 732:Drivers/STM32F3xx_HAL_Driver/Src/stm32f3xx_hal_rcc.c **** 
 733:Drivers/STM32F3xx_HAL_Driver/Src/stm32f3xx_hal_rcc.c ****   /*------------------------- SYSCLK Configuration ---------------------------*/ 
 734:Drivers/STM32F3xx_HAL_Driver/Src/stm32f3xx_hal_rcc.c ****   if(((RCC_ClkInitStruct->ClockType) & RCC_CLOCKTYPE_SYSCLK) == RCC_CLOCKTYPE_SYSCLK)
 735:Drivers/STM32F3xx_HAL_Driver/Src/stm32f3xx_hal_rcc.c ****   {    
 736:Drivers/STM32F3xx_HAL_Driver/Src/stm32f3xx_hal_rcc.c ****     assert_param(IS_RCC_SYSCLKSOURCE(RCC_ClkInitStruct->SYSCLKSource));
 737:Drivers/STM32F3xx_HAL_Driver/Src/stm32f3xx_hal_rcc.c ****     
 738:Drivers/STM32F3xx_HAL_Driver/Src/stm32f3xx_hal_rcc.c ****     /* HSE is selected as System Clock Source */
ARM GAS  C:\Users\nakas\AppData\Local\Temp\ccIuqt5O.s 			page 73


 739:Drivers/STM32F3xx_HAL_Driver/Src/stm32f3xx_hal_rcc.c ****     if(RCC_ClkInitStruct->SYSCLKSource == RCC_SYSCLKSOURCE_HSE)
 740:Drivers/STM32F3xx_HAL_Driver/Src/stm32f3xx_hal_rcc.c ****     {
 741:Drivers/STM32F3xx_HAL_Driver/Src/stm32f3xx_hal_rcc.c ****       /* Check the HSE ready flag */  
 742:Drivers/STM32F3xx_HAL_Driver/Src/stm32f3xx_hal_rcc.c ****       if(__HAL_RCC_GET_FLAG(RCC_FLAG_HSERDY) == RESET)
 743:Drivers/STM32F3xx_HAL_Driver/Src/stm32f3xx_hal_rcc.c ****       {
 744:Drivers/STM32F3xx_HAL_Driver/Src/stm32f3xx_hal_rcc.c ****         return HAL_ERROR;
 745:Drivers/STM32F3xx_HAL_Driver/Src/stm32f3xx_hal_rcc.c ****       }
 746:Drivers/STM32F3xx_HAL_Driver/Src/stm32f3xx_hal_rcc.c ****     }
 747:Drivers/STM32F3xx_HAL_Driver/Src/stm32f3xx_hal_rcc.c ****     /* PLL is selected as System Clock Source */
 748:Drivers/STM32F3xx_HAL_Driver/Src/stm32f3xx_hal_rcc.c ****     else if(RCC_ClkInitStruct->SYSCLKSource == RCC_SYSCLKSOURCE_PLLCLK)
 749:Drivers/STM32F3xx_HAL_Driver/Src/stm32f3xx_hal_rcc.c ****     {
 750:Drivers/STM32F3xx_HAL_Driver/Src/stm32f3xx_hal_rcc.c ****       /* Check the PLL ready flag */  
 751:Drivers/STM32F3xx_HAL_Driver/Src/stm32f3xx_hal_rcc.c ****       if(__HAL_RCC_GET_FLAG(RCC_FLAG_PLLRDY) == RESET)
 752:Drivers/STM32F3xx_HAL_Driver/Src/stm32f3xx_hal_rcc.c ****       {
 753:Drivers/STM32F3xx_HAL_Driver/Src/stm32f3xx_hal_rcc.c ****         return HAL_ERROR;
 754:Drivers/STM32F3xx_HAL_Driver/Src/stm32f3xx_hal_rcc.c ****       }
 755:Drivers/STM32F3xx_HAL_Driver/Src/stm32f3xx_hal_rcc.c ****     }
 756:Drivers/STM32F3xx_HAL_Driver/Src/stm32f3xx_hal_rcc.c ****     /* HSI is selected as System Clock Source */
 757:Drivers/STM32F3xx_HAL_Driver/Src/stm32f3xx_hal_rcc.c ****     else
 758:Drivers/STM32F3xx_HAL_Driver/Src/stm32f3xx_hal_rcc.c ****     {
 759:Drivers/STM32F3xx_HAL_Driver/Src/stm32f3xx_hal_rcc.c ****       /* Check the HSI ready flag */  
 760:Drivers/STM32F3xx_HAL_Driver/Src/stm32f3xx_hal_rcc.c ****       if(__HAL_RCC_GET_FLAG(RCC_FLAG_HSIRDY) == RESET)
 761:Drivers/STM32F3xx_HAL_Driver/Src/stm32f3xx_hal_rcc.c ****       {
 762:Drivers/STM32F3xx_HAL_Driver/Src/stm32f3xx_hal_rcc.c ****         return HAL_ERROR;
 763:Drivers/STM32F3xx_HAL_Driver/Src/stm32f3xx_hal_rcc.c ****       }
 764:Drivers/STM32F3xx_HAL_Driver/Src/stm32f3xx_hal_rcc.c ****     }
 765:Drivers/STM32F3xx_HAL_Driver/Src/stm32f3xx_hal_rcc.c **** 
 766:Drivers/STM32F3xx_HAL_Driver/Src/stm32f3xx_hal_rcc.c ****     __HAL_RCC_SYSCLK_CONFIG(RCC_ClkInitStruct->SYSCLKSource);
 767:Drivers/STM32F3xx_HAL_Driver/Src/stm32f3xx_hal_rcc.c **** 
 768:Drivers/STM32F3xx_HAL_Driver/Src/stm32f3xx_hal_rcc.c ****     /* Get Start Tick */
 769:Drivers/STM32F3xx_HAL_Driver/Src/stm32f3xx_hal_rcc.c ****     tickstart = HAL_GetTick();
 770:Drivers/STM32F3xx_HAL_Driver/Src/stm32f3xx_hal_rcc.c ****     
 771:Drivers/STM32F3xx_HAL_Driver/Src/stm32f3xx_hal_rcc.c ****     while (__HAL_RCC_GET_SYSCLK_SOURCE() != (RCC_ClkInitStruct->SYSCLKSource << RCC_CFGR_SWS_Pos))
 772:Drivers/STM32F3xx_HAL_Driver/Src/stm32f3xx_hal_rcc.c ****     {
 773:Drivers/STM32F3xx_HAL_Driver/Src/stm32f3xx_hal_rcc.c ****       if ((HAL_GetTick() - tickstart) > CLOCKSWITCH_TIMEOUT_VALUE)
 774:Drivers/STM32F3xx_HAL_Driver/Src/stm32f3xx_hal_rcc.c ****       {
 775:Drivers/STM32F3xx_HAL_Driver/Src/stm32f3xx_hal_rcc.c ****         return HAL_TIMEOUT;
 776:Drivers/STM32F3xx_HAL_Driver/Src/stm32f3xx_hal_rcc.c ****       }
 777:Drivers/STM32F3xx_HAL_Driver/Src/stm32f3xx_hal_rcc.c ****     }
 778:Drivers/STM32F3xx_HAL_Driver/Src/stm32f3xx_hal_rcc.c ****   }
 779:Drivers/STM32F3xx_HAL_Driver/Src/stm32f3xx_hal_rcc.c ****   /* Decreasing the number of wait states because of lower CPU frequency */
 780:Drivers/STM32F3xx_HAL_Driver/Src/stm32f3xx_hal_rcc.c ****   if(FLatency < __HAL_FLASH_GET_LATENCY())
 781:Drivers/STM32F3xx_HAL_Driver/Src/stm32f3xx_hal_rcc.c ****   {    
 782:Drivers/STM32F3xx_HAL_Driver/Src/stm32f3xx_hal_rcc.c ****     /* Program the new number of wait states to the LATENCY bits in the FLASH_ACR register */
 783:Drivers/STM32F3xx_HAL_Driver/Src/stm32f3xx_hal_rcc.c ****     __HAL_FLASH_SET_LATENCY(FLatency);
 784:Drivers/STM32F3xx_HAL_Driver/Src/stm32f3xx_hal_rcc.c ****     
 785:Drivers/STM32F3xx_HAL_Driver/Src/stm32f3xx_hal_rcc.c ****     /* Check that the new number of wait states is taken into account to access the Flash
 786:Drivers/STM32F3xx_HAL_Driver/Src/stm32f3xx_hal_rcc.c ****     memory by reading the FLASH_ACR register */
 787:Drivers/STM32F3xx_HAL_Driver/Src/stm32f3xx_hal_rcc.c ****     if(__HAL_FLASH_GET_LATENCY() != FLatency)
 788:Drivers/STM32F3xx_HAL_Driver/Src/stm32f3xx_hal_rcc.c ****     {
 789:Drivers/STM32F3xx_HAL_Driver/Src/stm32f3xx_hal_rcc.c ****       return HAL_ERROR;
 790:Drivers/STM32F3xx_HAL_Driver/Src/stm32f3xx_hal_rcc.c ****     }
 791:Drivers/STM32F3xx_HAL_Driver/Src/stm32f3xx_hal_rcc.c ****   }    
 792:Drivers/STM32F3xx_HAL_Driver/Src/stm32f3xx_hal_rcc.c **** 
 793:Drivers/STM32F3xx_HAL_Driver/Src/stm32f3xx_hal_rcc.c ****   /*-------------------------- PCLK1 Configuration ---------------------------*/ 
 794:Drivers/STM32F3xx_HAL_Driver/Src/stm32f3xx_hal_rcc.c ****   if(((RCC_ClkInitStruct->ClockType) & RCC_CLOCKTYPE_PCLK1) == RCC_CLOCKTYPE_PCLK1)
 795:Drivers/STM32F3xx_HAL_Driver/Src/stm32f3xx_hal_rcc.c ****   {
ARM GAS  C:\Users\nakas\AppData\Local\Temp\ccIuqt5O.s 			page 74


 796:Drivers/STM32F3xx_HAL_Driver/Src/stm32f3xx_hal_rcc.c ****     assert_param(IS_RCC_PCLK(RCC_ClkInitStruct->APB1CLKDivider));
 797:Drivers/STM32F3xx_HAL_Driver/Src/stm32f3xx_hal_rcc.c ****     MODIFY_REG(RCC->CFGR, RCC_CFGR_PPRE1, RCC_ClkInitStruct->APB1CLKDivider);
 798:Drivers/STM32F3xx_HAL_Driver/Src/stm32f3xx_hal_rcc.c ****   }
 799:Drivers/STM32F3xx_HAL_Driver/Src/stm32f3xx_hal_rcc.c ****   
 800:Drivers/STM32F3xx_HAL_Driver/Src/stm32f3xx_hal_rcc.c ****   /*-------------------------- PCLK2 Configuration ---------------------------*/ 
 801:Drivers/STM32F3xx_HAL_Driver/Src/stm32f3xx_hal_rcc.c ****   if(((RCC_ClkInitStruct->ClockType) & RCC_CLOCKTYPE_PCLK2) == RCC_CLOCKTYPE_PCLK2)
 802:Drivers/STM32F3xx_HAL_Driver/Src/stm32f3xx_hal_rcc.c ****   {
 803:Drivers/STM32F3xx_HAL_Driver/Src/stm32f3xx_hal_rcc.c ****     assert_param(IS_RCC_PCLK(RCC_ClkInitStruct->APB2CLKDivider));
 804:Drivers/STM32F3xx_HAL_Driver/Src/stm32f3xx_hal_rcc.c ****     MODIFY_REG(RCC->CFGR, RCC_CFGR_PPRE2, ((RCC_ClkInitStruct->APB2CLKDivider) << 3U));
 805:Drivers/STM32F3xx_HAL_Driver/Src/stm32f3xx_hal_rcc.c ****   }
 806:Drivers/STM32F3xx_HAL_Driver/Src/stm32f3xx_hal_rcc.c ****  
 807:Drivers/STM32F3xx_HAL_Driver/Src/stm32f3xx_hal_rcc.c ****   /* Update the SystemCoreClock global variable */
 808:Drivers/STM32F3xx_HAL_Driver/Src/stm32f3xx_hal_rcc.c ****   SystemCoreClock = HAL_RCC_GetSysClockFreq() >> AHBPrescTable[(RCC->CFGR & RCC_CFGR_HPRE)>> RCC_CF
 809:Drivers/STM32F3xx_HAL_Driver/Src/stm32f3xx_hal_rcc.c **** 
 810:Drivers/STM32F3xx_HAL_Driver/Src/stm32f3xx_hal_rcc.c ****   /* Configure the source of time base considering new system clocks settings*/
 811:Drivers/STM32F3xx_HAL_Driver/Src/stm32f3xx_hal_rcc.c ****   HAL_InitTick (uwTickPrio);
 812:Drivers/STM32F3xx_HAL_Driver/Src/stm32f3xx_hal_rcc.c ****   
 813:Drivers/STM32F3xx_HAL_Driver/Src/stm32f3xx_hal_rcc.c ****   return HAL_OK;
 814:Drivers/STM32F3xx_HAL_Driver/Src/stm32f3xx_hal_rcc.c **** }
 815:Drivers/STM32F3xx_HAL_Driver/Src/stm32f3xx_hal_rcc.c **** 
 816:Drivers/STM32F3xx_HAL_Driver/Src/stm32f3xx_hal_rcc.c **** /**
 817:Drivers/STM32F3xx_HAL_Driver/Src/stm32f3xx_hal_rcc.c ****   * @}
 818:Drivers/STM32F3xx_HAL_Driver/Src/stm32f3xx_hal_rcc.c ****   */
 819:Drivers/STM32F3xx_HAL_Driver/Src/stm32f3xx_hal_rcc.c **** 
 820:Drivers/STM32F3xx_HAL_Driver/Src/stm32f3xx_hal_rcc.c **** /** @defgroup RCC_Exported_Functions_Group2 Peripheral Control functions
 821:Drivers/STM32F3xx_HAL_Driver/Src/stm32f3xx_hal_rcc.c ****   *  @brief   RCC clocks control functions
 822:Drivers/STM32F3xx_HAL_Driver/Src/stm32f3xx_hal_rcc.c ****   *
 823:Drivers/STM32F3xx_HAL_Driver/Src/stm32f3xx_hal_rcc.c ****   @verbatim   
 824:Drivers/STM32F3xx_HAL_Driver/Src/stm32f3xx_hal_rcc.c ****   ===============================================================================
 825:Drivers/STM32F3xx_HAL_Driver/Src/stm32f3xx_hal_rcc.c ****                   ##### Peripheral Control functions #####
 826:Drivers/STM32F3xx_HAL_Driver/Src/stm32f3xx_hal_rcc.c ****   ===============================================================================  
 827:Drivers/STM32F3xx_HAL_Driver/Src/stm32f3xx_hal_rcc.c ****     [..]
 828:Drivers/STM32F3xx_HAL_Driver/Src/stm32f3xx_hal_rcc.c ****     This subsection provides a set of functions allowing to control the RCC Clocks 
 829:Drivers/STM32F3xx_HAL_Driver/Src/stm32f3xx_hal_rcc.c ****     frequencies.
 830:Drivers/STM32F3xx_HAL_Driver/Src/stm32f3xx_hal_rcc.c **** 
 831:Drivers/STM32F3xx_HAL_Driver/Src/stm32f3xx_hal_rcc.c ****   @endverbatim
 832:Drivers/STM32F3xx_HAL_Driver/Src/stm32f3xx_hal_rcc.c ****   * @{
 833:Drivers/STM32F3xx_HAL_Driver/Src/stm32f3xx_hal_rcc.c ****   */
 834:Drivers/STM32F3xx_HAL_Driver/Src/stm32f3xx_hal_rcc.c **** 
 835:Drivers/STM32F3xx_HAL_Driver/Src/stm32f3xx_hal_rcc.c **** #if defined(RCC_CFGR_MCOPRE)
 836:Drivers/STM32F3xx_HAL_Driver/Src/stm32f3xx_hal_rcc.c **** /**
 837:Drivers/STM32F3xx_HAL_Driver/Src/stm32f3xx_hal_rcc.c ****   * @brief  Selects the clock source to output on MCO pin.
 838:Drivers/STM32F3xx_HAL_Driver/Src/stm32f3xx_hal_rcc.c ****   * @note   MCO pin should be configured in alternate function mode.
 839:Drivers/STM32F3xx_HAL_Driver/Src/stm32f3xx_hal_rcc.c ****   * @param  RCC_MCOx specifies the output direction for the clock source.
 840:Drivers/STM32F3xx_HAL_Driver/Src/stm32f3xx_hal_rcc.c ****   *          This parameter can be one of the following values:
 841:Drivers/STM32F3xx_HAL_Driver/Src/stm32f3xx_hal_rcc.c ****   *            @arg @ref RCC_MCO1 Clock source to output on MCO1 pin(PA8).
 842:Drivers/STM32F3xx_HAL_Driver/Src/stm32f3xx_hal_rcc.c ****   * @param  RCC_MCOSource specifies the clock source to output.
 843:Drivers/STM32F3xx_HAL_Driver/Src/stm32f3xx_hal_rcc.c ****   *          This parameter can be one of the following values:
 844:Drivers/STM32F3xx_HAL_Driver/Src/stm32f3xx_hal_rcc.c ****   *            @arg @ref RCC_MCO1SOURCE_NOCLOCK     No clock selected
 845:Drivers/STM32F3xx_HAL_Driver/Src/stm32f3xx_hal_rcc.c ****   *            @arg @ref RCC_MCO1SOURCE_SYSCLK      System Clock selected as MCO clock
 846:Drivers/STM32F3xx_HAL_Driver/Src/stm32f3xx_hal_rcc.c ****   *            @arg @ref RCC_MCO1SOURCE_HSI         HSI selected as MCO clock
 847:Drivers/STM32F3xx_HAL_Driver/Src/stm32f3xx_hal_rcc.c ****   *            @arg @ref RCC_MCO1SOURCE_HSE         HSE selected as MCO clock
 848:Drivers/STM32F3xx_HAL_Driver/Src/stm32f3xx_hal_rcc.c ****   *            @arg @ref RCC_MCO1SOURCE_LSI         LSI selected as MCO clock
 849:Drivers/STM32F3xx_HAL_Driver/Src/stm32f3xx_hal_rcc.c ****   *            @arg @ref RCC_MCO1SOURCE_LSE         LSE selected as MCO clock
 850:Drivers/STM32F3xx_HAL_Driver/Src/stm32f3xx_hal_rcc.c ****   *            @arg @ref RCC_MCO1SOURCE_PLLCLK      PLLCLK selected as MCO clock
 851:Drivers/STM32F3xx_HAL_Driver/Src/stm32f3xx_hal_rcc.c ****   *            @arg @ref RCC_MCO1SOURCE_PLLCLK_DIV2 PLLCLK Divided by 2 selected as MCO clock
 852:Drivers/STM32F3xx_HAL_Driver/Src/stm32f3xx_hal_rcc.c ****   * @param  RCC_MCODiv specifies the MCO DIV.
ARM GAS  C:\Users\nakas\AppData\Local\Temp\ccIuqt5O.s 			page 75


 853:Drivers/STM32F3xx_HAL_Driver/Src/stm32f3xx_hal_rcc.c ****   *          This parameter can be one of the following values:
 854:Drivers/STM32F3xx_HAL_Driver/Src/stm32f3xx_hal_rcc.c ****   *            @arg @ref RCC_MCODIV_1   no division applied to MCO clock
 855:Drivers/STM32F3xx_HAL_Driver/Src/stm32f3xx_hal_rcc.c ****   *            @arg @ref RCC_MCODIV_2   division by 2 applied to MCO clock
 856:Drivers/STM32F3xx_HAL_Driver/Src/stm32f3xx_hal_rcc.c ****   *            @arg @ref RCC_MCODIV_4   division by 4 applied to MCO clock
 857:Drivers/STM32F3xx_HAL_Driver/Src/stm32f3xx_hal_rcc.c ****   *            @arg @ref RCC_MCODIV_8   division by 8 applied to MCO clock
 858:Drivers/STM32F3xx_HAL_Driver/Src/stm32f3xx_hal_rcc.c ****   *            @arg @ref RCC_MCODIV_16  division by 16 applied to MCO clock
 859:Drivers/STM32F3xx_HAL_Driver/Src/stm32f3xx_hal_rcc.c ****   *            @arg @ref RCC_MCODIV_32  division by 32 applied to MCO clock
 860:Drivers/STM32F3xx_HAL_Driver/Src/stm32f3xx_hal_rcc.c ****   *            @arg @ref RCC_MCODIV_64  division by 64 applied to MCO clock
 861:Drivers/STM32F3xx_HAL_Driver/Src/stm32f3xx_hal_rcc.c ****   *            @arg @ref RCC_MCODIV_128 division by 128 applied to MCO clock
 862:Drivers/STM32F3xx_HAL_Driver/Src/stm32f3xx_hal_rcc.c ****   * @retval None
 863:Drivers/STM32F3xx_HAL_Driver/Src/stm32f3xx_hal_rcc.c ****   */
 864:Drivers/STM32F3xx_HAL_Driver/Src/stm32f3xx_hal_rcc.c **** #else
 865:Drivers/STM32F3xx_HAL_Driver/Src/stm32f3xx_hal_rcc.c **** /**
 866:Drivers/STM32F3xx_HAL_Driver/Src/stm32f3xx_hal_rcc.c ****   * @brief  Selects the clock source to output on MCO pin.
 867:Drivers/STM32F3xx_HAL_Driver/Src/stm32f3xx_hal_rcc.c ****   * @note   MCO pin should be configured in alternate function mode.
 868:Drivers/STM32F3xx_HAL_Driver/Src/stm32f3xx_hal_rcc.c ****   * @param  RCC_MCOx specifies the output direction for the clock source.
 869:Drivers/STM32F3xx_HAL_Driver/Src/stm32f3xx_hal_rcc.c ****   *          This parameter can be one of the following values:
 870:Drivers/STM32F3xx_HAL_Driver/Src/stm32f3xx_hal_rcc.c ****   *            @arg @ref RCC_MCO1 Clock source to output on MCO1 pin(PA8).
 871:Drivers/STM32F3xx_HAL_Driver/Src/stm32f3xx_hal_rcc.c ****   * @param  RCC_MCOSource specifies the clock source to output.
 872:Drivers/STM32F3xx_HAL_Driver/Src/stm32f3xx_hal_rcc.c ****   *          This parameter can be one of the following values:
 873:Drivers/STM32F3xx_HAL_Driver/Src/stm32f3xx_hal_rcc.c ****   *            @arg @ref RCC_MCO1SOURCE_NOCLOCK     No clock selected as MCO clock
 874:Drivers/STM32F3xx_HAL_Driver/Src/stm32f3xx_hal_rcc.c ****   *            @arg @ref RCC_MCO1SOURCE_SYSCLK      System clock selected as MCO clock
 875:Drivers/STM32F3xx_HAL_Driver/Src/stm32f3xx_hal_rcc.c ****   *            @arg @ref RCC_MCO1SOURCE_HSI         HSI selected as MCO clock
 876:Drivers/STM32F3xx_HAL_Driver/Src/stm32f3xx_hal_rcc.c ****   *            @arg @ref RCC_MCO1SOURCE_HSE         HSE selected as MCO clock
 877:Drivers/STM32F3xx_HAL_Driver/Src/stm32f3xx_hal_rcc.c ****   *            @arg @ref RCC_MCO1SOURCE_LSI         LSI selected as MCO clock
 878:Drivers/STM32F3xx_HAL_Driver/Src/stm32f3xx_hal_rcc.c ****   *            @arg @ref RCC_MCO1SOURCE_LSE         LSE selected as MCO clock
 879:Drivers/STM32F3xx_HAL_Driver/Src/stm32f3xx_hal_rcc.c ****   *            @arg @ref RCC_MCO1SOURCE_PLLCLK_DIV2 PLLCLK Divided by 2 selected as MCO clock
 880:Drivers/STM32F3xx_HAL_Driver/Src/stm32f3xx_hal_rcc.c ****   * @param  RCC_MCODiv specifies the MCO DIV.
 881:Drivers/STM32F3xx_HAL_Driver/Src/stm32f3xx_hal_rcc.c ****   *          This parameter can be one of the following values:
 882:Drivers/STM32F3xx_HAL_Driver/Src/stm32f3xx_hal_rcc.c ****   *            @arg @ref RCC_MCODIV_1 no division applied to MCO clock
 883:Drivers/STM32F3xx_HAL_Driver/Src/stm32f3xx_hal_rcc.c ****   * @retval None
 884:Drivers/STM32F3xx_HAL_Driver/Src/stm32f3xx_hal_rcc.c ****   */
 885:Drivers/STM32F3xx_HAL_Driver/Src/stm32f3xx_hal_rcc.c **** #endif
 886:Drivers/STM32F3xx_HAL_Driver/Src/stm32f3xx_hal_rcc.c **** void HAL_RCC_MCOConfig(uint32_t RCC_MCOx, uint32_t RCC_MCOSource, uint32_t RCC_MCODiv)
 887:Drivers/STM32F3xx_HAL_Driver/Src/stm32f3xx_hal_rcc.c **** {
 2046              		.loc 1 887 1 is_stmt 1 view -0
 2047              		.cfi_startproc
 2048              		@ args = 0, pretend = 0, frame = 24
 2049              		@ frame_needed = 0, uses_anonymous_args = 0
 2050              		.loc 1 887 1 is_stmt 0 view .LVU598
 2051 0000 70B5     		push	{r4, r5, r6, lr}
 2052              	.LCFI7:
 2053              		.cfi_def_cfa_offset 16
 2054              		.cfi_offset 4, -16
 2055              		.cfi_offset 5, -12
 2056              		.cfi_offset 6, -8
 2057              		.cfi_offset 14, -4
 2058 0002 86B0     		sub	sp, sp, #24
 2059              	.LCFI8:
 2060              		.cfi_def_cfa_offset 40
 2061 0004 0D46     		mov	r5, r1
 2062 0006 1646     		mov	r6, r2
 888:Drivers/STM32F3xx_HAL_Driver/Src/stm32f3xx_hal_rcc.c ****   GPIO_InitTypeDef gpio;
 2063              		.loc 1 888 3 is_stmt 1 view .LVU599
 889:Drivers/STM32F3xx_HAL_Driver/Src/stm32f3xx_hal_rcc.c **** 
 890:Drivers/STM32F3xx_HAL_Driver/Src/stm32f3xx_hal_rcc.c ****   /* Check the parameters */
 891:Drivers/STM32F3xx_HAL_Driver/Src/stm32f3xx_hal_rcc.c ****   assert_param(IS_RCC_MCO(RCC_MCOx));
ARM GAS  C:\Users\nakas\AppData\Local\Temp\ccIuqt5O.s 			page 76


 2064              		.loc 1 891 3 view .LVU600
 892:Drivers/STM32F3xx_HAL_Driver/Src/stm32f3xx_hal_rcc.c ****   assert_param(IS_RCC_MCODIV(RCC_MCODiv));
 2065              		.loc 1 892 3 view .LVU601
 893:Drivers/STM32F3xx_HAL_Driver/Src/stm32f3xx_hal_rcc.c ****   assert_param(IS_RCC_MCO1SOURCE(RCC_MCOSource));
 2066              		.loc 1 893 3 view .LVU602
 894:Drivers/STM32F3xx_HAL_Driver/Src/stm32f3xx_hal_rcc.c **** 
 895:Drivers/STM32F3xx_HAL_Driver/Src/stm32f3xx_hal_rcc.c ****   /* Prevent unused argument(s) compilation warning */
 896:Drivers/STM32F3xx_HAL_Driver/Src/stm32f3xx_hal_rcc.c ****   UNUSED(RCC_MCOx);
 2067              		.loc 1 896 3 view .LVU603
 897:Drivers/STM32F3xx_HAL_Driver/Src/stm32f3xx_hal_rcc.c **** 
 898:Drivers/STM32F3xx_HAL_Driver/Src/stm32f3xx_hal_rcc.c ****   /* Configure the MCO1 pin in alternate function mode */
 899:Drivers/STM32F3xx_HAL_Driver/Src/stm32f3xx_hal_rcc.c ****   gpio.Mode      = GPIO_MODE_AF_PP;
 2068              		.loc 1 899 3 view .LVU604
 2069              		.loc 1 899 18 is_stmt 0 view .LVU605
 2070 0008 0223     		movs	r3, #2
 2071 000a 0293     		str	r3, [sp, #8]
 900:Drivers/STM32F3xx_HAL_Driver/Src/stm32f3xx_hal_rcc.c ****   gpio.Speed     = GPIO_SPEED_FREQ_HIGH;
 2072              		.loc 1 900 3 is_stmt 1 view .LVU606
 2073              		.loc 1 900 18 is_stmt 0 view .LVU607
 2074 000c 0323     		movs	r3, #3
 2075 000e 0493     		str	r3, [sp, #16]
 901:Drivers/STM32F3xx_HAL_Driver/Src/stm32f3xx_hal_rcc.c ****   gpio.Pull      = GPIO_NOPULL;
 2076              		.loc 1 901 3 is_stmt 1 view .LVU608
 2077              		.loc 1 901 18 is_stmt 0 view .LVU609
 2078 0010 0023     		movs	r3, #0
 2079 0012 0393     		str	r3, [sp, #12]
 902:Drivers/STM32F3xx_HAL_Driver/Src/stm32f3xx_hal_rcc.c ****   gpio.Pin       = MCO1_PIN;
 2080              		.loc 1 902 3 is_stmt 1 view .LVU610
 2081              		.loc 1 902 18 is_stmt 0 view .LVU611
 2082 0014 4FF48072 		mov	r2, #256
 2083              	.LVL155:
 2084              		.loc 1 902 18 view .LVU612
 2085 0018 0192     		str	r2, [sp, #4]
 903:Drivers/STM32F3xx_HAL_Driver/Src/stm32f3xx_hal_rcc.c ****   gpio.Alternate = GPIO_AF0_MCO;
 2086              		.loc 1 903 3 is_stmt 1 view .LVU613
 2087              		.loc 1 903 18 is_stmt 0 view .LVU614
 2088 001a 0593     		str	r3, [sp, #20]
 904:Drivers/STM32F3xx_HAL_Driver/Src/stm32f3xx_hal_rcc.c **** 
 905:Drivers/STM32F3xx_HAL_Driver/Src/stm32f3xx_hal_rcc.c ****   /* MCO1 Clock Enable */
 906:Drivers/STM32F3xx_HAL_Driver/Src/stm32f3xx_hal_rcc.c ****   MCO1_CLK_ENABLE();
 2089              		.loc 1 906 3 is_stmt 1 view .LVU615
 2090              	.LBB254:
 2091              		.loc 1 906 3 view .LVU616
 2092              		.loc 1 906 3 view .LVU617
 2093 001c 0B4C     		ldr	r4, .L140
 2094 001e 6369     		ldr	r3, [r4, #20]
 2095 0020 43F40033 		orr	r3, r3, #131072
 2096 0024 6361     		str	r3, [r4, #20]
 2097              		.loc 1 906 3 view .LVU618
 2098 0026 6369     		ldr	r3, [r4, #20]
 2099 0028 03F40033 		and	r3, r3, #131072
 2100 002c 0093     		str	r3, [sp]
 2101              		.loc 1 906 3 view .LVU619
 2102 002e 009B     		ldr	r3, [sp]
 2103              	.LBE254:
 2104              		.loc 1 906 3 view .LVU620
 907:Drivers/STM32F3xx_HAL_Driver/Src/stm32f3xx_hal_rcc.c ****   
ARM GAS  C:\Users\nakas\AppData\Local\Temp\ccIuqt5O.s 			page 77


 908:Drivers/STM32F3xx_HAL_Driver/Src/stm32f3xx_hal_rcc.c ****   HAL_GPIO_Init(MCO1_GPIO_PORT, &gpio);
 2105              		.loc 1 908 3 view .LVU621
 2106 0030 01A9     		add	r1, sp, #4
 2107              	.LVL156:
 2108              		.loc 1 908 3 is_stmt 0 view .LVU622
 2109 0032 4FF09040 		mov	r0, #1207959552
 2110              	.LVL157:
 2111              		.loc 1 908 3 view .LVU623
 2112 0036 FFF7FEFF 		bl	HAL_GPIO_Init
 2113              	.LVL158:
 909:Drivers/STM32F3xx_HAL_Driver/Src/stm32f3xx_hal_rcc.c ****   
 910:Drivers/STM32F3xx_HAL_Driver/Src/stm32f3xx_hal_rcc.c ****   /* Configure the MCO clock source */
 911:Drivers/STM32F3xx_HAL_Driver/Src/stm32f3xx_hal_rcc.c ****   __HAL_RCC_MCO1_CONFIG(RCC_MCOSource, RCC_MCODiv);
 2114              		.loc 1 911 3 is_stmt 1 view .LVU624
 2115 003a 6368     		ldr	r3, [r4, #4]
 2116 003c 23F0EE43 		bic	r3, r3, #1996488704
 2117 0040 3543     		orrs	r5, r5, r6
 2118              	.LVL159:
 2119              		.loc 1 911 3 is_stmt 0 view .LVU625
 2120 0042 2B43     		orrs	r3, r3, r5
 2121 0044 6360     		str	r3, [r4, #4]
 912:Drivers/STM32F3xx_HAL_Driver/Src/stm32f3xx_hal_rcc.c **** }
 2122              		.loc 1 912 1 view .LVU626
 2123 0046 06B0     		add	sp, sp, #24
 2124              	.LCFI9:
 2125              		.cfi_def_cfa_offset 16
 2126              		@ sp needed
 2127 0048 70BD     		pop	{r4, r5, r6, pc}
 2128              	.LVL160:
 2129              	.L141:
 2130              		.loc 1 912 1 view .LVU627
 2131 004a 00BF     		.align	2
 2132              	.L140:
 2133 004c 00100240 		.word	1073876992
 2134              		.cfi_endproc
 2135              	.LFE126:
 2137              		.section	.text.HAL_RCC_EnableCSS,"ax",%progbits
 2138              		.align	1
 2139              		.global	HAL_RCC_EnableCSS
 2140              		.syntax unified
 2141              		.thumb
 2142              		.thumb_func
 2144              	HAL_RCC_EnableCSS:
 2145              	.LFB127:
 913:Drivers/STM32F3xx_HAL_Driver/Src/stm32f3xx_hal_rcc.c **** 
 914:Drivers/STM32F3xx_HAL_Driver/Src/stm32f3xx_hal_rcc.c **** /**
 915:Drivers/STM32F3xx_HAL_Driver/Src/stm32f3xx_hal_rcc.c ****   * @brief  Enables the Clock Security System.
 916:Drivers/STM32F3xx_HAL_Driver/Src/stm32f3xx_hal_rcc.c ****   * @note   If a failure is detected on the HSE oscillator clock, this oscillator
 917:Drivers/STM32F3xx_HAL_Driver/Src/stm32f3xx_hal_rcc.c ****   *         is automatically disabled and an interrupt is generated to inform the
 918:Drivers/STM32F3xx_HAL_Driver/Src/stm32f3xx_hal_rcc.c ****   *         software about the failure (Clock Security System Interrupt, CSSI),
 919:Drivers/STM32F3xx_HAL_Driver/Src/stm32f3xx_hal_rcc.c ****   *         allowing the MCU to perform rescue operations. The CSSI is linked to 
 920:Drivers/STM32F3xx_HAL_Driver/Src/stm32f3xx_hal_rcc.c ****   *         the Cortex-M4 NMI (Non-Maskable Interrupt) exception vector.  
 921:Drivers/STM32F3xx_HAL_Driver/Src/stm32f3xx_hal_rcc.c ****   * @retval None
 922:Drivers/STM32F3xx_HAL_Driver/Src/stm32f3xx_hal_rcc.c ****   */
 923:Drivers/STM32F3xx_HAL_Driver/Src/stm32f3xx_hal_rcc.c **** void HAL_RCC_EnableCSS(void)
 924:Drivers/STM32F3xx_HAL_Driver/Src/stm32f3xx_hal_rcc.c **** {
 2146              		.loc 1 924 1 is_stmt 1 view -0
ARM GAS  C:\Users\nakas\AppData\Local\Temp\ccIuqt5O.s 			page 78


 2147              		.cfi_startproc
 2148              		@ args = 0, pretend = 0, frame = 0
 2149              		@ frame_needed = 0, uses_anonymous_args = 0
 2150              		@ link register save eliminated.
 925:Drivers/STM32F3xx_HAL_Driver/Src/stm32f3xx_hal_rcc.c ****   *(__IO uint32_t *) RCC_CR_CSSON_BB = (uint32_t)ENABLE;
 2151              		.loc 1 925 3 view .LVU629
 2152              	.LVL161:
 2153              	.LBB255:
 2154              	.LBI255:
 981:Drivers/CMSIS/Include/cmsis_gcc.h **** {
 2155              		.loc 2 981 31 view .LVU630
 2156              	.LBB256:
 983:Drivers/CMSIS/Include/cmsis_gcc.h **** 
 2157              		.loc 2 983 3 view .LVU631
 988:Drivers/CMSIS/Include/cmsis_gcc.h **** #else
 2158              		.loc 2 988 4 view .LVU632
 2159 0000 4FF40023 		mov	r3, #524288
 2160              		.syntax unified
 2161              	@ 988 "Drivers/CMSIS/Include/cmsis_gcc.h" 1
 2162 0004 93FAA3F3 		rbit r3, r3
 2163              	@ 0 "" 2
 2164              	.LVL162:
 2165              		.loc 2 1001 3 view .LVU633
 2166              		.loc 2 1001 3 is_stmt 0 view .LVU634
 2167              		.thumb
 2168              		.syntax unified
 2169              	.LBE256:
 2170              	.LBE255:
 2171              		.loc 1 925 22 discriminator 2 view .LVU635
 2172 0008 B3FA83F3 		clz	r3, r3
 2173 000c 03F18453 		add	r3, r3, #276824064
 2174 0010 03F58413 		add	r3, r3, #1081344
 2175 0014 9B00     		lsls	r3, r3, #2
 2176              		.loc 1 925 38 discriminator 2 view .LVU636
 2177 0016 0122     		movs	r2, #1
 2178 0018 1A60     		str	r2, [r3]
 926:Drivers/STM32F3xx_HAL_Driver/Src/stm32f3xx_hal_rcc.c **** }
 2179              		.loc 1 926 1 view .LVU637
 2180 001a 7047     		bx	lr
 2181              		.cfi_endproc
 2182              	.LFE127:
 2184              		.section	.text.HAL_RCC_DisableCSS,"ax",%progbits
 2185              		.align	1
 2186              		.global	HAL_RCC_DisableCSS
 2187              		.syntax unified
 2188              		.thumb
 2189              		.thumb_func
 2191              	HAL_RCC_DisableCSS:
 2192              	.LFB128:
 927:Drivers/STM32F3xx_HAL_Driver/Src/stm32f3xx_hal_rcc.c **** 
 928:Drivers/STM32F3xx_HAL_Driver/Src/stm32f3xx_hal_rcc.c **** /**
 929:Drivers/STM32F3xx_HAL_Driver/Src/stm32f3xx_hal_rcc.c ****   * @brief  Disables the Clock Security System.
 930:Drivers/STM32F3xx_HAL_Driver/Src/stm32f3xx_hal_rcc.c ****   * @retval None
 931:Drivers/STM32F3xx_HAL_Driver/Src/stm32f3xx_hal_rcc.c ****   */
 932:Drivers/STM32F3xx_HAL_Driver/Src/stm32f3xx_hal_rcc.c **** void HAL_RCC_DisableCSS(void)
 933:Drivers/STM32F3xx_HAL_Driver/Src/stm32f3xx_hal_rcc.c **** {
 2193              		.loc 1 933 1 is_stmt 1 view -0
ARM GAS  C:\Users\nakas\AppData\Local\Temp\ccIuqt5O.s 			page 79


 2194              		.cfi_startproc
 2195              		@ args = 0, pretend = 0, frame = 0
 2196              		@ frame_needed = 0, uses_anonymous_args = 0
 2197              		@ link register save eliminated.
 934:Drivers/STM32F3xx_HAL_Driver/Src/stm32f3xx_hal_rcc.c ****   *(__IO uint32_t *) RCC_CR_CSSON_BB = (uint32_t)DISABLE;
 2198              		.loc 1 934 3 view .LVU639
 2199              	.LVL163:
 2200              	.LBB257:
 2201              	.LBI257:
 981:Drivers/CMSIS/Include/cmsis_gcc.h **** {
 2202              		.loc 2 981 31 view .LVU640
 2203              	.LBB258:
 983:Drivers/CMSIS/Include/cmsis_gcc.h **** 
 2204              		.loc 2 983 3 view .LVU641
 988:Drivers/CMSIS/Include/cmsis_gcc.h **** #else
 2205              		.loc 2 988 4 view .LVU642
 2206 0000 4FF40023 		mov	r3, #524288
 2207              		.syntax unified
 2208              	@ 988 "Drivers/CMSIS/Include/cmsis_gcc.h" 1
 2209 0004 93FAA3F3 		rbit r3, r3
 2210              	@ 0 "" 2
 2211              	.LVL164:
 2212              		.loc 2 1001 3 view .LVU643
 2213              		.loc 2 1001 3 is_stmt 0 view .LVU644
 2214              		.thumb
 2215              		.syntax unified
 2216              	.LBE258:
 2217              	.LBE257:
 2218              		.loc 1 934 22 discriminator 2 view .LVU645
 2219 0008 B3FA83F3 		clz	r3, r3
 2220 000c 03F18453 		add	r3, r3, #276824064
 2221 0010 03F58413 		add	r3, r3, #1081344
 2222 0014 9B00     		lsls	r3, r3, #2
 2223              		.loc 1 934 38 discriminator 2 view .LVU646
 2224 0016 0022     		movs	r2, #0
 2225 0018 1A60     		str	r2, [r3]
 935:Drivers/STM32F3xx_HAL_Driver/Src/stm32f3xx_hal_rcc.c **** }
 2226              		.loc 1 935 1 view .LVU647
 2227 001a 7047     		bx	lr
 2228              		.cfi_endproc
 2229              	.LFE128:
 2231              		.section	.text.HAL_RCC_GetSysClockFreq,"ax",%progbits
 2232              		.align	1
 2233              		.global	HAL_RCC_GetSysClockFreq
 2234              		.syntax unified
 2235              		.thumb
 2236              		.thumb_func
 2238              	HAL_RCC_GetSysClockFreq:
 2239              	.LFB129:
 936:Drivers/STM32F3xx_HAL_Driver/Src/stm32f3xx_hal_rcc.c **** 
 937:Drivers/STM32F3xx_HAL_Driver/Src/stm32f3xx_hal_rcc.c **** /**
 938:Drivers/STM32F3xx_HAL_Driver/Src/stm32f3xx_hal_rcc.c ****   * @brief  Returns the SYSCLK frequency     
 939:Drivers/STM32F3xx_HAL_Driver/Src/stm32f3xx_hal_rcc.c ****   * @note   The system frequency computed by this function is not the real 
 940:Drivers/STM32F3xx_HAL_Driver/Src/stm32f3xx_hal_rcc.c ****   *         frequency in the chip. It is calculated based on the predefined 
 941:Drivers/STM32F3xx_HAL_Driver/Src/stm32f3xx_hal_rcc.c ****   *         constant and the selected clock source:
 942:Drivers/STM32F3xx_HAL_Driver/Src/stm32f3xx_hal_rcc.c ****   * @note     If SYSCLK source is HSI, function returns values based on HSI_VALUE(*)
 943:Drivers/STM32F3xx_HAL_Driver/Src/stm32f3xx_hal_rcc.c ****   * @note     If SYSCLK source is HSE, function returns a value based on HSE_VALUE
ARM GAS  C:\Users\nakas\AppData\Local\Temp\ccIuqt5O.s 			page 80


 944:Drivers/STM32F3xx_HAL_Driver/Src/stm32f3xx_hal_rcc.c ****   *           divided by PREDIV factor(**)
 945:Drivers/STM32F3xx_HAL_Driver/Src/stm32f3xx_hal_rcc.c ****   * @note     If SYSCLK source is PLL, function returns a value based on HSE_VALUE
 946:Drivers/STM32F3xx_HAL_Driver/Src/stm32f3xx_hal_rcc.c ****   *           divided by PREDIV factor(**) or HSI_VALUE(*) multiplied by the PLL factor.
 947:Drivers/STM32F3xx_HAL_Driver/Src/stm32f3xx_hal_rcc.c ****   * @note     (*) HSI_VALUE is a constant defined in stm32f3xx_hal_conf.h file (default value
 948:Drivers/STM32F3xx_HAL_Driver/Src/stm32f3xx_hal_rcc.c ****   *               8 MHz) but the real value may vary depending on the variations
 949:Drivers/STM32F3xx_HAL_Driver/Src/stm32f3xx_hal_rcc.c ****   *               in voltage and temperature.
 950:Drivers/STM32F3xx_HAL_Driver/Src/stm32f3xx_hal_rcc.c ****   * @note     (**) HSE_VALUE is a constant defined in stm32f3xx_hal_conf.h file (default value
 951:Drivers/STM32F3xx_HAL_Driver/Src/stm32f3xx_hal_rcc.c ****   *                8 MHz), user has to ensure that HSE_VALUE is same as the real
 952:Drivers/STM32F3xx_HAL_Driver/Src/stm32f3xx_hal_rcc.c ****   *                frequency of the crystal used. Otherwise, this function may
 953:Drivers/STM32F3xx_HAL_Driver/Src/stm32f3xx_hal_rcc.c ****   *                have wrong result.
 954:Drivers/STM32F3xx_HAL_Driver/Src/stm32f3xx_hal_rcc.c ****   *                  
 955:Drivers/STM32F3xx_HAL_Driver/Src/stm32f3xx_hal_rcc.c ****   * @note   The result of this function could be not correct when using fractional
 956:Drivers/STM32F3xx_HAL_Driver/Src/stm32f3xx_hal_rcc.c ****   *         value for HSE crystal.
 957:Drivers/STM32F3xx_HAL_Driver/Src/stm32f3xx_hal_rcc.c ****   *           
 958:Drivers/STM32F3xx_HAL_Driver/Src/stm32f3xx_hal_rcc.c ****   * @note   This function can be used by the user application to compute the 
 959:Drivers/STM32F3xx_HAL_Driver/Src/stm32f3xx_hal_rcc.c ****   *         baud-rate for the communication peripherals or configure other parameters.
 960:Drivers/STM32F3xx_HAL_Driver/Src/stm32f3xx_hal_rcc.c ****   *           
 961:Drivers/STM32F3xx_HAL_Driver/Src/stm32f3xx_hal_rcc.c ****   * @note   Each time SYSCLK changes, this function must be called to update the
 962:Drivers/STM32F3xx_HAL_Driver/Src/stm32f3xx_hal_rcc.c ****   *         right SYSCLK value. Otherwise, any configuration based on this function will be incorre
 963:Drivers/STM32F3xx_HAL_Driver/Src/stm32f3xx_hal_rcc.c ****   *         
 964:Drivers/STM32F3xx_HAL_Driver/Src/stm32f3xx_hal_rcc.c ****   * @retval SYSCLK frequency
 965:Drivers/STM32F3xx_HAL_Driver/Src/stm32f3xx_hal_rcc.c ****   */
 966:Drivers/STM32F3xx_HAL_Driver/Src/stm32f3xx_hal_rcc.c **** uint32_t HAL_RCC_GetSysClockFreq(void)
 967:Drivers/STM32F3xx_HAL_Driver/Src/stm32f3xx_hal_rcc.c **** {
 2240              		.loc 1 967 1 is_stmt 1 view -0
 2241              		.cfi_startproc
 2242              		@ args = 0, pretend = 0, frame = 0
 2243              		@ frame_needed = 0, uses_anonymous_args = 0
 2244              		@ link register save eliminated.
 968:Drivers/STM32F3xx_HAL_Driver/Src/stm32f3xx_hal_rcc.c ****   uint32_t tmpreg = 0U, prediv = 0U, pllclk = 0U, pllmul = 0U;
 2245              		.loc 1 968 3 view .LVU649
 2246              	.LVL165:
 969:Drivers/STM32F3xx_HAL_Driver/Src/stm32f3xx_hal_rcc.c ****   uint32_t sysclockfreq = 0U;
 2247              		.loc 1 969 3 view .LVU650
 970:Drivers/STM32F3xx_HAL_Driver/Src/stm32f3xx_hal_rcc.c ****   
 971:Drivers/STM32F3xx_HAL_Driver/Src/stm32f3xx_hal_rcc.c ****   tmpreg = RCC->CFGR;
 2248              		.loc 1 971 3 view .LVU651
 2249              		.loc 1 971 10 is_stmt 0 view .LVU652
 2250 0000 0F4B     		ldr	r3, .L149
 2251 0002 5B68     		ldr	r3, [r3, #4]
 2252              	.LVL166:
 972:Drivers/STM32F3xx_HAL_Driver/Src/stm32f3xx_hal_rcc.c ****   
 973:Drivers/STM32F3xx_HAL_Driver/Src/stm32f3xx_hal_rcc.c ****   /* Get SYSCLK source -------------------------------------------------------*/
 974:Drivers/STM32F3xx_HAL_Driver/Src/stm32f3xx_hal_rcc.c ****   switch (tmpreg & RCC_CFGR_SWS)
 2253              		.loc 1 974 3 is_stmt 1 view .LVU653
 2254              		.loc 1 974 18 is_stmt 0 view .LVU654
 2255 0004 03F00C02 		and	r2, r3, #12
 2256              		.loc 1 974 3 view .LVU655
 2257 0008 082A     		cmp	r2, #8
 2258 000a 01D0     		beq	.L148
 975:Drivers/STM32F3xx_HAL_Driver/Src/stm32f3xx_hal_rcc.c ****   {
 976:Drivers/STM32F3xx_HAL_Driver/Src/stm32f3xx_hal_rcc.c ****     case RCC_SYSCLKSOURCE_STATUS_HSE:  /* HSE used as system clock */
 977:Drivers/STM32F3xx_HAL_Driver/Src/stm32f3xx_hal_rcc.c ****     {
 978:Drivers/STM32F3xx_HAL_Driver/Src/stm32f3xx_hal_rcc.c ****       sysclockfreq = HSE_VALUE;
 2259              		.loc 1 978 20 view .LVU656
 2260 000c 0D48     		ldr	r0, .L149+4
 2261              	.LVL167:
ARM GAS  C:\Users\nakas\AppData\Local\Temp\ccIuqt5O.s 			page 81


 979:Drivers/STM32F3xx_HAL_Driver/Src/stm32f3xx_hal_rcc.c ****       break;
 980:Drivers/STM32F3xx_HAL_Driver/Src/stm32f3xx_hal_rcc.c ****     }
 981:Drivers/STM32F3xx_HAL_Driver/Src/stm32f3xx_hal_rcc.c ****     case RCC_SYSCLKSOURCE_STATUS_PLLCLK:  /* PLL used as system clock */
 982:Drivers/STM32F3xx_HAL_Driver/Src/stm32f3xx_hal_rcc.c ****     {
 983:Drivers/STM32F3xx_HAL_Driver/Src/stm32f3xx_hal_rcc.c ****       pllmul = aPLLMULFactorTable[(uint32_t)(tmpreg & RCC_CFGR_PLLMUL) >> RCC_CFGR_PLLMUL_Pos];
 984:Drivers/STM32F3xx_HAL_Driver/Src/stm32f3xx_hal_rcc.c ****       prediv = aPredivFactorTable[(uint32_t)(RCC->CFGR2 & RCC_CFGR2_PREDIV) >> RCC_CFGR2_PREDIV_Pos
 985:Drivers/STM32F3xx_HAL_Driver/Src/stm32f3xx_hal_rcc.c **** #if defined(RCC_CFGR_PLLSRC_HSI_DIV2)
 986:Drivers/STM32F3xx_HAL_Driver/Src/stm32f3xx_hal_rcc.c ****       if ((tmpreg & RCC_CFGR_PLLSRC) != RCC_PLLSOURCE_HSI)
 987:Drivers/STM32F3xx_HAL_Driver/Src/stm32f3xx_hal_rcc.c ****       {
 988:Drivers/STM32F3xx_HAL_Driver/Src/stm32f3xx_hal_rcc.c ****         /* HSE used as PLL clock source : PLLCLK = HSE/PREDIV * PLLMUL */
 989:Drivers/STM32F3xx_HAL_Driver/Src/stm32f3xx_hal_rcc.c ****         pllclk = (uint32_t)((uint64_t) HSE_VALUE / (uint64_t) (prediv)) * ((uint64_t) pllmul);
 990:Drivers/STM32F3xx_HAL_Driver/Src/stm32f3xx_hal_rcc.c ****       }
 991:Drivers/STM32F3xx_HAL_Driver/Src/stm32f3xx_hal_rcc.c ****       else
 992:Drivers/STM32F3xx_HAL_Driver/Src/stm32f3xx_hal_rcc.c ****       {
 993:Drivers/STM32F3xx_HAL_Driver/Src/stm32f3xx_hal_rcc.c ****         /* HSI used as PLL clock source : PLLCLK = HSI/2 * PLLMUL */
 994:Drivers/STM32F3xx_HAL_Driver/Src/stm32f3xx_hal_rcc.c ****         pllclk = (uint32_t)((uint64_t) (HSI_VALUE >> 1U) * ((uint64_t) pllmul));
 995:Drivers/STM32F3xx_HAL_Driver/Src/stm32f3xx_hal_rcc.c ****       }
 996:Drivers/STM32F3xx_HAL_Driver/Src/stm32f3xx_hal_rcc.c **** #else
 997:Drivers/STM32F3xx_HAL_Driver/Src/stm32f3xx_hal_rcc.c ****       if ((tmpreg & RCC_CFGR_PLLSRC_HSE_PREDIV) == RCC_CFGR_PLLSRC_HSE_PREDIV)
 998:Drivers/STM32F3xx_HAL_Driver/Src/stm32f3xx_hal_rcc.c ****       {
 999:Drivers/STM32F3xx_HAL_Driver/Src/stm32f3xx_hal_rcc.c ****         /* HSE used as PLL clock source : PLLCLK = HSE/PREDIV * PLLMUL */
1000:Drivers/STM32F3xx_HAL_Driver/Src/stm32f3xx_hal_rcc.c ****         pllclk = (uint32_t)((uint64_t) HSE_VALUE / (uint64_t) (prediv)) * ((uint64_t) pllmul);
1001:Drivers/STM32F3xx_HAL_Driver/Src/stm32f3xx_hal_rcc.c ****       }
1002:Drivers/STM32F3xx_HAL_Driver/Src/stm32f3xx_hal_rcc.c ****       else
1003:Drivers/STM32F3xx_HAL_Driver/Src/stm32f3xx_hal_rcc.c ****       {
1004:Drivers/STM32F3xx_HAL_Driver/Src/stm32f3xx_hal_rcc.c ****         /* HSI used as PLL clock source : PLLCLK = HSI/PREDIV * PLLMUL */
1005:Drivers/STM32F3xx_HAL_Driver/Src/stm32f3xx_hal_rcc.c ****         pllclk = (uint32_t)((uint64_t) HSI_VALUE / (uint64_t) (prediv)) * ((uint64_t) pllmul);
1006:Drivers/STM32F3xx_HAL_Driver/Src/stm32f3xx_hal_rcc.c ****       }
1007:Drivers/STM32F3xx_HAL_Driver/Src/stm32f3xx_hal_rcc.c **** #endif /* RCC_CFGR_PLLSRC_HSI_DIV2 */
1008:Drivers/STM32F3xx_HAL_Driver/Src/stm32f3xx_hal_rcc.c ****       sysclockfreq = pllclk;
1009:Drivers/STM32F3xx_HAL_Driver/Src/stm32f3xx_hal_rcc.c ****       break;
1010:Drivers/STM32F3xx_HAL_Driver/Src/stm32f3xx_hal_rcc.c ****     }
1011:Drivers/STM32F3xx_HAL_Driver/Src/stm32f3xx_hal_rcc.c ****     case RCC_SYSCLKSOURCE_STATUS_HSI:  /* HSI used as system clock source */
1012:Drivers/STM32F3xx_HAL_Driver/Src/stm32f3xx_hal_rcc.c ****     default: /* HSI used as system clock */
1013:Drivers/STM32F3xx_HAL_Driver/Src/stm32f3xx_hal_rcc.c ****     {
1014:Drivers/STM32F3xx_HAL_Driver/Src/stm32f3xx_hal_rcc.c ****       sysclockfreq = HSI_VALUE;
1015:Drivers/STM32F3xx_HAL_Driver/Src/stm32f3xx_hal_rcc.c ****       break;
1016:Drivers/STM32F3xx_HAL_Driver/Src/stm32f3xx_hal_rcc.c ****     }
1017:Drivers/STM32F3xx_HAL_Driver/Src/stm32f3xx_hal_rcc.c ****   }
1018:Drivers/STM32F3xx_HAL_Driver/Src/stm32f3xx_hal_rcc.c ****   return sysclockfreq;
 2262              		.loc 1 1018 3 is_stmt 1 view .LVU657
1019:Drivers/STM32F3xx_HAL_Driver/Src/stm32f3xx_hal_rcc.c **** }
 2263              		.loc 1 1019 1 is_stmt 0 view .LVU658
 2264 000e 7047     		bx	lr
 2265              	.LVL168:
 2266              	.L148:
 983:Drivers/STM32F3xx_HAL_Driver/Src/stm32f3xx_hal_rcc.c ****       prediv = aPredivFactorTable[(uint32_t)(RCC->CFGR2 & RCC_CFGR2_PREDIV) >> RCC_CFGR2_PREDIV_Pos
 2267              		.loc 1 983 7 is_stmt 1 view .LVU659
 983:Drivers/STM32F3xx_HAL_Driver/Src/stm32f3xx_hal_rcc.c ****       prediv = aPredivFactorTable[(uint32_t)(RCC->CFGR2 & RCC_CFGR2_PREDIV) >> RCC_CFGR2_PREDIV_Pos
 2268              		.loc 1 983 72 is_stmt 0 view .LVU660
 2269 0010 C3F38342 		ubfx	r2, r3, #18, #4
 983:Drivers/STM32F3xx_HAL_Driver/Src/stm32f3xx_hal_rcc.c ****       prediv = aPredivFactorTable[(uint32_t)(RCC->CFGR2 & RCC_CFGR2_PREDIV) >> RCC_CFGR2_PREDIV_Pos
 2270              		.loc 1 983 34 view .LVU661
 2271 0014 0C49     		ldr	r1, .L149+8
 2272 0016 885C     		ldrb	r0, [r1, r2]	@ zero_extendqisi2
 2273              	.LVL169:
 984:Drivers/STM32F3xx_HAL_Driver/Src/stm32f3xx_hal_rcc.c **** #if defined(RCC_CFGR_PLLSRC_HSI_DIV2)
ARM GAS  C:\Users\nakas\AppData\Local\Temp\ccIuqt5O.s 			page 82


 2274              		.loc 1 984 7 is_stmt 1 view .LVU662
 984:Drivers/STM32F3xx_HAL_Driver/Src/stm32f3xx_hal_rcc.c **** #if defined(RCC_CFGR_PLLSRC_HSI_DIV2)
 2275              		.loc 1 984 49 is_stmt 0 view .LVU663
 2276 0018 094A     		ldr	r2, .L149
 2277 001a D26A     		ldr	r2, [r2, #44]
 984:Drivers/STM32F3xx_HAL_Driver/Src/stm32f3xx_hal_rcc.c **** #if defined(RCC_CFGR_PLLSRC_HSI_DIV2)
 2278              		.loc 1 984 77 view .LVU664
 2279 001c 02F00F02 		and	r2, r2, #15
 984:Drivers/STM32F3xx_HAL_Driver/Src/stm32f3xx_hal_rcc.c **** #if defined(RCC_CFGR_PLLSRC_HSI_DIV2)
 2280              		.loc 1 984 34 view .LVU665
 2281 0020 0A49     		ldr	r1, .L149+12
 2282 0022 8A5C     		ldrb	r2, [r1, r2]	@ zero_extendqisi2
 2283              	.LVL170:
 986:Drivers/STM32F3xx_HAL_Driver/Src/stm32f3xx_hal_rcc.c ****       {
 2284              		.loc 1 986 7 is_stmt 1 view .LVU666
 986:Drivers/STM32F3xx_HAL_Driver/Src/stm32f3xx_hal_rcc.c ****       {
 2285              		.loc 1 986 10 is_stmt 0 view .LVU667
 2286 0024 13F4803F 		tst	r3, #65536
 2287 0028 05D0     		beq	.L146
 989:Drivers/STM32F3xx_HAL_Driver/Src/stm32f3xx_hal_rcc.c ****       }
 2288              		.loc 1 989 9 is_stmt 1 view .LVU668
 989:Drivers/STM32F3xx_HAL_Driver/Src/stm32f3xx_hal_rcc.c ****       }
 2289              		.loc 1 989 18 is_stmt 0 view .LVU669
 2290 002a 064B     		ldr	r3, .L149+4
 2291              	.LVL171:
 989:Drivers/STM32F3xx_HAL_Driver/Src/stm32f3xx_hal_rcc.c ****       }
 2292              		.loc 1 989 18 view .LVU670
 2293 002c B3FBF2F3 		udiv	r3, r3, r2
 989:Drivers/STM32F3xx_HAL_Driver/Src/stm32f3xx_hal_rcc.c ****       }
 2294              		.loc 1 989 16 view .LVU671
 2295 0030 03FB00F0 		mul	r0, r3, r0
 2296              	.LVL172:
 989:Drivers/STM32F3xx_HAL_Driver/Src/stm32f3xx_hal_rcc.c ****       }
 2297              		.loc 1 989 16 view .LVU672
 2298 0034 7047     		bx	lr
 2299              	.LVL173:
 2300              	.L146:
 994:Drivers/STM32F3xx_HAL_Driver/Src/stm32f3xx_hal_rcc.c ****       }
 2301              		.loc 1 994 9 is_stmt 1 view .LVU673
 994:Drivers/STM32F3xx_HAL_Driver/Src/stm32f3xx_hal_rcc.c ****       }
 2302              		.loc 1 994 16 is_stmt 0 view .LVU674
 2303 0036 064B     		ldr	r3, .L149+16
 2304              	.LVL174:
 994:Drivers/STM32F3xx_HAL_Driver/Src/stm32f3xx_hal_rcc.c ****       }
 2305              		.loc 1 994 16 view .LVU675
 2306 0038 03FB00F0 		mul	r0, r3, r0
 2307              	.LVL175:
 994:Drivers/STM32F3xx_HAL_Driver/Src/stm32f3xx_hal_rcc.c ****       }
 2308              		.loc 1 994 16 view .LVU676
 2309 003c 7047     		bx	lr
 2310              	.L150:
 2311 003e 00BF     		.align	2
 2312              	.L149:
 2313 0040 00100240 		.word	1073876992
 2314 0044 00127A00 		.word	8000000
 2315 0048 00000000 		.word	aPLLMULFactorTable
 2316 004c 00000000 		.word	aPredivFactorTable
ARM GAS  C:\Users\nakas\AppData\Local\Temp\ccIuqt5O.s 			page 83


 2317 0050 00093D00 		.word	4000000
 2318              		.cfi_endproc
 2319              	.LFE129:
 2321              		.section	.text.HAL_RCC_ClockConfig,"ax",%progbits
 2322              		.align	1
 2323              		.global	HAL_RCC_ClockConfig
 2324              		.syntax unified
 2325              		.thumb
 2326              		.thumb_func
 2328              	HAL_RCC_ClockConfig:
 2329              	.LVL176:
 2330              	.LFB125:
 695:Drivers/STM32F3xx_HAL_Driver/Src/stm32f3xx_hal_rcc.c ****   uint32_t tickstart = 0U;
 2331              		.loc 1 695 1 is_stmt 1 view -0
 2332              		.cfi_startproc
 2333              		@ args = 0, pretend = 0, frame = 0
 2334              		@ frame_needed = 0, uses_anonymous_args = 0
 696:Drivers/STM32F3xx_HAL_Driver/Src/stm32f3xx_hal_rcc.c **** 
 2335              		.loc 1 696 3 view .LVU678
 699:Drivers/STM32F3xx_HAL_Driver/Src/stm32f3xx_hal_rcc.c ****   {
 2336              		.loc 1 699 3 view .LVU679
 699:Drivers/STM32F3xx_HAL_Driver/Src/stm32f3xx_hal_rcc.c ****   {
 2337              		.loc 1 699 5 is_stmt 0 view .LVU680
 2338 0000 0028     		cmp	r0, #0
 2339 0002 00F0BE80 		beq	.L170
 695:Drivers/STM32F3xx_HAL_Driver/Src/stm32f3xx_hal_rcc.c ****   uint32_t tickstart = 0U;
 2340              		.loc 1 695 1 view .LVU681
 2341 0006 70B5     		push	{r4, r5, r6, lr}
 2342              	.LCFI10:
 2343              		.cfi_def_cfa_offset 16
 2344              		.cfi_offset 4, -16
 2345              		.cfi_offset 5, -12
 2346              		.cfi_offset 6, -8
 2347              		.cfi_offset 14, -4
 2348 0008 0D46     		mov	r5, r1
 2349 000a 0446     		mov	r4, r0
 705:Drivers/STM32F3xx_HAL_Driver/Src/stm32f3xx_hal_rcc.c ****   assert_param(IS_FLASH_LATENCY(FLatency));
 2350              		.loc 1 705 3 is_stmt 1 view .LVU682
 706:Drivers/STM32F3xx_HAL_Driver/Src/stm32f3xx_hal_rcc.c **** 
 2351              		.loc 1 706 3 view .LVU683
 713:Drivers/STM32F3xx_HAL_Driver/Src/stm32f3xx_hal_rcc.c ****   {    
 2352              		.loc 1 713 3 view .LVU684
 713:Drivers/STM32F3xx_HAL_Driver/Src/stm32f3xx_hal_rcc.c ****   {    
 2353              		.loc 1 713 17 is_stmt 0 view .LVU685
 2354 000c 614B     		ldr	r3, .L183
 2355 000e 1B68     		ldr	r3, [r3]
 2356 0010 03F00703 		and	r3, r3, #7
 713:Drivers/STM32F3xx_HAL_Driver/Src/stm32f3xx_hal_rcc.c ****   {    
 2357              		.loc 1 713 5 view .LVU686
 2358 0014 8B42     		cmp	r3, r1
 2359 0016 0BD2     		bcs	.L153
 716:Drivers/STM32F3xx_HAL_Driver/Src/stm32f3xx_hal_rcc.c ****     
 2360              		.loc 1 716 5 is_stmt 1 view .LVU687
 2361 0018 5E4A     		ldr	r2, .L183
 2362 001a 1368     		ldr	r3, [r2]
 2363 001c 23F00703 		bic	r3, r3, #7
 2364 0020 0B43     		orrs	r3, r3, r1
ARM GAS  C:\Users\nakas\AppData\Local\Temp\ccIuqt5O.s 			page 84


 2365 0022 1360     		str	r3, [r2]
 720:Drivers/STM32F3xx_HAL_Driver/Src/stm32f3xx_hal_rcc.c ****     {
 2366              		.loc 1 720 5 view .LVU688
 720:Drivers/STM32F3xx_HAL_Driver/Src/stm32f3xx_hal_rcc.c ****     {
 2367              		.loc 1 720 8 is_stmt 0 view .LVU689
 2368 0024 1368     		ldr	r3, [r2]
 2369 0026 03F00703 		and	r3, r3, #7
 720:Drivers/STM32F3xx_HAL_Driver/Src/stm32f3xx_hal_rcc.c ****     {
 2370              		.loc 1 720 7 view .LVU690
 2371 002a 8B42     		cmp	r3, r1
 2372 002c 40F0AB80 		bne	.L171
 2373              	.L153:
 727:Drivers/STM32F3xx_HAL_Driver/Src/stm32f3xx_hal_rcc.c ****   {
 2374              		.loc 1 727 3 is_stmt 1 view .LVU691
 727:Drivers/STM32F3xx_HAL_Driver/Src/stm32f3xx_hal_rcc.c ****   {
 2375              		.loc 1 727 25 is_stmt 0 view .LVU692
 2376 0030 2368     		ldr	r3, [r4]
 727:Drivers/STM32F3xx_HAL_Driver/Src/stm32f3xx_hal_rcc.c ****   {
 2377              		.loc 1 727 5 view .LVU693
 2378 0032 13F0020F 		tst	r3, #2
 2379 0036 06D0     		beq	.L154
 729:Drivers/STM32F3xx_HAL_Driver/Src/stm32f3xx_hal_rcc.c ****     MODIFY_REG(RCC->CFGR, RCC_CFGR_HPRE, RCC_ClkInitStruct->AHBCLKDivider);
 2380              		.loc 1 729 5 is_stmt 1 view .LVU694
 730:Drivers/STM32F3xx_HAL_Driver/Src/stm32f3xx_hal_rcc.c ****   }
 2381              		.loc 1 730 5 view .LVU695
 2382 0038 574A     		ldr	r2, .L183+4
 2383 003a 5368     		ldr	r3, [r2, #4]
 2384 003c 23F0F003 		bic	r3, r3, #240
 2385 0040 A168     		ldr	r1, [r4, #8]
 2386              	.LVL177:
 730:Drivers/STM32F3xx_HAL_Driver/Src/stm32f3xx_hal_rcc.c ****   }
 2387              		.loc 1 730 5 is_stmt 0 view .LVU696
 2388 0042 0B43     		orrs	r3, r3, r1
 2389 0044 5360     		str	r3, [r2, #4]
 2390              	.L154:
 734:Drivers/STM32F3xx_HAL_Driver/Src/stm32f3xx_hal_rcc.c ****   {    
 2391              		.loc 1 734 3 is_stmt 1 view .LVU697
 734:Drivers/STM32F3xx_HAL_Driver/Src/stm32f3xx_hal_rcc.c ****   {    
 2392              		.loc 1 734 25 is_stmt 0 view .LVU698
 2393 0046 2368     		ldr	r3, [r4]
 734:Drivers/STM32F3xx_HAL_Driver/Src/stm32f3xx_hal_rcc.c ****   {    
 2394              		.loc 1 734 5 view .LVU699
 2395 0048 13F0010F 		tst	r3, #1
 2396 004c 5AD0     		beq	.L155
 736:Drivers/STM32F3xx_HAL_Driver/Src/stm32f3xx_hal_rcc.c ****     
 2397              		.loc 1 736 5 is_stmt 1 view .LVU700
 739:Drivers/STM32F3xx_HAL_Driver/Src/stm32f3xx_hal_rcc.c ****     {
 2398              		.loc 1 739 5 view .LVU701
 739:Drivers/STM32F3xx_HAL_Driver/Src/stm32f3xx_hal_rcc.c ****     {
 2399              		.loc 1 739 25 is_stmt 0 view .LVU702
 2400 004e 6368     		ldr	r3, [r4, #4]
 739:Drivers/STM32F3xx_HAL_Driver/Src/stm32f3xx_hal_rcc.c ****     {
 2401              		.loc 1 739 7 view .LVU703
 2402 0050 012B     		cmp	r3, #1
 2403 0052 2DD0     		beq	.L181
 748:Drivers/STM32F3xx_HAL_Driver/Src/stm32f3xx_hal_rcc.c ****     {
 2404              		.loc 1 748 10 is_stmt 1 view .LVU704
ARM GAS  C:\Users\nakas\AppData\Local\Temp\ccIuqt5O.s 			page 85


 748:Drivers/STM32F3xx_HAL_Driver/Src/stm32f3xx_hal_rcc.c ****     {
 2405              		.loc 1 748 12 is_stmt 0 view .LVU705
 2406 0054 022B     		cmp	r3, #2
 2407 0056 40D0     		beq	.L182
 760:Drivers/STM32F3xx_HAL_Driver/Src/stm32f3xx_hal_rcc.c ****       {
 2408              		.loc 1 760 7 is_stmt 1 view .LVU706
 2409              	.LVL178:
 2410              	.LBB259:
 2411              	.LBI259:
 981:Drivers/CMSIS/Include/cmsis_gcc.h **** {
 2412              		.loc 2 981 31 view .LVU707
 2413              	.LBB260:
 983:Drivers/CMSIS/Include/cmsis_gcc.h **** 
 2414              		.loc 2 983 3 view .LVU708
 988:Drivers/CMSIS/Include/cmsis_gcc.h **** #else
 2415              		.loc 2 988 4 view .LVU709
 2416 0058 0222     		movs	r2, #2
 2417              		.syntax unified
 2418              	@ 988 "Drivers/CMSIS/Include/cmsis_gcc.h" 1
 2419 005a 92FAA2F2 		rbit r2, r2
 2420              	@ 0 "" 2
 2421              		.loc 2 1001 3 view .LVU710
 2422              	.LVL179:
 2423              		.loc 2 1001 3 is_stmt 0 view .LVU711
 2424              		.thumb
 2425              		.syntax unified
 2426              	.LBE260:
 2427              	.LBE259:
 760:Drivers/STM32F3xx_HAL_Driver/Src/stm32f3xx_hal_rcc.c ****       {
 2428              		.loc 1 760 10 discriminator 1 view .LVU712
 2429 005e 4E4A     		ldr	r2, .L183+4
 2430 0060 1068     		ldr	r0, [r2]
 2431              	.LVL180:
 2432              	.LBB261:
 2433              	.LBI261:
 981:Drivers/CMSIS/Include/cmsis_gcc.h **** {
 2434              		.loc 2 981 31 is_stmt 1 view .LVU713
 2435              	.LBB262:
 983:Drivers/CMSIS/Include/cmsis_gcc.h **** 
 2436              		.loc 2 983 3 view .LVU714
 988:Drivers/CMSIS/Include/cmsis_gcc.h **** #else
 2437              		.loc 2 988 4 view .LVU715
 2438 0062 0222     		movs	r2, #2
 2439              		.syntax unified
 2440              	@ 988 "Drivers/CMSIS/Include/cmsis_gcc.h" 1
 2441 0064 92FAA2F2 		rbit r2, r2
 2442              	@ 0 "" 2
 2443              	.LVL181:
 2444              		.loc 2 1001 3 view .LVU716
 2445              		.loc 2 1001 3 is_stmt 0 view .LVU717
 2446              		.thumb
 2447              		.syntax unified
 2448              	.LBE262:
 2449              	.LBE261:
 760:Drivers/STM32F3xx_HAL_Driver/Src/stm32f3xx_hal_rcc.c ****       {
 2450              		.loc 1 760 10 discriminator 2 view .LVU718
 2451 0068 B2FA82F2 		clz	r2, r2
ARM GAS  C:\Users\nakas\AppData\Local\Temp\ccIuqt5O.s 			page 86


 2452 006c 02F01F02 		and	r2, r2, #31
 2453 0070 0121     		movs	r1, #1
 2454 0072 01FA02F2 		lsl	r2, r1, r2
 760:Drivers/STM32F3xx_HAL_Driver/Src/stm32f3xx_hal_rcc.c ****       {
 2455              		.loc 1 760 9 discriminator 2 view .LVU719
 2456 0076 1042     		tst	r0, r2
 2457 0078 00F08780 		beq	.L174
 2458              	.L159:
 766:Drivers/STM32F3xx_HAL_Driver/Src/stm32f3xx_hal_rcc.c **** 
 2459              		.loc 1 766 5 is_stmt 1 view .LVU720
 2460 007c 4649     		ldr	r1, .L183+4
 2461 007e 4A68     		ldr	r2, [r1, #4]
 2462 0080 22F00302 		bic	r2, r2, #3
 2463 0084 1343     		orrs	r3, r3, r2
 2464 0086 4B60     		str	r3, [r1, #4]
 769:Drivers/STM32F3xx_HAL_Driver/Src/stm32f3xx_hal_rcc.c ****     
 2465              		.loc 1 769 5 view .LVU721
 769:Drivers/STM32F3xx_HAL_Driver/Src/stm32f3xx_hal_rcc.c ****     
 2466              		.loc 1 769 17 is_stmt 0 view .LVU722
 2467 0088 FFF7FEFF 		bl	HAL_GetTick
 2468              	.LVL182:
 2469 008c 0646     		mov	r6, r0
 2470              	.LVL183:
 771:Drivers/STM32F3xx_HAL_Driver/Src/stm32f3xx_hal_rcc.c ****     {
 2471              		.loc 1 771 5 is_stmt 1 view .LVU723
 2472              	.L165:
 771:Drivers/STM32F3xx_HAL_Driver/Src/stm32f3xx_hal_rcc.c ****     {
 2473              		.loc 1 771 42 view .LVU724
 771:Drivers/STM32F3xx_HAL_Driver/Src/stm32f3xx_hal_rcc.c ****     {
 2474              		.loc 1 771 12 is_stmt 0 view .LVU725
 2475 008e 424B     		ldr	r3, .L183+4
 2476 0090 5B68     		ldr	r3, [r3, #4]
 2477 0092 03F00C03 		and	r3, r3, #12
 771:Drivers/STM32F3xx_HAL_Driver/Src/stm32f3xx_hal_rcc.c ****     {
 2478              		.loc 1 771 63 view .LVU726
 2479 0096 6268     		ldr	r2, [r4, #4]
 771:Drivers/STM32F3xx_HAL_Driver/Src/stm32f3xx_hal_rcc.c ****     {
 2480              		.loc 1 771 42 view .LVU727
 2481 0098 B3EB820F 		cmp	r3, r2, lsl #2
 2482 009c 32D0     		beq	.L155
 773:Drivers/STM32F3xx_HAL_Driver/Src/stm32f3xx_hal_rcc.c ****       {
 2483              		.loc 1 773 7 is_stmt 1 view .LVU728
 773:Drivers/STM32F3xx_HAL_Driver/Src/stm32f3xx_hal_rcc.c ****       {
 2484              		.loc 1 773 12 is_stmt 0 view .LVU729
 2485 009e FFF7FEFF 		bl	HAL_GetTick
 2486              	.LVL184:
 773:Drivers/STM32F3xx_HAL_Driver/Src/stm32f3xx_hal_rcc.c ****       {
 2487              		.loc 1 773 26 discriminator 1 view .LVU730
 2488 00a2 801B     		subs	r0, r0, r6
 773:Drivers/STM32F3xx_HAL_Driver/Src/stm32f3xx_hal_rcc.c ****       {
 2489              		.loc 1 773 10 discriminator 1 view .LVU731
 2490 00a4 41F28833 		movw	r3, #5000
 2491 00a8 9842     		cmp	r0, r3
 2492 00aa F0D9     		bls	.L165
 775:Drivers/STM32F3xx_HAL_Driver/Src/stm32f3xx_hal_rcc.c ****       }
 2493              		.loc 1 775 16 view .LVU732
 2494 00ac 0320     		movs	r0, #3
ARM GAS  C:\Users\nakas\AppData\Local\Temp\ccIuqt5O.s 			page 87


 2495 00ae 67E0     		b	.L152
 2496              	.LVL185:
 2497              	.L181:
 742:Drivers/STM32F3xx_HAL_Driver/Src/stm32f3xx_hal_rcc.c ****       {
 2498              		.loc 1 742 7 is_stmt 1 view .LVU733
 2499              	.LBB263:
 2500              	.LBI263:
 981:Drivers/CMSIS/Include/cmsis_gcc.h **** {
 2501              		.loc 2 981 31 view .LVU734
 2502              	.LBB264:
 983:Drivers/CMSIS/Include/cmsis_gcc.h **** 
 2503              		.loc 2 983 3 view .LVU735
 988:Drivers/CMSIS/Include/cmsis_gcc.h **** #else
 2504              		.loc 2 988 4 view .LVU736
 2505 00b0 4FF40032 		mov	r2, #131072
 2506              		.syntax unified
 2507              	@ 988 "Drivers/CMSIS/Include/cmsis_gcc.h" 1
 2508 00b4 92FAA2F2 		rbit r2, r2
 2509              	@ 0 "" 2
 2510              		.loc 2 1001 3 view .LVU737
 2511              	.LVL186:
 2512              		.loc 2 1001 3 is_stmt 0 view .LVU738
 2513              		.thumb
 2514              		.syntax unified
 2515              	.LBE264:
 2516              	.LBE263:
 742:Drivers/STM32F3xx_HAL_Driver/Src/stm32f3xx_hal_rcc.c ****       {
 2517              		.loc 1 742 10 discriminator 1 view .LVU739
 2518 00b8 374A     		ldr	r2, .L183+4
 2519 00ba 1068     		ldr	r0, [r2]
 2520              	.LVL187:
 2521              	.LBB265:
 2522              	.LBI265:
 981:Drivers/CMSIS/Include/cmsis_gcc.h **** {
 2523              		.loc 2 981 31 is_stmt 1 view .LVU740
 2524              	.LBB266:
 983:Drivers/CMSIS/Include/cmsis_gcc.h **** 
 2525              		.loc 2 983 3 view .LVU741
 988:Drivers/CMSIS/Include/cmsis_gcc.h **** #else
 2526              		.loc 2 988 4 view .LVU742
 2527 00bc 4FF40032 		mov	r2, #131072
 2528              		.syntax unified
 2529              	@ 988 "Drivers/CMSIS/Include/cmsis_gcc.h" 1
 2530 00c0 92FAA2F2 		rbit r2, r2
 2531              	@ 0 "" 2
 2532              	.LVL188:
 2533              		.loc 2 1001 3 view .LVU743
 2534              		.loc 2 1001 3 is_stmt 0 view .LVU744
 2535              		.thumb
 2536              		.syntax unified
 2537              	.LBE266:
 2538              	.LBE265:
 742:Drivers/STM32F3xx_HAL_Driver/Src/stm32f3xx_hal_rcc.c ****       {
 2539              		.loc 1 742 10 discriminator 2 view .LVU745
 2540 00c4 B2FA82F2 		clz	r2, r2
 2541 00c8 02F01F02 		and	r2, r2, #31
 2542 00cc 0121     		movs	r1, #1
ARM GAS  C:\Users\nakas\AppData\Local\Temp\ccIuqt5O.s 			page 88


 2543 00ce 01FA02F2 		lsl	r2, r1, r2
 742:Drivers/STM32F3xx_HAL_Driver/Src/stm32f3xx_hal_rcc.c ****       {
 2544              		.loc 1 742 9 discriminator 2 view .LVU746
 2545 00d2 0242     		tst	r2, r0
 2546 00d4 D2D1     		bne	.L159
 744:Drivers/STM32F3xx_HAL_Driver/Src/stm32f3xx_hal_rcc.c ****       }
 2547              		.loc 1 744 16 view .LVU747
 2548 00d6 0120     		movs	r0, #1
 2549 00d8 52E0     		b	.L152
 2550              	.LVL189:
 2551              	.L182:
 751:Drivers/STM32F3xx_HAL_Driver/Src/stm32f3xx_hal_rcc.c ****       {
 2552              		.loc 1 751 7 is_stmt 1 view .LVU748
 2553              	.LBB267:
 2554              	.LBI267:
 981:Drivers/CMSIS/Include/cmsis_gcc.h **** {
 2555              		.loc 2 981 31 view .LVU749
 2556              	.LBB268:
 983:Drivers/CMSIS/Include/cmsis_gcc.h **** 
 2557              		.loc 2 983 3 view .LVU750
 988:Drivers/CMSIS/Include/cmsis_gcc.h **** #else
 2558              		.loc 2 988 4 view .LVU751
 2559 00da 4FF00072 		mov	r2, #33554432
 2560              		.syntax unified
 2561              	@ 988 "Drivers/CMSIS/Include/cmsis_gcc.h" 1
 2562 00de 92FAA2F2 		rbit r2, r2
 2563              	@ 0 "" 2
 2564              		.loc 2 1001 3 view .LVU752
 2565              	.LVL190:
 2566              		.loc 2 1001 3 is_stmt 0 view .LVU753
 2567              		.thumb
 2568              		.syntax unified
 2569              	.LBE268:
 2570              	.LBE267:
 751:Drivers/STM32F3xx_HAL_Driver/Src/stm32f3xx_hal_rcc.c ****       {
 2571              		.loc 1 751 10 discriminator 1 view .LVU754
 2572 00e2 2D4A     		ldr	r2, .L183+4
 2573 00e4 1068     		ldr	r0, [r2]
 2574              	.LVL191:
 2575              	.LBB269:
 2576              	.LBI269:
 981:Drivers/CMSIS/Include/cmsis_gcc.h **** {
 2577              		.loc 2 981 31 is_stmt 1 view .LVU755
 2578              	.LBB270:
 983:Drivers/CMSIS/Include/cmsis_gcc.h **** 
 2579              		.loc 2 983 3 view .LVU756
 988:Drivers/CMSIS/Include/cmsis_gcc.h **** #else
 2580              		.loc 2 988 4 view .LVU757
 2581 00e6 4FF00072 		mov	r2, #33554432
 2582              		.syntax unified
 2583              	@ 988 "Drivers/CMSIS/Include/cmsis_gcc.h" 1
 2584 00ea 92FAA2F2 		rbit r2, r2
 2585              	@ 0 "" 2
 2586              	.LVL192:
 2587              		.loc 2 1001 3 view .LVU758
 2588              		.loc 2 1001 3 is_stmt 0 view .LVU759
 2589              		.thumb
ARM GAS  C:\Users\nakas\AppData\Local\Temp\ccIuqt5O.s 			page 89


 2590              		.syntax unified
 2591              	.LBE270:
 2592              	.LBE269:
 751:Drivers/STM32F3xx_HAL_Driver/Src/stm32f3xx_hal_rcc.c ****       {
 2593              		.loc 1 751 10 discriminator 2 view .LVU760
 2594 00ee B2FA82F2 		clz	r2, r2
 2595 00f2 02F01F02 		and	r2, r2, #31
 2596 00f6 0121     		movs	r1, #1
 2597 00f8 01FA02F2 		lsl	r2, r1, r2
 751:Drivers/STM32F3xx_HAL_Driver/Src/stm32f3xx_hal_rcc.c ****       {
 2598              		.loc 1 751 9 discriminator 2 view .LVU761
 2599 00fc 1042     		tst	r0, r2
 2600 00fe BDD1     		bne	.L159
 753:Drivers/STM32F3xx_HAL_Driver/Src/stm32f3xx_hal_rcc.c ****       }
 2601              		.loc 1 753 16 view .LVU762
 2602 0100 0120     		movs	r0, #1
 2603 0102 3DE0     		b	.L152
 2604              	.LVL193:
 2605              	.L155:
 780:Drivers/STM32F3xx_HAL_Driver/Src/stm32f3xx_hal_rcc.c ****   {    
 2606              		.loc 1 780 3 is_stmt 1 view .LVU763
 780:Drivers/STM32F3xx_HAL_Driver/Src/stm32f3xx_hal_rcc.c ****   {    
 2607              		.loc 1 780 17 is_stmt 0 view .LVU764
 2608 0104 234B     		ldr	r3, .L183
 2609 0106 1B68     		ldr	r3, [r3]
 2610 0108 03F00703 		and	r3, r3, #7
 780:Drivers/STM32F3xx_HAL_Driver/Src/stm32f3xx_hal_rcc.c ****   {    
 2611              		.loc 1 780 5 view .LVU765
 2612 010c AB42     		cmp	r3, r5
 2613 010e 0AD9     		bls	.L167
 783:Drivers/STM32F3xx_HAL_Driver/Src/stm32f3xx_hal_rcc.c ****     
 2614              		.loc 1 783 5 is_stmt 1 view .LVU766
 2615 0110 204A     		ldr	r2, .L183
 2616 0112 1368     		ldr	r3, [r2]
 2617 0114 23F00703 		bic	r3, r3, #7
 2618 0118 2B43     		orrs	r3, r3, r5
 2619 011a 1360     		str	r3, [r2]
 787:Drivers/STM32F3xx_HAL_Driver/Src/stm32f3xx_hal_rcc.c ****     {
 2620              		.loc 1 787 5 view .LVU767
 787:Drivers/STM32F3xx_HAL_Driver/Src/stm32f3xx_hal_rcc.c ****     {
 2621              		.loc 1 787 8 is_stmt 0 view .LVU768
 2622 011c 1368     		ldr	r3, [r2]
 2623 011e 03F00703 		and	r3, r3, #7
 787:Drivers/STM32F3xx_HAL_Driver/Src/stm32f3xx_hal_rcc.c ****     {
 2624              		.loc 1 787 7 view .LVU769
 2625 0122 AB42     		cmp	r3, r5
 2626 0124 33D1     		bne	.L176
 2627              	.L167:
 794:Drivers/STM32F3xx_HAL_Driver/Src/stm32f3xx_hal_rcc.c ****   {
 2628              		.loc 1 794 3 is_stmt 1 view .LVU770
 794:Drivers/STM32F3xx_HAL_Driver/Src/stm32f3xx_hal_rcc.c ****   {
 2629              		.loc 1 794 25 is_stmt 0 view .LVU771
 2630 0126 2368     		ldr	r3, [r4]
 794:Drivers/STM32F3xx_HAL_Driver/Src/stm32f3xx_hal_rcc.c ****   {
 2631              		.loc 1 794 5 view .LVU772
 2632 0128 13F0040F 		tst	r3, #4
 2633 012c 06D0     		beq	.L168
ARM GAS  C:\Users\nakas\AppData\Local\Temp\ccIuqt5O.s 			page 90


 796:Drivers/STM32F3xx_HAL_Driver/Src/stm32f3xx_hal_rcc.c ****     MODIFY_REG(RCC->CFGR, RCC_CFGR_PPRE1, RCC_ClkInitStruct->APB1CLKDivider);
 2634              		.loc 1 796 5 is_stmt 1 view .LVU773
 797:Drivers/STM32F3xx_HAL_Driver/Src/stm32f3xx_hal_rcc.c ****   }
 2635              		.loc 1 797 5 view .LVU774
 2636 012e 1A4A     		ldr	r2, .L183+4
 2637 0130 5368     		ldr	r3, [r2, #4]
 2638 0132 23F4E063 		bic	r3, r3, #1792
 2639 0136 E168     		ldr	r1, [r4, #12]
 2640 0138 0B43     		orrs	r3, r3, r1
 2641 013a 5360     		str	r3, [r2, #4]
 2642              	.L168:
 801:Drivers/STM32F3xx_HAL_Driver/Src/stm32f3xx_hal_rcc.c ****   {
 2643              		.loc 1 801 3 view .LVU775
 801:Drivers/STM32F3xx_HAL_Driver/Src/stm32f3xx_hal_rcc.c ****   {
 2644              		.loc 1 801 25 is_stmt 0 view .LVU776
 2645 013c 2368     		ldr	r3, [r4]
 801:Drivers/STM32F3xx_HAL_Driver/Src/stm32f3xx_hal_rcc.c ****   {
 2646              		.loc 1 801 5 view .LVU777
 2647 013e 13F0080F 		tst	r3, #8
 2648 0142 07D0     		beq	.L169
 803:Drivers/STM32F3xx_HAL_Driver/Src/stm32f3xx_hal_rcc.c ****     MODIFY_REG(RCC->CFGR, RCC_CFGR_PPRE2, ((RCC_ClkInitStruct->APB2CLKDivider) << 3U));
 2649              		.loc 1 803 5 is_stmt 1 view .LVU778
 804:Drivers/STM32F3xx_HAL_Driver/Src/stm32f3xx_hal_rcc.c ****   }
 2650              		.loc 1 804 5 view .LVU779
 2651 0144 144A     		ldr	r2, .L183+4
 2652 0146 5368     		ldr	r3, [r2, #4]
 2653 0148 23F46053 		bic	r3, r3, #14336
 2654 014c 2169     		ldr	r1, [r4, #16]
 2655 014e 43EAC103 		orr	r3, r3, r1, lsl #3
 2656 0152 5360     		str	r3, [r2, #4]
 2657              	.L169:
 808:Drivers/STM32F3xx_HAL_Driver/Src/stm32f3xx_hal_rcc.c **** 
 2658              		.loc 1 808 3 view .LVU780
 808:Drivers/STM32F3xx_HAL_Driver/Src/stm32f3xx_hal_rcc.c **** 
 2659              		.loc 1 808 21 is_stmt 0 view .LVU781
 2660 0154 FFF7FEFF 		bl	HAL_RCC_GetSysClockFreq
 2661              	.LVL194:
 808:Drivers/STM32F3xx_HAL_Driver/Src/stm32f3xx_hal_rcc.c **** 
 2662              		.loc 1 808 68 discriminator 1 view .LVU782
 2663 0158 0F4B     		ldr	r3, .L183+4
 2664 015a 5B68     		ldr	r3, [r3, #4]
 808:Drivers/STM32F3xx_HAL_Driver/Src/stm32f3xx_hal_rcc.c **** 
 2665              		.loc 1 808 75 discriminator 1 view .LVU783
 2666 015c 03F0F003 		and	r3, r3, #240
 2667              	.LVL195:
 2668              	.LBB271:
 2669              	.LBI271:
 981:Drivers/CMSIS/Include/cmsis_gcc.h **** {
 2670              		.loc 2 981 31 is_stmt 1 view .LVU784
 2671              	.LBB272:
 983:Drivers/CMSIS/Include/cmsis_gcc.h **** 
 2672              		.loc 2 983 3 view .LVU785
 988:Drivers/CMSIS/Include/cmsis_gcc.h **** #else
 2673              		.loc 2 988 4 view .LVU786
 2674 0160 F022     		movs	r2, #240
 2675              		.syntax unified
 2676              	@ 988 "Drivers/CMSIS/Include/cmsis_gcc.h" 1
ARM GAS  C:\Users\nakas\AppData\Local\Temp\ccIuqt5O.s 			page 91


 2677 0162 92FAA2F2 		rbit r2, r2
 2678              	@ 0 "" 2
 2679              	.LVL196:
 2680              		.loc 2 1001 3 view .LVU787
 2681              		.loc 2 1001 3 is_stmt 0 view .LVU788
 2682              		.thumb
 2683              		.syntax unified
 2684              	.LBE272:
 2685              	.LBE271:
 808:Drivers/STM32F3xx_HAL_Driver/Src/stm32f3xx_hal_rcc.c **** 
 2686              		.loc 1 808 91 discriminator 3 view .LVU789
 2687 0166 B2FA82F2 		clz	r2, r2
 2688 016a D340     		lsrs	r3, r3, r2
 808:Drivers/STM32F3xx_HAL_Driver/Src/stm32f3xx_hal_rcc.c **** 
 2689              		.loc 1 808 63 discriminator 3 view .LVU790
 2690 016c 0B4A     		ldr	r2, .L183+8
 2691 016e D35C     		ldrb	r3, [r2, r3]	@ zero_extendqisi2
 808:Drivers/STM32F3xx_HAL_Driver/Src/stm32f3xx_hal_rcc.c **** 
 2692              		.loc 1 808 47 discriminator 3 view .LVU791
 2693 0170 D840     		lsrs	r0, r0, r3
 808:Drivers/STM32F3xx_HAL_Driver/Src/stm32f3xx_hal_rcc.c **** 
 2694              		.loc 1 808 19 discriminator 3 view .LVU792
 2695 0172 0B4B     		ldr	r3, .L183+12
 2696 0174 1860     		str	r0, [r3]
 811:Drivers/STM32F3xx_HAL_Driver/Src/stm32f3xx_hal_rcc.c ****   
 2697              		.loc 1 811 3 is_stmt 1 view .LVU793
 2698 0176 0B4B     		ldr	r3, .L183+16
 2699 0178 1868     		ldr	r0, [r3]
 2700 017a FFF7FEFF 		bl	HAL_InitTick
 2701              	.LVL197:
 813:Drivers/STM32F3xx_HAL_Driver/Src/stm32f3xx_hal_rcc.c **** }
 2702              		.loc 1 813 3 view .LVU794
 813:Drivers/STM32F3xx_HAL_Driver/Src/stm32f3xx_hal_rcc.c **** }
 2703              		.loc 1 813 10 is_stmt 0 view .LVU795
 2704 017e 0020     		movs	r0, #0
 2705              	.L152:
 814:Drivers/STM32F3xx_HAL_Driver/Src/stm32f3xx_hal_rcc.c **** 
 2706              		.loc 1 814 1 view .LVU796
 2707 0180 70BD     		pop	{r4, r5, r6, pc}
 2708              	.LVL198:
 2709              	.L170:
 2710              	.LCFI11:
 2711              		.cfi_def_cfa_offset 0
 2712              		.cfi_restore 4
 2713              		.cfi_restore 5
 2714              		.cfi_restore 6
 2715              		.cfi_restore 14
 701:Drivers/STM32F3xx_HAL_Driver/Src/stm32f3xx_hal_rcc.c ****   }
 2716              		.loc 1 701 12 view .LVU797
 2717 0182 0120     		movs	r0, #1
 2718              	.LVL199:
 814:Drivers/STM32F3xx_HAL_Driver/Src/stm32f3xx_hal_rcc.c **** 
 2719              		.loc 1 814 1 view .LVU798
 2720 0184 7047     		bx	lr
 2721              	.LVL200:
 2722              	.L171:
 2723              	.LCFI12:
ARM GAS  C:\Users\nakas\AppData\Local\Temp\ccIuqt5O.s 			page 92


 2724              		.cfi_def_cfa_offset 16
 2725              		.cfi_offset 4, -16
 2726              		.cfi_offset 5, -12
 2727              		.cfi_offset 6, -8
 2728              		.cfi_offset 14, -4
 722:Drivers/STM32F3xx_HAL_Driver/Src/stm32f3xx_hal_rcc.c ****     }
 2729              		.loc 1 722 14 view .LVU799
 2730 0186 0120     		movs	r0, #1
 2731              	.LVL201:
 722:Drivers/STM32F3xx_HAL_Driver/Src/stm32f3xx_hal_rcc.c ****     }
 2732              		.loc 1 722 14 view .LVU800
 2733 0188 FAE7     		b	.L152
 2734              	.LVL202:
 2735              	.L174:
 762:Drivers/STM32F3xx_HAL_Driver/Src/stm32f3xx_hal_rcc.c ****       }
 2736              		.loc 1 762 16 view .LVU801
 2737 018a 0120     		movs	r0, #1
 2738 018c F8E7     		b	.L152
 2739              	.LVL203:
 2740              	.L176:
 789:Drivers/STM32F3xx_HAL_Driver/Src/stm32f3xx_hal_rcc.c ****     }
 2741              		.loc 1 789 14 view .LVU802
 2742 018e 0120     		movs	r0, #1
 2743 0190 F6E7     		b	.L152
 2744              	.L184:
 2745 0192 00BF     		.align	2
 2746              	.L183:
 2747 0194 00200240 		.word	1073881088
 2748 0198 00100240 		.word	1073876992
 2749 019c 00000000 		.word	AHBPrescTable
 2750 01a0 00000000 		.word	SystemCoreClock
 2751 01a4 00000000 		.word	uwTickPrio
 2752              		.cfi_endproc
 2753              	.LFE125:
 2755              		.section	.text.HAL_RCC_GetHCLKFreq,"ax",%progbits
 2756              		.align	1
 2757              		.global	HAL_RCC_GetHCLKFreq
 2758              		.syntax unified
 2759              		.thumb
 2760              		.thumb_func
 2762              	HAL_RCC_GetHCLKFreq:
 2763              	.LFB130:
1020:Drivers/STM32F3xx_HAL_Driver/Src/stm32f3xx_hal_rcc.c **** 
1021:Drivers/STM32F3xx_HAL_Driver/Src/stm32f3xx_hal_rcc.c **** /**
1022:Drivers/STM32F3xx_HAL_Driver/Src/stm32f3xx_hal_rcc.c ****   * @brief  Returns the HCLK frequency     
1023:Drivers/STM32F3xx_HAL_Driver/Src/stm32f3xx_hal_rcc.c ****   * @note   Each time HCLK changes, this function must be called to update the
1024:Drivers/STM32F3xx_HAL_Driver/Src/stm32f3xx_hal_rcc.c ****   *         right HCLK value. Otherwise, any configuration based on this function will be incorrect
1025:Drivers/STM32F3xx_HAL_Driver/Src/stm32f3xx_hal_rcc.c ****   * 
1026:Drivers/STM32F3xx_HAL_Driver/Src/stm32f3xx_hal_rcc.c ****   * @note   The SystemCoreClock CMSIS variable is used to store System Clock Frequency 
1027:Drivers/STM32F3xx_HAL_Driver/Src/stm32f3xx_hal_rcc.c ****   *         and updated within this function
1028:Drivers/STM32F3xx_HAL_Driver/Src/stm32f3xx_hal_rcc.c ****   * @retval HCLK frequency
1029:Drivers/STM32F3xx_HAL_Driver/Src/stm32f3xx_hal_rcc.c ****   */
1030:Drivers/STM32F3xx_HAL_Driver/Src/stm32f3xx_hal_rcc.c **** uint32_t HAL_RCC_GetHCLKFreq(void)
1031:Drivers/STM32F3xx_HAL_Driver/Src/stm32f3xx_hal_rcc.c **** {
 2764              		.loc 1 1031 1 is_stmt 1 view -0
 2765              		.cfi_startproc
 2766              		@ args = 0, pretend = 0, frame = 0
ARM GAS  C:\Users\nakas\AppData\Local\Temp\ccIuqt5O.s 			page 93


 2767              		@ frame_needed = 0, uses_anonymous_args = 0
 2768              		@ link register save eliminated.
1032:Drivers/STM32F3xx_HAL_Driver/Src/stm32f3xx_hal_rcc.c ****   return SystemCoreClock;
 2769              		.loc 1 1032 3 view .LVU804
1033:Drivers/STM32F3xx_HAL_Driver/Src/stm32f3xx_hal_rcc.c **** }
 2770              		.loc 1 1033 1 is_stmt 0 view .LVU805
 2771 0000 014B     		ldr	r3, .L186
 2772 0002 1868     		ldr	r0, [r3]
 2773 0004 7047     		bx	lr
 2774              	.L187:
 2775 0006 00BF     		.align	2
 2776              	.L186:
 2777 0008 00000000 		.word	SystemCoreClock
 2778              		.cfi_endproc
 2779              	.LFE130:
 2781              		.section	.text.HAL_RCC_GetPCLK1Freq,"ax",%progbits
 2782              		.align	1
 2783              		.global	HAL_RCC_GetPCLK1Freq
 2784              		.syntax unified
 2785              		.thumb
 2786              		.thumb_func
 2788              	HAL_RCC_GetPCLK1Freq:
 2789              	.LFB131:
1034:Drivers/STM32F3xx_HAL_Driver/Src/stm32f3xx_hal_rcc.c **** 
1035:Drivers/STM32F3xx_HAL_Driver/Src/stm32f3xx_hal_rcc.c **** /**
1036:Drivers/STM32F3xx_HAL_Driver/Src/stm32f3xx_hal_rcc.c ****   * @brief  Returns the PCLK1 frequency     
1037:Drivers/STM32F3xx_HAL_Driver/Src/stm32f3xx_hal_rcc.c ****   * @note   Each time PCLK1 changes, this function must be called to update the
1038:Drivers/STM32F3xx_HAL_Driver/Src/stm32f3xx_hal_rcc.c ****   *         right PCLK1 value. Otherwise, any configuration based on this function will be incorrec
1039:Drivers/STM32F3xx_HAL_Driver/Src/stm32f3xx_hal_rcc.c ****   * @retval PCLK1 frequency
1040:Drivers/STM32F3xx_HAL_Driver/Src/stm32f3xx_hal_rcc.c ****   */
1041:Drivers/STM32F3xx_HAL_Driver/Src/stm32f3xx_hal_rcc.c **** uint32_t HAL_RCC_GetPCLK1Freq(void)
1042:Drivers/STM32F3xx_HAL_Driver/Src/stm32f3xx_hal_rcc.c **** {
 2790              		.loc 1 1042 1 is_stmt 1 view -0
 2791              		.cfi_startproc
 2792              		@ args = 0, pretend = 0, frame = 0
 2793              		@ frame_needed = 0, uses_anonymous_args = 0
 2794 0000 08B5     		push	{r3, lr}
 2795              	.LCFI13:
 2796              		.cfi_def_cfa_offset 8
 2797              		.cfi_offset 3, -8
 2798              		.cfi_offset 14, -4
1043:Drivers/STM32F3xx_HAL_Driver/Src/stm32f3xx_hal_rcc.c ****   /* Get HCLK source and Compute PCLK1 frequency ---------------------------*/
1044:Drivers/STM32F3xx_HAL_Driver/Src/stm32f3xx_hal_rcc.c ****   return (HAL_RCC_GetHCLKFreq() >> APBPrescTable[(RCC->CFGR & RCC_CFGR_PPRE1) >> RCC_CFGR_PPRE1_BIT
 2799              		.loc 1 1044 3 view .LVU807
 2800              		.loc 1 1044 11 is_stmt 0 view .LVU808
 2801 0002 FFF7FEFF 		bl	HAL_RCC_GetHCLKFreq
 2802              	.LVL204:
 2803              		.loc 1 1044 54 discriminator 1 view .LVU809
 2804 0006 074B     		ldr	r3, .L190
 2805 0008 5B68     		ldr	r3, [r3, #4]
 2806              		.loc 1 1044 61 discriminator 1 view .LVU810
 2807 000a 03F4E063 		and	r3, r3, #1792
 2808              	.LVL205:
 2809              	.LBB273:
 2810              	.LBI273:
 981:Drivers/CMSIS/Include/cmsis_gcc.h **** {
 2811              		.loc 2 981 31 is_stmt 1 view .LVU811
ARM GAS  C:\Users\nakas\AppData\Local\Temp\ccIuqt5O.s 			page 94


 2812              	.LBB274:
 983:Drivers/CMSIS/Include/cmsis_gcc.h **** 
 2813              		.loc 2 983 3 view .LVU812
 988:Drivers/CMSIS/Include/cmsis_gcc.h **** #else
 2814              		.loc 2 988 4 view .LVU813
 2815 000e 4FF4E062 		mov	r2, #1792
 2816              		.syntax unified
 2817              	@ 988 "Drivers/CMSIS/Include/cmsis_gcc.h" 1
 2818 0012 92FAA2F2 		rbit r2, r2
 2819              	@ 0 "" 2
 2820              	.LVL206:
 2821              		.loc 2 1001 3 view .LVU814
 2822              		.loc 2 1001 3 is_stmt 0 view .LVU815
 2823              		.thumb
 2824              		.syntax unified
 2825              	.LBE274:
 2826              	.LBE273:
 2827              		.loc 1 1044 79 discriminator 3 view .LVU816
 2828 0016 B2FA82F2 		clz	r2, r2
 2829 001a D340     		lsrs	r3, r3, r2
 2830              		.loc 1 1044 49 discriminator 3 view .LVU817
 2831 001c 024A     		ldr	r2, .L190+4
 2832 001e D35C     		ldrb	r3, [r2, r3]	@ zero_extendqisi2
1045:Drivers/STM32F3xx_HAL_Driver/Src/stm32f3xx_hal_rcc.c **** }    
 2833              		.loc 1 1045 1 view .LVU818
 2834 0020 D840     		lsrs	r0, r0, r3
 2835 0022 08BD     		pop	{r3, pc}
 2836              	.L191:
 2837              		.align	2
 2838              	.L190:
 2839 0024 00100240 		.word	1073876992
 2840 0028 00000000 		.word	APBPrescTable
 2841              		.cfi_endproc
 2842              	.LFE131:
 2844              		.section	.text.HAL_RCC_GetPCLK2Freq,"ax",%progbits
 2845              		.align	1
 2846              		.global	HAL_RCC_GetPCLK2Freq
 2847              		.syntax unified
 2848              		.thumb
 2849              		.thumb_func
 2851              	HAL_RCC_GetPCLK2Freq:
 2852              	.LFB132:
1046:Drivers/STM32F3xx_HAL_Driver/Src/stm32f3xx_hal_rcc.c **** 
1047:Drivers/STM32F3xx_HAL_Driver/Src/stm32f3xx_hal_rcc.c **** /**
1048:Drivers/STM32F3xx_HAL_Driver/Src/stm32f3xx_hal_rcc.c ****   * @brief  Returns the PCLK2 frequency     
1049:Drivers/STM32F3xx_HAL_Driver/Src/stm32f3xx_hal_rcc.c ****   * @note   Each time PCLK2 changes, this function must be called to update the
1050:Drivers/STM32F3xx_HAL_Driver/Src/stm32f3xx_hal_rcc.c ****   *         right PCLK2 value. Otherwise, any configuration based on this function will be incorrec
1051:Drivers/STM32F3xx_HAL_Driver/Src/stm32f3xx_hal_rcc.c ****   * @retval PCLK2 frequency
1052:Drivers/STM32F3xx_HAL_Driver/Src/stm32f3xx_hal_rcc.c ****   */
1053:Drivers/STM32F3xx_HAL_Driver/Src/stm32f3xx_hal_rcc.c **** uint32_t HAL_RCC_GetPCLK2Freq(void)
1054:Drivers/STM32F3xx_HAL_Driver/Src/stm32f3xx_hal_rcc.c **** {
 2853              		.loc 1 1054 1 is_stmt 1 view -0
 2854              		.cfi_startproc
 2855              		@ args = 0, pretend = 0, frame = 0
 2856              		@ frame_needed = 0, uses_anonymous_args = 0
 2857 0000 08B5     		push	{r3, lr}
 2858              	.LCFI14:
ARM GAS  C:\Users\nakas\AppData\Local\Temp\ccIuqt5O.s 			page 95


 2859              		.cfi_def_cfa_offset 8
 2860              		.cfi_offset 3, -8
 2861              		.cfi_offset 14, -4
1055:Drivers/STM32F3xx_HAL_Driver/Src/stm32f3xx_hal_rcc.c ****   /* Get HCLK source and Compute PCLK2 frequency ---------------------------*/
1056:Drivers/STM32F3xx_HAL_Driver/Src/stm32f3xx_hal_rcc.c ****   return (HAL_RCC_GetHCLKFreq()>> APBPrescTable[(RCC->CFGR & RCC_CFGR_PPRE2) >> RCC_CFGR_PPRE2_BITN
 2862              		.loc 1 1056 3 view .LVU820
 2863              		.loc 1 1056 11 is_stmt 0 view .LVU821
 2864 0002 FFF7FEFF 		bl	HAL_RCC_GetHCLKFreq
 2865              	.LVL207:
 2866              		.loc 1 1056 53 discriminator 1 view .LVU822
 2867 0006 074B     		ldr	r3, .L194
 2868 0008 5B68     		ldr	r3, [r3, #4]
 2869              		.loc 1 1056 60 discriminator 1 view .LVU823
 2870 000a 03F46053 		and	r3, r3, #14336
 2871              	.LVL208:
 2872              	.LBB275:
 2873              	.LBI275:
 981:Drivers/CMSIS/Include/cmsis_gcc.h **** {
 2874              		.loc 2 981 31 is_stmt 1 view .LVU824
 2875              	.LBB276:
 983:Drivers/CMSIS/Include/cmsis_gcc.h **** 
 2876              		.loc 2 983 3 view .LVU825
 988:Drivers/CMSIS/Include/cmsis_gcc.h **** #else
 2877              		.loc 2 988 4 view .LVU826
 2878 000e 4FF46052 		mov	r2, #14336
 2879              		.syntax unified
 2880              	@ 988 "Drivers/CMSIS/Include/cmsis_gcc.h" 1
 2881 0012 92FAA2F2 		rbit r2, r2
 2882              	@ 0 "" 2
 2883              	.LVL209:
 2884              		.loc 2 1001 3 view .LVU827
 2885              		.loc 2 1001 3 is_stmt 0 view .LVU828
 2886              		.thumb
 2887              		.syntax unified
 2888              	.LBE276:
 2889              	.LBE275:
 2890              		.loc 1 1056 78 discriminator 3 view .LVU829
 2891 0016 B2FA82F2 		clz	r2, r2
 2892 001a D340     		lsrs	r3, r3, r2
 2893              		.loc 1 1056 48 discriminator 3 view .LVU830
 2894 001c 024A     		ldr	r2, .L194+4
 2895 001e D35C     		ldrb	r3, [r2, r3]	@ zero_extendqisi2
1057:Drivers/STM32F3xx_HAL_Driver/Src/stm32f3xx_hal_rcc.c **** } 
 2896              		.loc 1 1057 1 view .LVU831
 2897 0020 D840     		lsrs	r0, r0, r3
 2898 0022 08BD     		pop	{r3, pc}
 2899              	.L195:
 2900              		.align	2
 2901              	.L194:
 2902 0024 00100240 		.word	1073876992
 2903 0028 00000000 		.word	APBPrescTable
 2904              		.cfi_endproc
 2905              	.LFE132:
 2907              		.section	.text.HAL_RCC_GetOscConfig,"ax",%progbits
 2908              		.align	1
 2909              		.global	HAL_RCC_GetOscConfig
 2910              		.syntax unified
ARM GAS  C:\Users\nakas\AppData\Local\Temp\ccIuqt5O.s 			page 96


 2911              		.thumb
 2912              		.thumb_func
 2914              	HAL_RCC_GetOscConfig:
 2915              	.LVL210:
 2916              	.LFB133:
1058:Drivers/STM32F3xx_HAL_Driver/Src/stm32f3xx_hal_rcc.c **** 
1059:Drivers/STM32F3xx_HAL_Driver/Src/stm32f3xx_hal_rcc.c **** /**
1060:Drivers/STM32F3xx_HAL_Driver/Src/stm32f3xx_hal_rcc.c ****   * @brief  Configures the RCC_OscInitStruct according to the internal 
1061:Drivers/STM32F3xx_HAL_Driver/Src/stm32f3xx_hal_rcc.c ****   * RCC configuration registers.
1062:Drivers/STM32F3xx_HAL_Driver/Src/stm32f3xx_hal_rcc.c ****   * @param  RCC_OscInitStruct pointer to an RCC_OscInitTypeDef structure that 
1063:Drivers/STM32F3xx_HAL_Driver/Src/stm32f3xx_hal_rcc.c ****   * will be configured.
1064:Drivers/STM32F3xx_HAL_Driver/Src/stm32f3xx_hal_rcc.c ****   * @retval None
1065:Drivers/STM32F3xx_HAL_Driver/Src/stm32f3xx_hal_rcc.c ****   */
1066:Drivers/STM32F3xx_HAL_Driver/Src/stm32f3xx_hal_rcc.c **** void HAL_RCC_GetOscConfig(RCC_OscInitTypeDef  *RCC_OscInitStruct)
1067:Drivers/STM32F3xx_HAL_Driver/Src/stm32f3xx_hal_rcc.c **** {
 2917              		.loc 1 1067 1 is_stmt 1 view -0
 2918              		.cfi_startproc
 2919              		@ args = 0, pretend = 0, frame = 0
 2920              		@ frame_needed = 0, uses_anonymous_args = 0
 2921              		@ link register save eliminated.
1068:Drivers/STM32F3xx_HAL_Driver/Src/stm32f3xx_hal_rcc.c ****   /* Check the parameters */
1069:Drivers/STM32F3xx_HAL_Driver/Src/stm32f3xx_hal_rcc.c ****   assert_param(RCC_OscInitStruct != NULL);
 2922              		.loc 1 1069 3 view .LVU833
1070:Drivers/STM32F3xx_HAL_Driver/Src/stm32f3xx_hal_rcc.c **** 
1071:Drivers/STM32F3xx_HAL_Driver/Src/stm32f3xx_hal_rcc.c ****   /* Set all possible values for the Oscillator type parameter ---------------*/
1072:Drivers/STM32F3xx_HAL_Driver/Src/stm32f3xx_hal_rcc.c ****   RCC_OscInitStruct->OscillatorType = RCC_OSCILLATORTYPE_HSE | RCC_OSCILLATORTYPE_HSI  \
 2923              		.loc 1 1072 3 view .LVU834
 2924              		.loc 1 1072 37 is_stmt 0 view .LVU835
 2925 0000 0F23     		movs	r3, #15
 2926 0002 0360     		str	r3, [r0]
1073:Drivers/STM32F3xx_HAL_Driver/Src/stm32f3xx_hal_rcc.c ****                   | RCC_OSCILLATORTYPE_LSE | RCC_OSCILLATORTYPE_LSI;
1074:Drivers/STM32F3xx_HAL_Driver/Src/stm32f3xx_hal_rcc.c **** 
1075:Drivers/STM32F3xx_HAL_Driver/Src/stm32f3xx_hal_rcc.c **** 
1076:Drivers/STM32F3xx_HAL_Driver/Src/stm32f3xx_hal_rcc.c ****   /* Get the HSE configuration -----------------------------------------------*/
1077:Drivers/STM32F3xx_HAL_Driver/Src/stm32f3xx_hal_rcc.c ****   if((RCC->CR &RCC_CR_HSEBYP) == RCC_CR_HSEBYP)
 2927              		.loc 1 1077 3 is_stmt 1 view .LVU836
 2928              		.loc 1 1077 10 is_stmt 0 view .LVU837
 2929 0004 2A4B     		ldr	r3, .L209
 2930 0006 1B68     		ldr	r3, [r3]
 2931              		.loc 1 1077 5 view .LVU838
 2932 0008 13F4802F 		tst	r3, #262144
 2933 000c 30D0     		beq	.L197
1078:Drivers/STM32F3xx_HAL_Driver/Src/stm32f3xx_hal_rcc.c ****   {
1079:Drivers/STM32F3xx_HAL_Driver/Src/stm32f3xx_hal_rcc.c ****     RCC_OscInitStruct->HSEState = RCC_HSE_BYPASS;
 2934              		.loc 1 1079 5 is_stmt 1 view .LVU839
 2935              		.loc 1 1079 33 is_stmt 0 view .LVU840
 2936 000e 4FF4A023 		mov	r3, #327680
 2937 0012 4360     		str	r3, [r0, #4]
 2938              	.L198:
1080:Drivers/STM32F3xx_HAL_Driver/Src/stm32f3xx_hal_rcc.c ****   }
1081:Drivers/STM32F3xx_HAL_Driver/Src/stm32f3xx_hal_rcc.c ****   else if((RCC->CR &RCC_CR_HSEON) == RCC_CR_HSEON)
1082:Drivers/STM32F3xx_HAL_Driver/Src/stm32f3xx_hal_rcc.c ****   {
1083:Drivers/STM32F3xx_HAL_Driver/Src/stm32f3xx_hal_rcc.c ****     RCC_OscInitStruct->HSEState = RCC_HSE_ON;
1084:Drivers/STM32F3xx_HAL_Driver/Src/stm32f3xx_hal_rcc.c ****   }
1085:Drivers/STM32F3xx_HAL_Driver/Src/stm32f3xx_hal_rcc.c ****   else
1086:Drivers/STM32F3xx_HAL_Driver/Src/stm32f3xx_hal_rcc.c ****   {
1087:Drivers/STM32F3xx_HAL_Driver/Src/stm32f3xx_hal_rcc.c ****     RCC_OscInitStruct->HSEState = RCC_HSE_OFF;
ARM GAS  C:\Users\nakas\AppData\Local\Temp\ccIuqt5O.s 			page 97


1088:Drivers/STM32F3xx_HAL_Driver/Src/stm32f3xx_hal_rcc.c ****   }
1089:Drivers/STM32F3xx_HAL_Driver/Src/stm32f3xx_hal_rcc.c **** #if defined(RCC_CFGR_PLLSRC_HSI_DIV2)
1090:Drivers/STM32F3xx_HAL_Driver/Src/stm32f3xx_hal_rcc.c ****   RCC_OscInitStruct->HSEPredivValue = __HAL_RCC_HSE_GET_PREDIV();
 2939              		.loc 1 1090 3 is_stmt 1 view .LVU841
 2940              		.loc 1 1090 39 is_stmt 0 view .LVU842
 2941 0014 264A     		ldr	r2, .L209
 2942 0016 D36A     		ldr	r3, [r2, #44]
 2943 0018 03F00F03 		and	r3, r3, #15
 2944              		.loc 1 1090 37 view .LVU843
 2945 001c 8360     		str	r3, [r0, #8]
1091:Drivers/STM32F3xx_HAL_Driver/Src/stm32f3xx_hal_rcc.c **** #endif
1092:Drivers/STM32F3xx_HAL_Driver/Src/stm32f3xx_hal_rcc.c **** 
1093:Drivers/STM32F3xx_HAL_Driver/Src/stm32f3xx_hal_rcc.c ****   /* Get the HSI configuration -----------------------------------------------*/
1094:Drivers/STM32F3xx_HAL_Driver/Src/stm32f3xx_hal_rcc.c ****   if((RCC->CR &RCC_CR_HSION) == RCC_CR_HSION)
 2946              		.loc 1 1094 3 is_stmt 1 view .LVU844
 2947              		.loc 1 1094 10 is_stmt 0 view .LVU845
 2948 001e 1368     		ldr	r3, [r2]
 2949              		.loc 1 1094 5 view .LVU846
 2950 0020 13F0010F 		tst	r3, #1
 2951 0024 30D0     		beq	.L200
1095:Drivers/STM32F3xx_HAL_Driver/Src/stm32f3xx_hal_rcc.c ****   {
1096:Drivers/STM32F3xx_HAL_Driver/Src/stm32f3xx_hal_rcc.c ****     RCC_OscInitStruct->HSIState = RCC_HSI_ON;
 2952              		.loc 1 1096 5 is_stmt 1 view .LVU847
 2953              		.loc 1 1096 33 is_stmt 0 view .LVU848
 2954 0026 0123     		movs	r3, #1
 2955 0028 0361     		str	r3, [r0, #16]
 2956              	.L201:
1097:Drivers/STM32F3xx_HAL_Driver/Src/stm32f3xx_hal_rcc.c ****   }
1098:Drivers/STM32F3xx_HAL_Driver/Src/stm32f3xx_hal_rcc.c ****   else
1099:Drivers/STM32F3xx_HAL_Driver/Src/stm32f3xx_hal_rcc.c ****   {
1100:Drivers/STM32F3xx_HAL_Driver/Src/stm32f3xx_hal_rcc.c ****     RCC_OscInitStruct->HSIState = RCC_HSI_OFF;
1101:Drivers/STM32F3xx_HAL_Driver/Src/stm32f3xx_hal_rcc.c ****   }
1102:Drivers/STM32F3xx_HAL_Driver/Src/stm32f3xx_hal_rcc.c ****   
1103:Drivers/STM32F3xx_HAL_Driver/Src/stm32f3xx_hal_rcc.c ****   RCC_OscInitStruct->HSICalibrationValue = (uint32_t)((RCC->CR & RCC_CR_HSITRIM) >> RCC_CR_HSITRIM_
 2957              		.loc 1 1103 3 is_stmt 1 view .LVU849
 2958              		.loc 1 1103 59 is_stmt 0 view .LVU850
 2959 002a 214A     		ldr	r2, .L209
 2960 002c 1368     		ldr	r3, [r2]
 2961              		.loc 1 1103 44 view .LVU851
 2962 002e C3F3C403 		ubfx	r3, r3, #3, #5
 2963              		.loc 1 1103 42 view .LVU852
 2964 0032 4361     		str	r3, [r0, #20]
1104:Drivers/STM32F3xx_HAL_Driver/Src/stm32f3xx_hal_rcc.c ****   
1105:Drivers/STM32F3xx_HAL_Driver/Src/stm32f3xx_hal_rcc.c ****   /* Get the LSE configuration -----------------------------------------------*/
1106:Drivers/STM32F3xx_HAL_Driver/Src/stm32f3xx_hal_rcc.c ****   if((RCC->BDCR &RCC_BDCR_LSEBYP) == RCC_BDCR_LSEBYP)
 2965              		.loc 1 1106 3 is_stmt 1 view .LVU853
 2966              		.loc 1 1106 10 is_stmt 0 view .LVU854
 2967 0034 136A     		ldr	r3, [r2, #32]
 2968              		.loc 1 1106 5 view .LVU855
 2969 0036 13F0040F 		tst	r3, #4
 2970 003a 28D0     		beq	.L202
1107:Drivers/STM32F3xx_HAL_Driver/Src/stm32f3xx_hal_rcc.c ****   {
1108:Drivers/STM32F3xx_HAL_Driver/Src/stm32f3xx_hal_rcc.c ****     RCC_OscInitStruct->LSEState = RCC_LSE_BYPASS;
 2971              		.loc 1 1108 5 is_stmt 1 view .LVU856
 2972              		.loc 1 1108 33 is_stmt 0 view .LVU857
 2973 003c 0523     		movs	r3, #5
 2974 003e C360     		str	r3, [r0, #12]
ARM GAS  C:\Users\nakas\AppData\Local\Temp\ccIuqt5O.s 			page 98


 2975              	.L203:
1109:Drivers/STM32F3xx_HAL_Driver/Src/stm32f3xx_hal_rcc.c ****   }
1110:Drivers/STM32F3xx_HAL_Driver/Src/stm32f3xx_hal_rcc.c ****   else if((RCC->BDCR &RCC_BDCR_LSEON) == RCC_BDCR_LSEON)
1111:Drivers/STM32F3xx_HAL_Driver/Src/stm32f3xx_hal_rcc.c ****   {
1112:Drivers/STM32F3xx_HAL_Driver/Src/stm32f3xx_hal_rcc.c ****     RCC_OscInitStruct->LSEState = RCC_LSE_ON;
1113:Drivers/STM32F3xx_HAL_Driver/Src/stm32f3xx_hal_rcc.c ****   }
1114:Drivers/STM32F3xx_HAL_Driver/Src/stm32f3xx_hal_rcc.c ****   else
1115:Drivers/STM32F3xx_HAL_Driver/Src/stm32f3xx_hal_rcc.c ****   {
1116:Drivers/STM32F3xx_HAL_Driver/Src/stm32f3xx_hal_rcc.c ****     RCC_OscInitStruct->LSEState = RCC_LSE_OFF;
1117:Drivers/STM32F3xx_HAL_Driver/Src/stm32f3xx_hal_rcc.c ****   }
1118:Drivers/STM32F3xx_HAL_Driver/Src/stm32f3xx_hal_rcc.c ****   
1119:Drivers/STM32F3xx_HAL_Driver/Src/stm32f3xx_hal_rcc.c ****   /* Get the LSI configuration -----------------------------------------------*/
1120:Drivers/STM32F3xx_HAL_Driver/Src/stm32f3xx_hal_rcc.c ****   if((RCC->CSR &RCC_CSR_LSION) == RCC_CSR_LSION)
 2976              		.loc 1 1120 3 is_stmt 1 view .LVU858
 2977              		.loc 1 1120 10 is_stmt 0 view .LVU859
 2978 0040 1B4B     		ldr	r3, .L209
 2979 0042 5B6A     		ldr	r3, [r3, #36]
 2980              		.loc 1 1120 5 view .LVU860
 2981 0044 13F0010F 		tst	r3, #1
 2982 0048 2CD0     		beq	.L205
1121:Drivers/STM32F3xx_HAL_Driver/Src/stm32f3xx_hal_rcc.c ****   {
1122:Drivers/STM32F3xx_HAL_Driver/Src/stm32f3xx_hal_rcc.c ****     RCC_OscInitStruct->LSIState = RCC_LSI_ON;
 2983              		.loc 1 1122 5 is_stmt 1 view .LVU861
 2984              		.loc 1 1122 33 is_stmt 0 view .LVU862
 2985 004a 0123     		movs	r3, #1
 2986 004c 8361     		str	r3, [r0, #24]
 2987              	.L206:
1123:Drivers/STM32F3xx_HAL_Driver/Src/stm32f3xx_hal_rcc.c ****   }
1124:Drivers/STM32F3xx_HAL_Driver/Src/stm32f3xx_hal_rcc.c ****   else
1125:Drivers/STM32F3xx_HAL_Driver/Src/stm32f3xx_hal_rcc.c ****   {
1126:Drivers/STM32F3xx_HAL_Driver/Src/stm32f3xx_hal_rcc.c ****     RCC_OscInitStruct->LSIState = RCC_LSI_OFF;
1127:Drivers/STM32F3xx_HAL_Driver/Src/stm32f3xx_hal_rcc.c ****   }
1128:Drivers/STM32F3xx_HAL_Driver/Src/stm32f3xx_hal_rcc.c ****   
1129:Drivers/STM32F3xx_HAL_Driver/Src/stm32f3xx_hal_rcc.c **** 
1130:Drivers/STM32F3xx_HAL_Driver/Src/stm32f3xx_hal_rcc.c ****   /* Get the PLL configuration -----------------------------------------------*/
1131:Drivers/STM32F3xx_HAL_Driver/Src/stm32f3xx_hal_rcc.c ****   if((RCC->CR &RCC_CR_PLLON) == RCC_CR_PLLON)
 2988              		.loc 1 1131 3 is_stmt 1 view .LVU863
 2989              		.loc 1 1131 10 is_stmt 0 view .LVU864
 2990 004e 184B     		ldr	r3, .L209
 2991 0050 1B68     		ldr	r3, [r3]
 2992              		.loc 1 1131 5 view .LVU865
 2993 0052 13F0807F 		tst	r3, #16777216
 2994 0056 28D0     		beq	.L207
1132:Drivers/STM32F3xx_HAL_Driver/Src/stm32f3xx_hal_rcc.c ****   {
1133:Drivers/STM32F3xx_HAL_Driver/Src/stm32f3xx_hal_rcc.c ****     RCC_OscInitStruct->PLL.PLLState = RCC_PLL_ON;
 2995              		.loc 1 1133 5 is_stmt 1 view .LVU866
 2996              		.loc 1 1133 37 is_stmt 0 view .LVU867
 2997 0058 0223     		movs	r3, #2
 2998 005a C361     		str	r3, [r0, #28]
 2999              	.L208:
1134:Drivers/STM32F3xx_HAL_Driver/Src/stm32f3xx_hal_rcc.c ****   }
1135:Drivers/STM32F3xx_HAL_Driver/Src/stm32f3xx_hal_rcc.c ****   else
1136:Drivers/STM32F3xx_HAL_Driver/Src/stm32f3xx_hal_rcc.c ****   {
1137:Drivers/STM32F3xx_HAL_Driver/Src/stm32f3xx_hal_rcc.c ****     RCC_OscInitStruct->PLL.PLLState = RCC_PLL_OFF;
1138:Drivers/STM32F3xx_HAL_Driver/Src/stm32f3xx_hal_rcc.c ****   }
1139:Drivers/STM32F3xx_HAL_Driver/Src/stm32f3xx_hal_rcc.c ****   RCC_OscInitStruct->PLL.PLLSource = (uint32_t)(RCC->CFGR & RCC_CFGR_PLLSRC);
 3000              		.loc 1 1139 3 is_stmt 1 view .LVU868
ARM GAS  C:\Users\nakas\AppData\Local\Temp\ccIuqt5O.s 			page 99


 3001              		.loc 1 1139 52 is_stmt 0 view .LVU869
 3002 005c 144A     		ldr	r2, .L209
 3003 005e 5368     		ldr	r3, [r2, #4]
 3004              		.loc 1 1139 38 view .LVU870
 3005 0060 03F48033 		and	r3, r3, #65536
 3006              		.loc 1 1139 36 view .LVU871
 3007 0064 0362     		str	r3, [r0, #32]
1140:Drivers/STM32F3xx_HAL_Driver/Src/stm32f3xx_hal_rcc.c ****   RCC_OscInitStruct->PLL.PLLMUL = (uint32_t)(RCC->CFGR & RCC_CFGR_PLLMUL);
 3008              		.loc 1 1140 3 is_stmt 1 view .LVU872
 3009              		.loc 1 1140 49 is_stmt 0 view .LVU873
 3010 0066 5368     		ldr	r3, [r2, #4]
 3011              		.loc 1 1140 35 view .LVU874
 3012 0068 03F47013 		and	r3, r3, #3932160
 3013              		.loc 1 1140 33 view .LVU875
 3014 006c 4362     		str	r3, [r0, #36]
1141:Drivers/STM32F3xx_HAL_Driver/Src/stm32f3xx_hal_rcc.c **** #if defined(RCC_CFGR_PLLSRC_HSI_PREDIV)
1142:Drivers/STM32F3xx_HAL_Driver/Src/stm32f3xx_hal_rcc.c ****   RCC_OscInitStruct->PLL.PREDIV = (uint32_t)(RCC->CFGR2 & RCC_CFGR2_PREDIV);
1143:Drivers/STM32F3xx_HAL_Driver/Src/stm32f3xx_hal_rcc.c **** #endif /* RCC_CFGR_PLLSRC_HSI_PREDIV */
1144:Drivers/STM32F3xx_HAL_Driver/Src/stm32f3xx_hal_rcc.c **** }
 3015              		.loc 1 1144 1 view .LVU876
 3016 006e 7047     		bx	lr
 3017              	.L197:
1081:Drivers/STM32F3xx_HAL_Driver/Src/stm32f3xx_hal_rcc.c ****   {
 3018              		.loc 1 1081 8 is_stmt 1 view .LVU877
1081:Drivers/STM32F3xx_HAL_Driver/Src/stm32f3xx_hal_rcc.c ****   {
 3019              		.loc 1 1081 15 is_stmt 0 view .LVU878
 3020 0070 0F4B     		ldr	r3, .L209
 3021 0072 1B68     		ldr	r3, [r3]
1081:Drivers/STM32F3xx_HAL_Driver/Src/stm32f3xx_hal_rcc.c ****   {
 3022              		.loc 1 1081 10 view .LVU879
 3023 0074 13F4803F 		tst	r3, #65536
 3024 0078 03D0     		beq	.L199
1083:Drivers/STM32F3xx_HAL_Driver/Src/stm32f3xx_hal_rcc.c ****   }
 3025              		.loc 1 1083 5 is_stmt 1 view .LVU880
1083:Drivers/STM32F3xx_HAL_Driver/Src/stm32f3xx_hal_rcc.c ****   }
 3026              		.loc 1 1083 33 is_stmt 0 view .LVU881
 3027 007a 4FF48033 		mov	r3, #65536
 3028 007e 4360     		str	r3, [r0, #4]
 3029 0080 C8E7     		b	.L198
 3030              	.L199:
1087:Drivers/STM32F3xx_HAL_Driver/Src/stm32f3xx_hal_rcc.c ****   }
 3031              		.loc 1 1087 5 is_stmt 1 view .LVU882
1087:Drivers/STM32F3xx_HAL_Driver/Src/stm32f3xx_hal_rcc.c ****   }
 3032              		.loc 1 1087 33 is_stmt 0 view .LVU883
 3033 0082 0023     		movs	r3, #0
 3034 0084 4360     		str	r3, [r0, #4]
 3035 0086 C5E7     		b	.L198
 3036              	.L200:
1100:Drivers/STM32F3xx_HAL_Driver/Src/stm32f3xx_hal_rcc.c ****   }
 3037              		.loc 1 1100 5 is_stmt 1 view .LVU884
1100:Drivers/STM32F3xx_HAL_Driver/Src/stm32f3xx_hal_rcc.c ****   }
 3038              		.loc 1 1100 33 is_stmt 0 view .LVU885
 3039 0088 0023     		movs	r3, #0
 3040 008a 0361     		str	r3, [r0, #16]
 3041 008c CDE7     		b	.L201
 3042              	.L202:
1110:Drivers/STM32F3xx_HAL_Driver/Src/stm32f3xx_hal_rcc.c ****   {
ARM GAS  C:\Users\nakas\AppData\Local\Temp\ccIuqt5O.s 			page 100


 3043              		.loc 1 1110 8 is_stmt 1 view .LVU886
1110:Drivers/STM32F3xx_HAL_Driver/Src/stm32f3xx_hal_rcc.c ****   {
 3044              		.loc 1 1110 15 is_stmt 0 view .LVU887
 3045 008e 084B     		ldr	r3, .L209
 3046 0090 1B6A     		ldr	r3, [r3, #32]
1110:Drivers/STM32F3xx_HAL_Driver/Src/stm32f3xx_hal_rcc.c ****   {
 3047              		.loc 1 1110 10 view .LVU888
 3048 0092 13F0010F 		tst	r3, #1
 3049 0096 02D0     		beq	.L204
1112:Drivers/STM32F3xx_HAL_Driver/Src/stm32f3xx_hal_rcc.c ****   }
 3050              		.loc 1 1112 5 is_stmt 1 view .LVU889
1112:Drivers/STM32F3xx_HAL_Driver/Src/stm32f3xx_hal_rcc.c ****   }
 3051              		.loc 1 1112 33 is_stmt 0 view .LVU890
 3052 0098 0123     		movs	r3, #1
 3053 009a C360     		str	r3, [r0, #12]
 3054 009c D0E7     		b	.L203
 3055              	.L204:
1116:Drivers/STM32F3xx_HAL_Driver/Src/stm32f3xx_hal_rcc.c ****   }
 3056              		.loc 1 1116 5 is_stmt 1 view .LVU891
1116:Drivers/STM32F3xx_HAL_Driver/Src/stm32f3xx_hal_rcc.c ****   }
 3057              		.loc 1 1116 33 is_stmt 0 view .LVU892
 3058 009e 0023     		movs	r3, #0
 3059 00a0 C360     		str	r3, [r0, #12]
 3060 00a2 CDE7     		b	.L203
 3061              	.L205:
1126:Drivers/STM32F3xx_HAL_Driver/Src/stm32f3xx_hal_rcc.c ****   }
 3062              		.loc 1 1126 5 is_stmt 1 view .LVU893
1126:Drivers/STM32F3xx_HAL_Driver/Src/stm32f3xx_hal_rcc.c ****   }
 3063              		.loc 1 1126 33 is_stmt 0 view .LVU894
 3064 00a4 0023     		movs	r3, #0
 3065 00a6 8361     		str	r3, [r0, #24]
 3066 00a8 D1E7     		b	.L206
 3067              	.L207:
1137:Drivers/STM32F3xx_HAL_Driver/Src/stm32f3xx_hal_rcc.c ****   }
 3068              		.loc 1 1137 5 is_stmt 1 view .LVU895
1137:Drivers/STM32F3xx_HAL_Driver/Src/stm32f3xx_hal_rcc.c ****   }
 3069              		.loc 1 1137 37 is_stmt 0 view .LVU896
 3070 00aa 0123     		movs	r3, #1
 3071 00ac C361     		str	r3, [r0, #28]
 3072 00ae D5E7     		b	.L208
 3073              	.L210:
 3074              		.align	2
 3075              	.L209:
 3076 00b0 00100240 		.word	1073876992
 3077              		.cfi_endproc
 3078              	.LFE133:
 3080              		.section	.text.HAL_RCC_GetClockConfig,"ax",%progbits
 3081              		.align	1
 3082              		.global	HAL_RCC_GetClockConfig
 3083              		.syntax unified
 3084              		.thumb
 3085              		.thumb_func
 3087              	HAL_RCC_GetClockConfig:
 3088              	.LVL211:
 3089              	.LFB134:
1145:Drivers/STM32F3xx_HAL_Driver/Src/stm32f3xx_hal_rcc.c **** 
1146:Drivers/STM32F3xx_HAL_Driver/Src/stm32f3xx_hal_rcc.c **** /**
ARM GAS  C:\Users\nakas\AppData\Local\Temp\ccIuqt5O.s 			page 101


1147:Drivers/STM32F3xx_HAL_Driver/Src/stm32f3xx_hal_rcc.c ****   * @brief  Get the RCC_ClkInitStruct according to the internal 
1148:Drivers/STM32F3xx_HAL_Driver/Src/stm32f3xx_hal_rcc.c ****   * RCC configuration registers.
1149:Drivers/STM32F3xx_HAL_Driver/Src/stm32f3xx_hal_rcc.c ****   * @param  RCC_ClkInitStruct pointer to an RCC_ClkInitTypeDef structure that 
1150:Drivers/STM32F3xx_HAL_Driver/Src/stm32f3xx_hal_rcc.c ****   * contains the current clock configuration.
1151:Drivers/STM32F3xx_HAL_Driver/Src/stm32f3xx_hal_rcc.c ****   * @param  pFLatency Pointer on the Flash Latency.
1152:Drivers/STM32F3xx_HAL_Driver/Src/stm32f3xx_hal_rcc.c ****   * @retval None
1153:Drivers/STM32F3xx_HAL_Driver/Src/stm32f3xx_hal_rcc.c ****   */
1154:Drivers/STM32F3xx_HAL_Driver/Src/stm32f3xx_hal_rcc.c **** void HAL_RCC_GetClockConfig(RCC_ClkInitTypeDef  *RCC_ClkInitStruct, uint32_t *pFLatency)
1155:Drivers/STM32F3xx_HAL_Driver/Src/stm32f3xx_hal_rcc.c **** {
 3090              		.loc 1 1155 1 is_stmt 1 view -0
 3091              		.cfi_startproc
 3092              		@ args = 0, pretend = 0, frame = 0
 3093              		@ frame_needed = 0, uses_anonymous_args = 0
 3094              		@ link register save eliminated.
1156:Drivers/STM32F3xx_HAL_Driver/Src/stm32f3xx_hal_rcc.c ****   /* Check the parameters */
1157:Drivers/STM32F3xx_HAL_Driver/Src/stm32f3xx_hal_rcc.c ****   assert_param(RCC_ClkInitStruct != NULL);
 3095              		.loc 1 1157 3 view .LVU898
1158:Drivers/STM32F3xx_HAL_Driver/Src/stm32f3xx_hal_rcc.c ****   assert_param(pFLatency != NULL);
 3096              		.loc 1 1158 3 view .LVU899
1159:Drivers/STM32F3xx_HAL_Driver/Src/stm32f3xx_hal_rcc.c **** 
1160:Drivers/STM32F3xx_HAL_Driver/Src/stm32f3xx_hal_rcc.c ****   /* Set all possible values for the Clock type parameter --------------------*/
1161:Drivers/STM32F3xx_HAL_Driver/Src/stm32f3xx_hal_rcc.c ****   RCC_ClkInitStruct->ClockType = RCC_CLOCKTYPE_SYSCLK | RCC_CLOCKTYPE_HCLK | RCC_CLOCKTYPE_PCLK1 | 
 3097              		.loc 1 1161 3 view .LVU900
 3098              		.loc 1 1161 32 is_stmt 0 view .LVU901
 3099 0000 0F23     		movs	r3, #15
 3100 0002 0360     		str	r3, [r0]
1162:Drivers/STM32F3xx_HAL_Driver/Src/stm32f3xx_hal_rcc.c ****   
1163:Drivers/STM32F3xx_HAL_Driver/Src/stm32f3xx_hal_rcc.c ****   /* Get the SYSCLK configuration --------------------------------------------*/ 
1164:Drivers/STM32F3xx_HAL_Driver/Src/stm32f3xx_hal_rcc.c ****   RCC_ClkInitStruct->SYSCLKSource = (uint32_t)(RCC->CFGR & RCC_CFGR_SW);
 3101              		.loc 1 1164 3 is_stmt 1 view .LVU902
 3102              		.loc 1 1164 51 is_stmt 0 view .LVU903
 3103 0004 0B4B     		ldr	r3, .L212
 3104 0006 5A68     		ldr	r2, [r3, #4]
 3105              		.loc 1 1164 37 view .LVU904
 3106 0008 02F00302 		and	r2, r2, #3
 3107              		.loc 1 1164 35 view .LVU905
 3108 000c 4260     		str	r2, [r0, #4]
1165:Drivers/STM32F3xx_HAL_Driver/Src/stm32f3xx_hal_rcc.c ****   
1166:Drivers/STM32F3xx_HAL_Driver/Src/stm32f3xx_hal_rcc.c ****   /* Get the HCLK configuration ----------------------------------------------*/ 
1167:Drivers/STM32F3xx_HAL_Driver/Src/stm32f3xx_hal_rcc.c ****   RCC_ClkInitStruct->AHBCLKDivider = (uint32_t)(RCC->CFGR & RCC_CFGR_HPRE); 
 3109              		.loc 1 1167 3 is_stmt 1 view .LVU906
 3110              		.loc 1 1167 52 is_stmt 0 view .LVU907
 3111 000e 5A68     		ldr	r2, [r3, #4]
 3112              		.loc 1 1167 38 view .LVU908
 3113 0010 02F0F002 		and	r2, r2, #240
 3114              		.loc 1 1167 36 view .LVU909
 3115 0014 8260     		str	r2, [r0, #8]
1168:Drivers/STM32F3xx_HAL_Driver/Src/stm32f3xx_hal_rcc.c ****   
1169:Drivers/STM32F3xx_HAL_Driver/Src/stm32f3xx_hal_rcc.c ****   /* Get the APB1 configuration ----------------------------------------------*/ 
1170:Drivers/STM32F3xx_HAL_Driver/Src/stm32f3xx_hal_rcc.c ****   RCC_ClkInitStruct->APB1CLKDivider = (uint32_t)(RCC->CFGR & RCC_CFGR_PPRE1);   
 3116              		.loc 1 1170 3 is_stmt 1 view .LVU910
 3117              		.loc 1 1170 53 is_stmt 0 view .LVU911
 3118 0016 5A68     		ldr	r2, [r3, #4]
 3119              		.loc 1 1170 39 view .LVU912
 3120 0018 02F4E062 		and	r2, r2, #1792
 3121              		.loc 1 1170 37 view .LVU913
 3122 001c C260     		str	r2, [r0, #12]
ARM GAS  C:\Users\nakas\AppData\Local\Temp\ccIuqt5O.s 			page 102


1171:Drivers/STM32F3xx_HAL_Driver/Src/stm32f3xx_hal_rcc.c ****   
1172:Drivers/STM32F3xx_HAL_Driver/Src/stm32f3xx_hal_rcc.c ****   /* Get the APB2 configuration ----------------------------------------------*/ 
1173:Drivers/STM32F3xx_HAL_Driver/Src/stm32f3xx_hal_rcc.c ****   RCC_ClkInitStruct->APB2CLKDivider = (uint32_t)((RCC->CFGR & RCC_CFGR_PPRE2) >> 3U);
 3123              		.loc 1 1173 3 is_stmt 1 view .LVU914
 3124              		.loc 1 1173 54 is_stmt 0 view .LVU915
 3125 001e 5B68     		ldr	r3, [r3, #4]
 3126              		.loc 1 1173 39 view .LVU916
 3127 0020 DB08     		lsrs	r3, r3, #3
 3128 0022 03F4E063 		and	r3, r3, #1792
 3129              		.loc 1 1173 37 view .LVU917
 3130 0026 0361     		str	r3, [r0, #16]
1174:Drivers/STM32F3xx_HAL_Driver/Src/stm32f3xx_hal_rcc.c ****   
1175:Drivers/STM32F3xx_HAL_Driver/Src/stm32f3xx_hal_rcc.c ****   /* Get the Flash Wait State (Latency) configuration ------------------------*/   
1176:Drivers/STM32F3xx_HAL_Driver/Src/stm32f3xx_hal_rcc.c ****   *pFLatency = (uint32_t)(FLASH->ACR & FLASH_ACR_LATENCY); 
 3131              		.loc 1 1176 3 is_stmt 1 view .LVU918
 3132              		.loc 1 1176 32 is_stmt 0 view .LVU919
 3133 0028 034B     		ldr	r3, .L212+4
 3134 002a 1B68     		ldr	r3, [r3]
 3135              		.loc 1 1176 16 view .LVU920
 3136 002c 03F00703 		and	r3, r3, #7
 3137              		.loc 1 1176 14 view .LVU921
 3138 0030 0B60     		str	r3, [r1]
1177:Drivers/STM32F3xx_HAL_Driver/Src/stm32f3xx_hal_rcc.c **** }
 3139              		.loc 1 1177 1 view .LVU922
 3140 0032 7047     		bx	lr
 3141              	.L213:
 3142              		.align	2
 3143              	.L212:
 3144 0034 00100240 		.word	1073876992
 3145 0038 00200240 		.word	1073881088
 3146              		.cfi_endproc
 3147              	.LFE134:
 3149              		.section	.text.HAL_RCC_CSSCallback,"ax",%progbits
 3150              		.align	1
 3151              		.weak	HAL_RCC_CSSCallback
 3152              		.syntax unified
 3153              		.thumb
 3154              		.thumb_func
 3156              	HAL_RCC_CSSCallback:
 3157              	.LFB136:
1178:Drivers/STM32F3xx_HAL_Driver/Src/stm32f3xx_hal_rcc.c **** 
1179:Drivers/STM32F3xx_HAL_Driver/Src/stm32f3xx_hal_rcc.c **** /**
1180:Drivers/STM32F3xx_HAL_Driver/Src/stm32f3xx_hal_rcc.c ****   * @brief This function handles the RCC CSS interrupt request.
1181:Drivers/STM32F3xx_HAL_Driver/Src/stm32f3xx_hal_rcc.c ****   * @note This API should be called under the NMI_Handler().
1182:Drivers/STM32F3xx_HAL_Driver/Src/stm32f3xx_hal_rcc.c ****   * @retval None
1183:Drivers/STM32F3xx_HAL_Driver/Src/stm32f3xx_hal_rcc.c ****   */
1184:Drivers/STM32F3xx_HAL_Driver/Src/stm32f3xx_hal_rcc.c **** void HAL_RCC_NMI_IRQHandler(void)
1185:Drivers/STM32F3xx_HAL_Driver/Src/stm32f3xx_hal_rcc.c **** {
1186:Drivers/STM32F3xx_HAL_Driver/Src/stm32f3xx_hal_rcc.c ****   /* Check RCC CSSF flag  */
1187:Drivers/STM32F3xx_HAL_Driver/Src/stm32f3xx_hal_rcc.c ****   if(__HAL_RCC_GET_IT(RCC_IT_CSS))
1188:Drivers/STM32F3xx_HAL_Driver/Src/stm32f3xx_hal_rcc.c ****   {
1189:Drivers/STM32F3xx_HAL_Driver/Src/stm32f3xx_hal_rcc.c ****     /* RCC Clock Security System interrupt user callback */
1190:Drivers/STM32F3xx_HAL_Driver/Src/stm32f3xx_hal_rcc.c ****     HAL_RCC_CSSCallback();
1191:Drivers/STM32F3xx_HAL_Driver/Src/stm32f3xx_hal_rcc.c ****     
1192:Drivers/STM32F3xx_HAL_Driver/Src/stm32f3xx_hal_rcc.c ****     /* Clear RCC CSS pending bit */
1193:Drivers/STM32F3xx_HAL_Driver/Src/stm32f3xx_hal_rcc.c ****     __HAL_RCC_CLEAR_IT(RCC_IT_CSS);
1194:Drivers/STM32F3xx_HAL_Driver/Src/stm32f3xx_hal_rcc.c ****   }
ARM GAS  C:\Users\nakas\AppData\Local\Temp\ccIuqt5O.s 			page 103


1195:Drivers/STM32F3xx_HAL_Driver/Src/stm32f3xx_hal_rcc.c **** }
1196:Drivers/STM32F3xx_HAL_Driver/Src/stm32f3xx_hal_rcc.c **** 
1197:Drivers/STM32F3xx_HAL_Driver/Src/stm32f3xx_hal_rcc.c **** /**
1198:Drivers/STM32F3xx_HAL_Driver/Src/stm32f3xx_hal_rcc.c ****   * @brief  RCC Clock Security System interrupt callback
1199:Drivers/STM32F3xx_HAL_Driver/Src/stm32f3xx_hal_rcc.c ****   * @retval none
1200:Drivers/STM32F3xx_HAL_Driver/Src/stm32f3xx_hal_rcc.c ****   */
1201:Drivers/STM32F3xx_HAL_Driver/Src/stm32f3xx_hal_rcc.c **** __weak void HAL_RCC_CSSCallback(void)
1202:Drivers/STM32F3xx_HAL_Driver/Src/stm32f3xx_hal_rcc.c **** {
 3158              		.loc 1 1202 1 is_stmt 1 view -0
 3159              		.cfi_startproc
 3160              		@ args = 0, pretend = 0, frame = 0
 3161              		@ frame_needed = 0, uses_anonymous_args = 0
 3162              		@ link register save eliminated.
1203:Drivers/STM32F3xx_HAL_Driver/Src/stm32f3xx_hal_rcc.c ****   /* NOTE : This function Should not be modified, when the callback is needed,
1204:Drivers/STM32F3xx_HAL_Driver/Src/stm32f3xx_hal_rcc.c ****     the HAL_RCC_CSSCallback could be implemented in the user file
1205:Drivers/STM32F3xx_HAL_Driver/Src/stm32f3xx_hal_rcc.c ****     */ 
1206:Drivers/STM32F3xx_HAL_Driver/Src/stm32f3xx_hal_rcc.c **** }
 3163              		.loc 1 1206 1 view .LVU924
 3164 0000 7047     		bx	lr
 3165              		.cfi_endproc
 3166              	.LFE136:
 3168              		.section	.text.HAL_RCC_NMI_IRQHandler,"ax",%progbits
 3169              		.align	1
 3170              		.global	HAL_RCC_NMI_IRQHandler
 3171              		.syntax unified
 3172              		.thumb
 3173              		.thumb_func
 3175              	HAL_RCC_NMI_IRQHandler:
 3176              	.LFB135:
1185:Drivers/STM32F3xx_HAL_Driver/Src/stm32f3xx_hal_rcc.c ****   /* Check RCC CSSF flag  */
 3177              		.loc 1 1185 1 view -0
 3178              		.cfi_startproc
 3179              		@ args = 0, pretend = 0, frame = 0
 3180              		@ frame_needed = 0, uses_anonymous_args = 0
 3181 0000 08B5     		push	{r3, lr}
 3182              	.LCFI15:
 3183              		.cfi_def_cfa_offset 8
 3184              		.cfi_offset 3, -8
 3185              		.cfi_offset 14, -4
1187:Drivers/STM32F3xx_HAL_Driver/Src/stm32f3xx_hal_rcc.c ****   {
 3186              		.loc 1 1187 3 view .LVU926
1187:Drivers/STM32F3xx_HAL_Driver/Src/stm32f3xx_hal_rcc.c ****   {
 3187              		.loc 1 1187 6 is_stmt 0 view .LVU927
 3188 0002 064B     		ldr	r3, .L219
 3189 0004 9B68     		ldr	r3, [r3, #8]
1187:Drivers/STM32F3xx_HAL_Driver/Src/stm32f3xx_hal_rcc.c ****   {
 3190              		.loc 1 1187 5 view .LVU928
 3191 0006 13F0800F 		tst	r3, #128
 3192 000a 00D1     		bne	.L218
 3193              	.L215:
1195:Drivers/STM32F3xx_HAL_Driver/Src/stm32f3xx_hal_rcc.c **** 
 3194              		.loc 1 1195 1 view .LVU929
 3195 000c 08BD     		pop	{r3, pc}
 3196              	.L218:
1190:Drivers/STM32F3xx_HAL_Driver/Src/stm32f3xx_hal_rcc.c ****     
 3197              		.loc 1 1190 5 is_stmt 1 view .LVU930
 3198 000e FFF7FEFF 		bl	HAL_RCC_CSSCallback
ARM GAS  C:\Users\nakas\AppData\Local\Temp\ccIuqt5O.s 			page 104


 3199              	.LVL212:
1193:Drivers/STM32F3xx_HAL_Driver/Src/stm32f3xx_hal_rcc.c ****   }
 3200              		.loc 1 1193 5 view .LVU931
 3201 0012 024B     		ldr	r3, .L219
 3202 0014 8022     		movs	r2, #128
 3203 0016 9A72     		strb	r2, [r3, #10]
1195:Drivers/STM32F3xx_HAL_Driver/Src/stm32f3xx_hal_rcc.c **** 
 3204              		.loc 1 1195 1 is_stmt 0 view .LVU932
 3205 0018 F8E7     		b	.L215
 3206              	.L220:
 3207 001a 00BF     		.align	2
 3208              	.L219:
 3209 001c 00100240 		.word	1073876992
 3210              		.cfi_endproc
 3211              	.LFE135:
 3213              		.section	.rodata.aPredivFactorTable,"a"
 3214              		.align	2
 3217              	aPredivFactorTable:
 3218 0000 01020304 		.ascii	"\001\002\003\004\005\006\007\010\011\012\013\014\015"
 3218      05060708 
 3218      090A0B0C 
 3218      0D
 3219 000d 0E0F10   		.ascii	"\016\017\020"
 3220              		.section	.rodata.aPLLMULFactorTable,"a"
 3221              		.align	2
 3224              	aPLLMULFactorTable:
 3225 0000 02030405 		.ascii	"\002\003\004\005\006\007\010\011\012\013\014\015\016"
 3225      06070809 
 3225      0A0B0C0D 
 3225      0E
 3226 000d 0F1010   		.ascii	"\017\020\020"
 3227              		.text
 3228              	.Letext0:
 3229              		.file 3 "C:\\STM32CubeCLT_1.21.0\\GNU-tools-for-STM32\\bin\\../lib/gcc/arm-none-eabi/14.3.1/../../
 3230              		.file 4 "C:\\STM32CubeCLT_1.21.0\\GNU-tools-for-STM32\\bin\\../lib/gcc/arm-none-eabi/14.3.1/../../
 3231              		.file 5 "Drivers/CMSIS/Device/ST/STM32F3xx/Include/system_stm32f3xx.h"
 3232              		.file 6 "Drivers/CMSIS/Device/ST/STM32F3xx/Include/stm32f303x8.h"
 3233              		.file 7 "Drivers/CMSIS/Device/ST/STM32F3xx/Include/stm32f3xx.h"
 3234              		.file 8 "Drivers/STM32F3xx_HAL_Driver/Inc/stm32f3xx_hal_def.h"
 3235              		.file 9 "Drivers/STM32F3xx_HAL_Driver/Inc/stm32f3xx_hal_rcc.h"
 3236              		.file 10 "Drivers/STM32F3xx_HAL_Driver/Inc/stm32f3xx_hal_gpio.h"
 3237              		.file 11 "Drivers/STM32F3xx_HAL_Driver/Inc/stm32f3xx_hal.h"
ARM GAS  C:\Users\nakas\AppData\Local\Temp\ccIuqt5O.s 			page 105


DEFINED SYMBOLS
                            *ABS*:00000000 stm32f3xx_hal_rcc.c
C:\Users\nakas\AppData\Local\Temp\ccIuqt5O.s:21     .text.HAL_RCC_DeInit:00000000 $t
C:\Users\nakas\AppData\Local\Temp\ccIuqt5O.s:27     .text.HAL_RCC_DeInit:00000000 HAL_RCC_DeInit
C:\Users\nakas\AppData\Local\Temp\ccIuqt5O.s:229    .text.HAL_RCC_DeInit:000000dc $d
C:\Users\nakas\AppData\Local\Temp\ccIuqt5O.s:239    .text.HAL_RCC_OscConfig:00000000 $t
C:\Users\nakas\AppData\Local\Temp\ccIuqt5O.s:245    .text.HAL_RCC_OscConfig:00000000 HAL_RCC_OscConfig
C:\Users\nakas\AppData\Local\Temp\ccIuqt5O.s:1062   .text.HAL_RCC_OscConfig:000002e8 $d
C:\Users\nakas\AppData\Local\Temp\ccIuqt5O.s:1073   .text.HAL_RCC_OscConfig:000002f0 $t
C:\Users\nakas\AppData\Local\Temp\ccIuqt5O.s:1924   .text.HAL_RCC_OscConfig:000005d8 $d
C:\Users\nakas\AppData\Local\Temp\ccIuqt5O.s:1931   .text.HAL_RCC_OscConfig:000005e4 $t
C:\Users\nakas\AppData\Local\Temp\ccIuqt5O.s:2032   .text.HAL_RCC_OscConfig:0000062c $d
C:\Users\nakas\AppData\Local\Temp\ccIuqt5O.s:2037   .text.HAL_RCC_MCOConfig:00000000 $t
C:\Users\nakas\AppData\Local\Temp\ccIuqt5O.s:2043   .text.HAL_RCC_MCOConfig:00000000 HAL_RCC_MCOConfig
C:\Users\nakas\AppData\Local\Temp\ccIuqt5O.s:2133   .text.HAL_RCC_MCOConfig:0000004c $d
C:\Users\nakas\AppData\Local\Temp\ccIuqt5O.s:2138   .text.HAL_RCC_EnableCSS:00000000 $t
C:\Users\nakas\AppData\Local\Temp\ccIuqt5O.s:2144   .text.HAL_RCC_EnableCSS:00000000 HAL_RCC_EnableCSS
C:\Users\nakas\AppData\Local\Temp\ccIuqt5O.s:2185   .text.HAL_RCC_DisableCSS:00000000 $t
C:\Users\nakas\AppData\Local\Temp\ccIuqt5O.s:2191   .text.HAL_RCC_DisableCSS:00000000 HAL_RCC_DisableCSS
C:\Users\nakas\AppData\Local\Temp\ccIuqt5O.s:2232   .text.HAL_RCC_GetSysClockFreq:00000000 $t
C:\Users\nakas\AppData\Local\Temp\ccIuqt5O.s:2238   .text.HAL_RCC_GetSysClockFreq:00000000 HAL_RCC_GetSysClockFreq
C:\Users\nakas\AppData\Local\Temp\ccIuqt5O.s:2313   .text.HAL_RCC_GetSysClockFreq:00000040 $d
C:\Users\nakas\AppData\Local\Temp\ccIuqt5O.s:3224   .rodata.aPLLMULFactorTable:00000000 aPLLMULFactorTable
C:\Users\nakas\AppData\Local\Temp\ccIuqt5O.s:3217   .rodata.aPredivFactorTable:00000000 aPredivFactorTable
C:\Users\nakas\AppData\Local\Temp\ccIuqt5O.s:2322   .text.HAL_RCC_ClockConfig:00000000 $t
C:\Users\nakas\AppData\Local\Temp\ccIuqt5O.s:2328   .text.HAL_RCC_ClockConfig:00000000 HAL_RCC_ClockConfig
C:\Users\nakas\AppData\Local\Temp\ccIuqt5O.s:2747   .text.HAL_RCC_ClockConfig:00000194 $d
C:\Users\nakas\AppData\Local\Temp\ccIuqt5O.s:2756   .text.HAL_RCC_GetHCLKFreq:00000000 $t
C:\Users\nakas\AppData\Local\Temp\ccIuqt5O.s:2762   .text.HAL_RCC_GetHCLKFreq:00000000 HAL_RCC_GetHCLKFreq
C:\Users\nakas\AppData\Local\Temp\ccIuqt5O.s:2777   .text.HAL_RCC_GetHCLKFreq:00000008 $d
C:\Users\nakas\AppData\Local\Temp\ccIuqt5O.s:2782   .text.HAL_RCC_GetPCLK1Freq:00000000 $t
C:\Users\nakas\AppData\Local\Temp\ccIuqt5O.s:2788   .text.HAL_RCC_GetPCLK1Freq:00000000 HAL_RCC_GetPCLK1Freq
C:\Users\nakas\AppData\Local\Temp\ccIuqt5O.s:2839   .text.HAL_RCC_GetPCLK1Freq:00000024 $d
C:\Users\nakas\AppData\Local\Temp\ccIuqt5O.s:2845   .text.HAL_RCC_GetPCLK2Freq:00000000 $t
C:\Users\nakas\AppData\Local\Temp\ccIuqt5O.s:2851   .text.HAL_RCC_GetPCLK2Freq:00000000 HAL_RCC_GetPCLK2Freq
C:\Users\nakas\AppData\Local\Temp\ccIuqt5O.s:2902   .text.HAL_RCC_GetPCLK2Freq:00000024 $d
C:\Users\nakas\AppData\Local\Temp\ccIuqt5O.s:2908   .text.HAL_RCC_GetOscConfig:00000000 $t
C:\Users\nakas\AppData\Local\Temp\ccIuqt5O.s:2914   .text.HAL_RCC_GetOscConfig:00000000 HAL_RCC_GetOscConfig
C:\Users\nakas\AppData\Local\Temp\ccIuqt5O.s:3076   .text.HAL_RCC_GetOscConfig:000000b0 $d
C:\Users\nakas\AppData\Local\Temp\ccIuqt5O.s:3081   .text.HAL_RCC_GetClockConfig:00000000 $t
C:\Users\nakas\AppData\Local\Temp\ccIuqt5O.s:3087   .text.HAL_RCC_GetClockConfig:00000000 HAL_RCC_GetClockConfig
C:\Users\nakas\AppData\Local\Temp\ccIuqt5O.s:3144   .text.HAL_RCC_GetClockConfig:00000034 $d
C:\Users\nakas\AppData\Local\Temp\ccIuqt5O.s:3150   .text.HAL_RCC_CSSCallback:00000000 $t
C:\Users\nakas\AppData\Local\Temp\ccIuqt5O.s:3156   .text.HAL_RCC_CSSCallback:00000000 HAL_RCC_CSSCallback
C:\Users\nakas\AppData\Local\Temp\ccIuqt5O.s:3169   .text.HAL_RCC_NMI_IRQHandler:00000000 $t
C:\Users\nakas\AppData\Local\Temp\ccIuqt5O.s:3175   .text.HAL_RCC_NMI_IRQHandler:00000000 HAL_RCC_NMI_IRQHandler
C:\Users\nakas\AppData\Local\Temp\ccIuqt5O.s:3209   .text.HAL_RCC_NMI_IRQHandler:0000001c $d
C:\Users\nakas\AppData\Local\Temp\ccIuqt5O.s:3214   .rodata.aPredivFactorTable:00000000 $d
C:\Users\nakas\AppData\Local\Temp\ccIuqt5O.s:3221   .rodata.aPLLMULFactorTable:00000000 $d

UNDEFINED SYMBOLS
HAL_GetTick
HAL_InitTick
SystemCoreClock
uwTickPrio
HAL_GPIO_Init
AHBPrescTable
ARM GAS  C:\Users\nakas\AppData\Local\Temp\ccIuqt5O.s 			page 106


APBPrescTable
