ARM GAS  C:\Users\nakas\AppData\Local\Temp\ccLYSQiW.s 			page 1


   1              		.cpu cortex-m4
   2              		.arch armv7e-m
   3              		.fpu fpv4-sp-d16
   4              		.eabi_attribute 27, 1
   5              		.eabi_attribute 28, 1
   6              		.eabi_attribute 20, 1
   7              		.eabi_attribute 21, 1
   8              		.eabi_attribute 23, 3
   9              		.eabi_attribute 24, 1
  10              		.eabi_attribute 25, 1
  11              		.eabi_attribute 26, 1
  12              		.eabi_attribute 30, 1
  13              		.eabi_attribute 34, 1
  14              		.eabi_attribute 18, 4
  15              		.file	"stm32f3xx_hal_tim_ex.c"
  16              		.text
  17              	.Ltext0:
  18              		.cfi_sections	.debug_frame
  19              		.file 1 "Drivers/STM32F3xx_HAL_Driver/Src/stm32f3xx_hal_tim_ex.c"
  20              		.section	.text.TIM_CCxNChannelCmd,"ax",%progbits
  21              		.align	1
  22              		.syntax unified
  23              		.thumb
  24              		.thumb_func
  26              	TIM_CCxNChannelCmd:
  27              	.LVL0:
  28              	.LFB166:
   1:Drivers/STM32F3xx_HAL_Driver/Src/stm32f3xx_hal_tim_ex.c **** /**
   2:Drivers/STM32F3xx_HAL_Driver/Src/stm32f3xx_hal_tim_ex.c ****   ******************************************************************************
   3:Drivers/STM32F3xx_HAL_Driver/Src/stm32f3xx_hal_tim_ex.c ****   * @file    stm32f3xx_hal_tim_ex.c
   4:Drivers/STM32F3xx_HAL_Driver/Src/stm32f3xx_hal_tim_ex.c ****   * @author  MCD Application Team
   5:Drivers/STM32F3xx_HAL_Driver/Src/stm32f3xx_hal_tim_ex.c ****   * @brief   TIM HAL module driver.
   6:Drivers/STM32F3xx_HAL_Driver/Src/stm32f3xx_hal_tim_ex.c ****   *          This file provides firmware functions to manage the following
   7:Drivers/STM32F3xx_HAL_Driver/Src/stm32f3xx_hal_tim_ex.c ****   *          functionalities of the Timer Extended peripheral:
   8:Drivers/STM32F3xx_HAL_Driver/Src/stm32f3xx_hal_tim_ex.c ****   *           + Time Hall Sensor Interface Initialization
   9:Drivers/STM32F3xx_HAL_Driver/Src/stm32f3xx_hal_tim_ex.c ****   *           + Time Hall Sensor Interface Start
  10:Drivers/STM32F3xx_HAL_Driver/Src/stm32f3xx_hal_tim_ex.c ****   *           + Time Complementary signal break and dead time configuration
  11:Drivers/STM32F3xx_HAL_Driver/Src/stm32f3xx_hal_tim_ex.c ****   *           + Time Master and Slave synchronization configuration
  12:Drivers/STM32F3xx_HAL_Driver/Src/stm32f3xx_hal_tim_ex.c ****   *           + Time Output Compare/PWM Channel Configuration (for channels 5 and 6)
  13:Drivers/STM32F3xx_HAL_Driver/Src/stm32f3xx_hal_tim_ex.c ****   *           + Time OCRef clear configuration
  14:Drivers/STM32F3xx_HAL_Driver/Src/stm32f3xx_hal_tim_ex.c ****   *           + Timer remapping capabilities configuration
  15:Drivers/STM32F3xx_HAL_Driver/Src/stm32f3xx_hal_tim_ex.c ****   ******************************************************************************
  16:Drivers/STM32F3xx_HAL_Driver/Src/stm32f3xx_hal_tim_ex.c ****   * @attention
  17:Drivers/STM32F3xx_HAL_Driver/Src/stm32f3xx_hal_tim_ex.c ****   *
  18:Drivers/STM32F3xx_HAL_Driver/Src/stm32f3xx_hal_tim_ex.c ****   * Copyright (c) 2016 STMicroelectronics.
  19:Drivers/STM32F3xx_HAL_Driver/Src/stm32f3xx_hal_tim_ex.c ****   * All rights reserved.
  20:Drivers/STM32F3xx_HAL_Driver/Src/stm32f3xx_hal_tim_ex.c ****   *
  21:Drivers/STM32F3xx_HAL_Driver/Src/stm32f3xx_hal_tim_ex.c ****   * This software is licensed under terms that can be found in the LICENSE file
  22:Drivers/STM32F3xx_HAL_Driver/Src/stm32f3xx_hal_tim_ex.c ****   * in the root directory of this software component.
  23:Drivers/STM32F3xx_HAL_Driver/Src/stm32f3xx_hal_tim_ex.c ****   * If no LICENSE file comes with this software, it is provided AS-IS.
  24:Drivers/STM32F3xx_HAL_Driver/Src/stm32f3xx_hal_tim_ex.c ****   *
  25:Drivers/STM32F3xx_HAL_Driver/Src/stm32f3xx_hal_tim_ex.c ****   ******************************************************************************
  26:Drivers/STM32F3xx_HAL_Driver/Src/stm32f3xx_hal_tim_ex.c ****   @verbatim
  27:Drivers/STM32F3xx_HAL_Driver/Src/stm32f3xx_hal_tim_ex.c ****   ==============================================================================
  28:Drivers/STM32F3xx_HAL_Driver/Src/stm32f3xx_hal_tim_ex.c ****                       ##### TIMER Extended features #####
  29:Drivers/STM32F3xx_HAL_Driver/Src/stm32f3xx_hal_tim_ex.c ****   ==============================================================================
  30:Drivers/STM32F3xx_HAL_Driver/Src/stm32f3xx_hal_tim_ex.c ****   [..]
ARM GAS  C:\Users\nakas\AppData\Local\Temp\ccLYSQiW.s 			page 2


  31:Drivers/STM32F3xx_HAL_Driver/Src/stm32f3xx_hal_tim_ex.c ****     The Timer Extended features include:
  32:Drivers/STM32F3xx_HAL_Driver/Src/stm32f3xx_hal_tim_ex.c ****     (#) Complementary outputs with programmable dead-time for :
  33:Drivers/STM32F3xx_HAL_Driver/Src/stm32f3xx_hal_tim_ex.c ****         (++) Output Compare
  34:Drivers/STM32F3xx_HAL_Driver/Src/stm32f3xx_hal_tim_ex.c ****         (++) PWM generation (Edge and Center-aligned Mode)
  35:Drivers/STM32F3xx_HAL_Driver/Src/stm32f3xx_hal_tim_ex.c ****         (++) One-pulse mode output
  36:Drivers/STM32F3xx_HAL_Driver/Src/stm32f3xx_hal_tim_ex.c ****     (#) Synchronization circuit to control the timer with external signals and to
  37:Drivers/STM32F3xx_HAL_Driver/Src/stm32f3xx_hal_tim_ex.c ****         interconnect several timers together.
  38:Drivers/STM32F3xx_HAL_Driver/Src/stm32f3xx_hal_tim_ex.c ****     (#) Break input to put the timer output signals in reset state or in a known state.
  39:Drivers/STM32F3xx_HAL_Driver/Src/stm32f3xx_hal_tim_ex.c ****     (#) Supports incremental (quadrature) encoder and hall-sensor circuitry for
  40:Drivers/STM32F3xx_HAL_Driver/Src/stm32f3xx_hal_tim_ex.c ****         positioning purposes
  41:Drivers/STM32F3xx_HAL_Driver/Src/stm32f3xx_hal_tim_ex.c **** 
  42:Drivers/STM32F3xx_HAL_Driver/Src/stm32f3xx_hal_tim_ex.c ****             ##### How to use this driver #####
  43:Drivers/STM32F3xx_HAL_Driver/Src/stm32f3xx_hal_tim_ex.c ****   ==============================================================================
  44:Drivers/STM32F3xx_HAL_Driver/Src/stm32f3xx_hal_tim_ex.c ****     [..]
  45:Drivers/STM32F3xx_HAL_Driver/Src/stm32f3xx_hal_tim_ex.c ****      (#) Initialize the TIM low level resources by implementing the following functions
  46:Drivers/STM32F3xx_HAL_Driver/Src/stm32f3xx_hal_tim_ex.c ****          depending on the selected feature:
  47:Drivers/STM32F3xx_HAL_Driver/Src/stm32f3xx_hal_tim_ex.c ****            (++) Hall Sensor output : HAL_TIMEx_HallSensor_MspInit()
  48:Drivers/STM32F3xx_HAL_Driver/Src/stm32f3xx_hal_tim_ex.c **** 
  49:Drivers/STM32F3xx_HAL_Driver/Src/stm32f3xx_hal_tim_ex.c ****      (#) Initialize the TIM low level resources :
  50:Drivers/STM32F3xx_HAL_Driver/Src/stm32f3xx_hal_tim_ex.c ****         (##) Enable the TIM interface clock using __HAL_RCC_TIMx_CLK_ENABLE();
  51:Drivers/STM32F3xx_HAL_Driver/Src/stm32f3xx_hal_tim_ex.c ****         (##) TIM pins configuration
  52:Drivers/STM32F3xx_HAL_Driver/Src/stm32f3xx_hal_tim_ex.c ****             (+++) Enable the clock for the TIM GPIOs using the following function:
  53:Drivers/STM32F3xx_HAL_Driver/Src/stm32f3xx_hal_tim_ex.c ****               __HAL_RCC_GPIOx_CLK_ENABLE();
  54:Drivers/STM32F3xx_HAL_Driver/Src/stm32f3xx_hal_tim_ex.c ****             (+++) Configure these TIM pins in Alternate function mode using HAL_GPIO_Init();
  55:Drivers/STM32F3xx_HAL_Driver/Src/stm32f3xx_hal_tim_ex.c **** 
  56:Drivers/STM32F3xx_HAL_Driver/Src/stm32f3xx_hal_tim_ex.c ****      (#) The external Clock can be configured, if needed (the default clock is the
  57:Drivers/STM32F3xx_HAL_Driver/Src/stm32f3xx_hal_tim_ex.c ****          internal clock from the APBx), using the following function:
  58:Drivers/STM32F3xx_HAL_Driver/Src/stm32f3xx_hal_tim_ex.c ****          HAL_TIM_ConfigClockSource, the clock configuration should be done before
  59:Drivers/STM32F3xx_HAL_Driver/Src/stm32f3xx_hal_tim_ex.c ****          any start function.
  60:Drivers/STM32F3xx_HAL_Driver/Src/stm32f3xx_hal_tim_ex.c **** 
  61:Drivers/STM32F3xx_HAL_Driver/Src/stm32f3xx_hal_tim_ex.c ****      (#) Configure the TIM in the desired functioning mode using one of the
  62:Drivers/STM32F3xx_HAL_Driver/Src/stm32f3xx_hal_tim_ex.c ****          initialization function of this driver:
  63:Drivers/STM32F3xx_HAL_Driver/Src/stm32f3xx_hal_tim_ex.c ****           (++) HAL_TIMEx_HallSensor_Init() and HAL_TIMEx_ConfigCommutEvent(): to use the
  64:Drivers/STM32F3xx_HAL_Driver/Src/stm32f3xx_hal_tim_ex.c ****                Timer Hall Sensor Interface and the commutation event with the corresponding
  65:Drivers/STM32F3xx_HAL_Driver/Src/stm32f3xx_hal_tim_ex.c ****                Interrupt and DMA request if needed (Note that One Timer is used to interface
  66:Drivers/STM32F3xx_HAL_Driver/Src/stm32f3xx_hal_tim_ex.c ****                with the Hall sensor Interface and another Timer should be used to use
  67:Drivers/STM32F3xx_HAL_Driver/Src/stm32f3xx_hal_tim_ex.c ****                the commutation event).
  68:Drivers/STM32F3xx_HAL_Driver/Src/stm32f3xx_hal_tim_ex.c **** 
  69:Drivers/STM32F3xx_HAL_Driver/Src/stm32f3xx_hal_tim_ex.c ****      (#) Activate the TIM peripheral using one of the start functions:
  70:Drivers/STM32F3xx_HAL_Driver/Src/stm32f3xx_hal_tim_ex.c ****            (++) Complementary Output Compare : HAL_TIMEx_OCN_Start(), HAL_TIMEx_OCN_Start_DMA(),
  71:Drivers/STM32F3xx_HAL_Driver/Src/stm32f3xx_hal_tim_ex.c ****                 HAL_TIMEx_OCN_Start_IT()
  72:Drivers/STM32F3xx_HAL_Driver/Src/stm32f3xx_hal_tim_ex.c ****            (++) Complementary PWM generation : HAL_TIMEx_PWMN_Start(), HAL_TIMEx_PWMN_Start_DMA(),
  73:Drivers/STM32F3xx_HAL_Driver/Src/stm32f3xx_hal_tim_ex.c ****                 HAL_TIMEx_PWMN_Start_IT()
  74:Drivers/STM32F3xx_HAL_Driver/Src/stm32f3xx_hal_tim_ex.c ****            (++) Complementary One-pulse mode output : HAL_TIMEx_OnePulseN_Start(), HAL_TIMEx_OnePul
  75:Drivers/STM32F3xx_HAL_Driver/Src/stm32f3xx_hal_tim_ex.c ****            (++) Hall Sensor output : HAL_TIMEx_HallSensor_Start(), HAL_TIMEx_HallSensor_Start_DMA()
  76:Drivers/STM32F3xx_HAL_Driver/Src/stm32f3xx_hal_tim_ex.c ****                 HAL_TIMEx_HallSensor_Start_IT().
  77:Drivers/STM32F3xx_HAL_Driver/Src/stm32f3xx_hal_tim_ex.c **** 
  78:Drivers/STM32F3xx_HAL_Driver/Src/stm32f3xx_hal_tim_ex.c ****   @endverbatim
  79:Drivers/STM32F3xx_HAL_Driver/Src/stm32f3xx_hal_tim_ex.c ****   ******************************************************************************
  80:Drivers/STM32F3xx_HAL_Driver/Src/stm32f3xx_hal_tim_ex.c ****   */
  81:Drivers/STM32F3xx_HAL_Driver/Src/stm32f3xx_hal_tim_ex.c **** 
  82:Drivers/STM32F3xx_HAL_Driver/Src/stm32f3xx_hal_tim_ex.c **** /* Includes ------------------------------------------------------------------*/
  83:Drivers/STM32F3xx_HAL_Driver/Src/stm32f3xx_hal_tim_ex.c **** #include "stm32f3xx_hal.h"
  84:Drivers/STM32F3xx_HAL_Driver/Src/stm32f3xx_hal_tim_ex.c **** 
  85:Drivers/STM32F3xx_HAL_Driver/Src/stm32f3xx_hal_tim_ex.c **** /** @addtogroup STM32F3xx_HAL_Driver
  86:Drivers/STM32F3xx_HAL_Driver/Src/stm32f3xx_hal_tim_ex.c ****   * @{
  87:Drivers/STM32F3xx_HAL_Driver/Src/stm32f3xx_hal_tim_ex.c ****   */
ARM GAS  C:\Users\nakas\AppData\Local\Temp\ccLYSQiW.s 			page 3


  88:Drivers/STM32F3xx_HAL_Driver/Src/stm32f3xx_hal_tim_ex.c **** 
  89:Drivers/STM32F3xx_HAL_Driver/Src/stm32f3xx_hal_tim_ex.c **** /** @defgroup TIMEx TIMEx
  90:Drivers/STM32F3xx_HAL_Driver/Src/stm32f3xx_hal_tim_ex.c ****   * @brief TIM Extended HAL module driver
  91:Drivers/STM32F3xx_HAL_Driver/Src/stm32f3xx_hal_tim_ex.c ****   * @{
  92:Drivers/STM32F3xx_HAL_Driver/Src/stm32f3xx_hal_tim_ex.c ****   */
  93:Drivers/STM32F3xx_HAL_Driver/Src/stm32f3xx_hal_tim_ex.c **** 
  94:Drivers/STM32F3xx_HAL_Driver/Src/stm32f3xx_hal_tim_ex.c **** #ifdef HAL_TIM_MODULE_ENABLED
  95:Drivers/STM32F3xx_HAL_Driver/Src/stm32f3xx_hal_tim_ex.c **** 
  96:Drivers/STM32F3xx_HAL_Driver/Src/stm32f3xx_hal_tim_ex.c **** /* Private typedef -----------------------------------------------------------*/
  97:Drivers/STM32F3xx_HAL_Driver/Src/stm32f3xx_hal_tim_ex.c **** /* Private define ------------------------------------------------------------*/
  98:Drivers/STM32F3xx_HAL_Driver/Src/stm32f3xx_hal_tim_ex.c **** /* Private macros ------------------------------------------------------------*/
  99:Drivers/STM32F3xx_HAL_Driver/Src/stm32f3xx_hal_tim_ex.c **** /* Private variables ---------------------------------------------------------*/
 100:Drivers/STM32F3xx_HAL_Driver/Src/stm32f3xx_hal_tim_ex.c **** /* Private function prototypes -----------------------------------------------*/
 101:Drivers/STM32F3xx_HAL_Driver/Src/stm32f3xx_hal_tim_ex.c **** static void TIM_DMADelayPulseNCplt(DMA_HandleTypeDef *hdma);
 102:Drivers/STM32F3xx_HAL_Driver/Src/stm32f3xx_hal_tim_ex.c **** static void TIM_DMAErrorCCxN(DMA_HandleTypeDef *hdma);
 103:Drivers/STM32F3xx_HAL_Driver/Src/stm32f3xx_hal_tim_ex.c **** static void TIM_CCxNChannelCmd(TIM_TypeDef *TIMx, uint32_t Channel, uint32_t ChannelNState);
 104:Drivers/STM32F3xx_HAL_Driver/Src/stm32f3xx_hal_tim_ex.c **** 
 105:Drivers/STM32F3xx_HAL_Driver/Src/stm32f3xx_hal_tim_ex.c **** /* Exported functions --------------------------------------------------------*/
 106:Drivers/STM32F3xx_HAL_Driver/Src/stm32f3xx_hal_tim_ex.c **** /** @defgroup TIMEx_Exported_Functions TIM Extended Exported Functions
 107:Drivers/STM32F3xx_HAL_Driver/Src/stm32f3xx_hal_tim_ex.c ****   * @{
 108:Drivers/STM32F3xx_HAL_Driver/Src/stm32f3xx_hal_tim_ex.c ****   */
 109:Drivers/STM32F3xx_HAL_Driver/Src/stm32f3xx_hal_tim_ex.c **** 
 110:Drivers/STM32F3xx_HAL_Driver/Src/stm32f3xx_hal_tim_ex.c **** /** @defgroup TIMEx_Exported_Functions_Group1 Extended Timer Hall Sensor functions
 111:Drivers/STM32F3xx_HAL_Driver/Src/stm32f3xx_hal_tim_ex.c ****   * @brief    Timer Hall Sensor functions
 112:Drivers/STM32F3xx_HAL_Driver/Src/stm32f3xx_hal_tim_ex.c ****   *
 113:Drivers/STM32F3xx_HAL_Driver/Src/stm32f3xx_hal_tim_ex.c **** @verbatim
 114:Drivers/STM32F3xx_HAL_Driver/Src/stm32f3xx_hal_tim_ex.c ****   ==============================================================================
 115:Drivers/STM32F3xx_HAL_Driver/Src/stm32f3xx_hal_tim_ex.c ****                       ##### Timer Hall Sensor functions #####
 116:Drivers/STM32F3xx_HAL_Driver/Src/stm32f3xx_hal_tim_ex.c ****   ==============================================================================
 117:Drivers/STM32F3xx_HAL_Driver/Src/stm32f3xx_hal_tim_ex.c ****   [..]
 118:Drivers/STM32F3xx_HAL_Driver/Src/stm32f3xx_hal_tim_ex.c ****     This section provides functions allowing to:
 119:Drivers/STM32F3xx_HAL_Driver/Src/stm32f3xx_hal_tim_ex.c ****     (+) Initialize and configure TIM HAL Sensor.
 120:Drivers/STM32F3xx_HAL_Driver/Src/stm32f3xx_hal_tim_ex.c ****     (+) De-initialize TIM HAL Sensor.
 121:Drivers/STM32F3xx_HAL_Driver/Src/stm32f3xx_hal_tim_ex.c ****     (+) Start the Hall Sensor Interface.
 122:Drivers/STM32F3xx_HAL_Driver/Src/stm32f3xx_hal_tim_ex.c ****     (+) Stop the Hall Sensor Interface.
 123:Drivers/STM32F3xx_HAL_Driver/Src/stm32f3xx_hal_tim_ex.c ****     (+) Start the Hall Sensor Interface and enable interrupts.
 124:Drivers/STM32F3xx_HAL_Driver/Src/stm32f3xx_hal_tim_ex.c ****     (+) Stop the Hall Sensor Interface and disable interrupts.
 125:Drivers/STM32F3xx_HAL_Driver/Src/stm32f3xx_hal_tim_ex.c ****     (+) Start the Hall Sensor Interface and enable DMA transfers.
 126:Drivers/STM32F3xx_HAL_Driver/Src/stm32f3xx_hal_tim_ex.c ****     (+) Stop the Hall Sensor Interface and disable DMA transfers.
 127:Drivers/STM32F3xx_HAL_Driver/Src/stm32f3xx_hal_tim_ex.c **** 
 128:Drivers/STM32F3xx_HAL_Driver/Src/stm32f3xx_hal_tim_ex.c **** @endverbatim
 129:Drivers/STM32F3xx_HAL_Driver/Src/stm32f3xx_hal_tim_ex.c ****   * @{
 130:Drivers/STM32F3xx_HAL_Driver/Src/stm32f3xx_hal_tim_ex.c ****   */
 131:Drivers/STM32F3xx_HAL_Driver/Src/stm32f3xx_hal_tim_ex.c **** /**
 132:Drivers/STM32F3xx_HAL_Driver/Src/stm32f3xx_hal_tim_ex.c ****   * @brief  Initializes the TIM Hall Sensor Interface and initialize the associated handle.
 133:Drivers/STM32F3xx_HAL_Driver/Src/stm32f3xx_hal_tim_ex.c ****   * @note   When the timer instance is initialized in Hall Sensor Interface mode,
 134:Drivers/STM32F3xx_HAL_Driver/Src/stm32f3xx_hal_tim_ex.c ****   *         timer channels 1 and channel 2 are reserved and cannot be used for
 135:Drivers/STM32F3xx_HAL_Driver/Src/stm32f3xx_hal_tim_ex.c ****   *         other purpose.
 136:Drivers/STM32F3xx_HAL_Driver/Src/stm32f3xx_hal_tim_ex.c ****   * @param  htim TIM Hall Sensor Interface handle
 137:Drivers/STM32F3xx_HAL_Driver/Src/stm32f3xx_hal_tim_ex.c ****   * @param  sConfig TIM Hall Sensor configuration structure
 138:Drivers/STM32F3xx_HAL_Driver/Src/stm32f3xx_hal_tim_ex.c ****   * @retval HAL status
 139:Drivers/STM32F3xx_HAL_Driver/Src/stm32f3xx_hal_tim_ex.c ****   */
 140:Drivers/STM32F3xx_HAL_Driver/Src/stm32f3xx_hal_tim_ex.c **** HAL_StatusTypeDef HAL_TIMEx_HallSensor_Init(TIM_HandleTypeDef *htim, const TIM_HallSensor_InitTypeD
 141:Drivers/STM32F3xx_HAL_Driver/Src/stm32f3xx_hal_tim_ex.c **** {
 142:Drivers/STM32F3xx_HAL_Driver/Src/stm32f3xx_hal_tim_ex.c ****   TIM_OC_InitTypeDef OC_Config;
 143:Drivers/STM32F3xx_HAL_Driver/Src/stm32f3xx_hal_tim_ex.c **** 
 144:Drivers/STM32F3xx_HAL_Driver/Src/stm32f3xx_hal_tim_ex.c ****   /* Check the TIM handle allocation */
ARM GAS  C:\Users\nakas\AppData\Local\Temp\ccLYSQiW.s 			page 4


 145:Drivers/STM32F3xx_HAL_Driver/Src/stm32f3xx_hal_tim_ex.c ****   if (htim == NULL)
 146:Drivers/STM32F3xx_HAL_Driver/Src/stm32f3xx_hal_tim_ex.c ****   {
 147:Drivers/STM32F3xx_HAL_Driver/Src/stm32f3xx_hal_tim_ex.c ****     return HAL_ERROR;
 148:Drivers/STM32F3xx_HAL_Driver/Src/stm32f3xx_hal_tim_ex.c ****   }
 149:Drivers/STM32F3xx_HAL_Driver/Src/stm32f3xx_hal_tim_ex.c **** 
 150:Drivers/STM32F3xx_HAL_Driver/Src/stm32f3xx_hal_tim_ex.c ****   /* Check the parameters */
 151:Drivers/STM32F3xx_HAL_Driver/Src/stm32f3xx_hal_tim_ex.c ****   assert_param(IS_TIM_HALL_SENSOR_INTERFACE_INSTANCE(htim->Instance));
 152:Drivers/STM32F3xx_HAL_Driver/Src/stm32f3xx_hal_tim_ex.c ****   assert_param(IS_TIM_COUNTER_MODE(htim->Init.CounterMode));
 153:Drivers/STM32F3xx_HAL_Driver/Src/stm32f3xx_hal_tim_ex.c ****   assert_param(IS_TIM_CLOCKDIVISION_DIV(htim->Init.ClockDivision));
 154:Drivers/STM32F3xx_HAL_Driver/Src/stm32f3xx_hal_tim_ex.c ****   assert_param(IS_TIM_AUTORELOAD_PRELOAD(htim->Init.AutoReloadPreload));
 155:Drivers/STM32F3xx_HAL_Driver/Src/stm32f3xx_hal_tim_ex.c ****   assert_param(IS_TIM_IC_POLARITY(sConfig->IC1Polarity));
 156:Drivers/STM32F3xx_HAL_Driver/Src/stm32f3xx_hal_tim_ex.c ****   assert_param(IS_TIM_PERIOD(htim, htim->Init.Period));
 157:Drivers/STM32F3xx_HAL_Driver/Src/stm32f3xx_hal_tim_ex.c ****   assert_param(IS_TIM_IC_PRESCALER(sConfig->IC1Prescaler));
 158:Drivers/STM32F3xx_HAL_Driver/Src/stm32f3xx_hal_tim_ex.c ****   assert_param(IS_TIM_IC_FILTER(sConfig->IC1Filter));
 159:Drivers/STM32F3xx_HAL_Driver/Src/stm32f3xx_hal_tim_ex.c **** 
 160:Drivers/STM32F3xx_HAL_Driver/Src/stm32f3xx_hal_tim_ex.c ****   if (htim->State == HAL_TIM_STATE_RESET)
 161:Drivers/STM32F3xx_HAL_Driver/Src/stm32f3xx_hal_tim_ex.c ****   {
 162:Drivers/STM32F3xx_HAL_Driver/Src/stm32f3xx_hal_tim_ex.c ****     /* Allocate lock resource and initialize it */
 163:Drivers/STM32F3xx_HAL_Driver/Src/stm32f3xx_hal_tim_ex.c ****     htim->Lock = HAL_UNLOCKED;
 164:Drivers/STM32F3xx_HAL_Driver/Src/stm32f3xx_hal_tim_ex.c **** 
 165:Drivers/STM32F3xx_HAL_Driver/Src/stm32f3xx_hal_tim_ex.c **** #if (USE_HAL_TIM_REGISTER_CALLBACKS == 1)
 166:Drivers/STM32F3xx_HAL_Driver/Src/stm32f3xx_hal_tim_ex.c ****     /* Reset interrupt callbacks to legacy week callbacks */
 167:Drivers/STM32F3xx_HAL_Driver/Src/stm32f3xx_hal_tim_ex.c ****     TIM_ResetCallback(htim);
 168:Drivers/STM32F3xx_HAL_Driver/Src/stm32f3xx_hal_tim_ex.c **** 
 169:Drivers/STM32F3xx_HAL_Driver/Src/stm32f3xx_hal_tim_ex.c ****     if (htim->HallSensor_MspInitCallback == NULL)
 170:Drivers/STM32F3xx_HAL_Driver/Src/stm32f3xx_hal_tim_ex.c ****     {
 171:Drivers/STM32F3xx_HAL_Driver/Src/stm32f3xx_hal_tim_ex.c ****       htim->HallSensor_MspInitCallback = HAL_TIMEx_HallSensor_MspInit;
 172:Drivers/STM32F3xx_HAL_Driver/Src/stm32f3xx_hal_tim_ex.c ****     }
 173:Drivers/STM32F3xx_HAL_Driver/Src/stm32f3xx_hal_tim_ex.c ****     /* Init the low level hardware : GPIO, CLOCK, NVIC */
 174:Drivers/STM32F3xx_HAL_Driver/Src/stm32f3xx_hal_tim_ex.c ****     htim->HallSensor_MspInitCallback(htim);
 175:Drivers/STM32F3xx_HAL_Driver/Src/stm32f3xx_hal_tim_ex.c **** #else
 176:Drivers/STM32F3xx_HAL_Driver/Src/stm32f3xx_hal_tim_ex.c ****     /* Init the low level hardware : GPIO, CLOCK, NVIC and DMA */
 177:Drivers/STM32F3xx_HAL_Driver/Src/stm32f3xx_hal_tim_ex.c ****     HAL_TIMEx_HallSensor_MspInit(htim);
 178:Drivers/STM32F3xx_HAL_Driver/Src/stm32f3xx_hal_tim_ex.c **** #endif /* USE_HAL_TIM_REGISTER_CALLBACKS */
 179:Drivers/STM32F3xx_HAL_Driver/Src/stm32f3xx_hal_tim_ex.c ****   }
 180:Drivers/STM32F3xx_HAL_Driver/Src/stm32f3xx_hal_tim_ex.c **** 
 181:Drivers/STM32F3xx_HAL_Driver/Src/stm32f3xx_hal_tim_ex.c ****   /* Set the TIM state */
 182:Drivers/STM32F3xx_HAL_Driver/Src/stm32f3xx_hal_tim_ex.c ****   htim->State = HAL_TIM_STATE_BUSY;
 183:Drivers/STM32F3xx_HAL_Driver/Src/stm32f3xx_hal_tim_ex.c **** 
 184:Drivers/STM32F3xx_HAL_Driver/Src/stm32f3xx_hal_tim_ex.c ****   /* Configure the Time base in the Encoder Mode */
 185:Drivers/STM32F3xx_HAL_Driver/Src/stm32f3xx_hal_tim_ex.c ****   TIM_Base_SetConfig(htim->Instance, &htim->Init);
 186:Drivers/STM32F3xx_HAL_Driver/Src/stm32f3xx_hal_tim_ex.c **** 
 187:Drivers/STM32F3xx_HAL_Driver/Src/stm32f3xx_hal_tim_ex.c ****   /* Configure the Channel 1 as Input Channel to interface with the three Outputs of the  Hall sens
 188:Drivers/STM32F3xx_HAL_Driver/Src/stm32f3xx_hal_tim_ex.c ****   TIM_TI1_SetConfig(htim->Instance, sConfig->IC1Polarity, TIM_ICSELECTION_TRC, sConfig->IC1Filter);
 189:Drivers/STM32F3xx_HAL_Driver/Src/stm32f3xx_hal_tim_ex.c **** 
 190:Drivers/STM32F3xx_HAL_Driver/Src/stm32f3xx_hal_tim_ex.c ****   /* Reset the IC1PSC Bits */
 191:Drivers/STM32F3xx_HAL_Driver/Src/stm32f3xx_hal_tim_ex.c ****   htim->Instance->CCMR1 &= ~TIM_CCMR1_IC1PSC;
 192:Drivers/STM32F3xx_HAL_Driver/Src/stm32f3xx_hal_tim_ex.c ****   /* Set the IC1PSC value */
 193:Drivers/STM32F3xx_HAL_Driver/Src/stm32f3xx_hal_tim_ex.c ****   htim->Instance->CCMR1 |= sConfig->IC1Prescaler;
 194:Drivers/STM32F3xx_HAL_Driver/Src/stm32f3xx_hal_tim_ex.c **** 
 195:Drivers/STM32F3xx_HAL_Driver/Src/stm32f3xx_hal_tim_ex.c ****   /* Enable the Hall sensor interface (XOR function of the three inputs) */
 196:Drivers/STM32F3xx_HAL_Driver/Src/stm32f3xx_hal_tim_ex.c ****   htim->Instance->CR2 |= TIM_CR2_TI1S;
 197:Drivers/STM32F3xx_HAL_Driver/Src/stm32f3xx_hal_tim_ex.c **** 
 198:Drivers/STM32F3xx_HAL_Driver/Src/stm32f3xx_hal_tim_ex.c ****   /* Select the TIM_TS_TI1F_ED signal as Input trigger for the TIM */
 199:Drivers/STM32F3xx_HAL_Driver/Src/stm32f3xx_hal_tim_ex.c ****   htim->Instance->SMCR &= ~TIM_SMCR_TS;
 200:Drivers/STM32F3xx_HAL_Driver/Src/stm32f3xx_hal_tim_ex.c ****   htim->Instance->SMCR |= TIM_TS_TI1F_ED;
 201:Drivers/STM32F3xx_HAL_Driver/Src/stm32f3xx_hal_tim_ex.c **** 
ARM GAS  C:\Users\nakas\AppData\Local\Temp\ccLYSQiW.s 			page 5


 202:Drivers/STM32F3xx_HAL_Driver/Src/stm32f3xx_hal_tim_ex.c ****   /* Use the TIM_TS_TI1F_ED signal to reset the TIM counter each edge detection */
 203:Drivers/STM32F3xx_HAL_Driver/Src/stm32f3xx_hal_tim_ex.c ****   htim->Instance->SMCR &= ~TIM_SMCR_SMS;
 204:Drivers/STM32F3xx_HAL_Driver/Src/stm32f3xx_hal_tim_ex.c ****   htim->Instance->SMCR |= TIM_SLAVEMODE_RESET;
 205:Drivers/STM32F3xx_HAL_Driver/Src/stm32f3xx_hal_tim_ex.c **** 
 206:Drivers/STM32F3xx_HAL_Driver/Src/stm32f3xx_hal_tim_ex.c ****   /* Program channel 2 in PWM 2 mode with the desired Commutation_Delay*/
 207:Drivers/STM32F3xx_HAL_Driver/Src/stm32f3xx_hal_tim_ex.c ****   OC_Config.OCFastMode = TIM_OCFAST_DISABLE;
 208:Drivers/STM32F3xx_HAL_Driver/Src/stm32f3xx_hal_tim_ex.c ****   OC_Config.OCIdleState = TIM_OCIDLESTATE_RESET;
 209:Drivers/STM32F3xx_HAL_Driver/Src/stm32f3xx_hal_tim_ex.c ****   OC_Config.OCMode = TIM_OCMODE_PWM2;
 210:Drivers/STM32F3xx_HAL_Driver/Src/stm32f3xx_hal_tim_ex.c ****   OC_Config.OCNIdleState = TIM_OCNIDLESTATE_RESET;
 211:Drivers/STM32F3xx_HAL_Driver/Src/stm32f3xx_hal_tim_ex.c ****   OC_Config.OCNPolarity = TIM_OCNPOLARITY_HIGH;
 212:Drivers/STM32F3xx_HAL_Driver/Src/stm32f3xx_hal_tim_ex.c ****   OC_Config.OCPolarity = TIM_OCPOLARITY_HIGH;
 213:Drivers/STM32F3xx_HAL_Driver/Src/stm32f3xx_hal_tim_ex.c ****   OC_Config.Pulse = sConfig->Commutation_Delay;
 214:Drivers/STM32F3xx_HAL_Driver/Src/stm32f3xx_hal_tim_ex.c **** 
 215:Drivers/STM32F3xx_HAL_Driver/Src/stm32f3xx_hal_tim_ex.c ****   TIM_OC2_SetConfig(htim->Instance, &OC_Config);
 216:Drivers/STM32F3xx_HAL_Driver/Src/stm32f3xx_hal_tim_ex.c **** 
 217:Drivers/STM32F3xx_HAL_Driver/Src/stm32f3xx_hal_tim_ex.c ****   /* Select OC2REF as trigger output on TRGO: write the MMS bits in the TIMx_CR2
 218:Drivers/STM32F3xx_HAL_Driver/Src/stm32f3xx_hal_tim_ex.c ****     register to 101 */
 219:Drivers/STM32F3xx_HAL_Driver/Src/stm32f3xx_hal_tim_ex.c ****   htim->Instance->CR2 &= ~TIM_CR2_MMS;
 220:Drivers/STM32F3xx_HAL_Driver/Src/stm32f3xx_hal_tim_ex.c ****   htim->Instance->CR2 |= TIM_TRGO_OC2REF;
 221:Drivers/STM32F3xx_HAL_Driver/Src/stm32f3xx_hal_tim_ex.c **** 
 222:Drivers/STM32F3xx_HAL_Driver/Src/stm32f3xx_hal_tim_ex.c ****   /* Initialize the DMA burst operation state */
 223:Drivers/STM32F3xx_HAL_Driver/Src/stm32f3xx_hal_tim_ex.c ****   htim->DMABurstState = HAL_DMA_BURST_STATE_READY;
 224:Drivers/STM32F3xx_HAL_Driver/Src/stm32f3xx_hal_tim_ex.c **** 
 225:Drivers/STM32F3xx_HAL_Driver/Src/stm32f3xx_hal_tim_ex.c ****   /* Initialize the TIM channels state */
 226:Drivers/STM32F3xx_HAL_Driver/Src/stm32f3xx_hal_tim_ex.c ****   TIM_CHANNEL_STATE_SET(htim, TIM_CHANNEL_1, HAL_TIM_CHANNEL_STATE_READY);
 227:Drivers/STM32F3xx_HAL_Driver/Src/stm32f3xx_hal_tim_ex.c ****   TIM_CHANNEL_STATE_SET(htim, TIM_CHANNEL_2, HAL_TIM_CHANNEL_STATE_READY);
 228:Drivers/STM32F3xx_HAL_Driver/Src/stm32f3xx_hal_tim_ex.c ****   TIM_CHANNEL_N_STATE_SET(htim, TIM_CHANNEL_1, HAL_TIM_CHANNEL_STATE_READY);
 229:Drivers/STM32F3xx_HAL_Driver/Src/stm32f3xx_hal_tim_ex.c ****   TIM_CHANNEL_N_STATE_SET(htim, TIM_CHANNEL_2, HAL_TIM_CHANNEL_STATE_READY);
 230:Drivers/STM32F3xx_HAL_Driver/Src/stm32f3xx_hal_tim_ex.c **** 
 231:Drivers/STM32F3xx_HAL_Driver/Src/stm32f3xx_hal_tim_ex.c ****   /* Initialize the TIM state*/
 232:Drivers/STM32F3xx_HAL_Driver/Src/stm32f3xx_hal_tim_ex.c ****   htim->State = HAL_TIM_STATE_READY;
 233:Drivers/STM32F3xx_HAL_Driver/Src/stm32f3xx_hal_tim_ex.c **** 
 234:Drivers/STM32F3xx_HAL_Driver/Src/stm32f3xx_hal_tim_ex.c ****   return HAL_OK;
 235:Drivers/STM32F3xx_HAL_Driver/Src/stm32f3xx_hal_tim_ex.c **** }
 236:Drivers/STM32F3xx_HAL_Driver/Src/stm32f3xx_hal_tim_ex.c **** 
 237:Drivers/STM32F3xx_HAL_Driver/Src/stm32f3xx_hal_tim_ex.c **** /**
 238:Drivers/STM32F3xx_HAL_Driver/Src/stm32f3xx_hal_tim_ex.c ****   * @brief  DeInitializes the TIM Hall Sensor interface
 239:Drivers/STM32F3xx_HAL_Driver/Src/stm32f3xx_hal_tim_ex.c ****   * @param  htim TIM Hall Sensor Interface handle
 240:Drivers/STM32F3xx_HAL_Driver/Src/stm32f3xx_hal_tim_ex.c ****   * @retval HAL status
 241:Drivers/STM32F3xx_HAL_Driver/Src/stm32f3xx_hal_tim_ex.c ****   */
 242:Drivers/STM32F3xx_HAL_Driver/Src/stm32f3xx_hal_tim_ex.c **** HAL_StatusTypeDef HAL_TIMEx_HallSensor_DeInit(TIM_HandleTypeDef *htim)
 243:Drivers/STM32F3xx_HAL_Driver/Src/stm32f3xx_hal_tim_ex.c **** {
 244:Drivers/STM32F3xx_HAL_Driver/Src/stm32f3xx_hal_tim_ex.c ****   /* Check the parameters */
 245:Drivers/STM32F3xx_HAL_Driver/Src/stm32f3xx_hal_tim_ex.c ****   assert_param(IS_TIM_INSTANCE(htim->Instance));
 246:Drivers/STM32F3xx_HAL_Driver/Src/stm32f3xx_hal_tim_ex.c **** 
 247:Drivers/STM32F3xx_HAL_Driver/Src/stm32f3xx_hal_tim_ex.c ****   htim->State = HAL_TIM_STATE_BUSY;
 248:Drivers/STM32F3xx_HAL_Driver/Src/stm32f3xx_hal_tim_ex.c **** 
 249:Drivers/STM32F3xx_HAL_Driver/Src/stm32f3xx_hal_tim_ex.c ****   /* Disable the TIM Peripheral Clock */
 250:Drivers/STM32F3xx_HAL_Driver/Src/stm32f3xx_hal_tim_ex.c ****   __HAL_TIM_DISABLE(htim);
 251:Drivers/STM32F3xx_HAL_Driver/Src/stm32f3xx_hal_tim_ex.c **** 
 252:Drivers/STM32F3xx_HAL_Driver/Src/stm32f3xx_hal_tim_ex.c **** #if (USE_HAL_TIM_REGISTER_CALLBACKS == 1)
 253:Drivers/STM32F3xx_HAL_Driver/Src/stm32f3xx_hal_tim_ex.c ****   if (htim->HallSensor_MspDeInitCallback == NULL)
 254:Drivers/STM32F3xx_HAL_Driver/Src/stm32f3xx_hal_tim_ex.c ****   {
 255:Drivers/STM32F3xx_HAL_Driver/Src/stm32f3xx_hal_tim_ex.c ****     htim->HallSensor_MspDeInitCallback = HAL_TIMEx_HallSensor_MspDeInit;
 256:Drivers/STM32F3xx_HAL_Driver/Src/stm32f3xx_hal_tim_ex.c ****   }
 257:Drivers/STM32F3xx_HAL_Driver/Src/stm32f3xx_hal_tim_ex.c ****   /* DeInit the low level hardware */
 258:Drivers/STM32F3xx_HAL_Driver/Src/stm32f3xx_hal_tim_ex.c ****   htim->HallSensor_MspDeInitCallback(htim);
ARM GAS  C:\Users\nakas\AppData\Local\Temp\ccLYSQiW.s 			page 6


 259:Drivers/STM32F3xx_HAL_Driver/Src/stm32f3xx_hal_tim_ex.c **** #else
 260:Drivers/STM32F3xx_HAL_Driver/Src/stm32f3xx_hal_tim_ex.c ****   /* DeInit the low level hardware: GPIO, CLOCK, NVIC */
 261:Drivers/STM32F3xx_HAL_Driver/Src/stm32f3xx_hal_tim_ex.c ****   HAL_TIMEx_HallSensor_MspDeInit(htim);
 262:Drivers/STM32F3xx_HAL_Driver/Src/stm32f3xx_hal_tim_ex.c **** #endif /* USE_HAL_TIM_REGISTER_CALLBACKS */
 263:Drivers/STM32F3xx_HAL_Driver/Src/stm32f3xx_hal_tim_ex.c **** 
 264:Drivers/STM32F3xx_HAL_Driver/Src/stm32f3xx_hal_tim_ex.c ****   /* Change the DMA burst operation state */
 265:Drivers/STM32F3xx_HAL_Driver/Src/stm32f3xx_hal_tim_ex.c ****   htim->DMABurstState = HAL_DMA_BURST_STATE_RESET;
 266:Drivers/STM32F3xx_HAL_Driver/Src/stm32f3xx_hal_tim_ex.c **** 
 267:Drivers/STM32F3xx_HAL_Driver/Src/stm32f3xx_hal_tim_ex.c ****   /* Change the TIM channels state */
 268:Drivers/STM32F3xx_HAL_Driver/Src/stm32f3xx_hal_tim_ex.c ****   TIM_CHANNEL_STATE_SET(htim, TIM_CHANNEL_1, HAL_TIM_CHANNEL_STATE_RESET);
 269:Drivers/STM32F3xx_HAL_Driver/Src/stm32f3xx_hal_tim_ex.c ****   TIM_CHANNEL_STATE_SET(htim, TIM_CHANNEL_2, HAL_TIM_CHANNEL_STATE_RESET);
 270:Drivers/STM32F3xx_HAL_Driver/Src/stm32f3xx_hal_tim_ex.c ****   TIM_CHANNEL_N_STATE_SET(htim, TIM_CHANNEL_1, HAL_TIM_CHANNEL_STATE_RESET);
 271:Drivers/STM32F3xx_HAL_Driver/Src/stm32f3xx_hal_tim_ex.c ****   TIM_CHANNEL_N_STATE_SET(htim, TIM_CHANNEL_2, HAL_TIM_CHANNEL_STATE_RESET);
 272:Drivers/STM32F3xx_HAL_Driver/Src/stm32f3xx_hal_tim_ex.c **** 
 273:Drivers/STM32F3xx_HAL_Driver/Src/stm32f3xx_hal_tim_ex.c ****   /* Change TIM state */
 274:Drivers/STM32F3xx_HAL_Driver/Src/stm32f3xx_hal_tim_ex.c ****   htim->State = HAL_TIM_STATE_RESET;
 275:Drivers/STM32F3xx_HAL_Driver/Src/stm32f3xx_hal_tim_ex.c **** 
 276:Drivers/STM32F3xx_HAL_Driver/Src/stm32f3xx_hal_tim_ex.c ****   /* Release Lock */
 277:Drivers/STM32F3xx_HAL_Driver/Src/stm32f3xx_hal_tim_ex.c ****   __HAL_UNLOCK(htim);
 278:Drivers/STM32F3xx_HAL_Driver/Src/stm32f3xx_hal_tim_ex.c **** 
 279:Drivers/STM32F3xx_HAL_Driver/Src/stm32f3xx_hal_tim_ex.c ****   return HAL_OK;
 280:Drivers/STM32F3xx_HAL_Driver/Src/stm32f3xx_hal_tim_ex.c **** }
 281:Drivers/STM32F3xx_HAL_Driver/Src/stm32f3xx_hal_tim_ex.c **** 
 282:Drivers/STM32F3xx_HAL_Driver/Src/stm32f3xx_hal_tim_ex.c **** /**
 283:Drivers/STM32F3xx_HAL_Driver/Src/stm32f3xx_hal_tim_ex.c ****   * @brief  Initializes the TIM Hall Sensor MSP.
 284:Drivers/STM32F3xx_HAL_Driver/Src/stm32f3xx_hal_tim_ex.c ****   * @param  htim TIM Hall Sensor Interface handle
 285:Drivers/STM32F3xx_HAL_Driver/Src/stm32f3xx_hal_tim_ex.c ****   * @retval None
 286:Drivers/STM32F3xx_HAL_Driver/Src/stm32f3xx_hal_tim_ex.c ****   */
 287:Drivers/STM32F3xx_HAL_Driver/Src/stm32f3xx_hal_tim_ex.c **** __weak void HAL_TIMEx_HallSensor_MspInit(TIM_HandleTypeDef *htim)
 288:Drivers/STM32F3xx_HAL_Driver/Src/stm32f3xx_hal_tim_ex.c **** {
 289:Drivers/STM32F3xx_HAL_Driver/Src/stm32f3xx_hal_tim_ex.c ****   /* Prevent unused argument(s) compilation warning */
 290:Drivers/STM32F3xx_HAL_Driver/Src/stm32f3xx_hal_tim_ex.c ****   UNUSED(htim);
 291:Drivers/STM32F3xx_HAL_Driver/Src/stm32f3xx_hal_tim_ex.c **** 
 292:Drivers/STM32F3xx_HAL_Driver/Src/stm32f3xx_hal_tim_ex.c ****   /* NOTE : This function should not be modified, when the callback is needed,
 293:Drivers/STM32F3xx_HAL_Driver/Src/stm32f3xx_hal_tim_ex.c ****             the HAL_TIMEx_HallSensor_MspInit could be implemented in the user file
 294:Drivers/STM32F3xx_HAL_Driver/Src/stm32f3xx_hal_tim_ex.c ****    */
 295:Drivers/STM32F3xx_HAL_Driver/Src/stm32f3xx_hal_tim_ex.c **** }
 296:Drivers/STM32F3xx_HAL_Driver/Src/stm32f3xx_hal_tim_ex.c **** 
 297:Drivers/STM32F3xx_HAL_Driver/Src/stm32f3xx_hal_tim_ex.c **** /**
 298:Drivers/STM32F3xx_HAL_Driver/Src/stm32f3xx_hal_tim_ex.c ****   * @brief  DeInitializes TIM Hall Sensor MSP.
 299:Drivers/STM32F3xx_HAL_Driver/Src/stm32f3xx_hal_tim_ex.c ****   * @param  htim TIM Hall Sensor Interface handle
 300:Drivers/STM32F3xx_HAL_Driver/Src/stm32f3xx_hal_tim_ex.c ****   * @retval None
 301:Drivers/STM32F3xx_HAL_Driver/Src/stm32f3xx_hal_tim_ex.c ****   */
 302:Drivers/STM32F3xx_HAL_Driver/Src/stm32f3xx_hal_tim_ex.c **** __weak void HAL_TIMEx_HallSensor_MspDeInit(TIM_HandleTypeDef *htim)
 303:Drivers/STM32F3xx_HAL_Driver/Src/stm32f3xx_hal_tim_ex.c **** {
 304:Drivers/STM32F3xx_HAL_Driver/Src/stm32f3xx_hal_tim_ex.c ****   /* Prevent unused argument(s) compilation warning */
 305:Drivers/STM32F3xx_HAL_Driver/Src/stm32f3xx_hal_tim_ex.c ****   UNUSED(htim);
 306:Drivers/STM32F3xx_HAL_Driver/Src/stm32f3xx_hal_tim_ex.c **** 
 307:Drivers/STM32F3xx_HAL_Driver/Src/stm32f3xx_hal_tim_ex.c ****   /* NOTE : This function should not be modified, when the callback is needed,
 308:Drivers/STM32F3xx_HAL_Driver/Src/stm32f3xx_hal_tim_ex.c ****             the HAL_TIMEx_HallSensor_MspDeInit could be implemented in the user file
 309:Drivers/STM32F3xx_HAL_Driver/Src/stm32f3xx_hal_tim_ex.c ****    */
 310:Drivers/STM32F3xx_HAL_Driver/Src/stm32f3xx_hal_tim_ex.c **** }
 311:Drivers/STM32F3xx_HAL_Driver/Src/stm32f3xx_hal_tim_ex.c **** 
 312:Drivers/STM32F3xx_HAL_Driver/Src/stm32f3xx_hal_tim_ex.c **** /**
 313:Drivers/STM32F3xx_HAL_Driver/Src/stm32f3xx_hal_tim_ex.c ****   * @brief  Starts the TIM Hall Sensor Interface.
 314:Drivers/STM32F3xx_HAL_Driver/Src/stm32f3xx_hal_tim_ex.c ****   * @param  htim TIM Hall Sensor Interface handle
 315:Drivers/STM32F3xx_HAL_Driver/Src/stm32f3xx_hal_tim_ex.c ****   * @retval HAL status
ARM GAS  C:\Users\nakas\AppData\Local\Temp\ccLYSQiW.s 			page 7


 316:Drivers/STM32F3xx_HAL_Driver/Src/stm32f3xx_hal_tim_ex.c ****   */
 317:Drivers/STM32F3xx_HAL_Driver/Src/stm32f3xx_hal_tim_ex.c **** HAL_StatusTypeDef HAL_TIMEx_HallSensor_Start(TIM_HandleTypeDef *htim)
 318:Drivers/STM32F3xx_HAL_Driver/Src/stm32f3xx_hal_tim_ex.c **** {
 319:Drivers/STM32F3xx_HAL_Driver/Src/stm32f3xx_hal_tim_ex.c ****   uint32_t tmpsmcr;
 320:Drivers/STM32F3xx_HAL_Driver/Src/stm32f3xx_hal_tim_ex.c ****   HAL_TIM_ChannelStateTypeDef channel_1_state = TIM_CHANNEL_STATE_GET(htim, TIM_CHANNEL_1);
 321:Drivers/STM32F3xx_HAL_Driver/Src/stm32f3xx_hal_tim_ex.c ****   HAL_TIM_ChannelStateTypeDef channel_2_state = TIM_CHANNEL_STATE_GET(htim, TIM_CHANNEL_2);
 322:Drivers/STM32F3xx_HAL_Driver/Src/stm32f3xx_hal_tim_ex.c ****   HAL_TIM_ChannelStateTypeDef complementary_channel_1_state = TIM_CHANNEL_N_STATE_GET(htim, TIM_CHA
 323:Drivers/STM32F3xx_HAL_Driver/Src/stm32f3xx_hal_tim_ex.c ****   HAL_TIM_ChannelStateTypeDef complementary_channel_2_state = TIM_CHANNEL_N_STATE_GET(htim, TIM_CHA
 324:Drivers/STM32F3xx_HAL_Driver/Src/stm32f3xx_hal_tim_ex.c **** 
 325:Drivers/STM32F3xx_HAL_Driver/Src/stm32f3xx_hal_tim_ex.c ****   /* Check the parameters */
 326:Drivers/STM32F3xx_HAL_Driver/Src/stm32f3xx_hal_tim_ex.c ****   assert_param(IS_TIM_HALL_SENSOR_INTERFACE_INSTANCE(htim->Instance));
 327:Drivers/STM32F3xx_HAL_Driver/Src/stm32f3xx_hal_tim_ex.c **** 
 328:Drivers/STM32F3xx_HAL_Driver/Src/stm32f3xx_hal_tim_ex.c ****   /* Check the TIM channels state */
 329:Drivers/STM32F3xx_HAL_Driver/Src/stm32f3xx_hal_tim_ex.c ****   if ((channel_1_state != HAL_TIM_CHANNEL_STATE_READY)
 330:Drivers/STM32F3xx_HAL_Driver/Src/stm32f3xx_hal_tim_ex.c ****       || (channel_2_state != HAL_TIM_CHANNEL_STATE_READY)
 331:Drivers/STM32F3xx_HAL_Driver/Src/stm32f3xx_hal_tim_ex.c ****       || (complementary_channel_1_state != HAL_TIM_CHANNEL_STATE_READY)
 332:Drivers/STM32F3xx_HAL_Driver/Src/stm32f3xx_hal_tim_ex.c ****       || (complementary_channel_2_state != HAL_TIM_CHANNEL_STATE_READY))
 333:Drivers/STM32F3xx_HAL_Driver/Src/stm32f3xx_hal_tim_ex.c ****   {
 334:Drivers/STM32F3xx_HAL_Driver/Src/stm32f3xx_hal_tim_ex.c ****     return HAL_ERROR;
 335:Drivers/STM32F3xx_HAL_Driver/Src/stm32f3xx_hal_tim_ex.c ****   }
 336:Drivers/STM32F3xx_HAL_Driver/Src/stm32f3xx_hal_tim_ex.c **** 
 337:Drivers/STM32F3xx_HAL_Driver/Src/stm32f3xx_hal_tim_ex.c ****   /* Set the TIM channels state */
 338:Drivers/STM32F3xx_HAL_Driver/Src/stm32f3xx_hal_tim_ex.c ****   TIM_CHANNEL_STATE_SET(htim, TIM_CHANNEL_1, HAL_TIM_CHANNEL_STATE_BUSY);
 339:Drivers/STM32F3xx_HAL_Driver/Src/stm32f3xx_hal_tim_ex.c ****   TIM_CHANNEL_STATE_SET(htim, TIM_CHANNEL_2, HAL_TIM_CHANNEL_STATE_BUSY);
 340:Drivers/STM32F3xx_HAL_Driver/Src/stm32f3xx_hal_tim_ex.c ****   TIM_CHANNEL_N_STATE_SET(htim, TIM_CHANNEL_1, HAL_TIM_CHANNEL_STATE_BUSY);
 341:Drivers/STM32F3xx_HAL_Driver/Src/stm32f3xx_hal_tim_ex.c ****   TIM_CHANNEL_N_STATE_SET(htim, TIM_CHANNEL_2, HAL_TIM_CHANNEL_STATE_BUSY);
 342:Drivers/STM32F3xx_HAL_Driver/Src/stm32f3xx_hal_tim_ex.c **** 
 343:Drivers/STM32F3xx_HAL_Driver/Src/stm32f3xx_hal_tim_ex.c ****   /* Enable the Input Capture channel 1
 344:Drivers/STM32F3xx_HAL_Driver/Src/stm32f3xx_hal_tim_ex.c ****   (in the Hall Sensor Interface the three possible channels that can be used are TIM_CHANNEL_1,
 345:Drivers/STM32F3xx_HAL_Driver/Src/stm32f3xx_hal_tim_ex.c ****   TIM_CHANNEL_2 and TIM_CHANNEL_3) */
 346:Drivers/STM32F3xx_HAL_Driver/Src/stm32f3xx_hal_tim_ex.c ****   TIM_CCxChannelCmd(htim->Instance, TIM_CHANNEL_1, TIM_CCx_ENABLE);
 347:Drivers/STM32F3xx_HAL_Driver/Src/stm32f3xx_hal_tim_ex.c **** 
 348:Drivers/STM32F3xx_HAL_Driver/Src/stm32f3xx_hal_tim_ex.c ****   /* Enable the Peripheral, except in trigger mode where enable is automatically done with trigger 
 349:Drivers/STM32F3xx_HAL_Driver/Src/stm32f3xx_hal_tim_ex.c ****   if (IS_TIM_SLAVE_INSTANCE(htim->Instance))
 350:Drivers/STM32F3xx_HAL_Driver/Src/stm32f3xx_hal_tim_ex.c ****   {
 351:Drivers/STM32F3xx_HAL_Driver/Src/stm32f3xx_hal_tim_ex.c ****     tmpsmcr = htim->Instance->SMCR & TIM_SMCR_SMS;
 352:Drivers/STM32F3xx_HAL_Driver/Src/stm32f3xx_hal_tim_ex.c ****     if (!IS_TIM_SLAVEMODE_TRIGGER_ENABLED(tmpsmcr))
 353:Drivers/STM32F3xx_HAL_Driver/Src/stm32f3xx_hal_tim_ex.c ****     {
 354:Drivers/STM32F3xx_HAL_Driver/Src/stm32f3xx_hal_tim_ex.c ****       __HAL_TIM_ENABLE(htim);
 355:Drivers/STM32F3xx_HAL_Driver/Src/stm32f3xx_hal_tim_ex.c ****     }
 356:Drivers/STM32F3xx_HAL_Driver/Src/stm32f3xx_hal_tim_ex.c ****   }
 357:Drivers/STM32F3xx_HAL_Driver/Src/stm32f3xx_hal_tim_ex.c ****   else
 358:Drivers/STM32F3xx_HAL_Driver/Src/stm32f3xx_hal_tim_ex.c ****   {
 359:Drivers/STM32F3xx_HAL_Driver/Src/stm32f3xx_hal_tim_ex.c ****     __HAL_TIM_ENABLE(htim);
 360:Drivers/STM32F3xx_HAL_Driver/Src/stm32f3xx_hal_tim_ex.c ****   }
 361:Drivers/STM32F3xx_HAL_Driver/Src/stm32f3xx_hal_tim_ex.c **** 
 362:Drivers/STM32F3xx_HAL_Driver/Src/stm32f3xx_hal_tim_ex.c ****   /* Return function status */
 363:Drivers/STM32F3xx_HAL_Driver/Src/stm32f3xx_hal_tim_ex.c ****   return HAL_OK;
 364:Drivers/STM32F3xx_HAL_Driver/Src/stm32f3xx_hal_tim_ex.c **** }
 365:Drivers/STM32F3xx_HAL_Driver/Src/stm32f3xx_hal_tim_ex.c **** 
 366:Drivers/STM32F3xx_HAL_Driver/Src/stm32f3xx_hal_tim_ex.c **** /**
 367:Drivers/STM32F3xx_HAL_Driver/Src/stm32f3xx_hal_tim_ex.c ****   * @brief  Stops the TIM Hall sensor Interface.
 368:Drivers/STM32F3xx_HAL_Driver/Src/stm32f3xx_hal_tim_ex.c ****   * @param  htim TIM Hall Sensor Interface handle
 369:Drivers/STM32F3xx_HAL_Driver/Src/stm32f3xx_hal_tim_ex.c ****   * @retval HAL status
 370:Drivers/STM32F3xx_HAL_Driver/Src/stm32f3xx_hal_tim_ex.c ****   */
 371:Drivers/STM32F3xx_HAL_Driver/Src/stm32f3xx_hal_tim_ex.c **** HAL_StatusTypeDef HAL_TIMEx_HallSensor_Stop(TIM_HandleTypeDef *htim)
 372:Drivers/STM32F3xx_HAL_Driver/Src/stm32f3xx_hal_tim_ex.c **** {
ARM GAS  C:\Users\nakas\AppData\Local\Temp\ccLYSQiW.s 			page 8


 373:Drivers/STM32F3xx_HAL_Driver/Src/stm32f3xx_hal_tim_ex.c ****   /* Check the parameters */
 374:Drivers/STM32F3xx_HAL_Driver/Src/stm32f3xx_hal_tim_ex.c ****   assert_param(IS_TIM_HALL_SENSOR_INTERFACE_INSTANCE(htim->Instance));
 375:Drivers/STM32F3xx_HAL_Driver/Src/stm32f3xx_hal_tim_ex.c **** 
 376:Drivers/STM32F3xx_HAL_Driver/Src/stm32f3xx_hal_tim_ex.c ****   /* Disable the Input Capture channels 1, 2 and 3
 377:Drivers/STM32F3xx_HAL_Driver/Src/stm32f3xx_hal_tim_ex.c ****   (in the Hall Sensor Interface the three possible channels that can be used are TIM_CHANNEL_1,
 378:Drivers/STM32F3xx_HAL_Driver/Src/stm32f3xx_hal_tim_ex.c ****   TIM_CHANNEL_2 and TIM_CHANNEL_3) */
 379:Drivers/STM32F3xx_HAL_Driver/Src/stm32f3xx_hal_tim_ex.c ****   TIM_CCxChannelCmd(htim->Instance, TIM_CHANNEL_1, TIM_CCx_DISABLE);
 380:Drivers/STM32F3xx_HAL_Driver/Src/stm32f3xx_hal_tim_ex.c **** 
 381:Drivers/STM32F3xx_HAL_Driver/Src/stm32f3xx_hal_tim_ex.c ****   /* Disable the Peripheral */
 382:Drivers/STM32F3xx_HAL_Driver/Src/stm32f3xx_hal_tim_ex.c ****   __HAL_TIM_DISABLE(htim);
 383:Drivers/STM32F3xx_HAL_Driver/Src/stm32f3xx_hal_tim_ex.c **** 
 384:Drivers/STM32F3xx_HAL_Driver/Src/stm32f3xx_hal_tim_ex.c ****   /* Set the TIM channels state */
 385:Drivers/STM32F3xx_HAL_Driver/Src/stm32f3xx_hal_tim_ex.c ****   TIM_CHANNEL_STATE_SET(htim, TIM_CHANNEL_1, HAL_TIM_CHANNEL_STATE_READY);
 386:Drivers/STM32F3xx_HAL_Driver/Src/stm32f3xx_hal_tim_ex.c ****   TIM_CHANNEL_STATE_SET(htim, TIM_CHANNEL_2, HAL_TIM_CHANNEL_STATE_READY);
 387:Drivers/STM32F3xx_HAL_Driver/Src/stm32f3xx_hal_tim_ex.c ****   TIM_CHANNEL_N_STATE_SET(htim, TIM_CHANNEL_1, HAL_TIM_CHANNEL_STATE_READY);
 388:Drivers/STM32F3xx_HAL_Driver/Src/stm32f3xx_hal_tim_ex.c ****   TIM_CHANNEL_N_STATE_SET(htim, TIM_CHANNEL_2, HAL_TIM_CHANNEL_STATE_READY);
 389:Drivers/STM32F3xx_HAL_Driver/Src/stm32f3xx_hal_tim_ex.c **** 
 390:Drivers/STM32F3xx_HAL_Driver/Src/stm32f3xx_hal_tim_ex.c ****   /* Return function status */
 391:Drivers/STM32F3xx_HAL_Driver/Src/stm32f3xx_hal_tim_ex.c ****   return HAL_OK;
 392:Drivers/STM32F3xx_HAL_Driver/Src/stm32f3xx_hal_tim_ex.c **** }
 393:Drivers/STM32F3xx_HAL_Driver/Src/stm32f3xx_hal_tim_ex.c **** 
 394:Drivers/STM32F3xx_HAL_Driver/Src/stm32f3xx_hal_tim_ex.c **** /**
 395:Drivers/STM32F3xx_HAL_Driver/Src/stm32f3xx_hal_tim_ex.c ****   * @brief  Starts the TIM Hall Sensor Interface in interrupt mode.
 396:Drivers/STM32F3xx_HAL_Driver/Src/stm32f3xx_hal_tim_ex.c ****   * @param  htim TIM Hall Sensor Interface handle
 397:Drivers/STM32F3xx_HAL_Driver/Src/stm32f3xx_hal_tim_ex.c ****   * @retval HAL status
 398:Drivers/STM32F3xx_HAL_Driver/Src/stm32f3xx_hal_tim_ex.c ****   */
 399:Drivers/STM32F3xx_HAL_Driver/Src/stm32f3xx_hal_tim_ex.c **** HAL_StatusTypeDef HAL_TIMEx_HallSensor_Start_IT(TIM_HandleTypeDef *htim)
 400:Drivers/STM32F3xx_HAL_Driver/Src/stm32f3xx_hal_tim_ex.c **** {
 401:Drivers/STM32F3xx_HAL_Driver/Src/stm32f3xx_hal_tim_ex.c ****   uint32_t tmpsmcr;
 402:Drivers/STM32F3xx_HAL_Driver/Src/stm32f3xx_hal_tim_ex.c ****   HAL_TIM_ChannelStateTypeDef channel_1_state = TIM_CHANNEL_STATE_GET(htim, TIM_CHANNEL_1);
 403:Drivers/STM32F3xx_HAL_Driver/Src/stm32f3xx_hal_tim_ex.c ****   HAL_TIM_ChannelStateTypeDef channel_2_state = TIM_CHANNEL_STATE_GET(htim, TIM_CHANNEL_2);
 404:Drivers/STM32F3xx_HAL_Driver/Src/stm32f3xx_hal_tim_ex.c ****   HAL_TIM_ChannelStateTypeDef complementary_channel_1_state = TIM_CHANNEL_N_STATE_GET(htim, TIM_CHA
 405:Drivers/STM32F3xx_HAL_Driver/Src/stm32f3xx_hal_tim_ex.c ****   HAL_TIM_ChannelStateTypeDef complementary_channel_2_state = TIM_CHANNEL_N_STATE_GET(htim, TIM_CHA
 406:Drivers/STM32F3xx_HAL_Driver/Src/stm32f3xx_hal_tim_ex.c **** 
 407:Drivers/STM32F3xx_HAL_Driver/Src/stm32f3xx_hal_tim_ex.c ****   /* Check the parameters */
 408:Drivers/STM32F3xx_HAL_Driver/Src/stm32f3xx_hal_tim_ex.c ****   assert_param(IS_TIM_HALL_SENSOR_INTERFACE_INSTANCE(htim->Instance));
 409:Drivers/STM32F3xx_HAL_Driver/Src/stm32f3xx_hal_tim_ex.c **** 
 410:Drivers/STM32F3xx_HAL_Driver/Src/stm32f3xx_hal_tim_ex.c ****   /* Check the TIM channels state */
 411:Drivers/STM32F3xx_HAL_Driver/Src/stm32f3xx_hal_tim_ex.c ****   if ((channel_1_state != HAL_TIM_CHANNEL_STATE_READY)
 412:Drivers/STM32F3xx_HAL_Driver/Src/stm32f3xx_hal_tim_ex.c ****       || (channel_2_state != HAL_TIM_CHANNEL_STATE_READY)
 413:Drivers/STM32F3xx_HAL_Driver/Src/stm32f3xx_hal_tim_ex.c ****       || (complementary_channel_1_state != HAL_TIM_CHANNEL_STATE_READY)
 414:Drivers/STM32F3xx_HAL_Driver/Src/stm32f3xx_hal_tim_ex.c ****       || (complementary_channel_2_state != HAL_TIM_CHANNEL_STATE_READY))
 415:Drivers/STM32F3xx_HAL_Driver/Src/stm32f3xx_hal_tim_ex.c ****   {
 416:Drivers/STM32F3xx_HAL_Driver/Src/stm32f3xx_hal_tim_ex.c ****     return HAL_ERROR;
 417:Drivers/STM32F3xx_HAL_Driver/Src/stm32f3xx_hal_tim_ex.c ****   }
 418:Drivers/STM32F3xx_HAL_Driver/Src/stm32f3xx_hal_tim_ex.c **** 
 419:Drivers/STM32F3xx_HAL_Driver/Src/stm32f3xx_hal_tim_ex.c ****   /* Set the TIM channels state */
 420:Drivers/STM32F3xx_HAL_Driver/Src/stm32f3xx_hal_tim_ex.c ****   TIM_CHANNEL_STATE_SET(htim, TIM_CHANNEL_1, HAL_TIM_CHANNEL_STATE_BUSY);
 421:Drivers/STM32F3xx_HAL_Driver/Src/stm32f3xx_hal_tim_ex.c ****   TIM_CHANNEL_STATE_SET(htim, TIM_CHANNEL_2, HAL_TIM_CHANNEL_STATE_BUSY);
 422:Drivers/STM32F3xx_HAL_Driver/Src/stm32f3xx_hal_tim_ex.c ****   TIM_CHANNEL_N_STATE_SET(htim, TIM_CHANNEL_1, HAL_TIM_CHANNEL_STATE_BUSY);
 423:Drivers/STM32F3xx_HAL_Driver/Src/stm32f3xx_hal_tim_ex.c ****   TIM_CHANNEL_N_STATE_SET(htim, TIM_CHANNEL_2, HAL_TIM_CHANNEL_STATE_BUSY);
 424:Drivers/STM32F3xx_HAL_Driver/Src/stm32f3xx_hal_tim_ex.c **** 
 425:Drivers/STM32F3xx_HAL_Driver/Src/stm32f3xx_hal_tim_ex.c ****   /* Enable the capture compare Interrupts 1 event */
 426:Drivers/STM32F3xx_HAL_Driver/Src/stm32f3xx_hal_tim_ex.c ****   __HAL_TIM_ENABLE_IT(htim, TIM_IT_CC1);
 427:Drivers/STM32F3xx_HAL_Driver/Src/stm32f3xx_hal_tim_ex.c **** 
 428:Drivers/STM32F3xx_HAL_Driver/Src/stm32f3xx_hal_tim_ex.c ****   /* Enable the Input Capture channel 1
 429:Drivers/STM32F3xx_HAL_Driver/Src/stm32f3xx_hal_tim_ex.c ****   (in the Hall Sensor Interface the three possible channels that can be used are TIM_CHANNEL_1,
ARM GAS  C:\Users\nakas\AppData\Local\Temp\ccLYSQiW.s 			page 9


 430:Drivers/STM32F3xx_HAL_Driver/Src/stm32f3xx_hal_tim_ex.c ****   TIM_CHANNEL_2 and TIM_CHANNEL_3) */
 431:Drivers/STM32F3xx_HAL_Driver/Src/stm32f3xx_hal_tim_ex.c ****   TIM_CCxChannelCmd(htim->Instance, TIM_CHANNEL_1, TIM_CCx_ENABLE);
 432:Drivers/STM32F3xx_HAL_Driver/Src/stm32f3xx_hal_tim_ex.c **** 
 433:Drivers/STM32F3xx_HAL_Driver/Src/stm32f3xx_hal_tim_ex.c ****   /* Enable the Peripheral, except in trigger mode where enable is automatically done with trigger 
 434:Drivers/STM32F3xx_HAL_Driver/Src/stm32f3xx_hal_tim_ex.c ****   if (IS_TIM_SLAVE_INSTANCE(htim->Instance))
 435:Drivers/STM32F3xx_HAL_Driver/Src/stm32f3xx_hal_tim_ex.c ****   {
 436:Drivers/STM32F3xx_HAL_Driver/Src/stm32f3xx_hal_tim_ex.c ****     tmpsmcr = htim->Instance->SMCR & TIM_SMCR_SMS;
 437:Drivers/STM32F3xx_HAL_Driver/Src/stm32f3xx_hal_tim_ex.c ****     if (!IS_TIM_SLAVEMODE_TRIGGER_ENABLED(tmpsmcr))
 438:Drivers/STM32F3xx_HAL_Driver/Src/stm32f3xx_hal_tim_ex.c ****     {
 439:Drivers/STM32F3xx_HAL_Driver/Src/stm32f3xx_hal_tim_ex.c ****       __HAL_TIM_ENABLE(htim);
 440:Drivers/STM32F3xx_HAL_Driver/Src/stm32f3xx_hal_tim_ex.c ****     }
 441:Drivers/STM32F3xx_HAL_Driver/Src/stm32f3xx_hal_tim_ex.c ****   }
 442:Drivers/STM32F3xx_HAL_Driver/Src/stm32f3xx_hal_tim_ex.c ****   else
 443:Drivers/STM32F3xx_HAL_Driver/Src/stm32f3xx_hal_tim_ex.c ****   {
 444:Drivers/STM32F3xx_HAL_Driver/Src/stm32f3xx_hal_tim_ex.c ****     __HAL_TIM_ENABLE(htim);
 445:Drivers/STM32F3xx_HAL_Driver/Src/stm32f3xx_hal_tim_ex.c ****   }
 446:Drivers/STM32F3xx_HAL_Driver/Src/stm32f3xx_hal_tim_ex.c **** 
 447:Drivers/STM32F3xx_HAL_Driver/Src/stm32f3xx_hal_tim_ex.c ****   /* Return function status */
 448:Drivers/STM32F3xx_HAL_Driver/Src/stm32f3xx_hal_tim_ex.c ****   return HAL_OK;
 449:Drivers/STM32F3xx_HAL_Driver/Src/stm32f3xx_hal_tim_ex.c **** }
 450:Drivers/STM32F3xx_HAL_Driver/Src/stm32f3xx_hal_tim_ex.c **** 
 451:Drivers/STM32F3xx_HAL_Driver/Src/stm32f3xx_hal_tim_ex.c **** /**
 452:Drivers/STM32F3xx_HAL_Driver/Src/stm32f3xx_hal_tim_ex.c ****   * @brief  Stops the TIM Hall Sensor Interface in interrupt mode.
 453:Drivers/STM32F3xx_HAL_Driver/Src/stm32f3xx_hal_tim_ex.c ****   * @param  htim TIM Hall Sensor Interface handle
 454:Drivers/STM32F3xx_HAL_Driver/Src/stm32f3xx_hal_tim_ex.c ****   * @retval HAL status
 455:Drivers/STM32F3xx_HAL_Driver/Src/stm32f3xx_hal_tim_ex.c ****   */
 456:Drivers/STM32F3xx_HAL_Driver/Src/stm32f3xx_hal_tim_ex.c **** HAL_StatusTypeDef HAL_TIMEx_HallSensor_Stop_IT(TIM_HandleTypeDef *htim)
 457:Drivers/STM32F3xx_HAL_Driver/Src/stm32f3xx_hal_tim_ex.c **** {
 458:Drivers/STM32F3xx_HAL_Driver/Src/stm32f3xx_hal_tim_ex.c ****   /* Check the parameters */
 459:Drivers/STM32F3xx_HAL_Driver/Src/stm32f3xx_hal_tim_ex.c ****   assert_param(IS_TIM_HALL_SENSOR_INTERFACE_INSTANCE(htim->Instance));
 460:Drivers/STM32F3xx_HAL_Driver/Src/stm32f3xx_hal_tim_ex.c **** 
 461:Drivers/STM32F3xx_HAL_Driver/Src/stm32f3xx_hal_tim_ex.c ****   /* Disable the Input Capture channel 1
 462:Drivers/STM32F3xx_HAL_Driver/Src/stm32f3xx_hal_tim_ex.c ****   (in the Hall Sensor Interface the three possible channels that can be used are TIM_CHANNEL_1,
 463:Drivers/STM32F3xx_HAL_Driver/Src/stm32f3xx_hal_tim_ex.c ****   TIM_CHANNEL_2 and TIM_CHANNEL_3) */
 464:Drivers/STM32F3xx_HAL_Driver/Src/stm32f3xx_hal_tim_ex.c ****   TIM_CCxChannelCmd(htim->Instance, TIM_CHANNEL_1, TIM_CCx_DISABLE);
 465:Drivers/STM32F3xx_HAL_Driver/Src/stm32f3xx_hal_tim_ex.c **** 
 466:Drivers/STM32F3xx_HAL_Driver/Src/stm32f3xx_hal_tim_ex.c ****   /* Disable the capture compare Interrupts event */
 467:Drivers/STM32F3xx_HAL_Driver/Src/stm32f3xx_hal_tim_ex.c ****   __HAL_TIM_DISABLE_IT(htim, TIM_IT_CC1);
 468:Drivers/STM32F3xx_HAL_Driver/Src/stm32f3xx_hal_tim_ex.c **** 
 469:Drivers/STM32F3xx_HAL_Driver/Src/stm32f3xx_hal_tim_ex.c ****   /* Disable the Peripheral */
 470:Drivers/STM32F3xx_HAL_Driver/Src/stm32f3xx_hal_tim_ex.c ****   __HAL_TIM_DISABLE(htim);
 471:Drivers/STM32F3xx_HAL_Driver/Src/stm32f3xx_hal_tim_ex.c **** 
 472:Drivers/STM32F3xx_HAL_Driver/Src/stm32f3xx_hal_tim_ex.c ****   /* Set the TIM channels state */
 473:Drivers/STM32F3xx_HAL_Driver/Src/stm32f3xx_hal_tim_ex.c ****   TIM_CHANNEL_STATE_SET(htim, TIM_CHANNEL_1, HAL_TIM_CHANNEL_STATE_READY);
 474:Drivers/STM32F3xx_HAL_Driver/Src/stm32f3xx_hal_tim_ex.c ****   TIM_CHANNEL_STATE_SET(htim, TIM_CHANNEL_2, HAL_TIM_CHANNEL_STATE_READY);
 475:Drivers/STM32F3xx_HAL_Driver/Src/stm32f3xx_hal_tim_ex.c ****   TIM_CHANNEL_N_STATE_SET(htim, TIM_CHANNEL_1, HAL_TIM_CHANNEL_STATE_READY);
 476:Drivers/STM32F3xx_HAL_Driver/Src/stm32f3xx_hal_tim_ex.c ****   TIM_CHANNEL_N_STATE_SET(htim, TIM_CHANNEL_2, HAL_TIM_CHANNEL_STATE_READY);
 477:Drivers/STM32F3xx_HAL_Driver/Src/stm32f3xx_hal_tim_ex.c **** 
 478:Drivers/STM32F3xx_HAL_Driver/Src/stm32f3xx_hal_tim_ex.c ****   /* Return function status */
 479:Drivers/STM32F3xx_HAL_Driver/Src/stm32f3xx_hal_tim_ex.c ****   return HAL_OK;
 480:Drivers/STM32F3xx_HAL_Driver/Src/stm32f3xx_hal_tim_ex.c **** }
 481:Drivers/STM32F3xx_HAL_Driver/Src/stm32f3xx_hal_tim_ex.c **** 
 482:Drivers/STM32F3xx_HAL_Driver/Src/stm32f3xx_hal_tim_ex.c **** /**
 483:Drivers/STM32F3xx_HAL_Driver/Src/stm32f3xx_hal_tim_ex.c ****   * @brief  Starts the TIM Hall Sensor Interface in DMA mode.
 484:Drivers/STM32F3xx_HAL_Driver/Src/stm32f3xx_hal_tim_ex.c ****   * @param  htim TIM Hall Sensor Interface handle
 485:Drivers/STM32F3xx_HAL_Driver/Src/stm32f3xx_hal_tim_ex.c ****   * @param  pData The destination Buffer address.
 486:Drivers/STM32F3xx_HAL_Driver/Src/stm32f3xx_hal_tim_ex.c ****   * @param  Length The length of data to be transferred from TIM peripheral to memory.
ARM GAS  C:\Users\nakas\AppData\Local\Temp\ccLYSQiW.s 			page 10


 487:Drivers/STM32F3xx_HAL_Driver/Src/stm32f3xx_hal_tim_ex.c ****   * @retval HAL status
 488:Drivers/STM32F3xx_HAL_Driver/Src/stm32f3xx_hal_tim_ex.c ****   */
 489:Drivers/STM32F3xx_HAL_Driver/Src/stm32f3xx_hal_tim_ex.c **** HAL_StatusTypeDef HAL_TIMEx_HallSensor_Start_DMA(TIM_HandleTypeDef *htim, uint32_t *pData, uint16_t
 490:Drivers/STM32F3xx_HAL_Driver/Src/stm32f3xx_hal_tim_ex.c **** {
 491:Drivers/STM32F3xx_HAL_Driver/Src/stm32f3xx_hal_tim_ex.c ****   uint32_t tmpsmcr;
 492:Drivers/STM32F3xx_HAL_Driver/Src/stm32f3xx_hal_tim_ex.c ****   HAL_TIM_ChannelStateTypeDef channel_1_state = TIM_CHANNEL_STATE_GET(htim, TIM_CHANNEL_1);
 493:Drivers/STM32F3xx_HAL_Driver/Src/stm32f3xx_hal_tim_ex.c ****   HAL_TIM_ChannelStateTypeDef complementary_channel_1_state = TIM_CHANNEL_N_STATE_GET(htim, TIM_CHA
 494:Drivers/STM32F3xx_HAL_Driver/Src/stm32f3xx_hal_tim_ex.c **** 
 495:Drivers/STM32F3xx_HAL_Driver/Src/stm32f3xx_hal_tim_ex.c ****   /* Check the parameters */
 496:Drivers/STM32F3xx_HAL_Driver/Src/stm32f3xx_hal_tim_ex.c ****   assert_param(IS_TIM_HALL_SENSOR_INTERFACE_INSTANCE(htim->Instance));
 497:Drivers/STM32F3xx_HAL_Driver/Src/stm32f3xx_hal_tim_ex.c **** 
 498:Drivers/STM32F3xx_HAL_Driver/Src/stm32f3xx_hal_tim_ex.c ****   /* Set the TIM channel state */
 499:Drivers/STM32F3xx_HAL_Driver/Src/stm32f3xx_hal_tim_ex.c ****   if ((channel_1_state == HAL_TIM_CHANNEL_STATE_BUSY)
 500:Drivers/STM32F3xx_HAL_Driver/Src/stm32f3xx_hal_tim_ex.c ****       || (complementary_channel_1_state == HAL_TIM_CHANNEL_STATE_BUSY))
 501:Drivers/STM32F3xx_HAL_Driver/Src/stm32f3xx_hal_tim_ex.c ****   {
 502:Drivers/STM32F3xx_HAL_Driver/Src/stm32f3xx_hal_tim_ex.c ****     return HAL_BUSY;
 503:Drivers/STM32F3xx_HAL_Driver/Src/stm32f3xx_hal_tim_ex.c ****   }
 504:Drivers/STM32F3xx_HAL_Driver/Src/stm32f3xx_hal_tim_ex.c ****   else if ((channel_1_state == HAL_TIM_CHANNEL_STATE_READY)
 505:Drivers/STM32F3xx_HAL_Driver/Src/stm32f3xx_hal_tim_ex.c ****            && (complementary_channel_1_state == HAL_TIM_CHANNEL_STATE_READY))
 506:Drivers/STM32F3xx_HAL_Driver/Src/stm32f3xx_hal_tim_ex.c ****   {
 507:Drivers/STM32F3xx_HAL_Driver/Src/stm32f3xx_hal_tim_ex.c ****     if ((pData == NULL) || (Length == 0U))
 508:Drivers/STM32F3xx_HAL_Driver/Src/stm32f3xx_hal_tim_ex.c ****     {
 509:Drivers/STM32F3xx_HAL_Driver/Src/stm32f3xx_hal_tim_ex.c ****       return HAL_ERROR;
 510:Drivers/STM32F3xx_HAL_Driver/Src/stm32f3xx_hal_tim_ex.c ****     }
 511:Drivers/STM32F3xx_HAL_Driver/Src/stm32f3xx_hal_tim_ex.c ****     else
 512:Drivers/STM32F3xx_HAL_Driver/Src/stm32f3xx_hal_tim_ex.c ****     {
 513:Drivers/STM32F3xx_HAL_Driver/Src/stm32f3xx_hal_tim_ex.c ****       TIM_CHANNEL_STATE_SET(htim, TIM_CHANNEL_1, HAL_TIM_CHANNEL_STATE_BUSY);
 514:Drivers/STM32F3xx_HAL_Driver/Src/stm32f3xx_hal_tim_ex.c ****       TIM_CHANNEL_N_STATE_SET(htim, TIM_CHANNEL_1, HAL_TIM_CHANNEL_STATE_BUSY);
 515:Drivers/STM32F3xx_HAL_Driver/Src/stm32f3xx_hal_tim_ex.c ****     }
 516:Drivers/STM32F3xx_HAL_Driver/Src/stm32f3xx_hal_tim_ex.c ****   }
 517:Drivers/STM32F3xx_HAL_Driver/Src/stm32f3xx_hal_tim_ex.c ****   else
 518:Drivers/STM32F3xx_HAL_Driver/Src/stm32f3xx_hal_tim_ex.c ****   {
 519:Drivers/STM32F3xx_HAL_Driver/Src/stm32f3xx_hal_tim_ex.c ****     return HAL_ERROR;
 520:Drivers/STM32F3xx_HAL_Driver/Src/stm32f3xx_hal_tim_ex.c ****   }
 521:Drivers/STM32F3xx_HAL_Driver/Src/stm32f3xx_hal_tim_ex.c **** 
 522:Drivers/STM32F3xx_HAL_Driver/Src/stm32f3xx_hal_tim_ex.c ****   /* Enable the Input Capture channel 1
 523:Drivers/STM32F3xx_HAL_Driver/Src/stm32f3xx_hal_tim_ex.c ****   (in the Hall Sensor Interface the three possible channels that can be used are TIM_CHANNEL_1,
 524:Drivers/STM32F3xx_HAL_Driver/Src/stm32f3xx_hal_tim_ex.c ****   TIM_CHANNEL_2 and TIM_CHANNEL_3) */
 525:Drivers/STM32F3xx_HAL_Driver/Src/stm32f3xx_hal_tim_ex.c ****   TIM_CCxChannelCmd(htim->Instance, TIM_CHANNEL_1, TIM_CCx_ENABLE);
 526:Drivers/STM32F3xx_HAL_Driver/Src/stm32f3xx_hal_tim_ex.c **** 
 527:Drivers/STM32F3xx_HAL_Driver/Src/stm32f3xx_hal_tim_ex.c ****   /* Set the DMA Input Capture 1 Callbacks */
 528:Drivers/STM32F3xx_HAL_Driver/Src/stm32f3xx_hal_tim_ex.c ****   htim->hdma[TIM_DMA_ID_CC1]->XferCpltCallback = TIM_DMACaptureCplt;
 529:Drivers/STM32F3xx_HAL_Driver/Src/stm32f3xx_hal_tim_ex.c ****   htim->hdma[TIM_DMA_ID_CC1]->XferHalfCpltCallback = TIM_DMACaptureHalfCplt;
 530:Drivers/STM32F3xx_HAL_Driver/Src/stm32f3xx_hal_tim_ex.c ****   /* Set the DMA error callback */
 531:Drivers/STM32F3xx_HAL_Driver/Src/stm32f3xx_hal_tim_ex.c ****   htim->hdma[TIM_DMA_ID_CC1]->XferErrorCallback = TIM_DMAError ;
 532:Drivers/STM32F3xx_HAL_Driver/Src/stm32f3xx_hal_tim_ex.c **** 
 533:Drivers/STM32F3xx_HAL_Driver/Src/stm32f3xx_hal_tim_ex.c ****   /* Enable the DMA channel for Capture 1*/
 534:Drivers/STM32F3xx_HAL_Driver/Src/stm32f3xx_hal_tim_ex.c ****   if (HAL_DMA_Start_IT(htim->hdma[TIM_DMA_ID_CC1], (uint32_t)&htim->Instance->CCR1, (uint32_t)pData
 535:Drivers/STM32F3xx_HAL_Driver/Src/stm32f3xx_hal_tim_ex.c ****   {
 536:Drivers/STM32F3xx_HAL_Driver/Src/stm32f3xx_hal_tim_ex.c ****     /* Return error status */
 537:Drivers/STM32F3xx_HAL_Driver/Src/stm32f3xx_hal_tim_ex.c ****     return HAL_ERROR;
 538:Drivers/STM32F3xx_HAL_Driver/Src/stm32f3xx_hal_tim_ex.c ****   }
 539:Drivers/STM32F3xx_HAL_Driver/Src/stm32f3xx_hal_tim_ex.c ****   /* Enable the capture compare 1 Interrupt */
 540:Drivers/STM32F3xx_HAL_Driver/Src/stm32f3xx_hal_tim_ex.c ****   __HAL_TIM_ENABLE_DMA(htim, TIM_DMA_CC1);
 541:Drivers/STM32F3xx_HAL_Driver/Src/stm32f3xx_hal_tim_ex.c **** 
 542:Drivers/STM32F3xx_HAL_Driver/Src/stm32f3xx_hal_tim_ex.c ****   /* Enable the Peripheral, except in trigger mode where enable is automatically done with trigger 
 543:Drivers/STM32F3xx_HAL_Driver/Src/stm32f3xx_hal_tim_ex.c ****   if (IS_TIM_SLAVE_INSTANCE(htim->Instance))
ARM GAS  C:\Users\nakas\AppData\Local\Temp\ccLYSQiW.s 			page 11


 544:Drivers/STM32F3xx_HAL_Driver/Src/stm32f3xx_hal_tim_ex.c ****   {
 545:Drivers/STM32F3xx_HAL_Driver/Src/stm32f3xx_hal_tim_ex.c ****     tmpsmcr = htim->Instance->SMCR & TIM_SMCR_SMS;
 546:Drivers/STM32F3xx_HAL_Driver/Src/stm32f3xx_hal_tim_ex.c ****     if (!IS_TIM_SLAVEMODE_TRIGGER_ENABLED(tmpsmcr))
 547:Drivers/STM32F3xx_HAL_Driver/Src/stm32f3xx_hal_tim_ex.c ****     {
 548:Drivers/STM32F3xx_HAL_Driver/Src/stm32f3xx_hal_tim_ex.c ****       __HAL_TIM_ENABLE(htim);
 549:Drivers/STM32F3xx_HAL_Driver/Src/stm32f3xx_hal_tim_ex.c ****     }
 550:Drivers/STM32F3xx_HAL_Driver/Src/stm32f3xx_hal_tim_ex.c ****   }
 551:Drivers/STM32F3xx_HAL_Driver/Src/stm32f3xx_hal_tim_ex.c ****   else
 552:Drivers/STM32F3xx_HAL_Driver/Src/stm32f3xx_hal_tim_ex.c ****   {
 553:Drivers/STM32F3xx_HAL_Driver/Src/stm32f3xx_hal_tim_ex.c ****     __HAL_TIM_ENABLE(htim);
 554:Drivers/STM32F3xx_HAL_Driver/Src/stm32f3xx_hal_tim_ex.c ****   }
 555:Drivers/STM32F3xx_HAL_Driver/Src/stm32f3xx_hal_tim_ex.c **** 
 556:Drivers/STM32F3xx_HAL_Driver/Src/stm32f3xx_hal_tim_ex.c ****   /* Return function status */
 557:Drivers/STM32F3xx_HAL_Driver/Src/stm32f3xx_hal_tim_ex.c ****   return HAL_OK;
 558:Drivers/STM32F3xx_HAL_Driver/Src/stm32f3xx_hal_tim_ex.c **** }
 559:Drivers/STM32F3xx_HAL_Driver/Src/stm32f3xx_hal_tim_ex.c **** 
 560:Drivers/STM32F3xx_HAL_Driver/Src/stm32f3xx_hal_tim_ex.c **** /**
 561:Drivers/STM32F3xx_HAL_Driver/Src/stm32f3xx_hal_tim_ex.c ****   * @brief  Stops the TIM Hall Sensor Interface in DMA mode.
 562:Drivers/STM32F3xx_HAL_Driver/Src/stm32f3xx_hal_tim_ex.c ****   * @param  htim TIM Hall Sensor Interface handle
 563:Drivers/STM32F3xx_HAL_Driver/Src/stm32f3xx_hal_tim_ex.c ****   * @retval HAL status
 564:Drivers/STM32F3xx_HAL_Driver/Src/stm32f3xx_hal_tim_ex.c ****   */
 565:Drivers/STM32F3xx_HAL_Driver/Src/stm32f3xx_hal_tim_ex.c **** HAL_StatusTypeDef HAL_TIMEx_HallSensor_Stop_DMA(TIM_HandleTypeDef *htim)
 566:Drivers/STM32F3xx_HAL_Driver/Src/stm32f3xx_hal_tim_ex.c **** {
 567:Drivers/STM32F3xx_HAL_Driver/Src/stm32f3xx_hal_tim_ex.c ****   /* Check the parameters */
 568:Drivers/STM32F3xx_HAL_Driver/Src/stm32f3xx_hal_tim_ex.c ****   assert_param(IS_TIM_HALL_SENSOR_INTERFACE_INSTANCE(htim->Instance));
 569:Drivers/STM32F3xx_HAL_Driver/Src/stm32f3xx_hal_tim_ex.c **** 
 570:Drivers/STM32F3xx_HAL_Driver/Src/stm32f3xx_hal_tim_ex.c ****   /* Disable the Input Capture channel 1
 571:Drivers/STM32F3xx_HAL_Driver/Src/stm32f3xx_hal_tim_ex.c ****   (in the Hall Sensor Interface the three possible channels that can be used are TIM_CHANNEL_1,
 572:Drivers/STM32F3xx_HAL_Driver/Src/stm32f3xx_hal_tim_ex.c ****   TIM_CHANNEL_2 and TIM_CHANNEL_3) */
 573:Drivers/STM32F3xx_HAL_Driver/Src/stm32f3xx_hal_tim_ex.c ****   TIM_CCxChannelCmd(htim->Instance, TIM_CHANNEL_1, TIM_CCx_DISABLE);
 574:Drivers/STM32F3xx_HAL_Driver/Src/stm32f3xx_hal_tim_ex.c **** 
 575:Drivers/STM32F3xx_HAL_Driver/Src/stm32f3xx_hal_tim_ex.c **** 
 576:Drivers/STM32F3xx_HAL_Driver/Src/stm32f3xx_hal_tim_ex.c ****   /* Disable the capture compare Interrupts 1 event */
 577:Drivers/STM32F3xx_HAL_Driver/Src/stm32f3xx_hal_tim_ex.c ****   __HAL_TIM_DISABLE_DMA(htim, TIM_DMA_CC1);
 578:Drivers/STM32F3xx_HAL_Driver/Src/stm32f3xx_hal_tim_ex.c **** 
 579:Drivers/STM32F3xx_HAL_Driver/Src/stm32f3xx_hal_tim_ex.c ****   (void)HAL_DMA_Abort_IT(htim->hdma[TIM_DMA_ID_CC1]);
 580:Drivers/STM32F3xx_HAL_Driver/Src/stm32f3xx_hal_tim_ex.c **** 
 581:Drivers/STM32F3xx_HAL_Driver/Src/stm32f3xx_hal_tim_ex.c ****   /* Disable the Peripheral */
 582:Drivers/STM32F3xx_HAL_Driver/Src/stm32f3xx_hal_tim_ex.c ****   __HAL_TIM_DISABLE(htim);
 583:Drivers/STM32F3xx_HAL_Driver/Src/stm32f3xx_hal_tim_ex.c **** 
 584:Drivers/STM32F3xx_HAL_Driver/Src/stm32f3xx_hal_tim_ex.c ****   /* Set the TIM channel state */
 585:Drivers/STM32F3xx_HAL_Driver/Src/stm32f3xx_hal_tim_ex.c ****   TIM_CHANNEL_STATE_SET(htim, TIM_CHANNEL_1, HAL_TIM_CHANNEL_STATE_READY);
 586:Drivers/STM32F3xx_HAL_Driver/Src/stm32f3xx_hal_tim_ex.c ****   TIM_CHANNEL_N_STATE_SET(htim, TIM_CHANNEL_1, HAL_TIM_CHANNEL_STATE_READY);
 587:Drivers/STM32F3xx_HAL_Driver/Src/stm32f3xx_hal_tim_ex.c **** 
 588:Drivers/STM32F3xx_HAL_Driver/Src/stm32f3xx_hal_tim_ex.c ****   /* Return function status */
 589:Drivers/STM32F3xx_HAL_Driver/Src/stm32f3xx_hal_tim_ex.c ****   return HAL_OK;
 590:Drivers/STM32F3xx_HAL_Driver/Src/stm32f3xx_hal_tim_ex.c **** }
 591:Drivers/STM32F3xx_HAL_Driver/Src/stm32f3xx_hal_tim_ex.c **** 
 592:Drivers/STM32F3xx_HAL_Driver/Src/stm32f3xx_hal_tim_ex.c **** /**
 593:Drivers/STM32F3xx_HAL_Driver/Src/stm32f3xx_hal_tim_ex.c ****   * @}
 594:Drivers/STM32F3xx_HAL_Driver/Src/stm32f3xx_hal_tim_ex.c ****   */
 595:Drivers/STM32F3xx_HAL_Driver/Src/stm32f3xx_hal_tim_ex.c **** 
 596:Drivers/STM32F3xx_HAL_Driver/Src/stm32f3xx_hal_tim_ex.c **** /** @defgroup TIMEx_Exported_Functions_Group2 Extended Timer Complementary Output Compare functions
 597:Drivers/STM32F3xx_HAL_Driver/Src/stm32f3xx_hal_tim_ex.c ****   *  @brief   Timer Complementary Output Compare functions
 598:Drivers/STM32F3xx_HAL_Driver/Src/stm32f3xx_hal_tim_ex.c ****   *
 599:Drivers/STM32F3xx_HAL_Driver/Src/stm32f3xx_hal_tim_ex.c **** @verbatim
 600:Drivers/STM32F3xx_HAL_Driver/Src/stm32f3xx_hal_tim_ex.c ****   ==============================================================================
ARM GAS  C:\Users\nakas\AppData\Local\Temp\ccLYSQiW.s 			page 12


 601:Drivers/STM32F3xx_HAL_Driver/Src/stm32f3xx_hal_tim_ex.c ****               ##### Timer Complementary Output Compare functions #####
 602:Drivers/STM32F3xx_HAL_Driver/Src/stm32f3xx_hal_tim_ex.c ****   ==============================================================================
 603:Drivers/STM32F3xx_HAL_Driver/Src/stm32f3xx_hal_tim_ex.c ****   [..]
 604:Drivers/STM32F3xx_HAL_Driver/Src/stm32f3xx_hal_tim_ex.c ****     This section provides functions allowing to:
 605:Drivers/STM32F3xx_HAL_Driver/Src/stm32f3xx_hal_tim_ex.c ****     (+) Start the Complementary Output Compare/PWM.
 606:Drivers/STM32F3xx_HAL_Driver/Src/stm32f3xx_hal_tim_ex.c ****     (+) Stop the Complementary Output Compare/PWM.
 607:Drivers/STM32F3xx_HAL_Driver/Src/stm32f3xx_hal_tim_ex.c ****     (+) Start the Complementary Output Compare/PWM and enable interrupts.
 608:Drivers/STM32F3xx_HAL_Driver/Src/stm32f3xx_hal_tim_ex.c ****     (+) Stop the Complementary Output Compare/PWM and disable interrupts.
 609:Drivers/STM32F3xx_HAL_Driver/Src/stm32f3xx_hal_tim_ex.c ****     (+) Start the Complementary Output Compare/PWM and enable DMA transfers.
 610:Drivers/STM32F3xx_HAL_Driver/Src/stm32f3xx_hal_tim_ex.c ****     (+) Stop the Complementary Output Compare/PWM and disable DMA transfers.
 611:Drivers/STM32F3xx_HAL_Driver/Src/stm32f3xx_hal_tim_ex.c **** 
 612:Drivers/STM32F3xx_HAL_Driver/Src/stm32f3xx_hal_tim_ex.c **** @endverbatim
 613:Drivers/STM32F3xx_HAL_Driver/Src/stm32f3xx_hal_tim_ex.c ****   * @{
 614:Drivers/STM32F3xx_HAL_Driver/Src/stm32f3xx_hal_tim_ex.c ****   */
 615:Drivers/STM32F3xx_HAL_Driver/Src/stm32f3xx_hal_tim_ex.c **** 
 616:Drivers/STM32F3xx_HAL_Driver/Src/stm32f3xx_hal_tim_ex.c **** /**
 617:Drivers/STM32F3xx_HAL_Driver/Src/stm32f3xx_hal_tim_ex.c ****   * @brief  Starts the TIM Output Compare signal generation on the complementary
 618:Drivers/STM32F3xx_HAL_Driver/Src/stm32f3xx_hal_tim_ex.c ****   *         output.
 619:Drivers/STM32F3xx_HAL_Driver/Src/stm32f3xx_hal_tim_ex.c ****   * @param  htim TIM Output Compare handle
 620:Drivers/STM32F3xx_HAL_Driver/Src/stm32f3xx_hal_tim_ex.c ****   * @param  Channel TIM Channel to be enabled
 621:Drivers/STM32F3xx_HAL_Driver/Src/stm32f3xx_hal_tim_ex.c ****   *          This parameter can be one of the following values:
 622:Drivers/STM32F3xx_HAL_Driver/Src/stm32f3xx_hal_tim_ex.c ****   *            @arg TIM_CHANNEL_1: TIM Channel 1 selected
 623:Drivers/STM32F3xx_HAL_Driver/Src/stm32f3xx_hal_tim_ex.c ****   *            @arg TIM_CHANNEL_2: TIM Channel 2 selected
 624:Drivers/STM32F3xx_HAL_Driver/Src/stm32f3xx_hal_tim_ex.c ****   *            @arg TIM_CHANNEL_3: TIM Channel 3 selected
 625:Drivers/STM32F3xx_HAL_Driver/Src/stm32f3xx_hal_tim_ex.c ****   * @retval HAL status
 626:Drivers/STM32F3xx_HAL_Driver/Src/stm32f3xx_hal_tim_ex.c ****   */
 627:Drivers/STM32F3xx_HAL_Driver/Src/stm32f3xx_hal_tim_ex.c **** HAL_StatusTypeDef HAL_TIMEx_OCN_Start(TIM_HandleTypeDef *htim, uint32_t Channel)
 628:Drivers/STM32F3xx_HAL_Driver/Src/stm32f3xx_hal_tim_ex.c **** {
 629:Drivers/STM32F3xx_HAL_Driver/Src/stm32f3xx_hal_tim_ex.c ****   uint32_t tmpsmcr;
 630:Drivers/STM32F3xx_HAL_Driver/Src/stm32f3xx_hal_tim_ex.c **** 
 631:Drivers/STM32F3xx_HAL_Driver/Src/stm32f3xx_hal_tim_ex.c ****   /* Check the parameters */
 632:Drivers/STM32F3xx_HAL_Driver/Src/stm32f3xx_hal_tim_ex.c ****   assert_param(IS_TIM_CCXN_INSTANCE(htim->Instance, Channel));
 633:Drivers/STM32F3xx_HAL_Driver/Src/stm32f3xx_hal_tim_ex.c **** 
 634:Drivers/STM32F3xx_HAL_Driver/Src/stm32f3xx_hal_tim_ex.c ****   /* Check the TIM complementary channel state */
 635:Drivers/STM32F3xx_HAL_Driver/Src/stm32f3xx_hal_tim_ex.c ****   if (TIM_CHANNEL_N_STATE_GET(htim, Channel) != HAL_TIM_CHANNEL_STATE_READY)
 636:Drivers/STM32F3xx_HAL_Driver/Src/stm32f3xx_hal_tim_ex.c ****   {
 637:Drivers/STM32F3xx_HAL_Driver/Src/stm32f3xx_hal_tim_ex.c ****     return HAL_ERROR;
 638:Drivers/STM32F3xx_HAL_Driver/Src/stm32f3xx_hal_tim_ex.c ****   }
 639:Drivers/STM32F3xx_HAL_Driver/Src/stm32f3xx_hal_tim_ex.c **** 
 640:Drivers/STM32F3xx_HAL_Driver/Src/stm32f3xx_hal_tim_ex.c ****   /* Set the TIM complementary channel state */
 641:Drivers/STM32F3xx_HAL_Driver/Src/stm32f3xx_hal_tim_ex.c ****   TIM_CHANNEL_N_STATE_SET(htim, Channel, HAL_TIM_CHANNEL_STATE_BUSY);
 642:Drivers/STM32F3xx_HAL_Driver/Src/stm32f3xx_hal_tim_ex.c **** 
 643:Drivers/STM32F3xx_HAL_Driver/Src/stm32f3xx_hal_tim_ex.c ****   /* Enable the Capture compare channel N */
 644:Drivers/STM32F3xx_HAL_Driver/Src/stm32f3xx_hal_tim_ex.c ****   TIM_CCxNChannelCmd(htim->Instance, Channel, TIM_CCxN_ENABLE);
 645:Drivers/STM32F3xx_HAL_Driver/Src/stm32f3xx_hal_tim_ex.c **** 
 646:Drivers/STM32F3xx_HAL_Driver/Src/stm32f3xx_hal_tim_ex.c ****   /* Enable the Main Output */
 647:Drivers/STM32F3xx_HAL_Driver/Src/stm32f3xx_hal_tim_ex.c ****   __HAL_TIM_MOE_ENABLE(htim);
 648:Drivers/STM32F3xx_HAL_Driver/Src/stm32f3xx_hal_tim_ex.c **** 
 649:Drivers/STM32F3xx_HAL_Driver/Src/stm32f3xx_hal_tim_ex.c ****   /* Enable the Peripheral, except in trigger mode where enable is automatically done with trigger 
 650:Drivers/STM32F3xx_HAL_Driver/Src/stm32f3xx_hal_tim_ex.c ****   if (IS_TIM_SLAVE_INSTANCE(htim->Instance))
 651:Drivers/STM32F3xx_HAL_Driver/Src/stm32f3xx_hal_tim_ex.c ****   {
 652:Drivers/STM32F3xx_HAL_Driver/Src/stm32f3xx_hal_tim_ex.c ****     tmpsmcr = htim->Instance->SMCR & TIM_SMCR_SMS;
 653:Drivers/STM32F3xx_HAL_Driver/Src/stm32f3xx_hal_tim_ex.c ****     if (!IS_TIM_SLAVEMODE_TRIGGER_ENABLED(tmpsmcr))
 654:Drivers/STM32F3xx_HAL_Driver/Src/stm32f3xx_hal_tim_ex.c ****     {
 655:Drivers/STM32F3xx_HAL_Driver/Src/stm32f3xx_hal_tim_ex.c ****       __HAL_TIM_ENABLE(htim);
 656:Drivers/STM32F3xx_HAL_Driver/Src/stm32f3xx_hal_tim_ex.c ****     }
 657:Drivers/STM32F3xx_HAL_Driver/Src/stm32f3xx_hal_tim_ex.c ****   }
ARM GAS  C:\Users\nakas\AppData\Local\Temp\ccLYSQiW.s 			page 13


 658:Drivers/STM32F3xx_HAL_Driver/Src/stm32f3xx_hal_tim_ex.c ****   else
 659:Drivers/STM32F3xx_HAL_Driver/Src/stm32f3xx_hal_tim_ex.c ****   {
 660:Drivers/STM32F3xx_HAL_Driver/Src/stm32f3xx_hal_tim_ex.c ****     __HAL_TIM_ENABLE(htim);
 661:Drivers/STM32F3xx_HAL_Driver/Src/stm32f3xx_hal_tim_ex.c ****   }
 662:Drivers/STM32F3xx_HAL_Driver/Src/stm32f3xx_hal_tim_ex.c **** 
 663:Drivers/STM32F3xx_HAL_Driver/Src/stm32f3xx_hal_tim_ex.c ****   /* Return function status */
 664:Drivers/STM32F3xx_HAL_Driver/Src/stm32f3xx_hal_tim_ex.c ****   return HAL_OK;
 665:Drivers/STM32F3xx_HAL_Driver/Src/stm32f3xx_hal_tim_ex.c **** }
 666:Drivers/STM32F3xx_HAL_Driver/Src/stm32f3xx_hal_tim_ex.c **** 
 667:Drivers/STM32F3xx_HAL_Driver/Src/stm32f3xx_hal_tim_ex.c **** /**
 668:Drivers/STM32F3xx_HAL_Driver/Src/stm32f3xx_hal_tim_ex.c ****   * @brief  Stops the TIM Output Compare signal generation on the complementary
 669:Drivers/STM32F3xx_HAL_Driver/Src/stm32f3xx_hal_tim_ex.c ****   *         output.
 670:Drivers/STM32F3xx_HAL_Driver/Src/stm32f3xx_hal_tim_ex.c ****   * @param  htim TIM handle
 671:Drivers/STM32F3xx_HAL_Driver/Src/stm32f3xx_hal_tim_ex.c ****   * @param  Channel TIM Channel to be disabled
 672:Drivers/STM32F3xx_HAL_Driver/Src/stm32f3xx_hal_tim_ex.c ****   *          This parameter can be one of the following values:
 673:Drivers/STM32F3xx_HAL_Driver/Src/stm32f3xx_hal_tim_ex.c ****   *            @arg TIM_CHANNEL_1: TIM Channel 1 selected
 674:Drivers/STM32F3xx_HAL_Driver/Src/stm32f3xx_hal_tim_ex.c ****   *            @arg TIM_CHANNEL_2: TIM Channel 2 selected
 675:Drivers/STM32F3xx_HAL_Driver/Src/stm32f3xx_hal_tim_ex.c ****   *            @arg TIM_CHANNEL_3: TIM Channel 3 selected
 676:Drivers/STM32F3xx_HAL_Driver/Src/stm32f3xx_hal_tim_ex.c ****   * @retval HAL status
 677:Drivers/STM32F3xx_HAL_Driver/Src/stm32f3xx_hal_tim_ex.c ****   */
 678:Drivers/STM32F3xx_HAL_Driver/Src/stm32f3xx_hal_tim_ex.c **** HAL_StatusTypeDef HAL_TIMEx_OCN_Stop(TIM_HandleTypeDef *htim, uint32_t Channel)
 679:Drivers/STM32F3xx_HAL_Driver/Src/stm32f3xx_hal_tim_ex.c **** {
 680:Drivers/STM32F3xx_HAL_Driver/Src/stm32f3xx_hal_tim_ex.c ****   /* Check the parameters */
 681:Drivers/STM32F3xx_HAL_Driver/Src/stm32f3xx_hal_tim_ex.c ****   assert_param(IS_TIM_CCXN_INSTANCE(htim->Instance, Channel));
 682:Drivers/STM32F3xx_HAL_Driver/Src/stm32f3xx_hal_tim_ex.c **** 
 683:Drivers/STM32F3xx_HAL_Driver/Src/stm32f3xx_hal_tim_ex.c ****   /* Disable the Capture compare channel N */
 684:Drivers/STM32F3xx_HAL_Driver/Src/stm32f3xx_hal_tim_ex.c ****   TIM_CCxNChannelCmd(htim->Instance, Channel, TIM_CCxN_DISABLE);
 685:Drivers/STM32F3xx_HAL_Driver/Src/stm32f3xx_hal_tim_ex.c **** 
 686:Drivers/STM32F3xx_HAL_Driver/Src/stm32f3xx_hal_tim_ex.c ****   /* Disable the Main Output */
 687:Drivers/STM32F3xx_HAL_Driver/Src/stm32f3xx_hal_tim_ex.c ****   __HAL_TIM_MOE_DISABLE(htim);
 688:Drivers/STM32F3xx_HAL_Driver/Src/stm32f3xx_hal_tim_ex.c **** 
 689:Drivers/STM32F3xx_HAL_Driver/Src/stm32f3xx_hal_tim_ex.c ****   /* Disable the Peripheral */
 690:Drivers/STM32F3xx_HAL_Driver/Src/stm32f3xx_hal_tim_ex.c ****   __HAL_TIM_DISABLE(htim);
 691:Drivers/STM32F3xx_HAL_Driver/Src/stm32f3xx_hal_tim_ex.c **** 
 692:Drivers/STM32F3xx_HAL_Driver/Src/stm32f3xx_hal_tim_ex.c ****   /* Set the TIM complementary channel state */
 693:Drivers/STM32F3xx_HAL_Driver/Src/stm32f3xx_hal_tim_ex.c ****   TIM_CHANNEL_N_STATE_SET(htim, Channel, HAL_TIM_CHANNEL_STATE_READY);
 694:Drivers/STM32F3xx_HAL_Driver/Src/stm32f3xx_hal_tim_ex.c **** 
 695:Drivers/STM32F3xx_HAL_Driver/Src/stm32f3xx_hal_tim_ex.c ****   /* Return function status */
 696:Drivers/STM32F3xx_HAL_Driver/Src/stm32f3xx_hal_tim_ex.c ****   return HAL_OK;
 697:Drivers/STM32F3xx_HAL_Driver/Src/stm32f3xx_hal_tim_ex.c **** }
 698:Drivers/STM32F3xx_HAL_Driver/Src/stm32f3xx_hal_tim_ex.c **** 
 699:Drivers/STM32F3xx_HAL_Driver/Src/stm32f3xx_hal_tim_ex.c **** /**
 700:Drivers/STM32F3xx_HAL_Driver/Src/stm32f3xx_hal_tim_ex.c ****   * @brief  Starts the TIM Output Compare signal generation in interrupt mode
 701:Drivers/STM32F3xx_HAL_Driver/Src/stm32f3xx_hal_tim_ex.c ****   *         on the complementary output.
 702:Drivers/STM32F3xx_HAL_Driver/Src/stm32f3xx_hal_tim_ex.c ****   * @param  htim TIM OC handle
 703:Drivers/STM32F3xx_HAL_Driver/Src/stm32f3xx_hal_tim_ex.c ****   * @param  Channel TIM Channel to be enabled
 704:Drivers/STM32F3xx_HAL_Driver/Src/stm32f3xx_hal_tim_ex.c ****   *          This parameter can be one of the following values:
 705:Drivers/STM32F3xx_HAL_Driver/Src/stm32f3xx_hal_tim_ex.c ****   *            @arg TIM_CHANNEL_1: TIM Channel 1 selected
 706:Drivers/STM32F3xx_HAL_Driver/Src/stm32f3xx_hal_tim_ex.c ****   *            @arg TIM_CHANNEL_2: TIM Channel 2 selected
 707:Drivers/STM32F3xx_HAL_Driver/Src/stm32f3xx_hal_tim_ex.c ****   *            @arg TIM_CHANNEL_3: TIM Channel 3 selected
 708:Drivers/STM32F3xx_HAL_Driver/Src/stm32f3xx_hal_tim_ex.c ****   * @retval HAL status
 709:Drivers/STM32F3xx_HAL_Driver/Src/stm32f3xx_hal_tim_ex.c ****   */
 710:Drivers/STM32F3xx_HAL_Driver/Src/stm32f3xx_hal_tim_ex.c **** HAL_StatusTypeDef HAL_TIMEx_OCN_Start_IT(TIM_HandleTypeDef *htim, uint32_t Channel)
 711:Drivers/STM32F3xx_HAL_Driver/Src/stm32f3xx_hal_tim_ex.c **** {
 712:Drivers/STM32F3xx_HAL_Driver/Src/stm32f3xx_hal_tim_ex.c ****   HAL_StatusTypeDef status = HAL_OK;
 713:Drivers/STM32F3xx_HAL_Driver/Src/stm32f3xx_hal_tim_ex.c ****   uint32_t tmpsmcr;
 714:Drivers/STM32F3xx_HAL_Driver/Src/stm32f3xx_hal_tim_ex.c **** 
ARM GAS  C:\Users\nakas\AppData\Local\Temp\ccLYSQiW.s 			page 14


 715:Drivers/STM32F3xx_HAL_Driver/Src/stm32f3xx_hal_tim_ex.c ****   /* Check the parameters */
 716:Drivers/STM32F3xx_HAL_Driver/Src/stm32f3xx_hal_tim_ex.c ****   assert_param(IS_TIM_CCXN_INSTANCE(htim->Instance, Channel));
 717:Drivers/STM32F3xx_HAL_Driver/Src/stm32f3xx_hal_tim_ex.c **** 
 718:Drivers/STM32F3xx_HAL_Driver/Src/stm32f3xx_hal_tim_ex.c ****   /* Check the TIM complementary channel state */
 719:Drivers/STM32F3xx_HAL_Driver/Src/stm32f3xx_hal_tim_ex.c ****   if (TIM_CHANNEL_N_STATE_GET(htim, Channel) != HAL_TIM_CHANNEL_STATE_READY)
 720:Drivers/STM32F3xx_HAL_Driver/Src/stm32f3xx_hal_tim_ex.c ****   {
 721:Drivers/STM32F3xx_HAL_Driver/Src/stm32f3xx_hal_tim_ex.c ****     return HAL_ERROR;
 722:Drivers/STM32F3xx_HAL_Driver/Src/stm32f3xx_hal_tim_ex.c ****   }
 723:Drivers/STM32F3xx_HAL_Driver/Src/stm32f3xx_hal_tim_ex.c **** 
 724:Drivers/STM32F3xx_HAL_Driver/Src/stm32f3xx_hal_tim_ex.c ****   /* Set the TIM complementary channel state */
 725:Drivers/STM32F3xx_HAL_Driver/Src/stm32f3xx_hal_tim_ex.c ****   TIM_CHANNEL_N_STATE_SET(htim, Channel, HAL_TIM_CHANNEL_STATE_BUSY);
 726:Drivers/STM32F3xx_HAL_Driver/Src/stm32f3xx_hal_tim_ex.c **** 
 727:Drivers/STM32F3xx_HAL_Driver/Src/stm32f3xx_hal_tim_ex.c ****   switch (Channel)
 728:Drivers/STM32F3xx_HAL_Driver/Src/stm32f3xx_hal_tim_ex.c ****   {
 729:Drivers/STM32F3xx_HAL_Driver/Src/stm32f3xx_hal_tim_ex.c ****     case TIM_CHANNEL_1:
 730:Drivers/STM32F3xx_HAL_Driver/Src/stm32f3xx_hal_tim_ex.c ****     {
 731:Drivers/STM32F3xx_HAL_Driver/Src/stm32f3xx_hal_tim_ex.c ****       /* Enable the TIM Output Compare interrupt */
 732:Drivers/STM32F3xx_HAL_Driver/Src/stm32f3xx_hal_tim_ex.c ****       __HAL_TIM_ENABLE_IT(htim, TIM_IT_CC1);
 733:Drivers/STM32F3xx_HAL_Driver/Src/stm32f3xx_hal_tim_ex.c ****       break;
 734:Drivers/STM32F3xx_HAL_Driver/Src/stm32f3xx_hal_tim_ex.c ****     }
 735:Drivers/STM32F3xx_HAL_Driver/Src/stm32f3xx_hal_tim_ex.c **** 
 736:Drivers/STM32F3xx_HAL_Driver/Src/stm32f3xx_hal_tim_ex.c ****     case TIM_CHANNEL_2:
 737:Drivers/STM32F3xx_HAL_Driver/Src/stm32f3xx_hal_tim_ex.c ****     {
 738:Drivers/STM32F3xx_HAL_Driver/Src/stm32f3xx_hal_tim_ex.c ****       /* Enable the TIM Output Compare interrupt */
 739:Drivers/STM32F3xx_HAL_Driver/Src/stm32f3xx_hal_tim_ex.c ****       __HAL_TIM_ENABLE_IT(htim, TIM_IT_CC2);
 740:Drivers/STM32F3xx_HAL_Driver/Src/stm32f3xx_hal_tim_ex.c ****       break;
 741:Drivers/STM32F3xx_HAL_Driver/Src/stm32f3xx_hal_tim_ex.c ****     }
 742:Drivers/STM32F3xx_HAL_Driver/Src/stm32f3xx_hal_tim_ex.c **** 
 743:Drivers/STM32F3xx_HAL_Driver/Src/stm32f3xx_hal_tim_ex.c ****     case TIM_CHANNEL_3:
 744:Drivers/STM32F3xx_HAL_Driver/Src/stm32f3xx_hal_tim_ex.c ****     {
 745:Drivers/STM32F3xx_HAL_Driver/Src/stm32f3xx_hal_tim_ex.c ****       /* Enable the TIM Output Compare interrupt */
 746:Drivers/STM32F3xx_HAL_Driver/Src/stm32f3xx_hal_tim_ex.c ****       __HAL_TIM_ENABLE_IT(htim, TIM_IT_CC3);
 747:Drivers/STM32F3xx_HAL_Driver/Src/stm32f3xx_hal_tim_ex.c ****       break;
 748:Drivers/STM32F3xx_HAL_Driver/Src/stm32f3xx_hal_tim_ex.c ****     }
 749:Drivers/STM32F3xx_HAL_Driver/Src/stm32f3xx_hal_tim_ex.c **** 
 750:Drivers/STM32F3xx_HAL_Driver/Src/stm32f3xx_hal_tim_ex.c **** 
 751:Drivers/STM32F3xx_HAL_Driver/Src/stm32f3xx_hal_tim_ex.c ****     default:
 752:Drivers/STM32F3xx_HAL_Driver/Src/stm32f3xx_hal_tim_ex.c ****       status = HAL_ERROR;
 753:Drivers/STM32F3xx_HAL_Driver/Src/stm32f3xx_hal_tim_ex.c ****       break;
 754:Drivers/STM32F3xx_HAL_Driver/Src/stm32f3xx_hal_tim_ex.c ****   }
 755:Drivers/STM32F3xx_HAL_Driver/Src/stm32f3xx_hal_tim_ex.c **** 
 756:Drivers/STM32F3xx_HAL_Driver/Src/stm32f3xx_hal_tim_ex.c ****   if (status == HAL_OK)
 757:Drivers/STM32F3xx_HAL_Driver/Src/stm32f3xx_hal_tim_ex.c ****   {
 758:Drivers/STM32F3xx_HAL_Driver/Src/stm32f3xx_hal_tim_ex.c ****     /* Enable the TIM Break interrupt */
 759:Drivers/STM32F3xx_HAL_Driver/Src/stm32f3xx_hal_tim_ex.c ****     __HAL_TIM_ENABLE_IT(htim, TIM_IT_BREAK);
 760:Drivers/STM32F3xx_HAL_Driver/Src/stm32f3xx_hal_tim_ex.c **** 
 761:Drivers/STM32F3xx_HAL_Driver/Src/stm32f3xx_hal_tim_ex.c ****     /* Enable the Capture compare channel N */
 762:Drivers/STM32F3xx_HAL_Driver/Src/stm32f3xx_hal_tim_ex.c ****     TIM_CCxNChannelCmd(htim->Instance, Channel, TIM_CCxN_ENABLE);
 763:Drivers/STM32F3xx_HAL_Driver/Src/stm32f3xx_hal_tim_ex.c **** 
 764:Drivers/STM32F3xx_HAL_Driver/Src/stm32f3xx_hal_tim_ex.c ****     /* Enable the Main Output */
 765:Drivers/STM32F3xx_HAL_Driver/Src/stm32f3xx_hal_tim_ex.c ****     __HAL_TIM_MOE_ENABLE(htim);
 766:Drivers/STM32F3xx_HAL_Driver/Src/stm32f3xx_hal_tim_ex.c **** 
 767:Drivers/STM32F3xx_HAL_Driver/Src/stm32f3xx_hal_tim_ex.c ****     /* Enable the Peripheral, except in trigger mode where enable is automatically done with trigge
 768:Drivers/STM32F3xx_HAL_Driver/Src/stm32f3xx_hal_tim_ex.c ****     if (IS_TIM_SLAVE_INSTANCE(htim->Instance))
 769:Drivers/STM32F3xx_HAL_Driver/Src/stm32f3xx_hal_tim_ex.c ****     {
 770:Drivers/STM32F3xx_HAL_Driver/Src/stm32f3xx_hal_tim_ex.c ****       tmpsmcr = htim->Instance->SMCR & TIM_SMCR_SMS;
 771:Drivers/STM32F3xx_HAL_Driver/Src/stm32f3xx_hal_tim_ex.c ****       if (!IS_TIM_SLAVEMODE_TRIGGER_ENABLED(tmpsmcr))
ARM GAS  C:\Users\nakas\AppData\Local\Temp\ccLYSQiW.s 			page 15


 772:Drivers/STM32F3xx_HAL_Driver/Src/stm32f3xx_hal_tim_ex.c ****       {
 773:Drivers/STM32F3xx_HAL_Driver/Src/stm32f3xx_hal_tim_ex.c ****         __HAL_TIM_ENABLE(htim);
 774:Drivers/STM32F3xx_HAL_Driver/Src/stm32f3xx_hal_tim_ex.c ****       }
 775:Drivers/STM32F3xx_HAL_Driver/Src/stm32f3xx_hal_tim_ex.c ****     }
 776:Drivers/STM32F3xx_HAL_Driver/Src/stm32f3xx_hal_tim_ex.c ****     else
 777:Drivers/STM32F3xx_HAL_Driver/Src/stm32f3xx_hal_tim_ex.c ****     {
 778:Drivers/STM32F3xx_HAL_Driver/Src/stm32f3xx_hal_tim_ex.c ****       __HAL_TIM_ENABLE(htim);
 779:Drivers/STM32F3xx_HAL_Driver/Src/stm32f3xx_hal_tim_ex.c ****     }
 780:Drivers/STM32F3xx_HAL_Driver/Src/stm32f3xx_hal_tim_ex.c ****   }
 781:Drivers/STM32F3xx_HAL_Driver/Src/stm32f3xx_hal_tim_ex.c **** 
 782:Drivers/STM32F3xx_HAL_Driver/Src/stm32f3xx_hal_tim_ex.c ****   /* Return function status */
 783:Drivers/STM32F3xx_HAL_Driver/Src/stm32f3xx_hal_tim_ex.c ****   return status;
 784:Drivers/STM32F3xx_HAL_Driver/Src/stm32f3xx_hal_tim_ex.c **** }
 785:Drivers/STM32F3xx_HAL_Driver/Src/stm32f3xx_hal_tim_ex.c **** 
 786:Drivers/STM32F3xx_HAL_Driver/Src/stm32f3xx_hal_tim_ex.c **** /**
 787:Drivers/STM32F3xx_HAL_Driver/Src/stm32f3xx_hal_tim_ex.c ****   * @brief  Stops the TIM Output Compare signal generation in interrupt mode
 788:Drivers/STM32F3xx_HAL_Driver/Src/stm32f3xx_hal_tim_ex.c ****   *         on the complementary output.
 789:Drivers/STM32F3xx_HAL_Driver/Src/stm32f3xx_hal_tim_ex.c ****   * @param  htim TIM Output Compare handle
 790:Drivers/STM32F3xx_HAL_Driver/Src/stm32f3xx_hal_tim_ex.c ****   * @param  Channel TIM Channel to be disabled
 791:Drivers/STM32F3xx_HAL_Driver/Src/stm32f3xx_hal_tim_ex.c ****   *          This parameter can be one of the following values:
 792:Drivers/STM32F3xx_HAL_Driver/Src/stm32f3xx_hal_tim_ex.c ****   *            @arg TIM_CHANNEL_1: TIM Channel 1 selected
 793:Drivers/STM32F3xx_HAL_Driver/Src/stm32f3xx_hal_tim_ex.c ****   *            @arg TIM_CHANNEL_2: TIM Channel 2 selected
 794:Drivers/STM32F3xx_HAL_Driver/Src/stm32f3xx_hal_tim_ex.c ****   *            @arg TIM_CHANNEL_3: TIM Channel 3 selected
 795:Drivers/STM32F3xx_HAL_Driver/Src/stm32f3xx_hal_tim_ex.c ****   * @retval HAL status
 796:Drivers/STM32F3xx_HAL_Driver/Src/stm32f3xx_hal_tim_ex.c ****   */
 797:Drivers/STM32F3xx_HAL_Driver/Src/stm32f3xx_hal_tim_ex.c **** HAL_StatusTypeDef HAL_TIMEx_OCN_Stop_IT(TIM_HandleTypeDef *htim, uint32_t Channel)
 798:Drivers/STM32F3xx_HAL_Driver/Src/stm32f3xx_hal_tim_ex.c **** {
 799:Drivers/STM32F3xx_HAL_Driver/Src/stm32f3xx_hal_tim_ex.c ****   HAL_StatusTypeDef status = HAL_OK;
 800:Drivers/STM32F3xx_HAL_Driver/Src/stm32f3xx_hal_tim_ex.c ****   uint32_t tmpccer;
 801:Drivers/STM32F3xx_HAL_Driver/Src/stm32f3xx_hal_tim_ex.c **** 
 802:Drivers/STM32F3xx_HAL_Driver/Src/stm32f3xx_hal_tim_ex.c ****   /* Check the parameters */
 803:Drivers/STM32F3xx_HAL_Driver/Src/stm32f3xx_hal_tim_ex.c ****   assert_param(IS_TIM_CCXN_INSTANCE(htim->Instance, Channel));
 804:Drivers/STM32F3xx_HAL_Driver/Src/stm32f3xx_hal_tim_ex.c **** 
 805:Drivers/STM32F3xx_HAL_Driver/Src/stm32f3xx_hal_tim_ex.c ****   switch (Channel)
 806:Drivers/STM32F3xx_HAL_Driver/Src/stm32f3xx_hal_tim_ex.c ****   {
 807:Drivers/STM32F3xx_HAL_Driver/Src/stm32f3xx_hal_tim_ex.c ****     case TIM_CHANNEL_1:
 808:Drivers/STM32F3xx_HAL_Driver/Src/stm32f3xx_hal_tim_ex.c ****     {
 809:Drivers/STM32F3xx_HAL_Driver/Src/stm32f3xx_hal_tim_ex.c ****       /* Disable the TIM Output Compare interrupt */
 810:Drivers/STM32F3xx_HAL_Driver/Src/stm32f3xx_hal_tim_ex.c ****       __HAL_TIM_DISABLE_IT(htim, TIM_IT_CC1);
 811:Drivers/STM32F3xx_HAL_Driver/Src/stm32f3xx_hal_tim_ex.c ****       break;
 812:Drivers/STM32F3xx_HAL_Driver/Src/stm32f3xx_hal_tim_ex.c ****     }
 813:Drivers/STM32F3xx_HAL_Driver/Src/stm32f3xx_hal_tim_ex.c **** 
 814:Drivers/STM32F3xx_HAL_Driver/Src/stm32f3xx_hal_tim_ex.c ****     case TIM_CHANNEL_2:
 815:Drivers/STM32F3xx_HAL_Driver/Src/stm32f3xx_hal_tim_ex.c ****     {
 816:Drivers/STM32F3xx_HAL_Driver/Src/stm32f3xx_hal_tim_ex.c ****       /* Disable the TIM Output Compare interrupt */
 817:Drivers/STM32F3xx_HAL_Driver/Src/stm32f3xx_hal_tim_ex.c ****       __HAL_TIM_DISABLE_IT(htim, TIM_IT_CC2);
 818:Drivers/STM32F3xx_HAL_Driver/Src/stm32f3xx_hal_tim_ex.c ****       break;
 819:Drivers/STM32F3xx_HAL_Driver/Src/stm32f3xx_hal_tim_ex.c ****     }
 820:Drivers/STM32F3xx_HAL_Driver/Src/stm32f3xx_hal_tim_ex.c **** 
 821:Drivers/STM32F3xx_HAL_Driver/Src/stm32f3xx_hal_tim_ex.c ****     case TIM_CHANNEL_3:
 822:Drivers/STM32F3xx_HAL_Driver/Src/stm32f3xx_hal_tim_ex.c ****     {
 823:Drivers/STM32F3xx_HAL_Driver/Src/stm32f3xx_hal_tim_ex.c ****       /* Disable the TIM Output Compare interrupt */
 824:Drivers/STM32F3xx_HAL_Driver/Src/stm32f3xx_hal_tim_ex.c ****       __HAL_TIM_DISABLE_IT(htim, TIM_IT_CC3);
 825:Drivers/STM32F3xx_HAL_Driver/Src/stm32f3xx_hal_tim_ex.c ****       break;
 826:Drivers/STM32F3xx_HAL_Driver/Src/stm32f3xx_hal_tim_ex.c ****     }
 827:Drivers/STM32F3xx_HAL_Driver/Src/stm32f3xx_hal_tim_ex.c **** 
 828:Drivers/STM32F3xx_HAL_Driver/Src/stm32f3xx_hal_tim_ex.c ****     default:
ARM GAS  C:\Users\nakas\AppData\Local\Temp\ccLYSQiW.s 			page 16


 829:Drivers/STM32F3xx_HAL_Driver/Src/stm32f3xx_hal_tim_ex.c ****       status = HAL_ERROR;
 830:Drivers/STM32F3xx_HAL_Driver/Src/stm32f3xx_hal_tim_ex.c ****       break;
 831:Drivers/STM32F3xx_HAL_Driver/Src/stm32f3xx_hal_tim_ex.c ****   }
 832:Drivers/STM32F3xx_HAL_Driver/Src/stm32f3xx_hal_tim_ex.c **** 
 833:Drivers/STM32F3xx_HAL_Driver/Src/stm32f3xx_hal_tim_ex.c ****   if (status == HAL_OK)
 834:Drivers/STM32F3xx_HAL_Driver/Src/stm32f3xx_hal_tim_ex.c ****   {
 835:Drivers/STM32F3xx_HAL_Driver/Src/stm32f3xx_hal_tim_ex.c ****     /* Disable the Capture compare channel N */
 836:Drivers/STM32F3xx_HAL_Driver/Src/stm32f3xx_hal_tim_ex.c ****     TIM_CCxNChannelCmd(htim->Instance, Channel, TIM_CCxN_DISABLE);
 837:Drivers/STM32F3xx_HAL_Driver/Src/stm32f3xx_hal_tim_ex.c **** 
 838:Drivers/STM32F3xx_HAL_Driver/Src/stm32f3xx_hal_tim_ex.c ****     /* Disable the TIM Break interrupt (only if no more channel is active) */
 839:Drivers/STM32F3xx_HAL_Driver/Src/stm32f3xx_hal_tim_ex.c ****     tmpccer = htim->Instance->CCER;
 840:Drivers/STM32F3xx_HAL_Driver/Src/stm32f3xx_hal_tim_ex.c ****     if ((tmpccer & TIM_CCER_CCxNE_MASK) == (uint32_t)RESET)
 841:Drivers/STM32F3xx_HAL_Driver/Src/stm32f3xx_hal_tim_ex.c ****     {
 842:Drivers/STM32F3xx_HAL_Driver/Src/stm32f3xx_hal_tim_ex.c ****       __HAL_TIM_DISABLE_IT(htim, TIM_IT_BREAK);
 843:Drivers/STM32F3xx_HAL_Driver/Src/stm32f3xx_hal_tim_ex.c ****     }
 844:Drivers/STM32F3xx_HAL_Driver/Src/stm32f3xx_hal_tim_ex.c **** 
 845:Drivers/STM32F3xx_HAL_Driver/Src/stm32f3xx_hal_tim_ex.c ****     /* Disable the Main Output */
 846:Drivers/STM32F3xx_HAL_Driver/Src/stm32f3xx_hal_tim_ex.c ****     __HAL_TIM_MOE_DISABLE(htim);
 847:Drivers/STM32F3xx_HAL_Driver/Src/stm32f3xx_hal_tim_ex.c **** 
 848:Drivers/STM32F3xx_HAL_Driver/Src/stm32f3xx_hal_tim_ex.c ****     /* Disable the Peripheral */
 849:Drivers/STM32F3xx_HAL_Driver/Src/stm32f3xx_hal_tim_ex.c ****     __HAL_TIM_DISABLE(htim);
 850:Drivers/STM32F3xx_HAL_Driver/Src/stm32f3xx_hal_tim_ex.c **** 
 851:Drivers/STM32F3xx_HAL_Driver/Src/stm32f3xx_hal_tim_ex.c ****     /* Set the TIM complementary channel state */
 852:Drivers/STM32F3xx_HAL_Driver/Src/stm32f3xx_hal_tim_ex.c ****     TIM_CHANNEL_N_STATE_SET(htim, Channel, HAL_TIM_CHANNEL_STATE_READY);
 853:Drivers/STM32F3xx_HAL_Driver/Src/stm32f3xx_hal_tim_ex.c ****   }
 854:Drivers/STM32F3xx_HAL_Driver/Src/stm32f3xx_hal_tim_ex.c **** 
 855:Drivers/STM32F3xx_HAL_Driver/Src/stm32f3xx_hal_tim_ex.c ****   /* Return function status */
 856:Drivers/STM32F3xx_HAL_Driver/Src/stm32f3xx_hal_tim_ex.c ****   return status;
 857:Drivers/STM32F3xx_HAL_Driver/Src/stm32f3xx_hal_tim_ex.c **** }
 858:Drivers/STM32F3xx_HAL_Driver/Src/stm32f3xx_hal_tim_ex.c **** 
 859:Drivers/STM32F3xx_HAL_Driver/Src/stm32f3xx_hal_tim_ex.c **** /**
 860:Drivers/STM32F3xx_HAL_Driver/Src/stm32f3xx_hal_tim_ex.c ****   * @brief  Starts the TIM Output Compare signal generation in DMA mode
 861:Drivers/STM32F3xx_HAL_Driver/Src/stm32f3xx_hal_tim_ex.c ****   *         on the complementary output.
 862:Drivers/STM32F3xx_HAL_Driver/Src/stm32f3xx_hal_tim_ex.c ****   * @param  htim TIM Output Compare handle
 863:Drivers/STM32F3xx_HAL_Driver/Src/stm32f3xx_hal_tim_ex.c ****   * @param  Channel TIM Channel to be enabled
 864:Drivers/STM32F3xx_HAL_Driver/Src/stm32f3xx_hal_tim_ex.c ****   *          This parameter can be one of the following values:
 865:Drivers/STM32F3xx_HAL_Driver/Src/stm32f3xx_hal_tim_ex.c ****   *            @arg TIM_CHANNEL_1: TIM Channel 1 selected
 866:Drivers/STM32F3xx_HAL_Driver/Src/stm32f3xx_hal_tim_ex.c ****   *            @arg TIM_CHANNEL_2: TIM Channel 2 selected
 867:Drivers/STM32F3xx_HAL_Driver/Src/stm32f3xx_hal_tim_ex.c ****   *            @arg TIM_CHANNEL_3: TIM Channel 3 selected
 868:Drivers/STM32F3xx_HAL_Driver/Src/stm32f3xx_hal_tim_ex.c ****   * @param  pData The source Buffer address.
 869:Drivers/STM32F3xx_HAL_Driver/Src/stm32f3xx_hal_tim_ex.c ****   * @param  Length The length of data to be transferred from memory to TIM peripheral
 870:Drivers/STM32F3xx_HAL_Driver/Src/stm32f3xx_hal_tim_ex.c ****   * @retval HAL status
 871:Drivers/STM32F3xx_HAL_Driver/Src/stm32f3xx_hal_tim_ex.c ****   */
 872:Drivers/STM32F3xx_HAL_Driver/Src/stm32f3xx_hal_tim_ex.c **** HAL_StatusTypeDef HAL_TIMEx_OCN_Start_DMA(TIM_HandleTypeDef *htim, uint32_t Channel, const uint32_t
 873:Drivers/STM32F3xx_HAL_Driver/Src/stm32f3xx_hal_tim_ex.c ****                                           uint16_t Length)
 874:Drivers/STM32F3xx_HAL_Driver/Src/stm32f3xx_hal_tim_ex.c **** {
 875:Drivers/STM32F3xx_HAL_Driver/Src/stm32f3xx_hal_tim_ex.c ****   HAL_StatusTypeDef status = HAL_OK;
 876:Drivers/STM32F3xx_HAL_Driver/Src/stm32f3xx_hal_tim_ex.c ****   uint32_t tmpsmcr;
 877:Drivers/STM32F3xx_HAL_Driver/Src/stm32f3xx_hal_tim_ex.c **** 
 878:Drivers/STM32F3xx_HAL_Driver/Src/stm32f3xx_hal_tim_ex.c ****   /* Check the parameters */
 879:Drivers/STM32F3xx_HAL_Driver/Src/stm32f3xx_hal_tim_ex.c ****   assert_param(IS_TIM_CCXN_INSTANCE(htim->Instance, Channel));
 880:Drivers/STM32F3xx_HAL_Driver/Src/stm32f3xx_hal_tim_ex.c **** 
 881:Drivers/STM32F3xx_HAL_Driver/Src/stm32f3xx_hal_tim_ex.c ****   /* Set the TIM complementary channel state */
 882:Drivers/STM32F3xx_HAL_Driver/Src/stm32f3xx_hal_tim_ex.c ****   if (TIM_CHANNEL_N_STATE_GET(htim, Channel) == HAL_TIM_CHANNEL_STATE_BUSY)
 883:Drivers/STM32F3xx_HAL_Driver/Src/stm32f3xx_hal_tim_ex.c ****   {
 884:Drivers/STM32F3xx_HAL_Driver/Src/stm32f3xx_hal_tim_ex.c ****     return HAL_BUSY;
 885:Drivers/STM32F3xx_HAL_Driver/Src/stm32f3xx_hal_tim_ex.c ****   }
ARM GAS  C:\Users\nakas\AppData\Local\Temp\ccLYSQiW.s 			page 17


 886:Drivers/STM32F3xx_HAL_Driver/Src/stm32f3xx_hal_tim_ex.c ****   else if (TIM_CHANNEL_N_STATE_GET(htim, Channel) == HAL_TIM_CHANNEL_STATE_READY)
 887:Drivers/STM32F3xx_HAL_Driver/Src/stm32f3xx_hal_tim_ex.c ****   {
 888:Drivers/STM32F3xx_HAL_Driver/Src/stm32f3xx_hal_tim_ex.c ****     if ((pData == NULL) || (Length == 0U))
 889:Drivers/STM32F3xx_HAL_Driver/Src/stm32f3xx_hal_tim_ex.c ****     {
 890:Drivers/STM32F3xx_HAL_Driver/Src/stm32f3xx_hal_tim_ex.c ****       return HAL_ERROR;
 891:Drivers/STM32F3xx_HAL_Driver/Src/stm32f3xx_hal_tim_ex.c ****     }
 892:Drivers/STM32F3xx_HAL_Driver/Src/stm32f3xx_hal_tim_ex.c ****     else
 893:Drivers/STM32F3xx_HAL_Driver/Src/stm32f3xx_hal_tim_ex.c ****     {
 894:Drivers/STM32F3xx_HAL_Driver/Src/stm32f3xx_hal_tim_ex.c ****       TIM_CHANNEL_N_STATE_SET(htim, Channel, HAL_TIM_CHANNEL_STATE_BUSY);
 895:Drivers/STM32F3xx_HAL_Driver/Src/stm32f3xx_hal_tim_ex.c ****     }
 896:Drivers/STM32F3xx_HAL_Driver/Src/stm32f3xx_hal_tim_ex.c ****   }
 897:Drivers/STM32F3xx_HAL_Driver/Src/stm32f3xx_hal_tim_ex.c ****   else
 898:Drivers/STM32F3xx_HAL_Driver/Src/stm32f3xx_hal_tim_ex.c ****   {
 899:Drivers/STM32F3xx_HAL_Driver/Src/stm32f3xx_hal_tim_ex.c ****     return HAL_ERROR;
 900:Drivers/STM32F3xx_HAL_Driver/Src/stm32f3xx_hal_tim_ex.c ****   }
 901:Drivers/STM32F3xx_HAL_Driver/Src/stm32f3xx_hal_tim_ex.c **** 
 902:Drivers/STM32F3xx_HAL_Driver/Src/stm32f3xx_hal_tim_ex.c ****   switch (Channel)
 903:Drivers/STM32F3xx_HAL_Driver/Src/stm32f3xx_hal_tim_ex.c ****   {
 904:Drivers/STM32F3xx_HAL_Driver/Src/stm32f3xx_hal_tim_ex.c ****     case TIM_CHANNEL_1:
 905:Drivers/STM32F3xx_HAL_Driver/Src/stm32f3xx_hal_tim_ex.c ****     {
 906:Drivers/STM32F3xx_HAL_Driver/Src/stm32f3xx_hal_tim_ex.c ****       /* Set the DMA compare callbacks */
 907:Drivers/STM32F3xx_HAL_Driver/Src/stm32f3xx_hal_tim_ex.c ****       htim->hdma[TIM_DMA_ID_CC1]->XferCpltCallback = TIM_DMADelayPulseNCplt;
 908:Drivers/STM32F3xx_HAL_Driver/Src/stm32f3xx_hal_tim_ex.c ****       htim->hdma[TIM_DMA_ID_CC1]->XferHalfCpltCallback = TIM_DMADelayPulseHalfCplt;
 909:Drivers/STM32F3xx_HAL_Driver/Src/stm32f3xx_hal_tim_ex.c **** 
 910:Drivers/STM32F3xx_HAL_Driver/Src/stm32f3xx_hal_tim_ex.c ****       /* Set the DMA error callback */
 911:Drivers/STM32F3xx_HAL_Driver/Src/stm32f3xx_hal_tim_ex.c ****       htim->hdma[TIM_DMA_ID_CC1]->XferErrorCallback = TIM_DMAErrorCCxN ;
 912:Drivers/STM32F3xx_HAL_Driver/Src/stm32f3xx_hal_tim_ex.c **** 
 913:Drivers/STM32F3xx_HAL_Driver/Src/stm32f3xx_hal_tim_ex.c ****       /* Enable the DMA channel */
 914:Drivers/STM32F3xx_HAL_Driver/Src/stm32f3xx_hal_tim_ex.c ****       if (HAL_DMA_Start_IT(htim->hdma[TIM_DMA_ID_CC1], (uint32_t)pData, (uint32_t)&htim->Instance->
 915:Drivers/STM32F3xx_HAL_Driver/Src/stm32f3xx_hal_tim_ex.c ****                            Length) != HAL_OK)
 916:Drivers/STM32F3xx_HAL_Driver/Src/stm32f3xx_hal_tim_ex.c ****       {
 917:Drivers/STM32F3xx_HAL_Driver/Src/stm32f3xx_hal_tim_ex.c ****         /* Return error status */
 918:Drivers/STM32F3xx_HAL_Driver/Src/stm32f3xx_hal_tim_ex.c ****         return HAL_ERROR;
 919:Drivers/STM32F3xx_HAL_Driver/Src/stm32f3xx_hal_tim_ex.c ****       }
 920:Drivers/STM32F3xx_HAL_Driver/Src/stm32f3xx_hal_tim_ex.c ****       /* Enable the TIM Output Compare DMA request */
 921:Drivers/STM32F3xx_HAL_Driver/Src/stm32f3xx_hal_tim_ex.c ****       __HAL_TIM_ENABLE_DMA(htim, TIM_DMA_CC1);
 922:Drivers/STM32F3xx_HAL_Driver/Src/stm32f3xx_hal_tim_ex.c ****       break;
 923:Drivers/STM32F3xx_HAL_Driver/Src/stm32f3xx_hal_tim_ex.c ****     }
 924:Drivers/STM32F3xx_HAL_Driver/Src/stm32f3xx_hal_tim_ex.c **** 
 925:Drivers/STM32F3xx_HAL_Driver/Src/stm32f3xx_hal_tim_ex.c ****     case TIM_CHANNEL_2:
 926:Drivers/STM32F3xx_HAL_Driver/Src/stm32f3xx_hal_tim_ex.c ****     {
 927:Drivers/STM32F3xx_HAL_Driver/Src/stm32f3xx_hal_tim_ex.c ****       /* Set the DMA compare callbacks */
 928:Drivers/STM32F3xx_HAL_Driver/Src/stm32f3xx_hal_tim_ex.c ****       htim->hdma[TIM_DMA_ID_CC2]->XferCpltCallback = TIM_DMADelayPulseNCplt;
 929:Drivers/STM32F3xx_HAL_Driver/Src/stm32f3xx_hal_tim_ex.c ****       htim->hdma[TIM_DMA_ID_CC2]->XferHalfCpltCallback = TIM_DMADelayPulseHalfCplt;
 930:Drivers/STM32F3xx_HAL_Driver/Src/stm32f3xx_hal_tim_ex.c **** 
 931:Drivers/STM32F3xx_HAL_Driver/Src/stm32f3xx_hal_tim_ex.c ****       /* Set the DMA error callback */
 932:Drivers/STM32F3xx_HAL_Driver/Src/stm32f3xx_hal_tim_ex.c ****       htim->hdma[TIM_DMA_ID_CC2]->XferErrorCallback = TIM_DMAErrorCCxN ;
 933:Drivers/STM32F3xx_HAL_Driver/Src/stm32f3xx_hal_tim_ex.c **** 
 934:Drivers/STM32F3xx_HAL_Driver/Src/stm32f3xx_hal_tim_ex.c ****       /* Enable the DMA channel */
 935:Drivers/STM32F3xx_HAL_Driver/Src/stm32f3xx_hal_tim_ex.c ****       if (HAL_DMA_Start_IT(htim->hdma[TIM_DMA_ID_CC2], (uint32_t)pData, (uint32_t)&htim->Instance->
 936:Drivers/STM32F3xx_HAL_Driver/Src/stm32f3xx_hal_tim_ex.c ****                            Length) != HAL_OK)
 937:Drivers/STM32F3xx_HAL_Driver/Src/stm32f3xx_hal_tim_ex.c ****       {
 938:Drivers/STM32F3xx_HAL_Driver/Src/stm32f3xx_hal_tim_ex.c ****         /* Return error status */
 939:Drivers/STM32F3xx_HAL_Driver/Src/stm32f3xx_hal_tim_ex.c ****         return HAL_ERROR;
 940:Drivers/STM32F3xx_HAL_Driver/Src/stm32f3xx_hal_tim_ex.c ****       }
 941:Drivers/STM32F3xx_HAL_Driver/Src/stm32f3xx_hal_tim_ex.c ****       /* Enable the TIM Output Compare DMA request */
 942:Drivers/STM32F3xx_HAL_Driver/Src/stm32f3xx_hal_tim_ex.c ****       __HAL_TIM_ENABLE_DMA(htim, TIM_DMA_CC2);
ARM GAS  C:\Users\nakas\AppData\Local\Temp\ccLYSQiW.s 			page 18


 943:Drivers/STM32F3xx_HAL_Driver/Src/stm32f3xx_hal_tim_ex.c ****       break;
 944:Drivers/STM32F3xx_HAL_Driver/Src/stm32f3xx_hal_tim_ex.c ****     }
 945:Drivers/STM32F3xx_HAL_Driver/Src/stm32f3xx_hal_tim_ex.c **** 
 946:Drivers/STM32F3xx_HAL_Driver/Src/stm32f3xx_hal_tim_ex.c ****     case TIM_CHANNEL_3:
 947:Drivers/STM32F3xx_HAL_Driver/Src/stm32f3xx_hal_tim_ex.c ****     {
 948:Drivers/STM32F3xx_HAL_Driver/Src/stm32f3xx_hal_tim_ex.c ****       /* Set the DMA compare callbacks */
 949:Drivers/STM32F3xx_HAL_Driver/Src/stm32f3xx_hal_tim_ex.c ****       htim->hdma[TIM_DMA_ID_CC3]->XferCpltCallback = TIM_DMADelayPulseNCplt;
 950:Drivers/STM32F3xx_HAL_Driver/Src/stm32f3xx_hal_tim_ex.c ****       htim->hdma[TIM_DMA_ID_CC3]->XferHalfCpltCallback = TIM_DMADelayPulseHalfCplt;
 951:Drivers/STM32F3xx_HAL_Driver/Src/stm32f3xx_hal_tim_ex.c **** 
 952:Drivers/STM32F3xx_HAL_Driver/Src/stm32f3xx_hal_tim_ex.c ****       /* Set the DMA error callback */
 953:Drivers/STM32F3xx_HAL_Driver/Src/stm32f3xx_hal_tim_ex.c ****       htim->hdma[TIM_DMA_ID_CC3]->XferErrorCallback = TIM_DMAErrorCCxN ;
 954:Drivers/STM32F3xx_HAL_Driver/Src/stm32f3xx_hal_tim_ex.c **** 
 955:Drivers/STM32F3xx_HAL_Driver/Src/stm32f3xx_hal_tim_ex.c ****       /* Enable the DMA channel */
 956:Drivers/STM32F3xx_HAL_Driver/Src/stm32f3xx_hal_tim_ex.c ****       if (HAL_DMA_Start_IT(htim->hdma[TIM_DMA_ID_CC3], (uint32_t)pData, (uint32_t)&htim->Instance->
 957:Drivers/STM32F3xx_HAL_Driver/Src/stm32f3xx_hal_tim_ex.c ****                            Length) != HAL_OK)
 958:Drivers/STM32F3xx_HAL_Driver/Src/stm32f3xx_hal_tim_ex.c ****       {
 959:Drivers/STM32F3xx_HAL_Driver/Src/stm32f3xx_hal_tim_ex.c ****         /* Return error status */
 960:Drivers/STM32F3xx_HAL_Driver/Src/stm32f3xx_hal_tim_ex.c ****         return HAL_ERROR;
 961:Drivers/STM32F3xx_HAL_Driver/Src/stm32f3xx_hal_tim_ex.c ****       }
 962:Drivers/STM32F3xx_HAL_Driver/Src/stm32f3xx_hal_tim_ex.c ****       /* Enable the TIM Output Compare DMA request */
 963:Drivers/STM32F3xx_HAL_Driver/Src/stm32f3xx_hal_tim_ex.c ****       __HAL_TIM_ENABLE_DMA(htim, TIM_DMA_CC3);
 964:Drivers/STM32F3xx_HAL_Driver/Src/stm32f3xx_hal_tim_ex.c ****       break;
 965:Drivers/STM32F3xx_HAL_Driver/Src/stm32f3xx_hal_tim_ex.c ****     }
 966:Drivers/STM32F3xx_HAL_Driver/Src/stm32f3xx_hal_tim_ex.c **** 
 967:Drivers/STM32F3xx_HAL_Driver/Src/stm32f3xx_hal_tim_ex.c ****     default:
 968:Drivers/STM32F3xx_HAL_Driver/Src/stm32f3xx_hal_tim_ex.c ****       status = HAL_ERROR;
 969:Drivers/STM32F3xx_HAL_Driver/Src/stm32f3xx_hal_tim_ex.c ****       break;
 970:Drivers/STM32F3xx_HAL_Driver/Src/stm32f3xx_hal_tim_ex.c ****   }
 971:Drivers/STM32F3xx_HAL_Driver/Src/stm32f3xx_hal_tim_ex.c **** 
 972:Drivers/STM32F3xx_HAL_Driver/Src/stm32f3xx_hal_tim_ex.c ****   if (status == HAL_OK)
 973:Drivers/STM32F3xx_HAL_Driver/Src/stm32f3xx_hal_tim_ex.c ****   {
 974:Drivers/STM32F3xx_HAL_Driver/Src/stm32f3xx_hal_tim_ex.c ****     /* Enable the Capture compare channel N */
 975:Drivers/STM32F3xx_HAL_Driver/Src/stm32f3xx_hal_tim_ex.c ****     TIM_CCxNChannelCmd(htim->Instance, Channel, TIM_CCxN_ENABLE);
 976:Drivers/STM32F3xx_HAL_Driver/Src/stm32f3xx_hal_tim_ex.c **** 
 977:Drivers/STM32F3xx_HAL_Driver/Src/stm32f3xx_hal_tim_ex.c ****     /* Enable the Main Output */
 978:Drivers/STM32F3xx_HAL_Driver/Src/stm32f3xx_hal_tim_ex.c ****     __HAL_TIM_MOE_ENABLE(htim);
 979:Drivers/STM32F3xx_HAL_Driver/Src/stm32f3xx_hal_tim_ex.c **** 
 980:Drivers/STM32F3xx_HAL_Driver/Src/stm32f3xx_hal_tim_ex.c ****     /* Enable the Peripheral, except in trigger mode where enable is automatically done with trigge
 981:Drivers/STM32F3xx_HAL_Driver/Src/stm32f3xx_hal_tim_ex.c ****     if (IS_TIM_SLAVE_INSTANCE(htim->Instance))
 982:Drivers/STM32F3xx_HAL_Driver/Src/stm32f3xx_hal_tim_ex.c ****     {
 983:Drivers/STM32F3xx_HAL_Driver/Src/stm32f3xx_hal_tim_ex.c ****       tmpsmcr = htim->Instance->SMCR & TIM_SMCR_SMS;
 984:Drivers/STM32F3xx_HAL_Driver/Src/stm32f3xx_hal_tim_ex.c ****       if (!IS_TIM_SLAVEMODE_TRIGGER_ENABLED(tmpsmcr))
 985:Drivers/STM32F3xx_HAL_Driver/Src/stm32f3xx_hal_tim_ex.c ****       {
 986:Drivers/STM32F3xx_HAL_Driver/Src/stm32f3xx_hal_tim_ex.c ****         __HAL_TIM_ENABLE(htim);
 987:Drivers/STM32F3xx_HAL_Driver/Src/stm32f3xx_hal_tim_ex.c ****       }
 988:Drivers/STM32F3xx_HAL_Driver/Src/stm32f3xx_hal_tim_ex.c ****     }
 989:Drivers/STM32F3xx_HAL_Driver/Src/stm32f3xx_hal_tim_ex.c ****     else
 990:Drivers/STM32F3xx_HAL_Driver/Src/stm32f3xx_hal_tim_ex.c ****     {
 991:Drivers/STM32F3xx_HAL_Driver/Src/stm32f3xx_hal_tim_ex.c ****       __HAL_TIM_ENABLE(htim);
 992:Drivers/STM32F3xx_HAL_Driver/Src/stm32f3xx_hal_tim_ex.c ****     }
 993:Drivers/STM32F3xx_HAL_Driver/Src/stm32f3xx_hal_tim_ex.c ****   }
 994:Drivers/STM32F3xx_HAL_Driver/Src/stm32f3xx_hal_tim_ex.c **** 
 995:Drivers/STM32F3xx_HAL_Driver/Src/stm32f3xx_hal_tim_ex.c ****   /* Return function status */
 996:Drivers/STM32F3xx_HAL_Driver/Src/stm32f3xx_hal_tim_ex.c ****   return status;
 997:Drivers/STM32F3xx_HAL_Driver/Src/stm32f3xx_hal_tim_ex.c **** }
 998:Drivers/STM32F3xx_HAL_Driver/Src/stm32f3xx_hal_tim_ex.c **** 
 999:Drivers/STM32F3xx_HAL_Driver/Src/stm32f3xx_hal_tim_ex.c **** /**
ARM GAS  C:\Users\nakas\AppData\Local\Temp\ccLYSQiW.s 			page 19


1000:Drivers/STM32F3xx_HAL_Driver/Src/stm32f3xx_hal_tim_ex.c ****   * @brief  Stops the TIM Output Compare signal generation in DMA mode
1001:Drivers/STM32F3xx_HAL_Driver/Src/stm32f3xx_hal_tim_ex.c ****   *         on the complementary output.
1002:Drivers/STM32F3xx_HAL_Driver/Src/stm32f3xx_hal_tim_ex.c ****   * @param  htim TIM Output Compare handle
1003:Drivers/STM32F3xx_HAL_Driver/Src/stm32f3xx_hal_tim_ex.c ****   * @param  Channel TIM Channel to be disabled
1004:Drivers/STM32F3xx_HAL_Driver/Src/stm32f3xx_hal_tim_ex.c ****   *          This parameter can be one of the following values:
1005:Drivers/STM32F3xx_HAL_Driver/Src/stm32f3xx_hal_tim_ex.c ****   *            @arg TIM_CHANNEL_1: TIM Channel 1 selected
1006:Drivers/STM32F3xx_HAL_Driver/Src/stm32f3xx_hal_tim_ex.c ****   *            @arg TIM_CHANNEL_2: TIM Channel 2 selected
1007:Drivers/STM32F3xx_HAL_Driver/Src/stm32f3xx_hal_tim_ex.c ****   *            @arg TIM_CHANNEL_3: TIM Channel 3 selected
1008:Drivers/STM32F3xx_HAL_Driver/Src/stm32f3xx_hal_tim_ex.c ****   * @retval HAL status
1009:Drivers/STM32F3xx_HAL_Driver/Src/stm32f3xx_hal_tim_ex.c ****   */
1010:Drivers/STM32F3xx_HAL_Driver/Src/stm32f3xx_hal_tim_ex.c **** HAL_StatusTypeDef HAL_TIMEx_OCN_Stop_DMA(TIM_HandleTypeDef *htim, uint32_t Channel)
1011:Drivers/STM32F3xx_HAL_Driver/Src/stm32f3xx_hal_tim_ex.c **** {
1012:Drivers/STM32F3xx_HAL_Driver/Src/stm32f3xx_hal_tim_ex.c ****   HAL_StatusTypeDef status = HAL_OK;
1013:Drivers/STM32F3xx_HAL_Driver/Src/stm32f3xx_hal_tim_ex.c **** 
1014:Drivers/STM32F3xx_HAL_Driver/Src/stm32f3xx_hal_tim_ex.c ****   /* Check the parameters */
1015:Drivers/STM32F3xx_HAL_Driver/Src/stm32f3xx_hal_tim_ex.c ****   assert_param(IS_TIM_CCXN_INSTANCE(htim->Instance, Channel));
1016:Drivers/STM32F3xx_HAL_Driver/Src/stm32f3xx_hal_tim_ex.c **** 
1017:Drivers/STM32F3xx_HAL_Driver/Src/stm32f3xx_hal_tim_ex.c ****   switch (Channel)
1018:Drivers/STM32F3xx_HAL_Driver/Src/stm32f3xx_hal_tim_ex.c ****   {
1019:Drivers/STM32F3xx_HAL_Driver/Src/stm32f3xx_hal_tim_ex.c ****     case TIM_CHANNEL_1:
1020:Drivers/STM32F3xx_HAL_Driver/Src/stm32f3xx_hal_tim_ex.c ****     {
1021:Drivers/STM32F3xx_HAL_Driver/Src/stm32f3xx_hal_tim_ex.c ****       /* Disable the TIM Output Compare DMA request */
1022:Drivers/STM32F3xx_HAL_Driver/Src/stm32f3xx_hal_tim_ex.c ****       __HAL_TIM_DISABLE_DMA(htim, TIM_DMA_CC1);
1023:Drivers/STM32F3xx_HAL_Driver/Src/stm32f3xx_hal_tim_ex.c ****       (void)HAL_DMA_Abort_IT(htim->hdma[TIM_DMA_ID_CC1]);
1024:Drivers/STM32F3xx_HAL_Driver/Src/stm32f3xx_hal_tim_ex.c ****       break;
1025:Drivers/STM32F3xx_HAL_Driver/Src/stm32f3xx_hal_tim_ex.c ****     }
1026:Drivers/STM32F3xx_HAL_Driver/Src/stm32f3xx_hal_tim_ex.c **** 
1027:Drivers/STM32F3xx_HAL_Driver/Src/stm32f3xx_hal_tim_ex.c ****     case TIM_CHANNEL_2:
1028:Drivers/STM32F3xx_HAL_Driver/Src/stm32f3xx_hal_tim_ex.c ****     {
1029:Drivers/STM32F3xx_HAL_Driver/Src/stm32f3xx_hal_tim_ex.c ****       /* Disable the TIM Output Compare DMA request */
1030:Drivers/STM32F3xx_HAL_Driver/Src/stm32f3xx_hal_tim_ex.c ****       __HAL_TIM_DISABLE_DMA(htim, TIM_DMA_CC2);
1031:Drivers/STM32F3xx_HAL_Driver/Src/stm32f3xx_hal_tim_ex.c ****       (void)HAL_DMA_Abort_IT(htim->hdma[TIM_DMA_ID_CC2]);
1032:Drivers/STM32F3xx_HAL_Driver/Src/stm32f3xx_hal_tim_ex.c ****       break;
1033:Drivers/STM32F3xx_HAL_Driver/Src/stm32f3xx_hal_tim_ex.c ****     }
1034:Drivers/STM32F3xx_HAL_Driver/Src/stm32f3xx_hal_tim_ex.c **** 
1035:Drivers/STM32F3xx_HAL_Driver/Src/stm32f3xx_hal_tim_ex.c ****     case TIM_CHANNEL_3:
1036:Drivers/STM32F3xx_HAL_Driver/Src/stm32f3xx_hal_tim_ex.c ****     {
1037:Drivers/STM32F3xx_HAL_Driver/Src/stm32f3xx_hal_tim_ex.c ****       /* Disable the TIM Output Compare DMA request */
1038:Drivers/STM32F3xx_HAL_Driver/Src/stm32f3xx_hal_tim_ex.c ****       __HAL_TIM_DISABLE_DMA(htim, TIM_DMA_CC3);
1039:Drivers/STM32F3xx_HAL_Driver/Src/stm32f3xx_hal_tim_ex.c ****       (void)HAL_DMA_Abort_IT(htim->hdma[TIM_DMA_ID_CC3]);
1040:Drivers/STM32F3xx_HAL_Driver/Src/stm32f3xx_hal_tim_ex.c ****       break;
1041:Drivers/STM32F3xx_HAL_Driver/Src/stm32f3xx_hal_tim_ex.c ****     }
1042:Drivers/STM32F3xx_HAL_Driver/Src/stm32f3xx_hal_tim_ex.c **** 
1043:Drivers/STM32F3xx_HAL_Driver/Src/stm32f3xx_hal_tim_ex.c ****     default:
1044:Drivers/STM32F3xx_HAL_Driver/Src/stm32f3xx_hal_tim_ex.c ****       status = HAL_ERROR;
1045:Drivers/STM32F3xx_HAL_Driver/Src/stm32f3xx_hal_tim_ex.c ****       break;
1046:Drivers/STM32F3xx_HAL_Driver/Src/stm32f3xx_hal_tim_ex.c ****   }
1047:Drivers/STM32F3xx_HAL_Driver/Src/stm32f3xx_hal_tim_ex.c **** 
1048:Drivers/STM32F3xx_HAL_Driver/Src/stm32f3xx_hal_tim_ex.c ****   if (status == HAL_OK)
1049:Drivers/STM32F3xx_HAL_Driver/Src/stm32f3xx_hal_tim_ex.c ****   {
1050:Drivers/STM32F3xx_HAL_Driver/Src/stm32f3xx_hal_tim_ex.c ****     /* Disable the Capture compare channel N */
1051:Drivers/STM32F3xx_HAL_Driver/Src/stm32f3xx_hal_tim_ex.c ****     TIM_CCxNChannelCmd(htim->Instance, Channel, TIM_CCxN_DISABLE);
1052:Drivers/STM32F3xx_HAL_Driver/Src/stm32f3xx_hal_tim_ex.c **** 
1053:Drivers/STM32F3xx_HAL_Driver/Src/stm32f3xx_hal_tim_ex.c ****     /* Disable the Main Output */
1054:Drivers/STM32F3xx_HAL_Driver/Src/stm32f3xx_hal_tim_ex.c ****     __HAL_TIM_MOE_DISABLE(htim);
1055:Drivers/STM32F3xx_HAL_Driver/Src/stm32f3xx_hal_tim_ex.c **** 
1056:Drivers/STM32F3xx_HAL_Driver/Src/stm32f3xx_hal_tim_ex.c ****     /* Disable the Peripheral */
ARM GAS  C:\Users\nakas\AppData\Local\Temp\ccLYSQiW.s 			page 20


1057:Drivers/STM32F3xx_HAL_Driver/Src/stm32f3xx_hal_tim_ex.c ****     __HAL_TIM_DISABLE(htim);
1058:Drivers/STM32F3xx_HAL_Driver/Src/stm32f3xx_hal_tim_ex.c **** 
1059:Drivers/STM32F3xx_HAL_Driver/Src/stm32f3xx_hal_tim_ex.c ****     /* Set the TIM complementary channel state */
1060:Drivers/STM32F3xx_HAL_Driver/Src/stm32f3xx_hal_tim_ex.c ****     TIM_CHANNEL_N_STATE_SET(htim, Channel, HAL_TIM_CHANNEL_STATE_READY);
1061:Drivers/STM32F3xx_HAL_Driver/Src/stm32f3xx_hal_tim_ex.c ****   }
1062:Drivers/STM32F3xx_HAL_Driver/Src/stm32f3xx_hal_tim_ex.c **** 
1063:Drivers/STM32F3xx_HAL_Driver/Src/stm32f3xx_hal_tim_ex.c ****   /* Return function status */
1064:Drivers/STM32F3xx_HAL_Driver/Src/stm32f3xx_hal_tim_ex.c ****   return status;
1065:Drivers/STM32F3xx_HAL_Driver/Src/stm32f3xx_hal_tim_ex.c **** }
1066:Drivers/STM32F3xx_HAL_Driver/Src/stm32f3xx_hal_tim_ex.c **** 
1067:Drivers/STM32F3xx_HAL_Driver/Src/stm32f3xx_hal_tim_ex.c **** /**
1068:Drivers/STM32F3xx_HAL_Driver/Src/stm32f3xx_hal_tim_ex.c ****   * @}
1069:Drivers/STM32F3xx_HAL_Driver/Src/stm32f3xx_hal_tim_ex.c ****   */
1070:Drivers/STM32F3xx_HAL_Driver/Src/stm32f3xx_hal_tim_ex.c **** 
1071:Drivers/STM32F3xx_HAL_Driver/Src/stm32f3xx_hal_tim_ex.c **** /** @defgroup TIMEx_Exported_Functions_Group3 Extended Timer Complementary PWM functions
1072:Drivers/STM32F3xx_HAL_Driver/Src/stm32f3xx_hal_tim_ex.c ****   * @brief    Timer Complementary PWM functions
1073:Drivers/STM32F3xx_HAL_Driver/Src/stm32f3xx_hal_tim_ex.c ****   *
1074:Drivers/STM32F3xx_HAL_Driver/Src/stm32f3xx_hal_tim_ex.c **** @verbatim
1075:Drivers/STM32F3xx_HAL_Driver/Src/stm32f3xx_hal_tim_ex.c ****   ==============================================================================
1076:Drivers/STM32F3xx_HAL_Driver/Src/stm32f3xx_hal_tim_ex.c ****                  ##### Timer Complementary PWM functions #####
1077:Drivers/STM32F3xx_HAL_Driver/Src/stm32f3xx_hal_tim_ex.c ****   ==============================================================================
1078:Drivers/STM32F3xx_HAL_Driver/Src/stm32f3xx_hal_tim_ex.c ****   [..]
1079:Drivers/STM32F3xx_HAL_Driver/Src/stm32f3xx_hal_tim_ex.c ****     This section provides functions allowing to:
1080:Drivers/STM32F3xx_HAL_Driver/Src/stm32f3xx_hal_tim_ex.c ****     (+) Start the Complementary PWM.
1081:Drivers/STM32F3xx_HAL_Driver/Src/stm32f3xx_hal_tim_ex.c ****     (+) Stop the Complementary PWM.
1082:Drivers/STM32F3xx_HAL_Driver/Src/stm32f3xx_hal_tim_ex.c ****     (+) Start the Complementary PWM and enable interrupts.
1083:Drivers/STM32F3xx_HAL_Driver/Src/stm32f3xx_hal_tim_ex.c ****     (+) Stop the Complementary PWM and disable interrupts.
1084:Drivers/STM32F3xx_HAL_Driver/Src/stm32f3xx_hal_tim_ex.c ****     (+) Start the Complementary PWM and enable DMA transfers.
1085:Drivers/STM32F3xx_HAL_Driver/Src/stm32f3xx_hal_tim_ex.c ****     (+) Stop the Complementary PWM and disable DMA transfers.
1086:Drivers/STM32F3xx_HAL_Driver/Src/stm32f3xx_hal_tim_ex.c **** @endverbatim
1087:Drivers/STM32F3xx_HAL_Driver/Src/stm32f3xx_hal_tim_ex.c ****   * @{
1088:Drivers/STM32F3xx_HAL_Driver/Src/stm32f3xx_hal_tim_ex.c ****   */
1089:Drivers/STM32F3xx_HAL_Driver/Src/stm32f3xx_hal_tim_ex.c **** 
1090:Drivers/STM32F3xx_HAL_Driver/Src/stm32f3xx_hal_tim_ex.c **** /**
1091:Drivers/STM32F3xx_HAL_Driver/Src/stm32f3xx_hal_tim_ex.c ****   * @brief  Starts the PWM signal generation on the complementary output.
1092:Drivers/STM32F3xx_HAL_Driver/Src/stm32f3xx_hal_tim_ex.c ****   * @param  htim TIM handle
1093:Drivers/STM32F3xx_HAL_Driver/Src/stm32f3xx_hal_tim_ex.c ****   * @param  Channel TIM Channel to be enabled
1094:Drivers/STM32F3xx_HAL_Driver/Src/stm32f3xx_hal_tim_ex.c ****   *          This parameter can be one of the following values:
1095:Drivers/STM32F3xx_HAL_Driver/Src/stm32f3xx_hal_tim_ex.c ****   *            @arg TIM_CHANNEL_1: TIM Channel 1 selected
1096:Drivers/STM32F3xx_HAL_Driver/Src/stm32f3xx_hal_tim_ex.c ****   *            @arg TIM_CHANNEL_2: TIM Channel 2 selected
1097:Drivers/STM32F3xx_HAL_Driver/Src/stm32f3xx_hal_tim_ex.c ****   *            @arg TIM_CHANNEL_3: TIM Channel 3 selected
1098:Drivers/STM32F3xx_HAL_Driver/Src/stm32f3xx_hal_tim_ex.c ****   * @retval HAL status
1099:Drivers/STM32F3xx_HAL_Driver/Src/stm32f3xx_hal_tim_ex.c ****   */
1100:Drivers/STM32F3xx_HAL_Driver/Src/stm32f3xx_hal_tim_ex.c **** HAL_StatusTypeDef HAL_TIMEx_PWMN_Start(TIM_HandleTypeDef *htim, uint32_t Channel)
1101:Drivers/STM32F3xx_HAL_Driver/Src/stm32f3xx_hal_tim_ex.c **** {
1102:Drivers/STM32F3xx_HAL_Driver/Src/stm32f3xx_hal_tim_ex.c ****   uint32_t tmpsmcr;
1103:Drivers/STM32F3xx_HAL_Driver/Src/stm32f3xx_hal_tim_ex.c **** 
1104:Drivers/STM32F3xx_HAL_Driver/Src/stm32f3xx_hal_tim_ex.c ****   /* Check the parameters */
1105:Drivers/STM32F3xx_HAL_Driver/Src/stm32f3xx_hal_tim_ex.c ****   assert_param(IS_TIM_CCXN_INSTANCE(htim->Instance, Channel));
1106:Drivers/STM32F3xx_HAL_Driver/Src/stm32f3xx_hal_tim_ex.c **** 
1107:Drivers/STM32F3xx_HAL_Driver/Src/stm32f3xx_hal_tim_ex.c ****   /* Check the TIM complementary channel state */
1108:Drivers/STM32F3xx_HAL_Driver/Src/stm32f3xx_hal_tim_ex.c ****   if (TIM_CHANNEL_N_STATE_GET(htim, Channel) != HAL_TIM_CHANNEL_STATE_READY)
1109:Drivers/STM32F3xx_HAL_Driver/Src/stm32f3xx_hal_tim_ex.c ****   {
1110:Drivers/STM32F3xx_HAL_Driver/Src/stm32f3xx_hal_tim_ex.c ****     return HAL_ERROR;
1111:Drivers/STM32F3xx_HAL_Driver/Src/stm32f3xx_hal_tim_ex.c ****   }
1112:Drivers/STM32F3xx_HAL_Driver/Src/stm32f3xx_hal_tim_ex.c **** 
1113:Drivers/STM32F3xx_HAL_Driver/Src/stm32f3xx_hal_tim_ex.c ****   /* Set the TIM complementary channel state */
ARM GAS  C:\Users\nakas\AppData\Local\Temp\ccLYSQiW.s 			page 21


1114:Drivers/STM32F3xx_HAL_Driver/Src/stm32f3xx_hal_tim_ex.c ****   TIM_CHANNEL_N_STATE_SET(htim, Channel, HAL_TIM_CHANNEL_STATE_BUSY);
1115:Drivers/STM32F3xx_HAL_Driver/Src/stm32f3xx_hal_tim_ex.c **** 
1116:Drivers/STM32F3xx_HAL_Driver/Src/stm32f3xx_hal_tim_ex.c ****   /* Enable the complementary PWM output  */
1117:Drivers/STM32F3xx_HAL_Driver/Src/stm32f3xx_hal_tim_ex.c ****   TIM_CCxNChannelCmd(htim->Instance, Channel, TIM_CCxN_ENABLE);
1118:Drivers/STM32F3xx_HAL_Driver/Src/stm32f3xx_hal_tim_ex.c **** 
1119:Drivers/STM32F3xx_HAL_Driver/Src/stm32f3xx_hal_tim_ex.c ****   /* Enable the Main Output */
1120:Drivers/STM32F3xx_HAL_Driver/Src/stm32f3xx_hal_tim_ex.c ****   __HAL_TIM_MOE_ENABLE(htim);
1121:Drivers/STM32F3xx_HAL_Driver/Src/stm32f3xx_hal_tim_ex.c **** 
1122:Drivers/STM32F3xx_HAL_Driver/Src/stm32f3xx_hal_tim_ex.c ****   /* Enable the Peripheral, except in trigger mode where enable is automatically done with trigger 
1123:Drivers/STM32F3xx_HAL_Driver/Src/stm32f3xx_hal_tim_ex.c ****   if (IS_TIM_SLAVE_INSTANCE(htim->Instance))
1124:Drivers/STM32F3xx_HAL_Driver/Src/stm32f3xx_hal_tim_ex.c ****   {
1125:Drivers/STM32F3xx_HAL_Driver/Src/stm32f3xx_hal_tim_ex.c ****     tmpsmcr = htim->Instance->SMCR & TIM_SMCR_SMS;
1126:Drivers/STM32F3xx_HAL_Driver/Src/stm32f3xx_hal_tim_ex.c ****     if (!IS_TIM_SLAVEMODE_TRIGGER_ENABLED(tmpsmcr))
1127:Drivers/STM32F3xx_HAL_Driver/Src/stm32f3xx_hal_tim_ex.c ****     {
1128:Drivers/STM32F3xx_HAL_Driver/Src/stm32f3xx_hal_tim_ex.c ****       __HAL_TIM_ENABLE(htim);
1129:Drivers/STM32F3xx_HAL_Driver/Src/stm32f3xx_hal_tim_ex.c ****     }
1130:Drivers/STM32F3xx_HAL_Driver/Src/stm32f3xx_hal_tim_ex.c ****   }
1131:Drivers/STM32F3xx_HAL_Driver/Src/stm32f3xx_hal_tim_ex.c ****   else
1132:Drivers/STM32F3xx_HAL_Driver/Src/stm32f3xx_hal_tim_ex.c ****   {
1133:Drivers/STM32F3xx_HAL_Driver/Src/stm32f3xx_hal_tim_ex.c ****     __HAL_TIM_ENABLE(htim);
1134:Drivers/STM32F3xx_HAL_Driver/Src/stm32f3xx_hal_tim_ex.c ****   }
1135:Drivers/STM32F3xx_HAL_Driver/Src/stm32f3xx_hal_tim_ex.c **** 
1136:Drivers/STM32F3xx_HAL_Driver/Src/stm32f3xx_hal_tim_ex.c ****   /* Return function status */
1137:Drivers/STM32F3xx_HAL_Driver/Src/stm32f3xx_hal_tim_ex.c ****   return HAL_OK;
1138:Drivers/STM32F3xx_HAL_Driver/Src/stm32f3xx_hal_tim_ex.c **** }
1139:Drivers/STM32F3xx_HAL_Driver/Src/stm32f3xx_hal_tim_ex.c **** 
1140:Drivers/STM32F3xx_HAL_Driver/Src/stm32f3xx_hal_tim_ex.c **** /**
1141:Drivers/STM32F3xx_HAL_Driver/Src/stm32f3xx_hal_tim_ex.c ****   * @brief  Stops the PWM signal generation on the complementary output.
1142:Drivers/STM32F3xx_HAL_Driver/Src/stm32f3xx_hal_tim_ex.c ****   * @param  htim TIM handle
1143:Drivers/STM32F3xx_HAL_Driver/Src/stm32f3xx_hal_tim_ex.c ****   * @param  Channel TIM Channel to be disabled
1144:Drivers/STM32F3xx_HAL_Driver/Src/stm32f3xx_hal_tim_ex.c ****   *          This parameter can be one of the following values:
1145:Drivers/STM32F3xx_HAL_Driver/Src/stm32f3xx_hal_tim_ex.c ****   *            @arg TIM_CHANNEL_1: TIM Channel 1 selected
1146:Drivers/STM32F3xx_HAL_Driver/Src/stm32f3xx_hal_tim_ex.c ****   *            @arg TIM_CHANNEL_2: TIM Channel 2 selected
1147:Drivers/STM32F3xx_HAL_Driver/Src/stm32f3xx_hal_tim_ex.c ****   *            @arg TIM_CHANNEL_3: TIM Channel 3 selected
1148:Drivers/STM32F3xx_HAL_Driver/Src/stm32f3xx_hal_tim_ex.c ****   * @retval HAL status
1149:Drivers/STM32F3xx_HAL_Driver/Src/stm32f3xx_hal_tim_ex.c ****   */
1150:Drivers/STM32F3xx_HAL_Driver/Src/stm32f3xx_hal_tim_ex.c **** HAL_StatusTypeDef HAL_TIMEx_PWMN_Stop(TIM_HandleTypeDef *htim, uint32_t Channel)
1151:Drivers/STM32F3xx_HAL_Driver/Src/stm32f3xx_hal_tim_ex.c **** {
1152:Drivers/STM32F3xx_HAL_Driver/Src/stm32f3xx_hal_tim_ex.c ****   /* Check the parameters */
1153:Drivers/STM32F3xx_HAL_Driver/Src/stm32f3xx_hal_tim_ex.c ****   assert_param(IS_TIM_CCXN_INSTANCE(htim->Instance, Channel));
1154:Drivers/STM32F3xx_HAL_Driver/Src/stm32f3xx_hal_tim_ex.c **** 
1155:Drivers/STM32F3xx_HAL_Driver/Src/stm32f3xx_hal_tim_ex.c ****   /* Disable the complementary PWM output  */
1156:Drivers/STM32F3xx_HAL_Driver/Src/stm32f3xx_hal_tim_ex.c ****   TIM_CCxNChannelCmd(htim->Instance, Channel, TIM_CCxN_DISABLE);
1157:Drivers/STM32F3xx_HAL_Driver/Src/stm32f3xx_hal_tim_ex.c **** 
1158:Drivers/STM32F3xx_HAL_Driver/Src/stm32f3xx_hal_tim_ex.c ****   /* Disable the Main Output */
1159:Drivers/STM32F3xx_HAL_Driver/Src/stm32f3xx_hal_tim_ex.c ****   __HAL_TIM_MOE_DISABLE(htim);
1160:Drivers/STM32F3xx_HAL_Driver/Src/stm32f3xx_hal_tim_ex.c **** 
1161:Drivers/STM32F3xx_HAL_Driver/Src/stm32f3xx_hal_tim_ex.c ****   /* Disable the Peripheral */
1162:Drivers/STM32F3xx_HAL_Driver/Src/stm32f3xx_hal_tim_ex.c ****   __HAL_TIM_DISABLE(htim);
1163:Drivers/STM32F3xx_HAL_Driver/Src/stm32f3xx_hal_tim_ex.c **** 
1164:Drivers/STM32F3xx_HAL_Driver/Src/stm32f3xx_hal_tim_ex.c ****   /* Set the TIM complementary channel state */
1165:Drivers/STM32F3xx_HAL_Driver/Src/stm32f3xx_hal_tim_ex.c ****   TIM_CHANNEL_N_STATE_SET(htim, Channel, HAL_TIM_CHANNEL_STATE_READY);
1166:Drivers/STM32F3xx_HAL_Driver/Src/stm32f3xx_hal_tim_ex.c **** 
1167:Drivers/STM32F3xx_HAL_Driver/Src/stm32f3xx_hal_tim_ex.c ****   /* Return function status */
1168:Drivers/STM32F3xx_HAL_Driver/Src/stm32f3xx_hal_tim_ex.c ****   return HAL_OK;
1169:Drivers/STM32F3xx_HAL_Driver/Src/stm32f3xx_hal_tim_ex.c **** }
1170:Drivers/STM32F3xx_HAL_Driver/Src/stm32f3xx_hal_tim_ex.c **** 
ARM GAS  C:\Users\nakas\AppData\Local\Temp\ccLYSQiW.s 			page 22


1171:Drivers/STM32F3xx_HAL_Driver/Src/stm32f3xx_hal_tim_ex.c **** /**
1172:Drivers/STM32F3xx_HAL_Driver/Src/stm32f3xx_hal_tim_ex.c ****   * @brief  Starts the PWM signal generation in interrupt mode on the
1173:Drivers/STM32F3xx_HAL_Driver/Src/stm32f3xx_hal_tim_ex.c ****   *         complementary output.
1174:Drivers/STM32F3xx_HAL_Driver/Src/stm32f3xx_hal_tim_ex.c ****   * @param  htim TIM handle
1175:Drivers/STM32F3xx_HAL_Driver/Src/stm32f3xx_hal_tim_ex.c ****   * @param  Channel TIM Channel to be disabled
1176:Drivers/STM32F3xx_HAL_Driver/Src/stm32f3xx_hal_tim_ex.c ****   *          This parameter can be one of the following values:
1177:Drivers/STM32F3xx_HAL_Driver/Src/stm32f3xx_hal_tim_ex.c ****   *            @arg TIM_CHANNEL_1: TIM Channel 1 selected
1178:Drivers/STM32F3xx_HAL_Driver/Src/stm32f3xx_hal_tim_ex.c ****   *            @arg TIM_CHANNEL_2: TIM Channel 2 selected
1179:Drivers/STM32F3xx_HAL_Driver/Src/stm32f3xx_hal_tim_ex.c ****   *            @arg TIM_CHANNEL_3: TIM Channel 3 selected
1180:Drivers/STM32F3xx_HAL_Driver/Src/stm32f3xx_hal_tim_ex.c ****   * @retval HAL status
1181:Drivers/STM32F3xx_HAL_Driver/Src/stm32f3xx_hal_tim_ex.c ****   */
1182:Drivers/STM32F3xx_HAL_Driver/Src/stm32f3xx_hal_tim_ex.c **** HAL_StatusTypeDef HAL_TIMEx_PWMN_Start_IT(TIM_HandleTypeDef *htim, uint32_t Channel)
1183:Drivers/STM32F3xx_HAL_Driver/Src/stm32f3xx_hal_tim_ex.c **** {
1184:Drivers/STM32F3xx_HAL_Driver/Src/stm32f3xx_hal_tim_ex.c ****   HAL_StatusTypeDef status = HAL_OK;
1185:Drivers/STM32F3xx_HAL_Driver/Src/stm32f3xx_hal_tim_ex.c ****   uint32_t tmpsmcr;
1186:Drivers/STM32F3xx_HAL_Driver/Src/stm32f3xx_hal_tim_ex.c **** 
1187:Drivers/STM32F3xx_HAL_Driver/Src/stm32f3xx_hal_tim_ex.c ****   /* Check the parameters */
1188:Drivers/STM32F3xx_HAL_Driver/Src/stm32f3xx_hal_tim_ex.c ****   assert_param(IS_TIM_CCXN_INSTANCE(htim->Instance, Channel));
1189:Drivers/STM32F3xx_HAL_Driver/Src/stm32f3xx_hal_tim_ex.c **** 
1190:Drivers/STM32F3xx_HAL_Driver/Src/stm32f3xx_hal_tim_ex.c ****   /* Check the TIM complementary channel state */
1191:Drivers/STM32F3xx_HAL_Driver/Src/stm32f3xx_hal_tim_ex.c ****   if (TIM_CHANNEL_N_STATE_GET(htim, Channel) != HAL_TIM_CHANNEL_STATE_READY)
1192:Drivers/STM32F3xx_HAL_Driver/Src/stm32f3xx_hal_tim_ex.c ****   {
1193:Drivers/STM32F3xx_HAL_Driver/Src/stm32f3xx_hal_tim_ex.c ****     return HAL_ERROR;
1194:Drivers/STM32F3xx_HAL_Driver/Src/stm32f3xx_hal_tim_ex.c ****   }
1195:Drivers/STM32F3xx_HAL_Driver/Src/stm32f3xx_hal_tim_ex.c **** 
1196:Drivers/STM32F3xx_HAL_Driver/Src/stm32f3xx_hal_tim_ex.c ****   /* Set the TIM complementary channel state */
1197:Drivers/STM32F3xx_HAL_Driver/Src/stm32f3xx_hal_tim_ex.c ****   TIM_CHANNEL_N_STATE_SET(htim, Channel, HAL_TIM_CHANNEL_STATE_BUSY);
1198:Drivers/STM32F3xx_HAL_Driver/Src/stm32f3xx_hal_tim_ex.c **** 
1199:Drivers/STM32F3xx_HAL_Driver/Src/stm32f3xx_hal_tim_ex.c ****   switch (Channel)
1200:Drivers/STM32F3xx_HAL_Driver/Src/stm32f3xx_hal_tim_ex.c ****   {
1201:Drivers/STM32F3xx_HAL_Driver/Src/stm32f3xx_hal_tim_ex.c ****     case TIM_CHANNEL_1:
1202:Drivers/STM32F3xx_HAL_Driver/Src/stm32f3xx_hal_tim_ex.c ****     {
1203:Drivers/STM32F3xx_HAL_Driver/Src/stm32f3xx_hal_tim_ex.c ****       /* Enable the TIM Capture/Compare 1 interrupt */
1204:Drivers/STM32F3xx_HAL_Driver/Src/stm32f3xx_hal_tim_ex.c ****       __HAL_TIM_ENABLE_IT(htim, TIM_IT_CC1);
1205:Drivers/STM32F3xx_HAL_Driver/Src/stm32f3xx_hal_tim_ex.c ****       break;
1206:Drivers/STM32F3xx_HAL_Driver/Src/stm32f3xx_hal_tim_ex.c ****     }
1207:Drivers/STM32F3xx_HAL_Driver/Src/stm32f3xx_hal_tim_ex.c **** 
1208:Drivers/STM32F3xx_HAL_Driver/Src/stm32f3xx_hal_tim_ex.c ****     case TIM_CHANNEL_2:
1209:Drivers/STM32F3xx_HAL_Driver/Src/stm32f3xx_hal_tim_ex.c ****     {
1210:Drivers/STM32F3xx_HAL_Driver/Src/stm32f3xx_hal_tim_ex.c ****       /* Enable the TIM Capture/Compare 2 interrupt */
1211:Drivers/STM32F3xx_HAL_Driver/Src/stm32f3xx_hal_tim_ex.c ****       __HAL_TIM_ENABLE_IT(htim, TIM_IT_CC2);
1212:Drivers/STM32F3xx_HAL_Driver/Src/stm32f3xx_hal_tim_ex.c ****       break;
1213:Drivers/STM32F3xx_HAL_Driver/Src/stm32f3xx_hal_tim_ex.c ****     }
1214:Drivers/STM32F3xx_HAL_Driver/Src/stm32f3xx_hal_tim_ex.c **** 
1215:Drivers/STM32F3xx_HAL_Driver/Src/stm32f3xx_hal_tim_ex.c ****     case TIM_CHANNEL_3:
1216:Drivers/STM32F3xx_HAL_Driver/Src/stm32f3xx_hal_tim_ex.c ****     {
1217:Drivers/STM32F3xx_HAL_Driver/Src/stm32f3xx_hal_tim_ex.c ****       /* Enable the TIM Capture/Compare 3 interrupt */
1218:Drivers/STM32F3xx_HAL_Driver/Src/stm32f3xx_hal_tim_ex.c ****       __HAL_TIM_ENABLE_IT(htim, TIM_IT_CC3);
1219:Drivers/STM32F3xx_HAL_Driver/Src/stm32f3xx_hal_tim_ex.c ****       break;
1220:Drivers/STM32F3xx_HAL_Driver/Src/stm32f3xx_hal_tim_ex.c ****     }
1221:Drivers/STM32F3xx_HAL_Driver/Src/stm32f3xx_hal_tim_ex.c **** 
1222:Drivers/STM32F3xx_HAL_Driver/Src/stm32f3xx_hal_tim_ex.c ****     default:
1223:Drivers/STM32F3xx_HAL_Driver/Src/stm32f3xx_hal_tim_ex.c ****       status = HAL_ERROR;
1224:Drivers/STM32F3xx_HAL_Driver/Src/stm32f3xx_hal_tim_ex.c ****       break;
1225:Drivers/STM32F3xx_HAL_Driver/Src/stm32f3xx_hal_tim_ex.c ****   }
1226:Drivers/STM32F3xx_HAL_Driver/Src/stm32f3xx_hal_tim_ex.c **** 
1227:Drivers/STM32F3xx_HAL_Driver/Src/stm32f3xx_hal_tim_ex.c ****   if (status == HAL_OK)
ARM GAS  C:\Users\nakas\AppData\Local\Temp\ccLYSQiW.s 			page 23


1228:Drivers/STM32F3xx_HAL_Driver/Src/stm32f3xx_hal_tim_ex.c ****   {
1229:Drivers/STM32F3xx_HAL_Driver/Src/stm32f3xx_hal_tim_ex.c ****     /* Enable the TIM Break interrupt */
1230:Drivers/STM32F3xx_HAL_Driver/Src/stm32f3xx_hal_tim_ex.c ****     __HAL_TIM_ENABLE_IT(htim, TIM_IT_BREAK);
1231:Drivers/STM32F3xx_HAL_Driver/Src/stm32f3xx_hal_tim_ex.c **** 
1232:Drivers/STM32F3xx_HAL_Driver/Src/stm32f3xx_hal_tim_ex.c ****     /* Enable the complementary PWM output  */
1233:Drivers/STM32F3xx_HAL_Driver/Src/stm32f3xx_hal_tim_ex.c ****     TIM_CCxNChannelCmd(htim->Instance, Channel, TIM_CCxN_ENABLE);
1234:Drivers/STM32F3xx_HAL_Driver/Src/stm32f3xx_hal_tim_ex.c **** 
1235:Drivers/STM32F3xx_HAL_Driver/Src/stm32f3xx_hal_tim_ex.c ****     /* Enable the Main Output */
1236:Drivers/STM32F3xx_HAL_Driver/Src/stm32f3xx_hal_tim_ex.c ****     __HAL_TIM_MOE_ENABLE(htim);
1237:Drivers/STM32F3xx_HAL_Driver/Src/stm32f3xx_hal_tim_ex.c **** 
1238:Drivers/STM32F3xx_HAL_Driver/Src/stm32f3xx_hal_tim_ex.c ****     /* Enable the Peripheral, except in trigger mode where enable is automatically done with trigge
1239:Drivers/STM32F3xx_HAL_Driver/Src/stm32f3xx_hal_tim_ex.c ****     if (IS_TIM_SLAVE_INSTANCE(htim->Instance))
1240:Drivers/STM32F3xx_HAL_Driver/Src/stm32f3xx_hal_tim_ex.c ****     {
1241:Drivers/STM32F3xx_HAL_Driver/Src/stm32f3xx_hal_tim_ex.c ****       tmpsmcr = htim->Instance->SMCR & TIM_SMCR_SMS;
1242:Drivers/STM32F3xx_HAL_Driver/Src/stm32f3xx_hal_tim_ex.c ****       if (!IS_TIM_SLAVEMODE_TRIGGER_ENABLED(tmpsmcr))
1243:Drivers/STM32F3xx_HAL_Driver/Src/stm32f3xx_hal_tim_ex.c ****       {
1244:Drivers/STM32F3xx_HAL_Driver/Src/stm32f3xx_hal_tim_ex.c ****         __HAL_TIM_ENABLE(htim);
1245:Drivers/STM32F3xx_HAL_Driver/Src/stm32f3xx_hal_tim_ex.c ****       }
1246:Drivers/STM32F3xx_HAL_Driver/Src/stm32f3xx_hal_tim_ex.c ****     }
1247:Drivers/STM32F3xx_HAL_Driver/Src/stm32f3xx_hal_tim_ex.c ****     else
1248:Drivers/STM32F3xx_HAL_Driver/Src/stm32f3xx_hal_tim_ex.c ****     {
1249:Drivers/STM32F3xx_HAL_Driver/Src/stm32f3xx_hal_tim_ex.c ****       __HAL_TIM_ENABLE(htim);
1250:Drivers/STM32F3xx_HAL_Driver/Src/stm32f3xx_hal_tim_ex.c ****     }
1251:Drivers/STM32F3xx_HAL_Driver/Src/stm32f3xx_hal_tim_ex.c ****   }
1252:Drivers/STM32F3xx_HAL_Driver/Src/stm32f3xx_hal_tim_ex.c **** 
1253:Drivers/STM32F3xx_HAL_Driver/Src/stm32f3xx_hal_tim_ex.c ****   /* Return function status */
1254:Drivers/STM32F3xx_HAL_Driver/Src/stm32f3xx_hal_tim_ex.c ****   return status;
1255:Drivers/STM32F3xx_HAL_Driver/Src/stm32f3xx_hal_tim_ex.c **** }
1256:Drivers/STM32F3xx_HAL_Driver/Src/stm32f3xx_hal_tim_ex.c **** 
1257:Drivers/STM32F3xx_HAL_Driver/Src/stm32f3xx_hal_tim_ex.c **** /**
1258:Drivers/STM32F3xx_HAL_Driver/Src/stm32f3xx_hal_tim_ex.c ****   * @brief  Stops the PWM signal generation in interrupt mode on the
1259:Drivers/STM32F3xx_HAL_Driver/Src/stm32f3xx_hal_tim_ex.c ****   *         complementary output.
1260:Drivers/STM32F3xx_HAL_Driver/Src/stm32f3xx_hal_tim_ex.c ****   * @param  htim TIM handle
1261:Drivers/STM32F3xx_HAL_Driver/Src/stm32f3xx_hal_tim_ex.c ****   * @param  Channel TIM Channel to be disabled
1262:Drivers/STM32F3xx_HAL_Driver/Src/stm32f3xx_hal_tim_ex.c ****   *          This parameter can be one of the following values:
1263:Drivers/STM32F3xx_HAL_Driver/Src/stm32f3xx_hal_tim_ex.c ****   *            @arg TIM_CHANNEL_1: TIM Channel 1 selected
1264:Drivers/STM32F3xx_HAL_Driver/Src/stm32f3xx_hal_tim_ex.c ****   *            @arg TIM_CHANNEL_2: TIM Channel 2 selected
1265:Drivers/STM32F3xx_HAL_Driver/Src/stm32f3xx_hal_tim_ex.c ****   *            @arg TIM_CHANNEL_3: TIM Channel 3 selected
1266:Drivers/STM32F3xx_HAL_Driver/Src/stm32f3xx_hal_tim_ex.c ****   * @retval HAL status
1267:Drivers/STM32F3xx_HAL_Driver/Src/stm32f3xx_hal_tim_ex.c ****   */
1268:Drivers/STM32F3xx_HAL_Driver/Src/stm32f3xx_hal_tim_ex.c **** HAL_StatusTypeDef HAL_TIMEx_PWMN_Stop_IT(TIM_HandleTypeDef *htim, uint32_t Channel)
1269:Drivers/STM32F3xx_HAL_Driver/Src/stm32f3xx_hal_tim_ex.c **** {
1270:Drivers/STM32F3xx_HAL_Driver/Src/stm32f3xx_hal_tim_ex.c ****   HAL_StatusTypeDef status = HAL_OK;
1271:Drivers/STM32F3xx_HAL_Driver/Src/stm32f3xx_hal_tim_ex.c ****   uint32_t tmpccer;
1272:Drivers/STM32F3xx_HAL_Driver/Src/stm32f3xx_hal_tim_ex.c **** 
1273:Drivers/STM32F3xx_HAL_Driver/Src/stm32f3xx_hal_tim_ex.c ****   /* Check the parameters */
1274:Drivers/STM32F3xx_HAL_Driver/Src/stm32f3xx_hal_tim_ex.c ****   assert_param(IS_TIM_CCXN_INSTANCE(htim->Instance, Channel));
1275:Drivers/STM32F3xx_HAL_Driver/Src/stm32f3xx_hal_tim_ex.c **** 
1276:Drivers/STM32F3xx_HAL_Driver/Src/stm32f3xx_hal_tim_ex.c ****   switch (Channel)
1277:Drivers/STM32F3xx_HAL_Driver/Src/stm32f3xx_hal_tim_ex.c ****   {
1278:Drivers/STM32F3xx_HAL_Driver/Src/stm32f3xx_hal_tim_ex.c ****     case TIM_CHANNEL_1:
1279:Drivers/STM32F3xx_HAL_Driver/Src/stm32f3xx_hal_tim_ex.c ****     {
1280:Drivers/STM32F3xx_HAL_Driver/Src/stm32f3xx_hal_tim_ex.c ****       /* Disable the TIM Capture/Compare 1 interrupt */
1281:Drivers/STM32F3xx_HAL_Driver/Src/stm32f3xx_hal_tim_ex.c ****       __HAL_TIM_DISABLE_IT(htim, TIM_IT_CC1);
1282:Drivers/STM32F3xx_HAL_Driver/Src/stm32f3xx_hal_tim_ex.c ****       break;
1283:Drivers/STM32F3xx_HAL_Driver/Src/stm32f3xx_hal_tim_ex.c ****     }
1284:Drivers/STM32F3xx_HAL_Driver/Src/stm32f3xx_hal_tim_ex.c **** 
ARM GAS  C:\Users\nakas\AppData\Local\Temp\ccLYSQiW.s 			page 24


1285:Drivers/STM32F3xx_HAL_Driver/Src/stm32f3xx_hal_tim_ex.c ****     case TIM_CHANNEL_2:
1286:Drivers/STM32F3xx_HAL_Driver/Src/stm32f3xx_hal_tim_ex.c ****     {
1287:Drivers/STM32F3xx_HAL_Driver/Src/stm32f3xx_hal_tim_ex.c ****       /* Disable the TIM Capture/Compare 2 interrupt */
1288:Drivers/STM32F3xx_HAL_Driver/Src/stm32f3xx_hal_tim_ex.c ****       __HAL_TIM_DISABLE_IT(htim, TIM_IT_CC2);
1289:Drivers/STM32F3xx_HAL_Driver/Src/stm32f3xx_hal_tim_ex.c ****       break;
1290:Drivers/STM32F3xx_HAL_Driver/Src/stm32f3xx_hal_tim_ex.c ****     }
1291:Drivers/STM32F3xx_HAL_Driver/Src/stm32f3xx_hal_tim_ex.c **** 
1292:Drivers/STM32F3xx_HAL_Driver/Src/stm32f3xx_hal_tim_ex.c ****     case TIM_CHANNEL_3:
1293:Drivers/STM32F3xx_HAL_Driver/Src/stm32f3xx_hal_tim_ex.c ****     {
1294:Drivers/STM32F3xx_HAL_Driver/Src/stm32f3xx_hal_tim_ex.c ****       /* Disable the TIM Capture/Compare 3 interrupt */
1295:Drivers/STM32F3xx_HAL_Driver/Src/stm32f3xx_hal_tim_ex.c ****       __HAL_TIM_DISABLE_IT(htim, TIM_IT_CC3);
1296:Drivers/STM32F3xx_HAL_Driver/Src/stm32f3xx_hal_tim_ex.c ****       break;
1297:Drivers/STM32F3xx_HAL_Driver/Src/stm32f3xx_hal_tim_ex.c ****     }
1298:Drivers/STM32F3xx_HAL_Driver/Src/stm32f3xx_hal_tim_ex.c **** 
1299:Drivers/STM32F3xx_HAL_Driver/Src/stm32f3xx_hal_tim_ex.c ****     default:
1300:Drivers/STM32F3xx_HAL_Driver/Src/stm32f3xx_hal_tim_ex.c ****       status = HAL_ERROR;
1301:Drivers/STM32F3xx_HAL_Driver/Src/stm32f3xx_hal_tim_ex.c ****       break;
1302:Drivers/STM32F3xx_HAL_Driver/Src/stm32f3xx_hal_tim_ex.c ****   }
1303:Drivers/STM32F3xx_HAL_Driver/Src/stm32f3xx_hal_tim_ex.c **** 
1304:Drivers/STM32F3xx_HAL_Driver/Src/stm32f3xx_hal_tim_ex.c ****   if (status == HAL_OK)
1305:Drivers/STM32F3xx_HAL_Driver/Src/stm32f3xx_hal_tim_ex.c ****   {
1306:Drivers/STM32F3xx_HAL_Driver/Src/stm32f3xx_hal_tim_ex.c ****     /* Disable the complementary PWM output  */
1307:Drivers/STM32F3xx_HAL_Driver/Src/stm32f3xx_hal_tim_ex.c ****     TIM_CCxNChannelCmd(htim->Instance, Channel, TIM_CCxN_DISABLE);
1308:Drivers/STM32F3xx_HAL_Driver/Src/stm32f3xx_hal_tim_ex.c **** 
1309:Drivers/STM32F3xx_HAL_Driver/Src/stm32f3xx_hal_tim_ex.c ****     /* Disable the TIM Break interrupt (only if no more channel is active) */
1310:Drivers/STM32F3xx_HAL_Driver/Src/stm32f3xx_hal_tim_ex.c ****     tmpccer = htim->Instance->CCER;
1311:Drivers/STM32F3xx_HAL_Driver/Src/stm32f3xx_hal_tim_ex.c ****     if ((tmpccer & TIM_CCER_CCxNE_MASK) == (uint32_t)RESET)
1312:Drivers/STM32F3xx_HAL_Driver/Src/stm32f3xx_hal_tim_ex.c ****     {
1313:Drivers/STM32F3xx_HAL_Driver/Src/stm32f3xx_hal_tim_ex.c ****       __HAL_TIM_DISABLE_IT(htim, TIM_IT_BREAK);
1314:Drivers/STM32F3xx_HAL_Driver/Src/stm32f3xx_hal_tim_ex.c ****     }
1315:Drivers/STM32F3xx_HAL_Driver/Src/stm32f3xx_hal_tim_ex.c **** 
1316:Drivers/STM32F3xx_HAL_Driver/Src/stm32f3xx_hal_tim_ex.c ****     /* Disable the Main Output */
1317:Drivers/STM32F3xx_HAL_Driver/Src/stm32f3xx_hal_tim_ex.c ****     __HAL_TIM_MOE_DISABLE(htim);
1318:Drivers/STM32F3xx_HAL_Driver/Src/stm32f3xx_hal_tim_ex.c **** 
1319:Drivers/STM32F3xx_HAL_Driver/Src/stm32f3xx_hal_tim_ex.c ****     /* Disable the Peripheral */
1320:Drivers/STM32F3xx_HAL_Driver/Src/stm32f3xx_hal_tim_ex.c ****     __HAL_TIM_DISABLE(htim);
1321:Drivers/STM32F3xx_HAL_Driver/Src/stm32f3xx_hal_tim_ex.c **** 
1322:Drivers/STM32F3xx_HAL_Driver/Src/stm32f3xx_hal_tim_ex.c ****     /* Set the TIM complementary channel state */
1323:Drivers/STM32F3xx_HAL_Driver/Src/stm32f3xx_hal_tim_ex.c ****     TIM_CHANNEL_N_STATE_SET(htim, Channel, HAL_TIM_CHANNEL_STATE_READY);
1324:Drivers/STM32F3xx_HAL_Driver/Src/stm32f3xx_hal_tim_ex.c ****   }
1325:Drivers/STM32F3xx_HAL_Driver/Src/stm32f3xx_hal_tim_ex.c **** 
1326:Drivers/STM32F3xx_HAL_Driver/Src/stm32f3xx_hal_tim_ex.c ****   /* Return function status */
1327:Drivers/STM32F3xx_HAL_Driver/Src/stm32f3xx_hal_tim_ex.c ****   return status;
1328:Drivers/STM32F3xx_HAL_Driver/Src/stm32f3xx_hal_tim_ex.c **** }
1329:Drivers/STM32F3xx_HAL_Driver/Src/stm32f3xx_hal_tim_ex.c **** 
1330:Drivers/STM32F3xx_HAL_Driver/Src/stm32f3xx_hal_tim_ex.c **** /**
1331:Drivers/STM32F3xx_HAL_Driver/Src/stm32f3xx_hal_tim_ex.c ****   * @brief  Starts the TIM PWM signal generation in DMA mode on the
1332:Drivers/STM32F3xx_HAL_Driver/Src/stm32f3xx_hal_tim_ex.c ****   *         complementary output
1333:Drivers/STM32F3xx_HAL_Driver/Src/stm32f3xx_hal_tim_ex.c ****   * @param  htim TIM handle
1334:Drivers/STM32F3xx_HAL_Driver/Src/stm32f3xx_hal_tim_ex.c ****   * @param  Channel TIM Channel to be enabled
1335:Drivers/STM32F3xx_HAL_Driver/Src/stm32f3xx_hal_tim_ex.c ****   *          This parameter can be one of the following values:
1336:Drivers/STM32F3xx_HAL_Driver/Src/stm32f3xx_hal_tim_ex.c ****   *            @arg TIM_CHANNEL_1: TIM Channel 1 selected
1337:Drivers/STM32F3xx_HAL_Driver/Src/stm32f3xx_hal_tim_ex.c ****   *            @arg TIM_CHANNEL_2: TIM Channel 2 selected
1338:Drivers/STM32F3xx_HAL_Driver/Src/stm32f3xx_hal_tim_ex.c ****   *            @arg TIM_CHANNEL_3: TIM Channel 3 selected
1339:Drivers/STM32F3xx_HAL_Driver/Src/stm32f3xx_hal_tim_ex.c ****   * @param  pData The source Buffer address.
1340:Drivers/STM32F3xx_HAL_Driver/Src/stm32f3xx_hal_tim_ex.c ****   * @param  Length The length of data to be transferred from memory to TIM peripheral
1341:Drivers/STM32F3xx_HAL_Driver/Src/stm32f3xx_hal_tim_ex.c ****   * @retval HAL status
ARM GAS  C:\Users\nakas\AppData\Local\Temp\ccLYSQiW.s 			page 25


1342:Drivers/STM32F3xx_HAL_Driver/Src/stm32f3xx_hal_tim_ex.c ****   */
1343:Drivers/STM32F3xx_HAL_Driver/Src/stm32f3xx_hal_tim_ex.c **** HAL_StatusTypeDef HAL_TIMEx_PWMN_Start_DMA(TIM_HandleTypeDef *htim, uint32_t Channel, const uint32_
1344:Drivers/STM32F3xx_HAL_Driver/Src/stm32f3xx_hal_tim_ex.c ****                                            uint16_t Length)
1345:Drivers/STM32F3xx_HAL_Driver/Src/stm32f3xx_hal_tim_ex.c **** {
1346:Drivers/STM32F3xx_HAL_Driver/Src/stm32f3xx_hal_tim_ex.c ****   HAL_StatusTypeDef status = HAL_OK;
1347:Drivers/STM32F3xx_HAL_Driver/Src/stm32f3xx_hal_tim_ex.c ****   uint32_t tmpsmcr;
1348:Drivers/STM32F3xx_HAL_Driver/Src/stm32f3xx_hal_tim_ex.c **** 
1349:Drivers/STM32F3xx_HAL_Driver/Src/stm32f3xx_hal_tim_ex.c ****   /* Check the parameters */
1350:Drivers/STM32F3xx_HAL_Driver/Src/stm32f3xx_hal_tim_ex.c ****   assert_param(IS_TIM_CCXN_INSTANCE(htim->Instance, Channel));
1351:Drivers/STM32F3xx_HAL_Driver/Src/stm32f3xx_hal_tim_ex.c **** 
1352:Drivers/STM32F3xx_HAL_Driver/Src/stm32f3xx_hal_tim_ex.c ****   /* Set the TIM complementary channel state */
1353:Drivers/STM32F3xx_HAL_Driver/Src/stm32f3xx_hal_tim_ex.c ****   if (TIM_CHANNEL_N_STATE_GET(htim, Channel) == HAL_TIM_CHANNEL_STATE_BUSY)
1354:Drivers/STM32F3xx_HAL_Driver/Src/stm32f3xx_hal_tim_ex.c ****   {
1355:Drivers/STM32F3xx_HAL_Driver/Src/stm32f3xx_hal_tim_ex.c ****     return HAL_BUSY;
1356:Drivers/STM32F3xx_HAL_Driver/Src/stm32f3xx_hal_tim_ex.c ****   }
1357:Drivers/STM32F3xx_HAL_Driver/Src/stm32f3xx_hal_tim_ex.c ****   else if (TIM_CHANNEL_N_STATE_GET(htim, Channel) == HAL_TIM_CHANNEL_STATE_READY)
1358:Drivers/STM32F3xx_HAL_Driver/Src/stm32f3xx_hal_tim_ex.c ****   {
1359:Drivers/STM32F3xx_HAL_Driver/Src/stm32f3xx_hal_tim_ex.c ****     if ((pData == NULL) || (Length == 0U))
1360:Drivers/STM32F3xx_HAL_Driver/Src/stm32f3xx_hal_tim_ex.c ****     {
1361:Drivers/STM32F3xx_HAL_Driver/Src/stm32f3xx_hal_tim_ex.c ****       return HAL_ERROR;
1362:Drivers/STM32F3xx_HAL_Driver/Src/stm32f3xx_hal_tim_ex.c ****     }
1363:Drivers/STM32F3xx_HAL_Driver/Src/stm32f3xx_hal_tim_ex.c ****     else
1364:Drivers/STM32F3xx_HAL_Driver/Src/stm32f3xx_hal_tim_ex.c ****     {
1365:Drivers/STM32F3xx_HAL_Driver/Src/stm32f3xx_hal_tim_ex.c ****       TIM_CHANNEL_N_STATE_SET(htim, Channel, HAL_TIM_CHANNEL_STATE_BUSY);
1366:Drivers/STM32F3xx_HAL_Driver/Src/stm32f3xx_hal_tim_ex.c ****     }
1367:Drivers/STM32F3xx_HAL_Driver/Src/stm32f3xx_hal_tim_ex.c ****   }
1368:Drivers/STM32F3xx_HAL_Driver/Src/stm32f3xx_hal_tim_ex.c ****   else
1369:Drivers/STM32F3xx_HAL_Driver/Src/stm32f3xx_hal_tim_ex.c ****   {
1370:Drivers/STM32F3xx_HAL_Driver/Src/stm32f3xx_hal_tim_ex.c ****     return HAL_ERROR;
1371:Drivers/STM32F3xx_HAL_Driver/Src/stm32f3xx_hal_tim_ex.c ****   }
1372:Drivers/STM32F3xx_HAL_Driver/Src/stm32f3xx_hal_tim_ex.c **** 
1373:Drivers/STM32F3xx_HAL_Driver/Src/stm32f3xx_hal_tim_ex.c ****   switch (Channel)
1374:Drivers/STM32F3xx_HAL_Driver/Src/stm32f3xx_hal_tim_ex.c ****   {
1375:Drivers/STM32F3xx_HAL_Driver/Src/stm32f3xx_hal_tim_ex.c ****     case TIM_CHANNEL_1:
1376:Drivers/STM32F3xx_HAL_Driver/Src/stm32f3xx_hal_tim_ex.c ****     {
1377:Drivers/STM32F3xx_HAL_Driver/Src/stm32f3xx_hal_tim_ex.c ****       /* Set the DMA compare callbacks */
1378:Drivers/STM32F3xx_HAL_Driver/Src/stm32f3xx_hal_tim_ex.c ****       htim->hdma[TIM_DMA_ID_CC1]->XferCpltCallback = TIM_DMADelayPulseNCplt;
1379:Drivers/STM32F3xx_HAL_Driver/Src/stm32f3xx_hal_tim_ex.c ****       htim->hdma[TIM_DMA_ID_CC1]->XferHalfCpltCallback = TIM_DMADelayPulseHalfCplt;
1380:Drivers/STM32F3xx_HAL_Driver/Src/stm32f3xx_hal_tim_ex.c **** 
1381:Drivers/STM32F3xx_HAL_Driver/Src/stm32f3xx_hal_tim_ex.c ****       /* Set the DMA error callback */
1382:Drivers/STM32F3xx_HAL_Driver/Src/stm32f3xx_hal_tim_ex.c ****       htim->hdma[TIM_DMA_ID_CC1]->XferErrorCallback = TIM_DMAErrorCCxN ;
1383:Drivers/STM32F3xx_HAL_Driver/Src/stm32f3xx_hal_tim_ex.c **** 
1384:Drivers/STM32F3xx_HAL_Driver/Src/stm32f3xx_hal_tim_ex.c ****       /* Enable the DMA channel */
1385:Drivers/STM32F3xx_HAL_Driver/Src/stm32f3xx_hal_tim_ex.c ****       if (HAL_DMA_Start_IT(htim->hdma[TIM_DMA_ID_CC1], (uint32_t)pData, (uint32_t)&htim->Instance->
1386:Drivers/STM32F3xx_HAL_Driver/Src/stm32f3xx_hal_tim_ex.c ****                            Length) != HAL_OK)
1387:Drivers/STM32F3xx_HAL_Driver/Src/stm32f3xx_hal_tim_ex.c ****       {
1388:Drivers/STM32F3xx_HAL_Driver/Src/stm32f3xx_hal_tim_ex.c ****         /* Return error status */
1389:Drivers/STM32F3xx_HAL_Driver/Src/stm32f3xx_hal_tim_ex.c ****         return HAL_ERROR;
1390:Drivers/STM32F3xx_HAL_Driver/Src/stm32f3xx_hal_tim_ex.c ****       }
1391:Drivers/STM32F3xx_HAL_Driver/Src/stm32f3xx_hal_tim_ex.c ****       /* Enable the TIM Capture/Compare 1 DMA request */
1392:Drivers/STM32F3xx_HAL_Driver/Src/stm32f3xx_hal_tim_ex.c ****       __HAL_TIM_ENABLE_DMA(htim, TIM_DMA_CC1);
1393:Drivers/STM32F3xx_HAL_Driver/Src/stm32f3xx_hal_tim_ex.c ****       break;
1394:Drivers/STM32F3xx_HAL_Driver/Src/stm32f3xx_hal_tim_ex.c ****     }
1395:Drivers/STM32F3xx_HAL_Driver/Src/stm32f3xx_hal_tim_ex.c **** 
1396:Drivers/STM32F3xx_HAL_Driver/Src/stm32f3xx_hal_tim_ex.c ****     case TIM_CHANNEL_2:
1397:Drivers/STM32F3xx_HAL_Driver/Src/stm32f3xx_hal_tim_ex.c ****     {
1398:Drivers/STM32F3xx_HAL_Driver/Src/stm32f3xx_hal_tim_ex.c ****       /* Set the DMA compare callbacks */
ARM GAS  C:\Users\nakas\AppData\Local\Temp\ccLYSQiW.s 			page 26


1399:Drivers/STM32F3xx_HAL_Driver/Src/stm32f3xx_hal_tim_ex.c ****       htim->hdma[TIM_DMA_ID_CC2]->XferCpltCallback = TIM_DMADelayPulseNCplt;
1400:Drivers/STM32F3xx_HAL_Driver/Src/stm32f3xx_hal_tim_ex.c ****       htim->hdma[TIM_DMA_ID_CC2]->XferHalfCpltCallback = TIM_DMADelayPulseHalfCplt;
1401:Drivers/STM32F3xx_HAL_Driver/Src/stm32f3xx_hal_tim_ex.c **** 
1402:Drivers/STM32F3xx_HAL_Driver/Src/stm32f3xx_hal_tim_ex.c ****       /* Set the DMA error callback */
1403:Drivers/STM32F3xx_HAL_Driver/Src/stm32f3xx_hal_tim_ex.c ****       htim->hdma[TIM_DMA_ID_CC2]->XferErrorCallback = TIM_DMAErrorCCxN ;
1404:Drivers/STM32F3xx_HAL_Driver/Src/stm32f3xx_hal_tim_ex.c **** 
1405:Drivers/STM32F3xx_HAL_Driver/Src/stm32f3xx_hal_tim_ex.c ****       /* Enable the DMA channel */
1406:Drivers/STM32F3xx_HAL_Driver/Src/stm32f3xx_hal_tim_ex.c ****       if (HAL_DMA_Start_IT(htim->hdma[TIM_DMA_ID_CC2], (uint32_t)pData, (uint32_t)&htim->Instance->
1407:Drivers/STM32F3xx_HAL_Driver/Src/stm32f3xx_hal_tim_ex.c ****                            Length) != HAL_OK)
1408:Drivers/STM32F3xx_HAL_Driver/Src/stm32f3xx_hal_tim_ex.c ****       {
1409:Drivers/STM32F3xx_HAL_Driver/Src/stm32f3xx_hal_tim_ex.c ****         /* Return error status */
1410:Drivers/STM32F3xx_HAL_Driver/Src/stm32f3xx_hal_tim_ex.c ****         return HAL_ERROR;
1411:Drivers/STM32F3xx_HAL_Driver/Src/stm32f3xx_hal_tim_ex.c ****       }
1412:Drivers/STM32F3xx_HAL_Driver/Src/stm32f3xx_hal_tim_ex.c ****       /* Enable the TIM Capture/Compare 2 DMA request */
1413:Drivers/STM32F3xx_HAL_Driver/Src/stm32f3xx_hal_tim_ex.c ****       __HAL_TIM_ENABLE_DMA(htim, TIM_DMA_CC2);
1414:Drivers/STM32F3xx_HAL_Driver/Src/stm32f3xx_hal_tim_ex.c ****       break;
1415:Drivers/STM32F3xx_HAL_Driver/Src/stm32f3xx_hal_tim_ex.c ****     }
1416:Drivers/STM32F3xx_HAL_Driver/Src/stm32f3xx_hal_tim_ex.c **** 
1417:Drivers/STM32F3xx_HAL_Driver/Src/stm32f3xx_hal_tim_ex.c ****     case TIM_CHANNEL_3:
1418:Drivers/STM32F3xx_HAL_Driver/Src/stm32f3xx_hal_tim_ex.c ****     {
1419:Drivers/STM32F3xx_HAL_Driver/Src/stm32f3xx_hal_tim_ex.c ****       /* Set the DMA compare callbacks */
1420:Drivers/STM32F3xx_HAL_Driver/Src/stm32f3xx_hal_tim_ex.c ****       htim->hdma[TIM_DMA_ID_CC3]->XferCpltCallback = TIM_DMADelayPulseNCplt;
1421:Drivers/STM32F3xx_HAL_Driver/Src/stm32f3xx_hal_tim_ex.c ****       htim->hdma[TIM_DMA_ID_CC3]->XferHalfCpltCallback = TIM_DMADelayPulseHalfCplt;
1422:Drivers/STM32F3xx_HAL_Driver/Src/stm32f3xx_hal_tim_ex.c **** 
1423:Drivers/STM32F3xx_HAL_Driver/Src/stm32f3xx_hal_tim_ex.c ****       /* Set the DMA error callback */
1424:Drivers/STM32F3xx_HAL_Driver/Src/stm32f3xx_hal_tim_ex.c ****       htim->hdma[TIM_DMA_ID_CC3]->XferErrorCallback = TIM_DMAErrorCCxN ;
1425:Drivers/STM32F3xx_HAL_Driver/Src/stm32f3xx_hal_tim_ex.c **** 
1426:Drivers/STM32F3xx_HAL_Driver/Src/stm32f3xx_hal_tim_ex.c ****       /* Enable the DMA channel */
1427:Drivers/STM32F3xx_HAL_Driver/Src/stm32f3xx_hal_tim_ex.c ****       if (HAL_DMA_Start_IT(htim->hdma[TIM_DMA_ID_CC3], (uint32_t)pData, (uint32_t)&htim->Instance->
1428:Drivers/STM32F3xx_HAL_Driver/Src/stm32f3xx_hal_tim_ex.c ****                            Length) != HAL_OK)
1429:Drivers/STM32F3xx_HAL_Driver/Src/stm32f3xx_hal_tim_ex.c ****       {
1430:Drivers/STM32F3xx_HAL_Driver/Src/stm32f3xx_hal_tim_ex.c ****         /* Return error status */
1431:Drivers/STM32F3xx_HAL_Driver/Src/stm32f3xx_hal_tim_ex.c ****         return HAL_ERROR;
1432:Drivers/STM32F3xx_HAL_Driver/Src/stm32f3xx_hal_tim_ex.c ****       }
1433:Drivers/STM32F3xx_HAL_Driver/Src/stm32f3xx_hal_tim_ex.c ****       /* Enable the TIM Capture/Compare 3 DMA request */
1434:Drivers/STM32F3xx_HAL_Driver/Src/stm32f3xx_hal_tim_ex.c ****       __HAL_TIM_ENABLE_DMA(htim, TIM_DMA_CC3);
1435:Drivers/STM32F3xx_HAL_Driver/Src/stm32f3xx_hal_tim_ex.c ****       break;
1436:Drivers/STM32F3xx_HAL_Driver/Src/stm32f3xx_hal_tim_ex.c ****     }
1437:Drivers/STM32F3xx_HAL_Driver/Src/stm32f3xx_hal_tim_ex.c **** 
1438:Drivers/STM32F3xx_HAL_Driver/Src/stm32f3xx_hal_tim_ex.c ****     default:
1439:Drivers/STM32F3xx_HAL_Driver/Src/stm32f3xx_hal_tim_ex.c ****       status = HAL_ERROR;
1440:Drivers/STM32F3xx_HAL_Driver/Src/stm32f3xx_hal_tim_ex.c ****       break;
1441:Drivers/STM32F3xx_HAL_Driver/Src/stm32f3xx_hal_tim_ex.c ****   }
1442:Drivers/STM32F3xx_HAL_Driver/Src/stm32f3xx_hal_tim_ex.c **** 
1443:Drivers/STM32F3xx_HAL_Driver/Src/stm32f3xx_hal_tim_ex.c ****   if (status == HAL_OK)
1444:Drivers/STM32F3xx_HAL_Driver/Src/stm32f3xx_hal_tim_ex.c ****   {
1445:Drivers/STM32F3xx_HAL_Driver/Src/stm32f3xx_hal_tim_ex.c ****     /* Enable the complementary PWM output  */
1446:Drivers/STM32F3xx_HAL_Driver/Src/stm32f3xx_hal_tim_ex.c ****     TIM_CCxNChannelCmd(htim->Instance, Channel, TIM_CCxN_ENABLE);
1447:Drivers/STM32F3xx_HAL_Driver/Src/stm32f3xx_hal_tim_ex.c **** 
1448:Drivers/STM32F3xx_HAL_Driver/Src/stm32f3xx_hal_tim_ex.c ****     /* Enable the Main Output */
1449:Drivers/STM32F3xx_HAL_Driver/Src/stm32f3xx_hal_tim_ex.c ****     __HAL_TIM_MOE_ENABLE(htim);
1450:Drivers/STM32F3xx_HAL_Driver/Src/stm32f3xx_hal_tim_ex.c **** 
1451:Drivers/STM32F3xx_HAL_Driver/Src/stm32f3xx_hal_tim_ex.c ****     /* Enable the Peripheral, except in trigger mode where enable is automatically done with trigge
1452:Drivers/STM32F3xx_HAL_Driver/Src/stm32f3xx_hal_tim_ex.c ****     if (IS_TIM_SLAVE_INSTANCE(htim->Instance))
1453:Drivers/STM32F3xx_HAL_Driver/Src/stm32f3xx_hal_tim_ex.c ****     {
1454:Drivers/STM32F3xx_HAL_Driver/Src/stm32f3xx_hal_tim_ex.c ****       tmpsmcr = htim->Instance->SMCR & TIM_SMCR_SMS;
1455:Drivers/STM32F3xx_HAL_Driver/Src/stm32f3xx_hal_tim_ex.c ****       if (!IS_TIM_SLAVEMODE_TRIGGER_ENABLED(tmpsmcr))
ARM GAS  C:\Users\nakas\AppData\Local\Temp\ccLYSQiW.s 			page 27


1456:Drivers/STM32F3xx_HAL_Driver/Src/stm32f3xx_hal_tim_ex.c ****       {
1457:Drivers/STM32F3xx_HAL_Driver/Src/stm32f3xx_hal_tim_ex.c ****         __HAL_TIM_ENABLE(htim);
1458:Drivers/STM32F3xx_HAL_Driver/Src/stm32f3xx_hal_tim_ex.c ****       }
1459:Drivers/STM32F3xx_HAL_Driver/Src/stm32f3xx_hal_tim_ex.c ****     }
1460:Drivers/STM32F3xx_HAL_Driver/Src/stm32f3xx_hal_tim_ex.c ****     else
1461:Drivers/STM32F3xx_HAL_Driver/Src/stm32f3xx_hal_tim_ex.c ****     {
1462:Drivers/STM32F3xx_HAL_Driver/Src/stm32f3xx_hal_tim_ex.c ****       __HAL_TIM_ENABLE(htim);
1463:Drivers/STM32F3xx_HAL_Driver/Src/stm32f3xx_hal_tim_ex.c ****     }
1464:Drivers/STM32F3xx_HAL_Driver/Src/stm32f3xx_hal_tim_ex.c ****   }
1465:Drivers/STM32F3xx_HAL_Driver/Src/stm32f3xx_hal_tim_ex.c **** 
1466:Drivers/STM32F3xx_HAL_Driver/Src/stm32f3xx_hal_tim_ex.c ****   /* Return function status */
1467:Drivers/STM32F3xx_HAL_Driver/Src/stm32f3xx_hal_tim_ex.c ****   return status;
1468:Drivers/STM32F3xx_HAL_Driver/Src/stm32f3xx_hal_tim_ex.c **** }
1469:Drivers/STM32F3xx_HAL_Driver/Src/stm32f3xx_hal_tim_ex.c **** 
1470:Drivers/STM32F3xx_HAL_Driver/Src/stm32f3xx_hal_tim_ex.c **** /**
1471:Drivers/STM32F3xx_HAL_Driver/Src/stm32f3xx_hal_tim_ex.c ****   * @brief  Stops the TIM PWM signal generation in DMA mode on the complementary
1472:Drivers/STM32F3xx_HAL_Driver/Src/stm32f3xx_hal_tim_ex.c ****   *         output
1473:Drivers/STM32F3xx_HAL_Driver/Src/stm32f3xx_hal_tim_ex.c ****   * @param  htim TIM handle
1474:Drivers/STM32F3xx_HAL_Driver/Src/stm32f3xx_hal_tim_ex.c ****   * @param  Channel TIM Channel to be disabled
1475:Drivers/STM32F3xx_HAL_Driver/Src/stm32f3xx_hal_tim_ex.c ****   *          This parameter can be one of the following values:
1476:Drivers/STM32F3xx_HAL_Driver/Src/stm32f3xx_hal_tim_ex.c ****   *            @arg TIM_CHANNEL_1: TIM Channel 1 selected
1477:Drivers/STM32F3xx_HAL_Driver/Src/stm32f3xx_hal_tim_ex.c ****   *            @arg TIM_CHANNEL_2: TIM Channel 2 selected
1478:Drivers/STM32F3xx_HAL_Driver/Src/stm32f3xx_hal_tim_ex.c ****   *            @arg TIM_CHANNEL_3: TIM Channel 3 selected
1479:Drivers/STM32F3xx_HAL_Driver/Src/stm32f3xx_hal_tim_ex.c ****   * @retval HAL status
1480:Drivers/STM32F3xx_HAL_Driver/Src/stm32f3xx_hal_tim_ex.c ****   */
1481:Drivers/STM32F3xx_HAL_Driver/Src/stm32f3xx_hal_tim_ex.c **** HAL_StatusTypeDef HAL_TIMEx_PWMN_Stop_DMA(TIM_HandleTypeDef *htim, uint32_t Channel)
1482:Drivers/STM32F3xx_HAL_Driver/Src/stm32f3xx_hal_tim_ex.c **** {
1483:Drivers/STM32F3xx_HAL_Driver/Src/stm32f3xx_hal_tim_ex.c ****   HAL_StatusTypeDef status = HAL_OK;
1484:Drivers/STM32F3xx_HAL_Driver/Src/stm32f3xx_hal_tim_ex.c **** 
1485:Drivers/STM32F3xx_HAL_Driver/Src/stm32f3xx_hal_tim_ex.c ****   /* Check the parameters */
1486:Drivers/STM32F3xx_HAL_Driver/Src/stm32f3xx_hal_tim_ex.c ****   assert_param(IS_TIM_CCXN_INSTANCE(htim->Instance, Channel));
1487:Drivers/STM32F3xx_HAL_Driver/Src/stm32f3xx_hal_tim_ex.c **** 
1488:Drivers/STM32F3xx_HAL_Driver/Src/stm32f3xx_hal_tim_ex.c ****   switch (Channel)
1489:Drivers/STM32F3xx_HAL_Driver/Src/stm32f3xx_hal_tim_ex.c ****   {
1490:Drivers/STM32F3xx_HAL_Driver/Src/stm32f3xx_hal_tim_ex.c ****     case TIM_CHANNEL_1:
1491:Drivers/STM32F3xx_HAL_Driver/Src/stm32f3xx_hal_tim_ex.c ****     {
1492:Drivers/STM32F3xx_HAL_Driver/Src/stm32f3xx_hal_tim_ex.c ****       /* Disable the TIM Capture/Compare 1 DMA request */
1493:Drivers/STM32F3xx_HAL_Driver/Src/stm32f3xx_hal_tim_ex.c ****       __HAL_TIM_DISABLE_DMA(htim, TIM_DMA_CC1);
1494:Drivers/STM32F3xx_HAL_Driver/Src/stm32f3xx_hal_tim_ex.c ****       (void)HAL_DMA_Abort_IT(htim->hdma[TIM_DMA_ID_CC1]);
1495:Drivers/STM32F3xx_HAL_Driver/Src/stm32f3xx_hal_tim_ex.c ****       break;
1496:Drivers/STM32F3xx_HAL_Driver/Src/stm32f3xx_hal_tim_ex.c ****     }
1497:Drivers/STM32F3xx_HAL_Driver/Src/stm32f3xx_hal_tim_ex.c **** 
1498:Drivers/STM32F3xx_HAL_Driver/Src/stm32f3xx_hal_tim_ex.c ****     case TIM_CHANNEL_2:
1499:Drivers/STM32F3xx_HAL_Driver/Src/stm32f3xx_hal_tim_ex.c ****     {
1500:Drivers/STM32F3xx_HAL_Driver/Src/stm32f3xx_hal_tim_ex.c ****       /* Disable the TIM Capture/Compare 2 DMA request */
1501:Drivers/STM32F3xx_HAL_Driver/Src/stm32f3xx_hal_tim_ex.c ****       __HAL_TIM_DISABLE_DMA(htim, TIM_DMA_CC2);
1502:Drivers/STM32F3xx_HAL_Driver/Src/stm32f3xx_hal_tim_ex.c ****       (void)HAL_DMA_Abort_IT(htim->hdma[TIM_DMA_ID_CC2]);
1503:Drivers/STM32F3xx_HAL_Driver/Src/stm32f3xx_hal_tim_ex.c ****       break;
1504:Drivers/STM32F3xx_HAL_Driver/Src/stm32f3xx_hal_tim_ex.c ****     }
1505:Drivers/STM32F3xx_HAL_Driver/Src/stm32f3xx_hal_tim_ex.c **** 
1506:Drivers/STM32F3xx_HAL_Driver/Src/stm32f3xx_hal_tim_ex.c ****     case TIM_CHANNEL_3:
1507:Drivers/STM32F3xx_HAL_Driver/Src/stm32f3xx_hal_tim_ex.c ****     {
1508:Drivers/STM32F3xx_HAL_Driver/Src/stm32f3xx_hal_tim_ex.c ****       /* Disable the TIM Capture/Compare 3 DMA request */
1509:Drivers/STM32F3xx_HAL_Driver/Src/stm32f3xx_hal_tim_ex.c ****       __HAL_TIM_DISABLE_DMA(htim, TIM_DMA_CC3);
1510:Drivers/STM32F3xx_HAL_Driver/Src/stm32f3xx_hal_tim_ex.c ****       (void)HAL_DMA_Abort_IT(htim->hdma[TIM_DMA_ID_CC3]);
1511:Drivers/STM32F3xx_HAL_Driver/Src/stm32f3xx_hal_tim_ex.c ****       break;
1512:Drivers/STM32F3xx_HAL_Driver/Src/stm32f3xx_hal_tim_ex.c ****     }
ARM GAS  C:\Users\nakas\AppData\Local\Temp\ccLYSQiW.s 			page 28


1513:Drivers/STM32F3xx_HAL_Driver/Src/stm32f3xx_hal_tim_ex.c **** 
1514:Drivers/STM32F3xx_HAL_Driver/Src/stm32f3xx_hal_tim_ex.c ****     default:
1515:Drivers/STM32F3xx_HAL_Driver/Src/stm32f3xx_hal_tim_ex.c ****       status = HAL_ERROR;
1516:Drivers/STM32F3xx_HAL_Driver/Src/stm32f3xx_hal_tim_ex.c ****       break;
1517:Drivers/STM32F3xx_HAL_Driver/Src/stm32f3xx_hal_tim_ex.c ****   }
1518:Drivers/STM32F3xx_HAL_Driver/Src/stm32f3xx_hal_tim_ex.c **** 
1519:Drivers/STM32F3xx_HAL_Driver/Src/stm32f3xx_hal_tim_ex.c ****   if (status == HAL_OK)
1520:Drivers/STM32F3xx_HAL_Driver/Src/stm32f3xx_hal_tim_ex.c ****   {
1521:Drivers/STM32F3xx_HAL_Driver/Src/stm32f3xx_hal_tim_ex.c ****     /* Disable the complementary PWM output */
1522:Drivers/STM32F3xx_HAL_Driver/Src/stm32f3xx_hal_tim_ex.c ****     TIM_CCxNChannelCmd(htim->Instance, Channel, TIM_CCxN_DISABLE);
1523:Drivers/STM32F3xx_HAL_Driver/Src/stm32f3xx_hal_tim_ex.c **** 
1524:Drivers/STM32F3xx_HAL_Driver/Src/stm32f3xx_hal_tim_ex.c ****     /* Disable the Main Output */
1525:Drivers/STM32F3xx_HAL_Driver/Src/stm32f3xx_hal_tim_ex.c ****     __HAL_TIM_MOE_DISABLE(htim);
1526:Drivers/STM32F3xx_HAL_Driver/Src/stm32f3xx_hal_tim_ex.c **** 
1527:Drivers/STM32F3xx_HAL_Driver/Src/stm32f3xx_hal_tim_ex.c ****     /* Disable the Peripheral */
1528:Drivers/STM32F3xx_HAL_Driver/Src/stm32f3xx_hal_tim_ex.c ****     __HAL_TIM_DISABLE(htim);
1529:Drivers/STM32F3xx_HAL_Driver/Src/stm32f3xx_hal_tim_ex.c **** 
1530:Drivers/STM32F3xx_HAL_Driver/Src/stm32f3xx_hal_tim_ex.c ****     /* Set the TIM complementary channel state */
1531:Drivers/STM32F3xx_HAL_Driver/Src/stm32f3xx_hal_tim_ex.c ****     TIM_CHANNEL_N_STATE_SET(htim, Channel, HAL_TIM_CHANNEL_STATE_READY);
1532:Drivers/STM32F3xx_HAL_Driver/Src/stm32f3xx_hal_tim_ex.c ****   }
1533:Drivers/STM32F3xx_HAL_Driver/Src/stm32f3xx_hal_tim_ex.c **** 
1534:Drivers/STM32F3xx_HAL_Driver/Src/stm32f3xx_hal_tim_ex.c ****   /* Return function status */
1535:Drivers/STM32F3xx_HAL_Driver/Src/stm32f3xx_hal_tim_ex.c ****   return status;
1536:Drivers/STM32F3xx_HAL_Driver/Src/stm32f3xx_hal_tim_ex.c **** }
1537:Drivers/STM32F3xx_HAL_Driver/Src/stm32f3xx_hal_tim_ex.c **** 
1538:Drivers/STM32F3xx_HAL_Driver/Src/stm32f3xx_hal_tim_ex.c **** /**
1539:Drivers/STM32F3xx_HAL_Driver/Src/stm32f3xx_hal_tim_ex.c ****   * @}
1540:Drivers/STM32F3xx_HAL_Driver/Src/stm32f3xx_hal_tim_ex.c ****   */
1541:Drivers/STM32F3xx_HAL_Driver/Src/stm32f3xx_hal_tim_ex.c **** 
1542:Drivers/STM32F3xx_HAL_Driver/Src/stm32f3xx_hal_tim_ex.c **** /** @defgroup TIMEx_Exported_Functions_Group4 Extended Timer Complementary One Pulse functions
1543:Drivers/STM32F3xx_HAL_Driver/Src/stm32f3xx_hal_tim_ex.c ****   * @brief    Timer Complementary One Pulse functions
1544:Drivers/STM32F3xx_HAL_Driver/Src/stm32f3xx_hal_tim_ex.c ****   *
1545:Drivers/STM32F3xx_HAL_Driver/Src/stm32f3xx_hal_tim_ex.c **** @verbatim
1546:Drivers/STM32F3xx_HAL_Driver/Src/stm32f3xx_hal_tim_ex.c ****   ==============================================================================
1547:Drivers/STM32F3xx_HAL_Driver/Src/stm32f3xx_hal_tim_ex.c ****                 ##### Timer Complementary One Pulse functions #####
1548:Drivers/STM32F3xx_HAL_Driver/Src/stm32f3xx_hal_tim_ex.c ****   ==============================================================================
1549:Drivers/STM32F3xx_HAL_Driver/Src/stm32f3xx_hal_tim_ex.c ****   [..]
1550:Drivers/STM32F3xx_HAL_Driver/Src/stm32f3xx_hal_tim_ex.c ****     This section provides functions allowing to:
1551:Drivers/STM32F3xx_HAL_Driver/Src/stm32f3xx_hal_tim_ex.c ****     (+) Start the Complementary One Pulse generation.
1552:Drivers/STM32F3xx_HAL_Driver/Src/stm32f3xx_hal_tim_ex.c ****     (+) Stop the Complementary One Pulse.
1553:Drivers/STM32F3xx_HAL_Driver/Src/stm32f3xx_hal_tim_ex.c ****     (+) Start the Complementary One Pulse and enable interrupts.
1554:Drivers/STM32F3xx_HAL_Driver/Src/stm32f3xx_hal_tim_ex.c ****     (+) Stop the Complementary One Pulse and disable interrupts.
1555:Drivers/STM32F3xx_HAL_Driver/Src/stm32f3xx_hal_tim_ex.c **** 
1556:Drivers/STM32F3xx_HAL_Driver/Src/stm32f3xx_hal_tim_ex.c **** @endverbatim
1557:Drivers/STM32F3xx_HAL_Driver/Src/stm32f3xx_hal_tim_ex.c ****   * @{
1558:Drivers/STM32F3xx_HAL_Driver/Src/stm32f3xx_hal_tim_ex.c ****   */
1559:Drivers/STM32F3xx_HAL_Driver/Src/stm32f3xx_hal_tim_ex.c **** 
1560:Drivers/STM32F3xx_HAL_Driver/Src/stm32f3xx_hal_tim_ex.c **** /**
1561:Drivers/STM32F3xx_HAL_Driver/Src/stm32f3xx_hal_tim_ex.c ****   * @brief  Starts the TIM One Pulse signal generation on the complementary
1562:Drivers/STM32F3xx_HAL_Driver/Src/stm32f3xx_hal_tim_ex.c ****   *         output.
1563:Drivers/STM32F3xx_HAL_Driver/Src/stm32f3xx_hal_tim_ex.c ****   * @note OutputChannel must match the pulse output channel chosen when calling
1564:Drivers/STM32F3xx_HAL_Driver/Src/stm32f3xx_hal_tim_ex.c ****   *       @ref HAL_TIM_OnePulse_ConfigChannel().
1565:Drivers/STM32F3xx_HAL_Driver/Src/stm32f3xx_hal_tim_ex.c ****   * @param  htim TIM One Pulse handle
1566:Drivers/STM32F3xx_HAL_Driver/Src/stm32f3xx_hal_tim_ex.c ****   * @param  OutputChannel pulse output channel to enable
1567:Drivers/STM32F3xx_HAL_Driver/Src/stm32f3xx_hal_tim_ex.c ****   *          This parameter can be one of the following values:
1568:Drivers/STM32F3xx_HAL_Driver/Src/stm32f3xx_hal_tim_ex.c ****   *            @arg TIM_CHANNEL_1: TIM Channel 1 selected
1569:Drivers/STM32F3xx_HAL_Driver/Src/stm32f3xx_hal_tim_ex.c ****   *            @arg TIM_CHANNEL_2: TIM Channel 2 selected
ARM GAS  C:\Users\nakas\AppData\Local\Temp\ccLYSQiW.s 			page 29


1570:Drivers/STM32F3xx_HAL_Driver/Src/stm32f3xx_hal_tim_ex.c ****   * @retval HAL status
1571:Drivers/STM32F3xx_HAL_Driver/Src/stm32f3xx_hal_tim_ex.c ****   */
1572:Drivers/STM32F3xx_HAL_Driver/Src/stm32f3xx_hal_tim_ex.c **** HAL_StatusTypeDef HAL_TIMEx_OnePulseN_Start(TIM_HandleTypeDef *htim, uint32_t OutputChannel)
1573:Drivers/STM32F3xx_HAL_Driver/Src/stm32f3xx_hal_tim_ex.c **** {
1574:Drivers/STM32F3xx_HAL_Driver/Src/stm32f3xx_hal_tim_ex.c ****   uint32_t input_channel = (OutputChannel == TIM_CHANNEL_1) ? TIM_CHANNEL_2 : TIM_CHANNEL_1;
1575:Drivers/STM32F3xx_HAL_Driver/Src/stm32f3xx_hal_tim_ex.c ****   HAL_TIM_ChannelStateTypeDef channel_1_state = TIM_CHANNEL_STATE_GET(htim, TIM_CHANNEL_1);
1576:Drivers/STM32F3xx_HAL_Driver/Src/stm32f3xx_hal_tim_ex.c ****   HAL_TIM_ChannelStateTypeDef channel_2_state = TIM_CHANNEL_STATE_GET(htim, TIM_CHANNEL_2);
1577:Drivers/STM32F3xx_HAL_Driver/Src/stm32f3xx_hal_tim_ex.c ****   HAL_TIM_ChannelStateTypeDef complementary_channel_1_state = TIM_CHANNEL_N_STATE_GET(htim, TIM_CHA
1578:Drivers/STM32F3xx_HAL_Driver/Src/stm32f3xx_hal_tim_ex.c ****   HAL_TIM_ChannelStateTypeDef complementary_channel_2_state = TIM_CHANNEL_N_STATE_GET(htim, TIM_CHA
1579:Drivers/STM32F3xx_HAL_Driver/Src/stm32f3xx_hal_tim_ex.c **** 
1580:Drivers/STM32F3xx_HAL_Driver/Src/stm32f3xx_hal_tim_ex.c ****   /* Check the parameters */
1581:Drivers/STM32F3xx_HAL_Driver/Src/stm32f3xx_hal_tim_ex.c ****   assert_param(IS_TIM_CCXN_INSTANCE(htim->Instance, OutputChannel));
1582:Drivers/STM32F3xx_HAL_Driver/Src/stm32f3xx_hal_tim_ex.c **** 
1583:Drivers/STM32F3xx_HAL_Driver/Src/stm32f3xx_hal_tim_ex.c ****   /* Check the TIM channels state */
1584:Drivers/STM32F3xx_HAL_Driver/Src/stm32f3xx_hal_tim_ex.c ****   if ((channel_1_state != HAL_TIM_CHANNEL_STATE_READY)
1585:Drivers/STM32F3xx_HAL_Driver/Src/stm32f3xx_hal_tim_ex.c ****       || (channel_2_state != HAL_TIM_CHANNEL_STATE_READY)
1586:Drivers/STM32F3xx_HAL_Driver/Src/stm32f3xx_hal_tim_ex.c ****       || (complementary_channel_1_state != HAL_TIM_CHANNEL_STATE_READY)
1587:Drivers/STM32F3xx_HAL_Driver/Src/stm32f3xx_hal_tim_ex.c ****       || (complementary_channel_2_state != HAL_TIM_CHANNEL_STATE_READY))
1588:Drivers/STM32F3xx_HAL_Driver/Src/stm32f3xx_hal_tim_ex.c ****   {
1589:Drivers/STM32F3xx_HAL_Driver/Src/stm32f3xx_hal_tim_ex.c ****     return HAL_ERROR;
1590:Drivers/STM32F3xx_HAL_Driver/Src/stm32f3xx_hal_tim_ex.c ****   }
1591:Drivers/STM32F3xx_HAL_Driver/Src/stm32f3xx_hal_tim_ex.c **** 
1592:Drivers/STM32F3xx_HAL_Driver/Src/stm32f3xx_hal_tim_ex.c ****   /* Set the TIM channels state */
1593:Drivers/STM32F3xx_HAL_Driver/Src/stm32f3xx_hal_tim_ex.c ****   TIM_CHANNEL_STATE_SET(htim, TIM_CHANNEL_1, HAL_TIM_CHANNEL_STATE_BUSY);
1594:Drivers/STM32F3xx_HAL_Driver/Src/stm32f3xx_hal_tim_ex.c ****   TIM_CHANNEL_STATE_SET(htim, TIM_CHANNEL_2, HAL_TIM_CHANNEL_STATE_BUSY);
1595:Drivers/STM32F3xx_HAL_Driver/Src/stm32f3xx_hal_tim_ex.c ****   TIM_CHANNEL_N_STATE_SET(htim, TIM_CHANNEL_1, HAL_TIM_CHANNEL_STATE_BUSY);
1596:Drivers/STM32F3xx_HAL_Driver/Src/stm32f3xx_hal_tim_ex.c ****   TIM_CHANNEL_N_STATE_SET(htim, TIM_CHANNEL_2, HAL_TIM_CHANNEL_STATE_BUSY);
1597:Drivers/STM32F3xx_HAL_Driver/Src/stm32f3xx_hal_tim_ex.c **** 
1598:Drivers/STM32F3xx_HAL_Driver/Src/stm32f3xx_hal_tim_ex.c ****   /* Enable the complementary One Pulse output channel and the Input Capture channel */
1599:Drivers/STM32F3xx_HAL_Driver/Src/stm32f3xx_hal_tim_ex.c ****   TIM_CCxNChannelCmd(htim->Instance, OutputChannel, TIM_CCxN_ENABLE);
1600:Drivers/STM32F3xx_HAL_Driver/Src/stm32f3xx_hal_tim_ex.c ****   TIM_CCxChannelCmd(htim->Instance, input_channel, TIM_CCx_ENABLE);
1601:Drivers/STM32F3xx_HAL_Driver/Src/stm32f3xx_hal_tim_ex.c **** 
1602:Drivers/STM32F3xx_HAL_Driver/Src/stm32f3xx_hal_tim_ex.c ****   /* Enable the Main Output */
1603:Drivers/STM32F3xx_HAL_Driver/Src/stm32f3xx_hal_tim_ex.c ****   __HAL_TIM_MOE_ENABLE(htim);
1604:Drivers/STM32F3xx_HAL_Driver/Src/stm32f3xx_hal_tim_ex.c **** 
1605:Drivers/STM32F3xx_HAL_Driver/Src/stm32f3xx_hal_tim_ex.c ****   /* Return function status */
1606:Drivers/STM32F3xx_HAL_Driver/Src/stm32f3xx_hal_tim_ex.c ****   return HAL_OK;
1607:Drivers/STM32F3xx_HAL_Driver/Src/stm32f3xx_hal_tim_ex.c **** }
1608:Drivers/STM32F3xx_HAL_Driver/Src/stm32f3xx_hal_tim_ex.c **** 
1609:Drivers/STM32F3xx_HAL_Driver/Src/stm32f3xx_hal_tim_ex.c **** /**
1610:Drivers/STM32F3xx_HAL_Driver/Src/stm32f3xx_hal_tim_ex.c ****   * @brief  Stops the TIM One Pulse signal generation on the complementary
1611:Drivers/STM32F3xx_HAL_Driver/Src/stm32f3xx_hal_tim_ex.c ****   *         output.
1612:Drivers/STM32F3xx_HAL_Driver/Src/stm32f3xx_hal_tim_ex.c ****   * @note OutputChannel must match the pulse output channel chosen when calling
1613:Drivers/STM32F3xx_HAL_Driver/Src/stm32f3xx_hal_tim_ex.c ****   *       @ref HAL_TIM_OnePulse_ConfigChannel().
1614:Drivers/STM32F3xx_HAL_Driver/Src/stm32f3xx_hal_tim_ex.c ****   * @param  htim TIM One Pulse handle
1615:Drivers/STM32F3xx_HAL_Driver/Src/stm32f3xx_hal_tim_ex.c ****   * @param  OutputChannel pulse output channel to disable
1616:Drivers/STM32F3xx_HAL_Driver/Src/stm32f3xx_hal_tim_ex.c ****   *          This parameter can be one of the following values:
1617:Drivers/STM32F3xx_HAL_Driver/Src/stm32f3xx_hal_tim_ex.c ****   *            @arg TIM_CHANNEL_1: TIM Channel 1 selected
1618:Drivers/STM32F3xx_HAL_Driver/Src/stm32f3xx_hal_tim_ex.c ****   *            @arg TIM_CHANNEL_2: TIM Channel 2 selected
1619:Drivers/STM32F3xx_HAL_Driver/Src/stm32f3xx_hal_tim_ex.c ****   * @retval HAL status
1620:Drivers/STM32F3xx_HAL_Driver/Src/stm32f3xx_hal_tim_ex.c ****   */
1621:Drivers/STM32F3xx_HAL_Driver/Src/stm32f3xx_hal_tim_ex.c **** HAL_StatusTypeDef HAL_TIMEx_OnePulseN_Stop(TIM_HandleTypeDef *htim, uint32_t OutputChannel)
1622:Drivers/STM32F3xx_HAL_Driver/Src/stm32f3xx_hal_tim_ex.c **** {
1623:Drivers/STM32F3xx_HAL_Driver/Src/stm32f3xx_hal_tim_ex.c ****   uint32_t input_channel = (OutputChannel == TIM_CHANNEL_1) ? TIM_CHANNEL_2 : TIM_CHANNEL_1;
1624:Drivers/STM32F3xx_HAL_Driver/Src/stm32f3xx_hal_tim_ex.c **** 
1625:Drivers/STM32F3xx_HAL_Driver/Src/stm32f3xx_hal_tim_ex.c ****   /* Check the parameters */
1626:Drivers/STM32F3xx_HAL_Driver/Src/stm32f3xx_hal_tim_ex.c ****   assert_param(IS_TIM_CCXN_INSTANCE(htim->Instance, OutputChannel));
ARM GAS  C:\Users\nakas\AppData\Local\Temp\ccLYSQiW.s 			page 30


1627:Drivers/STM32F3xx_HAL_Driver/Src/stm32f3xx_hal_tim_ex.c **** 
1628:Drivers/STM32F3xx_HAL_Driver/Src/stm32f3xx_hal_tim_ex.c ****   /* Disable the complementary One Pulse output channel and the Input Capture channel */
1629:Drivers/STM32F3xx_HAL_Driver/Src/stm32f3xx_hal_tim_ex.c ****   TIM_CCxNChannelCmd(htim->Instance, OutputChannel, TIM_CCxN_DISABLE);
1630:Drivers/STM32F3xx_HAL_Driver/Src/stm32f3xx_hal_tim_ex.c ****   TIM_CCxChannelCmd(htim->Instance, input_channel, TIM_CCx_DISABLE);
1631:Drivers/STM32F3xx_HAL_Driver/Src/stm32f3xx_hal_tim_ex.c **** 
1632:Drivers/STM32F3xx_HAL_Driver/Src/stm32f3xx_hal_tim_ex.c ****   /* Disable the Main Output */
1633:Drivers/STM32F3xx_HAL_Driver/Src/stm32f3xx_hal_tim_ex.c ****   __HAL_TIM_MOE_DISABLE(htim);
1634:Drivers/STM32F3xx_HAL_Driver/Src/stm32f3xx_hal_tim_ex.c **** 
1635:Drivers/STM32F3xx_HAL_Driver/Src/stm32f3xx_hal_tim_ex.c ****   /* Disable the Peripheral */
1636:Drivers/STM32F3xx_HAL_Driver/Src/stm32f3xx_hal_tim_ex.c ****   __HAL_TIM_DISABLE(htim);
1637:Drivers/STM32F3xx_HAL_Driver/Src/stm32f3xx_hal_tim_ex.c **** 
1638:Drivers/STM32F3xx_HAL_Driver/Src/stm32f3xx_hal_tim_ex.c ****   /* Set the TIM  channels state */
1639:Drivers/STM32F3xx_HAL_Driver/Src/stm32f3xx_hal_tim_ex.c ****   TIM_CHANNEL_STATE_SET(htim, TIM_CHANNEL_1, HAL_TIM_CHANNEL_STATE_READY);
1640:Drivers/STM32F3xx_HAL_Driver/Src/stm32f3xx_hal_tim_ex.c ****   TIM_CHANNEL_STATE_SET(htim, TIM_CHANNEL_2, HAL_TIM_CHANNEL_STATE_READY);
1641:Drivers/STM32F3xx_HAL_Driver/Src/stm32f3xx_hal_tim_ex.c ****   TIM_CHANNEL_N_STATE_SET(htim, TIM_CHANNEL_1, HAL_TIM_CHANNEL_STATE_READY);
1642:Drivers/STM32F3xx_HAL_Driver/Src/stm32f3xx_hal_tim_ex.c ****   TIM_CHANNEL_N_STATE_SET(htim, TIM_CHANNEL_2, HAL_TIM_CHANNEL_STATE_READY);
1643:Drivers/STM32F3xx_HAL_Driver/Src/stm32f3xx_hal_tim_ex.c **** 
1644:Drivers/STM32F3xx_HAL_Driver/Src/stm32f3xx_hal_tim_ex.c ****   /* Return function status */
1645:Drivers/STM32F3xx_HAL_Driver/Src/stm32f3xx_hal_tim_ex.c ****   return HAL_OK;
1646:Drivers/STM32F3xx_HAL_Driver/Src/stm32f3xx_hal_tim_ex.c **** }
1647:Drivers/STM32F3xx_HAL_Driver/Src/stm32f3xx_hal_tim_ex.c **** 
1648:Drivers/STM32F3xx_HAL_Driver/Src/stm32f3xx_hal_tim_ex.c **** /**
1649:Drivers/STM32F3xx_HAL_Driver/Src/stm32f3xx_hal_tim_ex.c ****   * @brief  Starts the TIM One Pulse signal generation in interrupt mode on the
1650:Drivers/STM32F3xx_HAL_Driver/Src/stm32f3xx_hal_tim_ex.c ****   *         complementary channel.
1651:Drivers/STM32F3xx_HAL_Driver/Src/stm32f3xx_hal_tim_ex.c ****   * @note OutputChannel must match the pulse output channel chosen when calling
1652:Drivers/STM32F3xx_HAL_Driver/Src/stm32f3xx_hal_tim_ex.c ****   *       @ref HAL_TIM_OnePulse_ConfigChannel().
1653:Drivers/STM32F3xx_HAL_Driver/Src/stm32f3xx_hal_tim_ex.c ****   * @param  htim TIM One Pulse handle
1654:Drivers/STM32F3xx_HAL_Driver/Src/stm32f3xx_hal_tim_ex.c ****   * @param  OutputChannel pulse output channel to enable
1655:Drivers/STM32F3xx_HAL_Driver/Src/stm32f3xx_hal_tim_ex.c ****   *          This parameter can be one of the following values:
1656:Drivers/STM32F3xx_HAL_Driver/Src/stm32f3xx_hal_tim_ex.c ****   *            @arg TIM_CHANNEL_1: TIM Channel 1 selected
1657:Drivers/STM32F3xx_HAL_Driver/Src/stm32f3xx_hal_tim_ex.c ****   *            @arg TIM_CHANNEL_2: TIM Channel 2 selected
1658:Drivers/STM32F3xx_HAL_Driver/Src/stm32f3xx_hal_tim_ex.c ****   * @retval HAL status
1659:Drivers/STM32F3xx_HAL_Driver/Src/stm32f3xx_hal_tim_ex.c ****   */
1660:Drivers/STM32F3xx_HAL_Driver/Src/stm32f3xx_hal_tim_ex.c **** HAL_StatusTypeDef HAL_TIMEx_OnePulseN_Start_IT(TIM_HandleTypeDef *htim, uint32_t OutputChannel)
1661:Drivers/STM32F3xx_HAL_Driver/Src/stm32f3xx_hal_tim_ex.c **** {
1662:Drivers/STM32F3xx_HAL_Driver/Src/stm32f3xx_hal_tim_ex.c ****   uint32_t input_channel = (OutputChannel == TIM_CHANNEL_1) ? TIM_CHANNEL_2 : TIM_CHANNEL_1;
1663:Drivers/STM32F3xx_HAL_Driver/Src/stm32f3xx_hal_tim_ex.c ****   HAL_TIM_ChannelStateTypeDef channel_1_state = TIM_CHANNEL_STATE_GET(htim, TIM_CHANNEL_1);
1664:Drivers/STM32F3xx_HAL_Driver/Src/stm32f3xx_hal_tim_ex.c ****   HAL_TIM_ChannelStateTypeDef channel_2_state = TIM_CHANNEL_STATE_GET(htim, TIM_CHANNEL_2);
1665:Drivers/STM32F3xx_HAL_Driver/Src/stm32f3xx_hal_tim_ex.c ****   HAL_TIM_ChannelStateTypeDef complementary_channel_1_state = TIM_CHANNEL_N_STATE_GET(htim, TIM_CHA
1666:Drivers/STM32F3xx_HAL_Driver/Src/stm32f3xx_hal_tim_ex.c ****   HAL_TIM_ChannelStateTypeDef complementary_channel_2_state = TIM_CHANNEL_N_STATE_GET(htim, TIM_CHA
1667:Drivers/STM32F3xx_HAL_Driver/Src/stm32f3xx_hal_tim_ex.c **** 
1668:Drivers/STM32F3xx_HAL_Driver/Src/stm32f3xx_hal_tim_ex.c ****   /* Check the parameters */
1669:Drivers/STM32F3xx_HAL_Driver/Src/stm32f3xx_hal_tim_ex.c ****   assert_param(IS_TIM_CCXN_INSTANCE(htim->Instance, OutputChannel));
1670:Drivers/STM32F3xx_HAL_Driver/Src/stm32f3xx_hal_tim_ex.c **** 
1671:Drivers/STM32F3xx_HAL_Driver/Src/stm32f3xx_hal_tim_ex.c ****   /* Check the TIM channels state */
1672:Drivers/STM32F3xx_HAL_Driver/Src/stm32f3xx_hal_tim_ex.c ****   if ((channel_1_state != HAL_TIM_CHANNEL_STATE_READY)
1673:Drivers/STM32F3xx_HAL_Driver/Src/stm32f3xx_hal_tim_ex.c ****       || (channel_2_state != HAL_TIM_CHANNEL_STATE_READY)
1674:Drivers/STM32F3xx_HAL_Driver/Src/stm32f3xx_hal_tim_ex.c ****       || (complementary_channel_1_state != HAL_TIM_CHANNEL_STATE_READY)
1675:Drivers/STM32F3xx_HAL_Driver/Src/stm32f3xx_hal_tim_ex.c ****       || (complementary_channel_2_state != HAL_TIM_CHANNEL_STATE_READY))
1676:Drivers/STM32F3xx_HAL_Driver/Src/stm32f3xx_hal_tim_ex.c ****   {
1677:Drivers/STM32F3xx_HAL_Driver/Src/stm32f3xx_hal_tim_ex.c ****     return HAL_ERROR;
1678:Drivers/STM32F3xx_HAL_Driver/Src/stm32f3xx_hal_tim_ex.c ****   }
1679:Drivers/STM32F3xx_HAL_Driver/Src/stm32f3xx_hal_tim_ex.c **** 
1680:Drivers/STM32F3xx_HAL_Driver/Src/stm32f3xx_hal_tim_ex.c ****   /* Set the TIM channels state */
1681:Drivers/STM32F3xx_HAL_Driver/Src/stm32f3xx_hal_tim_ex.c ****   TIM_CHANNEL_STATE_SET(htim, TIM_CHANNEL_1, HAL_TIM_CHANNEL_STATE_BUSY);
1682:Drivers/STM32F3xx_HAL_Driver/Src/stm32f3xx_hal_tim_ex.c ****   TIM_CHANNEL_STATE_SET(htim, TIM_CHANNEL_2, HAL_TIM_CHANNEL_STATE_BUSY);
1683:Drivers/STM32F3xx_HAL_Driver/Src/stm32f3xx_hal_tim_ex.c ****   TIM_CHANNEL_N_STATE_SET(htim, TIM_CHANNEL_1, HAL_TIM_CHANNEL_STATE_BUSY);
ARM GAS  C:\Users\nakas\AppData\Local\Temp\ccLYSQiW.s 			page 31


1684:Drivers/STM32F3xx_HAL_Driver/Src/stm32f3xx_hal_tim_ex.c ****   TIM_CHANNEL_N_STATE_SET(htim, TIM_CHANNEL_2, HAL_TIM_CHANNEL_STATE_BUSY);
1685:Drivers/STM32F3xx_HAL_Driver/Src/stm32f3xx_hal_tim_ex.c **** 
1686:Drivers/STM32F3xx_HAL_Driver/Src/stm32f3xx_hal_tim_ex.c ****   /* Enable the TIM Capture/Compare 1 interrupt */
1687:Drivers/STM32F3xx_HAL_Driver/Src/stm32f3xx_hal_tim_ex.c ****   __HAL_TIM_ENABLE_IT(htim, TIM_IT_CC1);
1688:Drivers/STM32F3xx_HAL_Driver/Src/stm32f3xx_hal_tim_ex.c **** 
1689:Drivers/STM32F3xx_HAL_Driver/Src/stm32f3xx_hal_tim_ex.c ****   /* Enable the TIM Capture/Compare 2 interrupt */
1690:Drivers/STM32F3xx_HAL_Driver/Src/stm32f3xx_hal_tim_ex.c ****   __HAL_TIM_ENABLE_IT(htim, TIM_IT_CC2);
1691:Drivers/STM32F3xx_HAL_Driver/Src/stm32f3xx_hal_tim_ex.c **** 
1692:Drivers/STM32F3xx_HAL_Driver/Src/stm32f3xx_hal_tim_ex.c ****   /* Enable the complementary One Pulse output channel and the Input Capture channel */
1693:Drivers/STM32F3xx_HAL_Driver/Src/stm32f3xx_hal_tim_ex.c ****   TIM_CCxNChannelCmd(htim->Instance, OutputChannel, TIM_CCxN_ENABLE);
1694:Drivers/STM32F3xx_HAL_Driver/Src/stm32f3xx_hal_tim_ex.c ****   TIM_CCxChannelCmd(htim->Instance, input_channel, TIM_CCx_ENABLE);
1695:Drivers/STM32F3xx_HAL_Driver/Src/stm32f3xx_hal_tim_ex.c **** 
1696:Drivers/STM32F3xx_HAL_Driver/Src/stm32f3xx_hal_tim_ex.c ****   /* Enable the Main Output */
1697:Drivers/STM32F3xx_HAL_Driver/Src/stm32f3xx_hal_tim_ex.c ****   __HAL_TIM_MOE_ENABLE(htim);
1698:Drivers/STM32F3xx_HAL_Driver/Src/stm32f3xx_hal_tim_ex.c **** 
1699:Drivers/STM32F3xx_HAL_Driver/Src/stm32f3xx_hal_tim_ex.c ****   /* Return function status */
1700:Drivers/STM32F3xx_HAL_Driver/Src/stm32f3xx_hal_tim_ex.c ****   return HAL_OK;
1701:Drivers/STM32F3xx_HAL_Driver/Src/stm32f3xx_hal_tim_ex.c **** }
1702:Drivers/STM32F3xx_HAL_Driver/Src/stm32f3xx_hal_tim_ex.c **** 
1703:Drivers/STM32F3xx_HAL_Driver/Src/stm32f3xx_hal_tim_ex.c **** /**
1704:Drivers/STM32F3xx_HAL_Driver/Src/stm32f3xx_hal_tim_ex.c ****   * @brief  Stops the TIM One Pulse signal generation in interrupt mode on the
1705:Drivers/STM32F3xx_HAL_Driver/Src/stm32f3xx_hal_tim_ex.c ****   *         complementary channel.
1706:Drivers/STM32F3xx_HAL_Driver/Src/stm32f3xx_hal_tim_ex.c ****   * @note OutputChannel must match the pulse output channel chosen when calling
1707:Drivers/STM32F3xx_HAL_Driver/Src/stm32f3xx_hal_tim_ex.c ****   *       @ref HAL_TIM_OnePulse_ConfigChannel().
1708:Drivers/STM32F3xx_HAL_Driver/Src/stm32f3xx_hal_tim_ex.c ****   * @param  htim TIM One Pulse handle
1709:Drivers/STM32F3xx_HAL_Driver/Src/stm32f3xx_hal_tim_ex.c ****   * @param  OutputChannel pulse output channel to disable
1710:Drivers/STM32F3xx_HAL_Driver/Src/stm32f3xx_hal_tim_ex.c ****   *          This parameter can be one of the following values:
1711:Drivers/STM32F3xx_HAL_Driver/Src/stm32f3xx_hal_tim_ex.c ****   *            @arg TIM_CHANNEL_1: TIM Channel 1 selected
1712:Drivers/STM32F3xx_HAL_Driver/Src/stm32f3xx_hal_tim_ex.c ****   *            @arg TIM_CHANNEL_2: TIM Channel 2 selected
1713:Drivers/STM32F3xx_HAL_Driver/Src/stm32f3xx_hal_tim_ex.c ****   * @retval HAL status
1714:Drivers/STM32F3xx_HAL_Driver/Src/stm32f3xx_hal_tim_ex.c ****   */
1715:Drivers/STM32F3xx_HAL_Driver/Src/stm32f3xx_hal_tim_ex.c **** HAL_StatusTypeDef HAL_TIMEx_OnePulseN_Stop_IT(TIM_HandleTypeDef *htim, uint32_t OutputChannel)
1716:Drivers/STM32F3xx_HAL_Driver/Src/stm32f3xx_hal_tim_ex.c **** {
1717:Drivers/STM32F3xx_HAL_Driver/Src/stm32f3xx_hal_tim_ex.c ****   uint32_t input_channel = (OutputChannel == TIM_CHANNEL_1) ? TIM_CHANNEL_2 : TIM_CHANNEL_1;
1718:Drivers/STM32F3xx_HAL_Driver/Src/stm32f3xx_hal_tim_ex.c **** 
1719:Drivers/STM32F3xx_HAL_Driver/Src/stm32f3xx_hal_tim_ex.c ****   /* Check the parameters */
1720:Drivers/STM32F3xx_HAL_Driver/Src/stm32f3xx_hal_tim_ex.c ****   assert_param(IS_TIM_CCXN_INSTANCE(htim->Instance, OutputChannel));
1721:Drivers/STM32F3xx_HAL_Driver/Src/stm32f3xx_hal_tim_ex.c **** 
1722:Drivers/STM32F3xx_HAL_Driver/Src/stm32f3xx_hal_tim_ex.c ****   /* Disable the TIM Capture/Compare 1 interrupt */
1723:Drivers/STM32F3xx_HAL_Driver/Src/stm32f3xx_hal_tim_ex.c ****   __HAL_TIM_DISABLE_IT(htim, TIM_IT_CC1);
1724:Drivers/STM32F3xx_HAL_Driver/Src/stm32f3xx_hal_tim_ex.c **** 
1725:Drivers/STM32F3xx_HAL_Driver/Src/stm32f3xx_hal_tim_ex.c ****   /* Disable the TIM Capture/Compare 2 interrupt */
1726:Drivers/STM32F3xx_HAL_Driver/Src/stm32f3xx_hal_tim_ex.c ****   __HAL_TIM_DISABLE_IT(htim, TIM_IT_CC2);
1727:Drivers/STM32F3xx_HAL_Driver/Src/stm32f3xx_hal_tim_ex.c **** 
1728:Drivers/STM32F3xx_HAL_Driver/Src/stm32f3xx_hal_tim_ex.c ****   /* Disable the complementary One Pulse output channel and the Input Capture channel */
1729:Drivers/STM32F3xx_HAL_Driver/Src/stm32f3xx_hal_tim_ex.c ****   TIM_CCxNChannelCmd(htim->Instance, OutputChannel, TIM_CCxN_DISABLE);
1730:Drivers/STM32F3xx_HAL_Driver/Src/stm32f3xx_hal_tim_ex.c ****   TIM_CCxChannelCmd(htim->Instance, input_channel, TIM_CCx_DISABLE);
1731:Drivers/STM32F3xx_HAL_Driver/Src/stm32f3xx_hal_tim_ex.c **** 
1732:Drivers/STM32F3xx_HAL_Driver/Src/stm32f3xx_hal_tim_ex.c ****   /* Disable the Main Output */
1733:Drivers/STM32F3xx_HAL_Driver/Src/stm32f3xx_hal_tim_ex.c ****   __HAL_TIM_MOE_DISABLE(htim);
1734:Drivers/STM32F3xx_HAL_Driver/Src/stm32f3xx_hal_tim_ex.c **** 
1735:Drivers/STM32F3xx_HAL_Driver/Src/stm32f3xx_hal_tim_ex.c ****   /* Disable the Peripheral */
1736:Drivers/STM32F3xx_HAL_Driver/Src/stm32f3xx_hal_tim_ex.c ****   __HAL_TIM_DISABLE(htim);
1737:Drivers/STM32F3xx_HAL_Driver/Src/stm32f3xx_hal_tim_ex.c **** 
1738:Drivers/STM32F3xx_HAL_Driver/Src/stm32f3xx_hal_tim_ex.c ****   /* Set the TIM  channels state */
1739:Drivers/STM32F3xx_HAL_Driver/Src/stm32f3xx_hal_tim_ex.c ****   TIM_CHANNEL_STATE_SET(htim, TIM_CHANNEL_1, HAL_TIM_CHANNEL_STATE_READY);
1740:Drivers/STM32F3xx_HAL_Driver/Src/stm32f3xx_hal_tim_ex.c ****   TIM_CHANNEL_STATE_SET(htim, TIM_CHANNEL_2, HAL_TIM_CHANNEL_STATE_READY);
ARM GAS  C:\Users\nakas\AppData\Local\Temp\ccLYSQiW.s 			page 32


1741:Drivers/STM32F3xx_HAL_Driver/Src/stm32f3xx_hal_tim_ex.c ****   TIM_CHANNEL_N_STATE_SET(htim, TIM_CHANNEL_1, HAL_TIM_CHANNEL_STATE_READY);
1742:Drivers/STM32F3xx_HAL_Driver/Src/stm32f3xx_hal_tim_ex.c ****   TIM_CHANNEL_N_STATE_SET(htim, TIM_CHANNEL_2, HAL_TIM_CHANNEL_STATE_READY);
1743:Drivers/STM32F3xx_HAL_Driver/Src/stm32f3xx_hal_tim_ex.c **** 
1744:Drivers/STM32F3xx_HAL_Driver/Src/stm32f3xx_hal_tim_ex.c ****   /* Return function status */
1745:Drivers/STM32F3xx_HAL_Driver/Src/stm32f3xx_hal_tim_ex.c ****   return HAL_OK;
1746:Drivers/STM32F3xx_HAL_Driver/Src/stm32f3xx_hal_tim_ex.c **** }
1747:Drivers/STM32F3xx_HAL_Driver/Src/stm32f3xx_hal_tim_ex.c **** 
1748:Drivers/STM32F3xx_HAL_Driver/Src/stm32f3xx_hal_tim_ex.c **** /**
1749:Drivers/STM32F3xx_HAL_Driver/Src/stm32f3xx_hal_tim_ex.c ****   * @}
1750:Drivers/STM32F3xx_HAL_Driver/Src/stm32f3xx_hal_tim_ex.c ****   */
1751:Drivers/STM32F3xx_HAL_Driver/Src/stm32f3xx_hal_tim_ex.c **** 
1752:Drivers/STM32F3xx_HAL_Driver/Src/stm32f3xx_hal_tim_ex.c **** /** @defgroup TIMEx_Exported_Functions_Group5 Extended Peripheral Control functions
1753:Drivers/STM32F3xx_HAL_Driver/Src/stm32f3xx_hal_tim_ex.c ****   * @brief    Peripheral Control functions
1754:Drivers/STM32F3xx_HAL_Driver/Src/stm32f3xx_hal_tim_ex.c ****   *
1755:Drivers/STM32F3xx_HAL_Driver/Src/stm32f3xx_hal_tim_ex.c **** @verbatim
1756:Drivers/STM32F3xx_HAL_Driver/Src/stm32f3xx_hal_tim_ex.c ****   ==============================================================================
1757:Drivers/STM32F3xx_HAL_Driver/Src/stm32f3xx_hal_tim_ex.c ****                     ##### Peripheral Control functions #####
1758:Drivers/STM32F3xx_HAL_Driver/Src/stm32f3xx_hal_tim_ex.c ****   ==============================================================================
1759:Drivers/STM32F3xx_HAL_Driver/Src/stm32f3xx_hal_tim_ex.c ****   [..]
1760:Drivers/STM32F3xx_HAL_Driver/Src/stm32f3xx_hal_tim_ex.c ****     This section provides functions allowing to:
1761:Drivers/STM32F3xx_HAL_Driver/Src/stm32f3xx_hal_tim_ex.c ****       (+) Configure the commutation event in case of use of the Hall sensor interface.
1762:Drivers/STM32F3xx_HAL_Driver/Src/stm32f3xx_hal_tim_ex.c ****       (+) Configure Output channels for OC and PWM mode.
1763:Drivers/STM32F3xx_HAL_Driver/Src/stm32f3xx_hal_tim_ex.c **** 
1764:Drivers/STM32F3xx_HAL_Driver/Src/stm32f3xx_hal_tim_ex.c ****       (+) Configure Complementary channels, break features and dead time.
1765:Drivers/STM32F3xx_HAL_Driver/Src/stm32f3xx_hal_tim_ex.c ****       (+) Configure Master synchronization.
1766:Drivers/STM32F3xx_HAL_Driver/Src/stm32f3xx_hal_tim_ex.c ****       (+) Configure timer remapping capabilities.
1767:Drivers/STM32F3xx_HAL_Driver/Src/stm32f3xx_hal_tim_ex.c ****       (+) Enable or disable channel grouping.
1768:Drivers/STM32F3xx_HAL_Driver/Src/stm32f3xx_hal_tim_ex.c **** 
1769:Drivers/STM32F3xx_HAL_Driver/Src/stm32f3xx_hal_tim_ex.c **** @endverbatim
1770:Drivers/STM32F3xx_HAL_Driver/Src/stm32f3xx_hal_tim_ex.c ****   * @{
1771:Drivers/STM32F3xx_HAL_Driver/Src/stm32f3xx_hal_tim_ex.c ****   */
1772:Drivers/STM32F3xx_HAL_Driver/Src/stm32f3xx_hal_tim_ex.c **** 
1773:Drivers/STM32F3xx_HAL_Driver/Src/stm32f3xx_hal_tim_ex.c **** /**
1774:Drivers/STM32F3xx_HAL_Driver/Src/stm32f3xx_hal_tim_ex.c ****   * @brief  Configure the TIM commutation event sequence.
1775:Drivers/STM32F3xx_HAL_Driver/Src/stm32f3xx_hal_tim_ex.c ****   * @note  This function is mandatory to use the commutation event in order to
1776:Drivers/STM32F3xx_HAL_Driver/Src/stm32f3xx_hal_tim_ex.c ****   *        update the configuration at each commutation detection on the TRGI input of the Timer,
1777:Drivers/STM32F3xx_HAL_Driver/Src/stm32f3xx_hal_tim_ex.c ****   *        the typical use of this feature is with the use of another Timer(interface Timer)
1778:Drivers/STM32F3xx_HAL_Driver/Src/stm32f3xx_hal_tim_ex.c ****   *        configured in Hall sensor interface, this interface Timer will generate the
1779:Drivers/STM32F3xx_HAL_Driver/Src/stm32f3xx_hal_tim_ex.c ****   *        commutation at its TRGO output (connected to Timer used in this function) each time
1780:Drivers/STM32F3xx_HAL_Driver/Src/stm32f3xx_hal_tim_ex.c ****   *        the TI1 of the Interface Timer detect a commutation at its input TI1.
1781:Drivers/STM32F3xx_HAL_Driver/Src/stm32f3xx_hal_tim_ex.c ****   * @param  htim TIM handle
1782:Drivers/STM32F3xx_HAL_Driver/Src/stm32f3xx_hal_tim_ex.c ****   * @param  InputTrigger the Internal trigger corresponding to the Timer Interfacing with the Hall 
1783:Drivers/STM32F3xx_HAL_Driver/Src/stm32f3xx_hal_tim_ex.c ****   *          This parameter can be one of the following values:
1784:Drivers/STM32F3xx_HAL_Driver/Src/stm32f3xx_hal_tim_ex.c ****   *            @arg TIM_TS_ITR0: Internal trigger 0 selected
1785:Drivers/STM32F3xx_HAL_Driver/Src/stm32f3xx_hal_tim_ex.c ****   *            @arg TIM_TS_ITR1: Internal trigger 1 selected
1786:Drivers/STM32F3xx_HAL_Driver/Src/stm32f3xx_hal_tim_ex.c ****   *            @arg TIM_TS_ITR2: Internal trigger 2 selected
1787:Drivers/STM32F3xx_HAL_Driver/Src/stm32f3xx_hal_tim_ex.c ****   *            @arg TIM_TS_ITR3: Internal trigger 3 selected
1788:Drivers/STM32F3xx_HAL_Driver/Src/stm32f3xx_hal_tim_ex.c ****   *            @arg TIM_TS_NONE: No trigger is needed
1789:Drivers/STM32F3xx_HAL_Driver/Src/stm32f3xx_hal_tim_ex.c ****   * @param  CommutationSource the Commutation Event source
1790:Drivers/STM32F3xx_HAL_Driver/Src/stm32f3xx_hal_tim_ex.c ****   *          This parameter can be one of the following values:
1791:Drivers/STM32F3xx_HAL_Driver/Src/stm32f3xx_hal_tim_ex.c ****   *            @arg TIM_COMMUTATION_TRGI: Commutation source is the TRGI of the Interface Timer
1792:Drivers/STM32F3xx_HAL_Driver/Src/stm32f3xx_hal_tim_ex.c ****   *            @arg TIM_COMMUTATION_SOFTWARE:  Commutation source is set by software using the COMG
1793:Drivers/STM32F3xx_HAL_Driver/Src/stm32f3xx_hal_tim_ex.c ****   * @retval HAL status
1794:Drivers/STM32F3xx_HAL_Driver/Src/stm32f3xx_hal_tim_ex.c ****   */
1795:Drivers/STM32F3xx_HAL_Driver/Src/stm32f3xx_hal_tim_ex.c **** HAL_StatusTypeDef HAL_TIMEx_ConfigCommutEvent(TIM_HandleTypeDef *htim, uint32_t  InputTrigger,
1796:Drivers/STM32F3xx_HAL_Driver/Src/stm32f3xx_hal_tim_ex.c ****                                               uint32_t  CommutationSource)
1797:Drivers/STM32F3xx_HAL_Driver/Src/stm32f3xx_hal_tim_ex.c **** {
ARM GAS  C:\Users\nakas\AppData\Local\Temp\ccLYSQiW.s 			page 33


1798:Drivers/STM32F3xx_HAL_Driver/Src/stm32f3xx_hal_tim_ex.c ****   /* Check the parameters */
1799:Drivers/STM32F3xx_HAL_Driver/Src/stm32f3xx_hal_tim_ex.c ****   assert_param(IS_TIM_COMMUTATION_EVENT_INSTANCE(htim->Instance));
1800:Drivers/STM32F3xx_HAL_Driver/Src/stm32f3xx_hal_tim_ex.c ****   assert_param(IS_TIM_INTERNAL_TRIGGEREVENT_SELECTION(InputTrigger));
1801:Drivers/STM32F3xx_HAL_Driver/Src/stm32f3xx_hal_tim_ex.c **** 
1802:Drivers/STM32F3xx_HAL_Driver/Src/stm32f3xx_hal_tim_ex.c ****   __HAL_LOCK(htim);
1803:Drivers/STM32F3xx_HAL_Driver/Src/stm32f3xx_hal_tim_ex.c **** 
1804:Drivers/STM32F3xx_HAL_Driver/Src/stm32f3xx_hal_tim_ex.c ****   if ((InputTrigger == TIM_TS_ITR0) || (InputTrigger == TIM_TS_ITR1) ||
1805:Drivers/STM32F3xx_HAL_Driver/Src/stm32f3xx_hal_tim_ex.c ****       (InputTrigger == TIM_TS_ITR2) || (InputTrigger == TIM_TS_ITR3))
1806:Drivers/STM32F3xx_HAL_Driver/Src/stm32f3xx_hal_tim_ex.c ****   {
1807:Drivers/STM32F3xx_HAL_Driver/Src/stm32f3xx_hal_tim_ex.c ****     /* Select the Input trigger */
1808:Drivers/STM32F3xx_HAL_Driver/Src/stm32f3xx_hal_tim_ex.c ****     htim->Instance->SMCR &= ~TIM_SMCR_TS;
1809:Drivers/STM32F3xx_HAL_Driver/Src/stm32f3xx_hal_tim_ex.c ****     htim->Instance->SMCR |= InputTrigger;
1810:Drivers/STM32F3xx_HAL_Driver/Src/stm32f3xx_hal_tim_ex.c ****   }
1811:Drivers/STM32F3xx_HAL_Driver/Src/stm32f3xx_hal_tim_ex.c **** 
1812:Drivers/STM32F3xx_HAL_Driver/Src/stm32f3xx_hal_tim_ex.c ****   /* Select the Capture Compare preload feature */
1813:Drivers/STM32F3xx_HAL_Driver/Src/stm32f3xx_hal_tim_ex.c ****   htim->Instance->CR2 |= TIM_CR2_CCPC;
1814:Drivers/STM32F3xx_HAL_Driver/Src/stm32f3xx_hal_tim_ex.c ****   /* Select the Commutation event source */
1815:Drivers/STM32F3xx_HAL_Driver/Src/stm32f3xx_hal_tim_ex.c ****   htim->Instance->CR2 &= ~TIM_CR2_CCUS;
1816:Drivers/STM32F3xx_HAL_Driver/Src/stm32f3xx_hal_tim_ex.c ****   htim->Instance->CR2 |= CommutationSource;
1817:Drivers/STM32F3xx_HAL_Driver/Src/stm32f3xx_hal_tim_ex.c **** 
1818:Drivers/STM32F3xx_HAL_Driver/Src/stm32f3xx_hal_tim_ex.c ****   /* Disable Commutation Interrupt */
1819:Drivers/STM32F3xx_HAL_Driver/Src/stm32f3xx_hal_tim_ex.c ****   __HAL_TIM_DISABLE_IT(htim, TIM_IT_COM);
1820:Drivers/STM32F3xx_HAL_Driver/Src/stm32f3xx_hal_tim_ex.c **** 
1821:Drivers/STM32F3xx_HAL_Driver/Src/stm32f3xx_hal_tim_ex.c ****   /* Disable Commutation DMA request */
1822:Drivers/STM32F3xx_HAL_Driver/Src/stm32f3xx_hal_tim_ex.c ****   __HAL_TIM_DISABLE_DMA(htim, TIM_DMA_COM);
1823:Drivers/STM32F3xx_HAL_Driver/Src/stm32f3xx_hal_tim_ex.c **** 
1824:Drivers/STM32F3xx_HAL_Driver/Src/stm32f3xx_hal_tim_ex.c ****   __HAL_UNLOCK(htim);
1825:Drivers/STM32F3xx_HAL_Driver/Src/stm32f3xx_hal_tim_ex.c **** 
1826:Drivers/STM32F3xx_HAL_Driver/Src/stm32f3xx_hal_tim_ex.c ****   return HAL_OK;
1827:Drivers/STM32F3xx_HAL_Driver/Src/stm32f3xx_hal_tim_ex.c **** }
1828:Drivers/STM32F3xx_HAL_Driver/Src/stm32f3xx_hal_tim_ex.c **** 
1829:Drivers/STM32F3xx_HAL_Driver/Src/stm32f3xx_hal_tim_ex.c **** /**
1830:Drivers/STM32F3xx_HAL_Driver/Src/stm32f3xx_hal_tim_ex.c ****   * @brief  Configure the TIM commutation event sequence with interrupt.
1831:Drivers/STM32F3xx_HAL_Driver/Src/stm32f3xx_hal_tim_ex.c ****   * @note  This function is mandatory to use the commutation event in order to
1832:Drivers/STM32F3xx_HAL_Driver/Src/stm32f3xx_hal_tim_ex.c ****   *        update the configuration at each commutation detection on the TRGI input of the Timer,
1833:Drivers/STM32F3xx_HAL_Driver/Src/stm32f3xx_hal_tim_ex.c ****   *        the typical use of this feature is with the use of another Timer(interface Timer)
1834:Drivers/STM32F3xx_HAL_Driver/Src/stm32f3xx_hal_tim_ex.c ****   *        configured in Hall sensor interface, this interface Timer will generate the
1835:Drivers/STM32F3xx_HAL_Driver/Src/stm32f3xx_hal_tim_ex.c ****   *        commutation at its TRGO output (connected to Timer used in this function) each time
1836:Drivers/STM32F3xx_HAL_Driver/Src/stm32f3xx_hal_tim_ex.c ****   *        the TI1 of the Interface Timer detect a commutation at its input TI1.
1837:Drivers/STM32F3xx_HAL_Driver/Src/stm32f3xx_hal_tim_ex.c ****   * @param  htim TIM handle
1838:Drivers/STM32F3xx_HAL_Driver/Src/stm32f3xx_hal_tim_ex.c ****   * @param  InputTrigger the Internal trigger corresponding to the Timer Interfacing with the Hall 
1839:Drivers/STM32F3xx_HAL_Driver/Src/stm32f3xx_hal_tim_ex.c ****   *          This parameter can be one of the following values:
1840:Drivers/STM32F3xx_HAL_Driver/Src/stm32f3xx_hal_tim_ex.c ****   *            @arg TIM_TS_ITR0: Internal trigger 0 selected
1841:Drivers/STM32F3xx_HAL_Driver/Src/stm32f3xx_hal_tim_ex.c ****   *            @arg TIM_TS_ITR1: Internal trigger 1 selected
1842:Drivers/STM32F3xx_HAL_Driver/Src/stm32f3xx_hal_tim_ex.c ****   *            @arg TIM_TS_ITR2: Internal trigger 2 selected
1843:Drivers/STM32F3xx_HAL_Driver/Src/stm32f3xx_hal_tim_ex.c ****   *            @arg TIM_TS_ITR3: Internal trigger 3 selected
1844:Drivers/STM32F3xx_HAL_Driver/Src/stm32f3xx_hal_tim_ex.c ****   *            @arg TIM_TS_NONE: No trigger is needed
1845:Drivers/STM32F3xx_HAL_Driver/Src/stm32f3xx_hal_tim_ex.c ****   * @param  CommutationSource the Commutation Event source
1846:Drivers/STM32F3xx_HAL_Driver/Src/stm32f3xx_hal_tim_ex.c ****   *          This parameter can be one of the following values:
1847:Drivers/STM32F3xx_HAL_Driver/Src/stm32f3xx_hal_tim_ex.c ****   *            @arg TIM_COMMUTATION_TRGI: Commutation source is the TRGI of the Interface Timer
1848:Drivers/STM32F3xx_HAL_Driver/Src/stm32f3xx_hal_tim_ex.c ****   *            @arg TIM_COMMUTATION_SOFTWARE:  Commutation source is set by software using the COMG
1849:Drivers/STM32F3xx_HAL_Driver/Src/stm32f3xx_hal_tim_ex.c ****   * @retval HAL status
1850:Drivers/STM32F3xx_HAL_Driver/Src/stm32f3xx_hal_tim_ex.c ****   */
1851:Drivers/STM32F3xx_HAL_Driver/Src/stm32f3xx_hal_tim_ex.c **** HAL_StatusTypeDef HAL_TIMEx_ConfigCommutEvent_IT(TIM_HandleTypeDef *htim, uint32_t  InputTrigger,
1852:Drivers/STM32F3xx_HAL_Driver/Src/stm32f3xx_hal_tim_ex.c ****                                                  uint32_t  CommutationSource)
1853:Drivers/STM32F3xx_HAL_Driver/Src/stm32f3xx_hal_tim_ex.c **** {
1854:Drivers/STM32F3xx_HAL_Driver/Src/stm32f3xx_hal_tim_ex.c ****   /* Check the parameters */
ARM GAS  C:\Users\nakas\AppData\Local\Temp\ccLYSQiW.s 			page 34


1855:Drivers/STM32F3xx_HAL_Driver/Src/stm32f3xx_hal_tim_ex.c ****   assert_param(IS_TIM_COMMUTATION_EVENT_INSTANCE(htim->Instance));
1856:Drivers/STM32F3xx_HAL_Driver/Src/stm32f3xx_hal_tim_ex.c ****   assert_param(IS_TIM_INTERNAL_TRIGGEREVENT_SELECTION(InputTrigger));
1857:Drivers/STM32F3xx_HAL_Driver/Src/stm32f3xx_hal_tim_ex.c **** 
1858:Drivers/STM32F3xx_HAL_Driver/Src/stm32f3xx_hal_tim_ex.c ****   __HAL_LOCK(htim);
1859:Drivers/STM32F3xx_HAL_Driver/Src/stm32f3xx_hal_tim_ex.c **** 
1860:Drivers/STM32F3xx_HAL_Driver/Src/stm32f3xx_hal_tim_ex.c ****   if ((InputTrigger == TIM_TS_ITR0) || (InputTrigger == TIM_TS_ITR1) ||
1861:Drivers/STM32F3xx_HAL_Driver/Src/stm32f3xx_hal_tim_ex.c ****       (InputTrigger == TIM_TS_ITR2) || (InputTrigger == TIM_TS_ITR3))
1862:Drivers/STM32F3xx_HAL_Driver/Src/stm32f3xx_hal_tim_ex.c ****   {
1863:Drivers/STM32F3xx_HAL_Driver/Src/stm32f3xx_hal_tim_ex.c ****     /* Select the Input trigger */
1864:Drivers/STM32F3xx_HAL_Driver/Src/stm32f3xx_hal_tim_ex.c ****     htim->Instance->SMCR &= ~TIM_SMCR_TS;
1865:Drivers/STM32F3xx_HAL_Driver/Src/stm32f3xx_hal_tim_ex.c ****     htim->Instance->SMCR |= InputTrigger;
1866:Drivers/STM32F3xx_HAL_Driver/Src/stm32f3xx_hal_tim_ex.c ****   }
1867:Drivers/STM32F3xx_HAL_Driver/Src/stm32f3xx_hal_tim_ex.c **** 
1868:Drivers/STM32F3xx_HAL_Driver/Src/stm32f3xx_hal_tim_ex.c ****   /* Select the Capture Compare preload feature */
1869:Drivers/STM32F3xx_HAL_Driver/Src/stm32f3xx_hal_tim_ex.c ****   htim->Instance->CR2 |= TIM_CR2_CCPC;
1870:Drivers/STM32F3xx_HAL_Driver/Src/stm32f3xx_hal_tim_ex.c ****   /* Select the Commutation event source */
1871:Drivers/STM32F3xx_HAL_Driver/Src/stm32f3xx_hal_tim_ex.c ****   htim->Instance->CR2 &= ~TIM_CR2_CCUS;
1872:Drivers/STM32F3xx_HAL_Driver/Src/stm32f3xx_hal_tim_ex.c ****   htim->Instance->CR2 |= CommutationSource;
1873:Drivers/STM32F3xx_HAL_Driver/Src/stm32f3xx_hal_tim_ex.c **** 
1874:Drivers/STM32F3xx_HAL_Driver/Src/stm32f3xx_hal_tim_ex.c ****   /* Disable Commutation DMA request */
1875:Drivers/STM32F3xx_HAL_Driver/Src/stm32f3xx_hal_tim_ex.c ****   __HAL_TIM_DISABLE_DMA(htim, TIM_DMA_COM);
1876:Drivers/STM32F3xx_HAL_Driver/Src/stm32f3xx_hal_tim_ex.c **** 
1877:Drivers/STM32F3xx_HAL_Driver/Src/stm32f3xx_hal_tim_ex.c ****   /* Enable the Commutation Interrupt */
1878:Drivers/STM32F3xx_HAL_Driver/Src/stm32f3xx_hal_tim_ex.c ****   __HAL_TIM_ENABLE_IT(htim, TIM_IT_COM);
1879:Drivers/STM32F3xx_HAL_Driver/Src/stm32f3xx_hal_tim_ex.c **** 
1880:Drivers/STM32F3xx_HAL_Driver/Src/stm32f3xx_hal_tim_ex.c ****   __HAL_UNLOCK(htim);
1881:Drivers/STM32F3xx_HAL_Driver/Src/stm32f3xx_hal_tim_ex.c **** 
1882:Drivers/STM32F3xx_HAL_Driver/Src/stm32f3xx_hal_tim_ex.c ****   return HAL_OK;
1883:Drivers/STM32F3xx_HAL_Driver/Src/stm32f3xx_hal_tim_ex.c **** }
1884:Drivers/STM32F3xx_HAL_Driver/Src/stm32f3xx_hal_tim_ex.c **** 
1885:Drivers/STM32F3xx_HAL_Driver/Src/stm32f3xx_hal_tim_ex.c **** /**
1886:Drivers/STM32F3xx_HAL_Driver/Src/stm32f3xx_hal_tim_ex.c ****   * @brief  Configure the TIM commutation event sequence with DMA.
1887:Drivers/STM32F3xx_HAL_Driver/Src/stm32f3xx_hal_tim_ex.c ****   * @note  This function is mandatory to use the commutation event in order to
1888:Drivers/STM32F3xx_HAL_Driver/Src/stm32f3xx_hal_tim_ex.c ****   *        update the configuration at each commutation detection on the TRGI input of the Timer,
1889:Drivers/STM32F3xx_HAL_Driver/Src/stm32f3xx_hal_tim_ex.c ****   *        the typical use of this feature is with the use of another Timer(interface Timer)
1890:Drivers/STM32F3xx_HAL_Driver/Src/stm32f3xx_hal_tim_ex.c ****   *        configured in Hall sensor interface, this interface Timer will generate the
1891:Drivers/STM32F3xx_HAL_Driver/Src/stm32f3xx_hal_tim_ex.c ****   *        commutation at its TRGO output (connected to Timer used in this function) each time
1892:Drivers/STM32F3xx_HAL_Driver/Src/stm32f3xx_hal_tim_ex.c ****   *        the TI1 of the Interface Timer detect a commutation at its input TI1.
1893:Drivers/STM32F3xx_HAL_Driver/Src/stm32f3xx_hal_tim_ex.c ****   * @note  The user should configure the DMA in his own software, in This function only the COMDE b
1894:Drivers/STM32F3xx_HAL_Driver/Src/stm32f3xx_hal_tim_ex.c ****   * @param  htim TIM handle
1895:Drivers/STM32F3xx_HAL_Driver/Src/stm32f3xx_hal_tim_ex.c ****   * @param  InputTrigger the Internal trigger corresponding to the Timer Interfacing with the Hall 
1896:Drivers/STM32F3xx_HAL_Driver/Src/stm32f3xx_hal_tim_ex.c ****   *          This parameter can be one of the following values:
1897:Drivers/STM32F3xx_HAL_Driver/Src/stm32f3xx_hal_tim_ex.c ****   *            @arg TIM_TS_ITR0: Internal trigger 0 selected
1898:Drivers/STM32F3xx_HAL_Driver/Src/stm32f3xx_hal_tim_ex.c ****   *            @arg TIM_TS_ITR1: Internal trigger 1 selected
1899:Drivers/STM32F3xx_HAL_Driver/Src/stm32f3xx_hal_tim_ex.c ****   *            @arg TIM_TS_ITR2: Internal trigger 2 selected
1900:Drivers/STM32F3xx_HAL_Driver/Src/stm32f3xx_hal_tim_ex.c ****   *            @arg TIM_TS_ITR3: Internal trigger 3 selected
1901:Drivers/STM32F3xx_HAL_Driver/Src/stm32f3xx_hal_tim_ex.c ****   *            @arg TIM_TS_NONE: No trigger is needed
1902:Drivers/STM32F3xx_HAL_Driver/Src/stm32f3xx_hal_tim_ex.c ****   * @param  CommutationSource the Commutation Event source
1903:Drivers/STM32F3xx_HAL_Driver/Src/stm32f3xx_hal_tim_ex.c ****   *          This parameter can be one of the following values:
1904:Drivers/STM32F3xx_HAL_Driver/Src/stm32f3xx_hal_tim_ex.c ****   *            @arg TIM_COMMUTATION_TRGI: Commutation source is the TRGI of the Interface Timer
1905:Drivers/STM32F3xx_HAL_Driver/Src/stm32f3xx_hal_tim_ex.c ****   *            @arg TIM_COMMUTATION_SOFTWARE:  Commutation source is set by software using the COMG
1906:Drivers/STM32F3xx_HAL_Driver/Src/stm32f3xx_hal_tim_ex.c ****   * @retval HAL status
1907:Drivers/STM32F3xx_HAL_Driver/Src/stm32f3xx_hal_tim_ex.c ****   */
1908:Drivers/STM32F3xx_HAL_Driver/Src/stm32f3xx_hal_tim_ex.c **** HAL_StatusTypeDef HAL_TIMEx_ConfigCommutEvent_DMA(TIM_HandleTypeDef *htim, uint32_t  InputTrigger,
1909:Drivers/STM32F3xx_HAL_Driver/Src/stm32f3xx_hal_tim_ex.c ****                                                   uint32_t  CommutationSource)
1910:Drivers/STM32F3xx_HAL_Driver/Src/stm32f3xx_hal_tim_ex.c **** {
1911:Drivers/STM32F3xx_HAL_Driver/Src/stm32f3xx_hal_tim_ex.c ****   /* Check the parameters */
ARM GAS  C:\Users\nakas\AppData\Local\Temp\ccLYSQiW.s 			page 35


1912:Drivers/STM32F3xx_HAL_Driver/Src/stm32f3xx_hal_tim_ex.c ****   assert_param(IS_TIM_COMMUTATION_EVENT_INSTANCE(htim->Instance));
1913:Drivers/STM32F3xx_HAL_Driver/Src/stm32f3xx_hal_tim_ex.c ****   assert_param(IS_TIM_INTERNAL_TRIGGEREVENT_SELECTION(InputTrigger));
1914:Drivers/STM32F3xx_HAL_Driver/Src/stm32f3xx_hal_tim_ex.c **** 
1915:Drivers/STM32F3xx_HAL_Driver/Src/stm32f3xx_hal_tim_ex.c ****   __HAL_LOCK(htim);
1916:Drivers/STM32F3xx_HAL_Driver/Src/stm32f3xx_hal_tim_ex.c **** 
1917:Drivers/STM32F3xx_HAL_Driver/Src/stm32f3xx_hal_tim_ex.c ****   if ((InputTrigger == TIM_TS_ITR0) || (InputTrigger == TIM_TS_ITR1) ||
1918:Drivers/STM32F3xx_HAL_Driver/Src/stm32f3xx_hal_tim_ex.c ****       (InputTrigger == TIM_TS_ITR2) || (InputTrigger == TIM_TS_ITR3))
1919:Drivers/STM32F3xx_HAL_Driver/Src/stm32f3xx_hal_tim_ex.c ****   {
1920:Drivers/STM32F3xx_HAL_Driver/Src/stm32f3xx_hal_tim_ex.c ****     /* Select the Input trigger */
1921:Drivers/STM32F3xx_HAL_Driver/Src/stm32f3xx_hal_tim_ex.c ****     htim->Instance->SMCR &= ~TIM_SMCR_TS;
1922:Drivers/STM32F3xx_HAL_Driver/Src/stm32f3xx_hal_tim_ex.c ****     htim->Instance->SMCR |= InputTrigger;
1923:Drivers/STM32F3xx_HAL_Driver/Src/stm32f3xx_hal_tim_ex.c ****   }
1924:Drivers/STM32F3xx_HAL_Driver/Src/stm32f3xx_hal_tim_ex.c **** 
1925:Drivers/STM32F3xx_HAL_Driver/Src/stm32f3xx_hal_tim_ex.c ****   /* Select the Capture Compare preload feature */
1926:Drivers/STM32F3xx_HAL_Driver/Src/stm32f3xx_hal_tim_ex.c ****   htim->Instance->CR2 |= TIM_CR2_CCPC;
1927:Drivers/STM32F3xx_HAL_Driver/Src/stm32f3xx_hal_tim_ex.c ****   /* Select the Commutation event source */
1928:Drivers/STM32F3xx_HAL_Driver/Src/stm32f3xx_hal_tim_ex.c ****   htim->Instance->CR2 &= ~TIM_CR2_CCUS;
1929:Drivers/STM32F3xx_HAL_Driver/Src/stm32f3xx_hal_tim_ex.c ****   htim->Instance->CR2 |= CommutationSource;
1930:Drivers/STM32F3xx_HAL_Driver/Src/stm32f3xx_hal_tim_ex.c **** 
1931:Drivers/STM32F3xx_HAL_Driver/Src/stm32f3xx_hal_tim_ex.c ****   /* Enable the Commutation DMA Request */
1932:Drivers/STM32F3xx_HAL_Driver/Src/stm32f3xx_hal_tim_ex.c ****   /* Set the DMA Commutation Callback */
1933:Drivers/STM32F3xx_HAL_Driver/Src/stm32f3xx_hal_tim_ex.c ****   htim->hdma[TIM_DMA_ID_COMMUTATION]->XferCpltCallback = TIMEx_DMACommutationCplt;
1934:Drivers/STM32F3xx_HAL_Driver/Src/stm32f3xx_hal_tim_ex.c ****   htim->hdma[TIM_DMA_ID_COMMUTATION]->XferHalfCpltCallback = TIMEx_DMACommutationHalfCplt;
1935:Drivers/STM32F3xx_HAL_Driver/Src/stm32f3xx_hal_tim_ex.c ****   /* Set the DMA error callback */
1936:Drivers/STM32F3xx_HAL_Driver/Src/stm32f3xx_hal_tim_ex.c ****   htim->hdma[TIM_DMA_ID_COMMUTATION]->XferErrorCallback = TIM_DMAError;
1937:Drivers/STM32F3xx_HAL_Driver/Src/stm32f3xx_hal_tim_ex.c **** 
1938:Drivers/STM32F3xx_HAL_Driver/Src/stm32f3xx_hal_tim_ex.c ****   /* Disable Commutation Interrupt */
1939:Drivers/STM32F3xx_HAL_Driver/Src/stm32f3xx_hal_tim_ex.c ****   __HAL_TIM_DISABLE_IT(htim, TIM_IT_COM);
1940:Drivers/STM32F3xx_HAL_Driver/Src/stm32f3xx_hal_tim_ex.c **** 
1941:Drivers/STM32F3xx_HAL_Driver/Src/stm32f3xx_hal_tim_ex.c ****   /* Enable the Commutation DMA Request */
1942:Drivers/STM32F3xx_HAL_Driver/Src/stm32f3xx_hal_tim_ex.c ****   __HAL_TIM_ENABLE_DMA(htim, TIM_DMA_COM);
1943:Drivers/STM32F3xx_HAL_Driver/Src/stm32f3xx_hal_tim_ex.c **** 
1944:Drivers/STM32F3xx_HAL_Driver/Src/stm32f3xx_hal_tim_ex.c ****   __HAL_UNLOCK(htim);
1945:Drivers/STM32F3xx_HAL_Driver/Src/stm32f3xx_hal_tim_ex.c **** 
1946:Drivers/STM32F3xx_HAL_Driver/Src/stm32f3xx_hal_tim_ex.c ****   return HAL_OK;
1947:Drivers/STM32F3xx_HAL_Driver/Src/stm32f3xx_hal_tim_ex.c **** }
1948:Drivers/STM32F3xx_HAL_Driver/Src/stm32f3xx_hal_tim_ex.c **** 
1949:Drivers/STM32F3xx_HAL_Driver/Src/stm32f3xx_hal_tim_ex.c **** /**
1950:Drivers/STM32F3xx_HAL_Driver/Src/stm32f3xx_hal_tim_ex.c ****   * @brief  Configures the TIM in master mode.
1951:Drivers/STM32F3xx_HAL_Driver/Src/stm32f3xx_hal_tim_ex.c ****   * @param  htim TIM handle.
1952:Drivers/STM32F3xx_HAL_Driver/Src/stm32f3xx_hal_tim_ex.c ****   * @param  sMasterConfig pointer to a TIM_MasterConfigTypeDef structure that
1953:Drivers/STM32F3xx_HAL_Driver/Src/stm32f3xx_hal_tim_ex.c ****   *         contains the selected trigger output (TRGO) and the Master/Slave
1954:Drivers/STM32F3xx_HAL_Driver/Src/stm32f3xx_hal_tim_ex.c ****   *         mode.
1955:Drivers/STM32F3xx_HAL_Driver/Src/stm32f3xx_hal_tim_ex.c ****   * @retval HAL status
1956:Drivers/STM32F3xx_HAL_Driver/Src/stm32f3xx_hal_tim_ex.c ****   */
1957:Drivers/STM32F3xx_HAL_Driver/Src/stm32f3xx_hal_tim_ex.c **** HAL_StatusTypeDef HAL_TIMEx_MasterConfigSynchronization(TIM_HandleTypeDef *htim,
1958:Drivers/STM32F3xx_HAL_Driver/Src/stm32f3xx_hal_tim_ex.c ****                                                         const TIM_MasterConfigTypeDef *sMasterConfi
1959:Drivers/STM32F3xx_HAL_Driver/Src/stm32f3xx_hal_tim_ex.c **** {
1960:Drivers/STM32F3xx_HAL_Driver/Src/stm32f3xx_hal_tim_ex.c ****   uint32_t tmpcr2;
1961:Drivers/STM32F3xx_HAL_Driver/Src/stm32f3xx_hal_tim_ex.c ****   uint32_t tmpsmcr;
1962:Drivers/STM32F3xx_HAL_Driver/Src/stm32f3xx_hal_tim_ex.c **** 
1963:Drivers/STM32F3xx_HAL_Driver/Src/stm32f3xx_hal_tim_ex.c ****   /* Check the parameters */
1964:Drivers/STM32F3xx_HAL_Driver/Src/stm32f3xx_hal_tim_ex.c ****   assert_param(IS_TIM_MASTER_INSTANCE(htim->Instance));
1965:Drivers/STM32F3xx_HAL_Driver/Src/stm32f3xx_hal_tim_ex.c ****   assert_param(IS_TIM_TRGO_SOURCE(sMasterConfig->MasterOutputTrigger));
1966:Drivers/STM32F3xx_HAL_Driver/Src/stm32f3xx_hal_tim_ex.c ****   assert_param(IS_TIM_MSM_STATE(sMasterConfig->MasterSlaveMode));
1967:Drivers/STM32F3xx_HAL_Driver/Src/stm32f3xx_hal_tim_ex.c **** 
1968:Drivers/STM32F3xx_HAL_Driver/Src/stm32f3xx_hal_tim_ex.c ****   /* Check input state */
ARM GAS  C:\Users\nakas\AppData\Local\Temp\ccLYSQiW.s 			page 36


1969:Drivers/STM32F3xx_HAL_Driver/Src/stm32f3xx_hal_tim_ex.c ****   __HAL_LOCK(htim);
1970:Drivers/STM32F3xx_HAL_Driver/Src/stm32f3xx_hal_tim_ex.c **** 
1971:Drivers/STM32F3xx_HAL_Driver/Src/stm32f3xx_hal_tim_ex.c ****   /* Change the handler state */
1972:Drivers/STM32F3xx_HAL_Driver/Src/stm32f3xx_hal_tim_ex.c ****   htim->State = HAL_TIM_STATE_BUSY;
1973:Drivers/STM32F3xx_HAL_Driver/Src/stm32f3xx_hal_tim_ex.c **** 
1974:Drivers/STM32F3xx_HAL_Driver/Src/stm32f3xx_hal_tim_ex.c ****   /* Get the TIMx CR2 register value */
1975:Drivers/STM32F3xx_HAL_Driver/Src/stm32f3xx_hal_tim_ex.c ****   tmpcr2 = htim->Instance->CR2;
1976:Drivers/STM32F3xx_HAL_Driver/Src/stm32f3xx_hal_tim_ex.c **** 
1977:Drivers/STM32F3xx_HAL_Driver/Src/stm32f3xx_hal_tim_ex.c ****   /* Get the TIMx SMCR register value */
1978:Drivers/STM32F3xx_HAL_Driver/Src/stm32f3xx_hal_tim_ex.c ****   tmpsmcr = htim->Instance->SMCR;
1979:Drivers/STM32F3xx_HAL_Driver/Src/stm32f3xx_hal_tim_ex.c **** 
1980:Drivers/STM32F3xx_HAL_Driver/Src/stm32f3xx_hal_tim_ex.c **** #if defined(TIM_CR2_MMS2)
1981:Drivers/STM32F3xx_HAL_Driver/Src/stm32f3xx_hal_tim_ex.c ****   /* If the timer supports ADC synchronization through TRGO2, set the master mode selection 2 */
1982:Drivers/STM32F3xx_HAL_Driver/Src/stm32f3xx_hal_tim_ex.c ****   if (IS_TIM_TRGO2_INSTANCE(htim->Instance))
1983:Drivers/STM32F3xx_HAL_Driver/Src/stm32f3xx_hal_tim_ex.c ****   {
1984:Drivers/STM32F3xx_HAL_Driver/Src/stm32f3xx_hal_tim_ex.c ****     /* Check the parameters */
1985:Drivers/STM32F3xx_HAL_Driver/Src/stm32f3xx_hal_tim_ex.c ****     assert_param(IS_TIM_TRGO2_SOURCE(sMasterConfig->MasterOutputTrigger2));
1986:Drivers/STM32F3xx_HAL_Driver/Src/stm32f3xx_hal_tim_ex.c **** 
1987:Drivers/STM32F3xx_HAL_Driver/Src/stm32f3xx_hal_tim_ex.c ****     /* Clear the MMS2 bits */
1988:Drivers/STM32F3xx_HAL_Driver/Src/stm32f3xx_hal_tim_ex.c ****     tmpcr2 &= ~TIM_CR2_MMS2;
1989:Drivers/STM32F3xx_HAL_Driver/Src/stm32f3xx_hal_tim_ex.c ****     /* Select the TRGO2 source*/
1990:Drivers/STM32F3xx_HAL_Driver/Src/stm32f3xx_hal_tim_ex.c ****     tmpcr2 |= sMasterConfig->MasterOutputTrigger2;
1991:Drivers/STM32F3xx_HAL_Driver/Src/stm32f3xx_hal_tim_ex.c ****   }
1992:Drivers/STM32F3xx_HAL_Driver/Src/stm32f3xx_hal_tim_ex.c **** #endif /* TIM_CR2_MMS2 */
1993:Drivers/STM32F3xx_HAL_Driver/Src/stm32f3xx_hal_tim_ex.c **** 
1994:Drivers/STM32F3xx_HAL_Driver/Src/stm32f3xx_hal_tim_ex.c ****   /* Reset the MMS Bits */
1995:Drivers/STM32F3xx_HAL_Driver/Src/stm32f3xx_hal_tim_ex.c ****   tmpcr2 &= ~TIM_CR2_MMS;
1996:Drivers/STM32F3xx_HAL_Driver/Src/stm32f3xx_hal_tim_ex.c ****   /* Select the TRGO source */
1997:Drivers/STM32F3xx_HAL_Driver/Src/stm32f3xx_hal_tim_ex.c ****   tmpcr2 |=  sMasterConfig->MasterOutputTrigger;
1998:Drivers/STM32F3xx_HAL_Driver/Src/stm32f3xx_hal_tim_ex.c **** 
1999:Drivers/STM32F3xx_HAL_Driver/Src/stm32f3xx_hal_tim_ex.c ****   /* Update TIMx CR2 */
2000:Drivers/STM32F3xx_HAL_Driver/Src/stm32f3xx_hal_tim_ex.c ****   htim->Instance->CR2 = tmpcr2;
2001:Drivers/STM32F3xx_HAL_Driver/Src/stm32f3xx_hal_tim_ex.c **** 
2002:Drivers/STM32F3xx_HAL_Driver/Src/stm32f3xx_hal_tim_ex.c ****   if (IS_TIM_SLAVE_INSTANCE(htim->Instance))
2003:Drivers/STM32F3xx_HAL_Driver/Src/stm32f3xx_hal_tim_ex.c ****   {
2004:Drivers/STM32F3xx_HAL_Driver/Src/stm32f3xx_hal_tim_ex.c ****     /* Reset the MSM Bit */
2005:Drivers/STM32F3xx_HAL_Driver/Src/stm32f3xx_hal_tim_ex.c ****     tmpsmcr &= ~TIM_SMCR_MSM;
2006:Drivers/STM32F3xx_HAL_Driver/Src/stm32f3xx_hal_tim_ex.c ****     /* Set master mode */
2007:Drivers/STM32F3xx_HAL_Driver/Src/stm32f3xx_hal_tim_ex.c ****     tmpsmcr |= sMasterConfig->MasterSlaveMode;
2008:Drivers/STM32F3xx_HAL_Driver/Src/stm32f3xx_hal_tim_ex.c **** 
2009:Drivers/STM32F3xx_HAL_Driver/Src/stm32f3xx_hal_tim_ex.c ****     /* Update TIMx SMCR */
2010:Drivers/STM32F3xx_HAL_Driver/Src/stm32f3xx_hal_tim_ex.c ****     htim->Instance->SMCR = tmpsmcr;
2011:Drivers/STM32F3xx_HAL_Driver/Src/stm32f3xx_hal_tim_ex.c ****   }
2012:Drivers/STM32F3xx_HAL_Driver/Src/stm32f3xx_hal_tim_ex.c **** 
2013:Drivers/STM32F3xx_HAL_Driver/Src/stm32f3xx_hal_tim_ex.c ****   /* Change the htim state */
2014:Drivers/STM32F3xx_HAL_Driver/Src/stm32f3xx_hal_tim_ex.c ****   htim->State = HAL_TIM_STATE_READY;
2015:Drivers/STM32F3xx_HAL_Driver/Src/stm32f3xx_hal_tim_ex.c **** 
2016:Drivers/STM32F3xx_HAL_Driver/Src/stm32f3xx_hal_tim_ex.c ****   __HAL_UNLOCK(htim);
2017:Drivers/STM32F3xx_HAL_Driver/Src/stm32f3xx_hal_tim_ex.c **** 
2018:Drivers/STM32F3xx_HAL_Driver/Src/stm32f3xx_hal_tim_ex.c ****   return HAL_OK;
2019:Drivers/STM32F3xx_HAL_Driver/Src/stm32f3xx_hal_tim_ex.c **** }
2020:Drivers/STM32F3xx_HAL_Driver/Src/stm32f3xx_hal_tim_ex.c **** 
2021:Drivers/STM32F3xx_HAL_Driver/Src/stm32f3xx_hal_tim_ex.c **** /**
2022:Drivers/STM32F3xx_HAL_Driver/Src/stm32f3xx_hal_tim_ex.c ****   * @brief  Configures the Break feature, dead time, Lock level, OSSI/OSSR State
2023:Drivers/STM32F3xx_HAL_Driver/Src/stm32f3xx_hal_tim_ex.c ****   *         and the AOE(automatic output enable).
2024:Drivers/STM32F3xx_HAL_Driver/Src/stm32f3xx_hal_tim_ex.c ****   * @param  htim TIM handle
2025:Drivers/STM32F3xx_HAL_Driver/Src/stm32f3xx_hal_tim_ex.c ****   * @param  sBreakDeadTimeConfig pointer to a TIM_ConfigBreakDeadConfigTypeDef structure that
ARM GAS  C:\Users\nakas\AppData\Local\Temp\ccLYSQiW.s 			page 37


2026:Drivers/STM32F3xx_HAL_Driver/Src/stm32f3xx_hal_tim_ex.c ****   *         contains the BDTR Register configuration  information for the TIM peripheral.
2027:Drivers/STM32F3xx_HAL_Driver/Src/stm32f3xx_hal_tim_ex.c ****   * @note   Interrupts can be generated when an active level is detected on the
2028:Drivers/STM32F3xx_HAL_Driver/Src/stm32f3xx_hal_tim_ex.c ****   *         break input, the break 2 input or the system break input. Break
2029:Drivers/STM32F3xx_HAL_Driver/Src/stm32f3xx_hal_tim_ex.c ****   *         interrupt can be enabled by calling the @ref __HAL_TIM_ENABLE_IT macro.
2030:Drivers/STM32F3xx_HAL_Driver/Src/stm32f3xx_hal_tim_ex.c ****   * @retval HAL status
2031:Drivers/STM32F3xx_HAL_Driver/Src/stm32f3xx_hal_tim_ex.c ****   */
2032:Drivers/STM32F3xx_HAL_Driver/Src/stm32f3xx_hal_tim_ex.c **** HAL_StatusTypeDef HAL_TIMEx_ConfigBreakDeadTime(TIM_HandleTypeDef *htim,
2033:Drivers/STM32F3xx_HAL_Driver/Src/stm32f3xx_hal_tim_ex.c ****                                                 const TIM_BreakDeadTimeConfigTypeDef *sBreakDeadTim
2034:Drivers/STM32F3xx_HAL_Driver/Src/stm32f3xx_hal_tim_ex.c **** {
2035:Drivers/STM32F3xx_HAL_Driver/Src/stm32f3xx_hal_tim_ex.c ****   /* Keep this variable initialized to 0 as it is used to configure BDTR register */
2036:Drivers/STM32F3xx_HAL_Driver/Src/stm32f3xx_hal_tim_ex.c ****   uint32_t tmpbdtr = 0U;
2037:Drivers/STM32F3xx_HAL_Driver/Src/stm32f3xx_hal_tim_ex.c **** 
2038:Drivers/STM32F3xx_HAL_Driver/Src/stm32f3xx_hal_tim_ex.c ****   /* Check the parameters */
2039:Drivers/STM32F3xx_HAL_Driver/Src/stm32f3xx_hal_tim_ex.c ****   assert_param(IS_TIM_BREAK_INSTANCE(htim->Instance));
2040:Drivers/STM32F3xx_HAL_Driver/Src/stm32f3xx_hal_tim_ex.c ****   assert_param(IS_TIM_OSSR_STATE(sBreakDeadTimeConfig->OffStateRunMode));
2041:Drivers/STM32F3xx_HAL_Driver/Src/stm32f3xx_hal_tim_ex.c ****   assert_param(IS_TIM_OSSI_STATE(sBreakDeadTimeConfig->OffStateIDLEMode));
2042:Drivers/STM32F3xx_HAL_Driver/Src/stm32f3xx_hal_tim_ex.c ****   assert_param(IS_TIM_LOCK_LEVEL(sBreakDeadTimeConfig->LockLevel));
2043:Drivers/STM32F3xx_HAL_Driver/Src/stm32f3xx_hal_tim_ex.c ****   assert_param(IS_TIM_DEADTIME(sBreakDeadTimeConfig->DeadTime));
2044:Drivers/STM32F3xx_HAL_Driver/Src/stm32f3xx_hal_tim_ex.c ****   assert_param(IS_TIM_BREAK_STATE(sBreakDeadTimeConfig->BreakState));
2045:Drivers/STM32F3xx_HAL_Driver/Src/stm32f3xx_hal_tim_ex.c ****   assert_param(IS_TIM_BREAK_POLARITY(sBreakDeadTimeConfig->BreakPolarity));
2046:Drivers/STM32F3xx_HAL_Driver/Src/stm32f3xx_hal_tim_ex.c **** #if defined(TIM_BDTR_BKF)
2047:Drivers/STM32F3xx_HAL_Driver/Src/stm32f3xx_hal_tim_ex.c ****   assert_param(IS_TIM_BREAK_FILTER(sBreakDeadTimeConfig->BreakFilter));
2048:Drivers/STM32F3xx_HAL_Driver/Src/stm32f3xx_hal_tim_ex.c **** #endif /* TIM_BDTR_BKF */
2049:Drivers/STM32F3xx_HAL_Driver/Src/stm32f3xx_hal_tim_ex.c ****   assert_param(IS_TIM_AUTOMATIC_OUTPUT_STATE(sBreakDeadTimeConfig->AutomaticOutput));
2050:Drivers/STM32F3xx_HAL_Driver/Src/stm32f3xx_hal_tim_ex.c **** 
2051:Drivers/STM32F3xx_HAL_Driver/Src/stm32f3xx_hal_tim_ex.c ****   /* Check input state */
2052:Drivers/STM32F3xx_HAL_Driver/Src/stm32f3xx_hal_tim_ex.c ****   __HAL_LOCK(htim);
2053:Drivers/STM32F3xx_HAL_Driver/Src/stm32f3xx_hal_tim_ex.c **** 
2054:Drivers/STM32F3xx_HAL_Driver/Src/stm32f3xx_hal_tim_ex.c ****   /* Set the Lock level, the Break enable Bit and the Polarity, the OSSR State,
2055:Drivers/STM32F3xx_HAL_Driver/Src/stm32f3xx_hal_tim_ex.c ****      the OSSI State, the dead time value and the Automatic Output Enable Bit */
2056:Drivers/STM32F3xx_HAL_Driver/Src/stm32f3xx_hal_tim_ex.c **** 
2057:Drivers/STM32F3xx_HAL_Driver/Src/stm32f3xx_hal_tim_ex.c ****   /* Set the BDTR bits */
2058:Drivers/STM32F3xx_HAL_Driver/Src/stm32f3xx_hal_tim_ex.c ****   MODIFY_REG(tmpbdtr, TIM_BDTR_DTG, sBreakDeadTimeConfig->DeadTime);
2059:Drivers/STM32F3xx_HAL_Driver/Src/stm32f3xx_hal_tim_ex.c ****   MODIFY_REG(tmpbdtr, TIM_BDTR_LOCK, sBreakDeadTimeConfig->LockLevel);
2060:Drivers/STM32F3xx_HAL_Driver/Src/stm32f3xx_hal_tim_ex.c ****   MODIFY_REG(tmpbdtr, TIM_BDTR_OSSI, sBreakDeadTimeConfig->OffStateIDLEMode);
2061:Drivers/STM32F3xx_HAL_Driver/Src/stm32f3xx_hal_tim_ex.c ****   MODIFY_REG(tmpbdtr, TIM_BDTR_OSSR, sBreakDeadTimeConfig->OffStateRunMode);
2062:Drivers/STM32F3xx_HAL_Driver/Src/stm32f3xx_hal_tim_ex.c ****   MODIFY_REG(tmpbdtr, TIM_BDTR_BKE, sBreakDeadTimeConfig->BreakState);
2063:Drivers/STM32F3xx_HAL_Driver/Src/stm32f3xx_hal_tim_ex.c ****   MODIFY_REG(tmpbdtr, TIM_BDTR_BKP, sBreakDeadTimeConfig->BreakPolarity);
2064:Drivers/STM32F3xx_HAL_Driver/Src/stm32f3xx_hal_tim_ex.c ****   MODIFY_REG(tmpbdtr, TIM_BDTR_AOE, sBreakDeadTimeConfig->AutomaticOutput);
2065:Drivers/STM32F3xx_HAL_Driver/Src/stm32f3xx_hal_tim_ex.c **** #if defined(TIM_BDTR_BKF)
2066:Drivers/STM32F3xx_HAL_Driver/Src/stm32f3xx_hal_tim_ex.c ****   MODIFY_REG(tmpbdtr, TIM_BDTR_BKF, (sBreakDeadTimeConfig->BreakFilter << TIM_BDTR_BKF_Pos));
2067:Drivers/STM32F3xx_HAL_Driver/Src/stm32f3xx_hal_tim_ex.c **** #endif /* TIM_BDTR_BKF */
2068:Drivers/STM32F3xx_HAL_Driver/Src/stm32f3xx_hal_tim_ex.c **** 
2069:Drivers/STM32F3xx_HAL_Driver/Src/stm32f3xx_hal_tim_ex.c **** #if defined(TIM_BDTR_BK2E)
2070:Drivers/STM32F3xx_HAL_Driver/Src/stm32f3xx_hal_tim_ex.c ****   if (IS_TIM_BKIN2_INSTANCE(htim->Instance))
2071:Drivers/STM32F3xx_HAL_Driver/Src/stm32f3xx_hal_tim_ex.c ****   {
2072:Drivers/STM32F3xx_HAL_Driver/Src/stm32f3xx_hal_tim_ex.c ****     /* Check the parameters */
2073:Drivers/STM32F3xx_HAL_Driver/Src/stm32f3xx_hal_tim_ex.c ****     assert_param(IS_TIM_BREAK2_STATE(sBreakDeadTimeConfig->Break2State));
2074:Drivers/STM32F3xx_HAL_Driver/Src/stm32f3xx_hal_tim_ex.c ****     assert_param(IS_TIM_BREAK2_POLARITY(sBreakDeadTimeConfig->Break2Polarity));
2075:Drivers/STM32F3xx_HAL_Driver/Src/stm32f3xx_hal_tim_ex.c ****     assert_param(IS_TIM_BREAK_FILTER(sBreakDeadTimeConfig->Break2Filter));
2076:Drivers/STM32F3xx_HAL_Driver/Src/stm32f3xx_hal_tim_ex.c **** 
2077:Drivers/STM32F3xx_HAL_Driver/Src/stm32f3xx_hal_tim_ex.c ****     /* Set the BREAK2 input related BDTR bits */
2078:Drivers/STM32F3xx_HAL_Driver/Src/stm32f3xx_hal_tim_ex.c ****     MODIFY_REG(tmpbdtr, TIM_BDTR_BK2F, (sBreakDeadTimeConfig->Break2Filter << TIM_BDTR_BK2F_Pos));
2079:Drivers/STM32F3xx_HAL_Driver/Src/stm32f3xx_hal_tim_ex.c ****     MODIFY_REG(tmpbdtr, TIM_BDTR_BK2E, sBreakDeadTimeConfig->Break2State);
2080:Drivers/STM32F3xx_HAL_Driver/Src/stm32f3xx_hal_tim_ex.c ****     MODIFY_REG(tmpbdtr, TIM_BDTR_BK2P, sBreakDeadTimeConfig->Break2Polarity);
2081:Drivers/STM32F3xx_HAL_Driver/Src/stm32f3xx_hal_tim_ex.c ****   }
2082:Drivers/STM32F3xx_HAL_Driver/Src/stm32f3xx_hal_tim_ex.c **** #endif /* TIM_BDTR_BK2E */
ARM GAS  C:\Users\nakas\AppData\Local\Temp\ccLYSQiW.s 			page 38


2083:Drivers/STM32F3xx_HAL_Driver/Src/stm32f3xx_hal_tim_ex.c **** 
2084:Drivers/STM32F3xx_HAL_Driver/Src/stm32f3xx_hal_tim_ex.c ****   /* Set TIMx_BDTR */
2085:Drivers/STM32F3xx_HAL_Driver/Src/stm32f3xx_hal_tim_ex.c ****   htim->Instance->BDTR = tmpbdtr;
2086:Drivers/STM32F3xx_HAL_Driver/Src/stm32f3xx_hal_tim_ex.c **** 
2087:Drivers/STM32F3xx_HAL_Driver/Src/stm32f3xx_hal_tim_ex.c ****   __HAL_UNLOCK(htim);
2088:Drivers/STM32F3xx_HAL_Driver/Src/stm32f3xx_hal_tim_ex.c **** 
2089:Drivers/STM32F3xx_HAL_Driver/Src/stm32f3xx_hal_tim_ex.c ****   return HAL_OK;
2090:Drivers/STM32F3xx_HAL_Driver/Src/stm32f3xx_hal_tim_ex.c **** }
2091:Drivers/STM32F3xx_HAL_Driver/Src/stm32f3xx_hal_tim_ex.c **** 
2092:Drivers/STM32F3xx_HAL_Driver/Src/stm32f3xx_hal_tim_ex.c **** /**
2093:Drivers/STM32F3xx_HAL_Driver/Src/stm32f3xx_hal_tim_ex.c ****   * @brief  Configures the TIMx Remapping input capabilities.
2094:Drivers/STM32F3xx_HAL_Driver/Src/stm32f3xx_hal_tim_ex.c ****   * @param  htim TIM handle.
2095:Drivers/STM32F3xx_HAL_Driver/Src/stm32f3xx_hal_tim_ex.c ****   * @param  Remap specifies the TIM remapping source.
2096:Drivers/STM32F3xx_HAL_Driver/Src/stm32f3xx_hal_tim_ex.c ****   @if STM32F301x8
2097:Drivers/STM32F3xx_HAL_Driver/Src/stm32f3xx_hal_tim_ex.c ****   *         For TIM1, the parameter can have the following values:
2098:Drivers/STM32F3xx_HAL_Driver/Src/stm32f3xx_hal_tim_ex.c ****   *           @arg TIM_TIM1_ADC1_NONE:     TIM1_ETR is not connected to any AWD (analog watchdog)
2099:Drivers/STM32F3xx_HAL_Driver/Src/stm32f3xx_hal_tim_ex.c ****   *           @arg TIM_TIM1_ADC1_AWD1:     TIM1_ETR is connected to ADC1 AWD1
2100:Drivers/STM32F3xx_HAL_Driver/Src/stm32f3xx_hal_tim_ex.c ****   *           @arg TIM_TIM1_ADC1_AWD2:     TIM1_ETR is connected to ADC1 AWD2
2101:Drivers/STM32F3xx_HAL_Driver/Src/stm32f3xx_hal_tim_ex.c ****   *           @arg TIM_TIM1_ADC1_AWD3:     TIM1_ETR is connected to ADC1 AWD2
2102:Drivers/STM32F3xx_HAL_Driver/Src/stm32f3xx_hal_tim_ex.c ****   @elseif STM32F303xE
2103:Drivers/STM32F3xx_HAL_Driver/Src/stm32f3xx_hal_tim_ex.c ****   *         For TIM1, the parameter is a combination of 2 fields (field1 | field2):
2104:Drivers/STM32F3xx_HAL_Driver/Src/stm32f3xx_hal_tim_ex.c ****   *
2105:Drivers/STM32F3xx_HAL_Driver/Src/stm32f3xx_hal_tim_ex.c ****   *                   field1 can have the following values:
2106:Drivers/STM32F3xx_HAL_Driver/Src/stm32f3xx_hal_tim_ex.c ****   *           @arg TIM_TIM1_ADC1_NONE:     TIM1_ETR is not connected to any AWD (analog watchdog)
2107:Drivers/STM32F3xx_HAL_Driver/Src/stm32f3xx_hal_tim_ex.c ****   *           @arg TIM_TIM1_ADC1_AWD1:     TIM1_ETR is connected to ADC1 AWD1
2108:Drivers/STM32F3xx_HAL_Driver/Src/stm32f3xx_hal_tim_ex.c ****   *           @arg TIM_TIM1_ADC1_AWD2:     TIM1_ETR is connected to ADC1 AWD2
2109:Drivers/STM32F3xx_HAL_Driver/Src/stm32f3xx_hal_tim_ex.c ****   *           @arg TIM_TIM1_ADC1_AWD3:     TIM1_ETR is connected to ADC1 AWD2
2110:Drivers/STM32F3xx_HAL_Driver/Src/stm32f3xx_hal_tim_ex.c ****   *
2111:Drivers/STM32F3xx_HAL_Driver/Src/stm32f3xx_hal_tim_ex.c ****   *                   field2 can have the following values:
2112:Drivers/STM32F3xx_HAL_Driver/Src/stm32f3xx_hal_tim_ex.c ****   *           @arg TIM_TIM1_ADC4_NONE :    TIM1_ETR is not connected to any AWD (analog watchdog)
2113:Drivers/STM32F3xx_HAL_Driver/Src/stm32f3xx_hal_tim_ex.c ****   *           @arg TIM_TIM1_ADC4_AWD1:     TIM1_ETR is connected to ADC4 AWD1
2114:Drivers/STM32F3xx_HAL_Driver/Src/stm32f3xx_hal_tim_ex.c ****   *           @arg TIM_TIM1_ADC4_AWD2:     TIM1_ETR is connected to ADC4 AWD2
2115:Drivers/STM32F3xx_HAL_Driver/Src/stm32f3xx_hal_tim_ex.c ****   *           @arg TIM_TIM1_ADC4_AWD3:     TIM1_ETR is connected to ADC4 AWD3
2116:Drivers/STM32F3xx_HAL_Driver/Src/stm32f3xx_hal_tim_ex.c ****   @elseif STM32F334x8
2117:Drivers/STM32F3xx_HAL_Driver/Src/stm32f3xx_hal_tim_ex.c ****   *         For TIM1, the parameter is a combination of 2 fields (field1 | field2):
2118:Drivers/STM32F3xx_HAL_Driver/Src/stm32f3xx_hal_tim_ex.c ****   *
2119:Drivers/STM32F3xx_HAL_Driver/Src/stm32f3xx_hal_tim_ex.c ****   *                   field1 can have the following values:
2120:Drivers/STM32F3xx_HAL_Driver/Src/stm32f3xx_hal_tim_ex.c ****   *           @arg TIM_TIM1_ADC1_NONE:     TIM1_ETR is not connected to any AWD (analog watchdog)
2121:Drivers/STM32F3xx_HAL_Driver/Src/stm32f3xx_hal_tim_ex.c ****   *           @arg TIM_TIM1_ADC1_AWD1:     TIM1_ETR is connected to ADC1 AWD1
2122:Drivers/STM32F3xx_HAL_Driver/Src/stm32f3xx_hal_tim_ex.c ****   *           @arg TIM_TIM1_ADC1_AWD2:     TIM1_ETR is connected to ADC1 AWD2
2123:Drivers/STM32F3xx_HAL_Driver/Src/stm32f3xx_hal_tim_ex.c ****   *           @arg TIM_TIM1_ADC1_AWD3:     TIM1_ETR is connected to ADC1 AWD2
2124:Drivers/STM32F3xx_HAL_Driver/Src/stm32f3xx_hal_tim_ex.c ****   *
2125:Drivers/STM32F3xx_HAL_Driver/Src/stm32f3xx_hal_tim_ex.c ****   *                   field2 can have the following values:
2126:Drivers/STM32F3xx_HAL_Driver/Src/stm32f3xx_hal_tim_ex.c ****   *           @arg TIM_TIM1_ADC2_NONE :    TIM1_ETR is not connected to any AWD (analog watchdog)
2127:Drivers/STM32F3xx_HAL_Driver/Src/stm32f3xx_hal_tim_ex.c ****   *           @arg TIM_TIM1_ADC2_AWD1:     TIM1_ETR is connected to ADC2 AWD1
2128:Drivers/STM32F3xx_HAL_Driver/Src/stm32f3xx_hal_tim_ex.c ****   *           @arg TIM_TIM1_ADC2_AWD2:     TIM1_ETR is connected to ADC2 AWD2
2129:Drivers/STM32F3xx_HAL_Driver/Src/stm32f3xx_hal_tim_ex.c ****   *           @arg TIM_TIM1_ADC2_AWD3:     TIM1_ETR is connected to ADC2 AWD3
2130:Drivers/STM32F3xx_HAL_Driver/Src/stm32f3xx_hal_tim_ex.c ****   @endif
2131:Drivers/STM32F3xx_HAL_Driver/Src/stm32f3xx_hal_tim_ex.c ****   @if STM32F303xE
2132:Drivers/STM32F3xx_HAL_Driver/Src/stm32f3xx_hal_tim_ex.c ****   *         For TIM8, the parameter is a combination of 2 fields (field1 | field2):
2133:Drivers/STM32F3xx_HAL_Driver/Src/stm32f3xx_hal_tim_ex.c ****   *
2134:Drivers/STM32F3xx_HAL_Driver/Src/stm32f3xx_hal_tim_ex.c ****   *                   field1 can have the following values:
2135:Drivers/STM32F3xx_HAL_Driver/Src/stm32f3xx_hal_tim_ex.c ****   *           @arg TIM_TIM8_ADC2_NONE:     TIM1_ETR is not connected to any AWD (analog watchdog)
2136:Drivers/STM32F3xx_HAL_Driver/Src/stm32f3xx_hal_tim_ex.c ****   *           @arg TIM_TIM8_ADC2_AWD1:     TIM1_ETR is connected to ADC2 AWD1
2137:Drivers/STM32F3xx_HAL_Driver/Src/stm32f3xx_hal_tim_ex.c ****   *           @arg TIM_TIM8_ADC2_AWD2:     TIM1_ETR is connected to ADC2 AWD2
2138:Drivers/STM32F3xx_HAL_Driver/Src/stm32f3xx_hal_tim_ex.c ****   *           @arg TIM_TIM8_ADC2_AWD3:     TIM1_ETR is connected to ADC2 AWD2
2139:Drivers/STM32F3xx_HAL_Driver/Src/stm32f3xx_hal_tim_ex.c ****   *
ARM GAS  C:\Users\nakas\AppData\Local\Temp\ccLYSQiW.s 			page 39


2140:Drivers/STM32F3xx_HAL_Driver/Src/stm32f3xx_hal_tim_ex.c ****   *                   field2 can have the following values:
2141:Drivers/STM32F3xx_HAL_Driver/Src/stm32f3xx_hal_tim_ex.c ****   *           @arg TIM_TIM8_ADC3_NONE :    TIM1_ETR is not connected to any AWD (analog watchdog)
2142:Drivers/STM32F3xx_HAL_Driver/Src/stm32f3xx_hal_tim_ex.c ****   *           @arg TIM_TIM8_ADC3_AWD1:     TIM1_ETR is connected to ADC3 AWD1
2143:Drivers/STM32F3xx_HAL_Driver/Src/stm32f3xx_hal_tim_ex.c ****   *           @arg TIM_TIM8_ADC3_AWD2:     TIM1_ETR is connected to ADC3 AWD2
2144:Drivers/STM32F3xx_HAL_Driver/Src/stm32f3xx_hal_tim_ex.c ****   *           @arg TIM_TIM8_ADC3_AWD3:     TIM1_ETR is connected to ADC3 AWD3
2145:Drivers/STM32F3xx_HAL_Driver/Src/stm32f3xx_hal_tim_ex.c ****   @endif
2146:Drivers/STM32F3xx_HAL_Driver/Src/stm32f3xx_hal_tim_ex.c ****   @if STM32F373xC
2147:Drivers/STM32F3xx_HAL_Driver/Src/stm32f3xx_hal_tim_ex.c ****   *         For TIM14, the parameter can have the following values:
2148:Drivers/STM32F3xx_HAL_Driver/Src/stm32f3xx_hal_tim_ex.c ****   *           @arg TIM_TIM14_GPIO:    TIM14 TI1 is connected to GPIO
2149:Drivers/STM32F3xx_HAL_Driver/Src/stm32f3xx_hal_tim_ex.c ****   *           @arg TIM_TIM14_RTC:     TIM14 TI1 is connected to RTC_clock
2150:Drivers/STM32F3xx_HAL_Driver/Src/stm32f3xx_hal_tim_ex.c ****   *           @arg TIM_TIM14_HSE:     TIM14 TI1 is connected to HSE/32
2151:Drivers/STM32F3xx_HAL_Driver/Src/stm32f3xx_hal_tim_ex.c ****   *           @arg TIM_TIM14_MCO:     TIM14 TI1 is connected to MCO
2152:Drivers/STM32F3xx_HAL_Driver/Src/stm32f3xx_hal_tim_ex.c ****   @else
2153:Drivers/STM32F3xx_HAL_Driver/Src/stm32f3xx_hal_tim_ex.c ****   *         For TIM16, the parameter can have the following values:
2154:Drivers/STM32F3xx_HAL_Driver/Src/stm32f3xx_hal_tim_ex.c ****   *           @arg TIM_TIM16_GPIO:    TIM16 TI1 is connected to GPIO
2155:Drivers/STM32F3xx_HAL_Driver/Src/stm32f3xx_hal_tim_ex.c ****   *           @arg TIM_TIM16_RTC:     TIM16 TI1 is connected to RTC_clock
2156:Drivers/STM32F3xx_HAL_Driver/Src/stm32f3xx_hal_tim_ex.c ****   *           @arg TIM_TIM16_HSE:     TIM16 TI1 is connected to HSE/32
2157:Drivers/STM32F3xx_HAL_Driver/Src/stm32f3xx_hal_tim_ex.c ****   *           @arg TIM_TIM16_MCO:     TIM16 TI1 is connected to MCO
2158:Drivers/STM32F3xx_HAL_Driver/Src/stm32f3xx_hal_tim_ex.c ****   @endif
2159:Drivers/STM32F3xx_HAL_Driver/Src/stm32f3xx_hal_tim_ex.c ****   @if STM32F303xE
2160:Drivers/STM32F3xx_HAL_Driver/Src/stm32f3xx_hal_tim_ex.c ****   *         For TIM20, the parameter is a combination of 2 fields (field1 | field2):
2161:Drivers/STM32F3xx_HAL_Driver/Src/stm32f3xx_hal_tim_ex.c ****   *
2162:Drivers/STM32F3xx_HAL_Driver/Src/stm32f3xx_hal_tim_ex.c ****   *                   field1 can have the following values:
2163:Drivers/STM32F3xx_HAL_Driver/Src/stm32f3xx_hal_tim_ex.c ****   *           @arg TIM_TIM20_ADC3_NONE:     TIM1_ETR is not connected to any AWD (analog watchdog)
2164:Drivers/STM32F3xx_HAL_Driver/Src/stm32f3xx_hal_tim_ex.c ****   *           @arg TIM_TIM20_ADC3_AWD1:     TIM1_ETR is connected to ADC3 AWD1
2165:Drivers/STM32F3xx_HAL_Driver/Src/stm32f3xx_hal_tim_ex.c ****   *           @arg TIM_TIM20_ADC3_AWD2:     TIM1_ETR is connected to ADC3 AWD2
2166:Drivers/STM32F3xx_HAL_Driver/Src/stm32f3xx_hal_tim_ex.c ****   *           @arg TIM_TIM20_ADC3_AWD3:     TIM1_ETR is connected to ADC3 AWD2
2167:Drivers/STM32F3xx_HAL_Driver/Src/stm32f3xx_hal_tim_ex.c ****   *
2168:Drivers/STM32F3xx_HAL_Driver/Src/stm32f3xx_hal_tim_ex.c ****   *                   field2 can have the following values:
2169:Drivers/STM32F3xx_HAL_Driver/Src/stm32f3xx_hal_tim_ex.c ****   *           @arg TIM_TIM20_ADC4_NONE :    TIM1_ETR is not connected to any AWD (analog watchdog)
2170:Drivers/STM32F3xx_HAL_Driver/Src/stm32f3xx_hal_tim_ex.c ****   *           @arg TIM_TIM20_ADC4_AWD1:     TIM1_ETR is connected to ADC4 AWD1
2171:Drivers/STM32F3xx_HAL_Driver/Src/stm32f3xx_hal_tim_ex.c ****   *           @arg TIM_TIM20_ADC4_AWD2:     TIM1_ETR is connected to ADC4 AWD2
2172:Drivers/STM32F3xx_HAL_Driver/Src/stm32f3xx_hal_tim_ex.c ****   *           @arg TIM_TIM20_ADC4_AWD3:     TIM1_ETR is connected to ADC4 AWD3
2173:Drivers/STM32F3xx_HAL_Driver/Src/stm32f3xx_hal_tim_ex.c ****   @endif
2174:Drivers/STM32F3xx_HAL_Driver/Src/stm32f3xx_hal_tim_ex.c ****   *
2175:Drivers/STM32F3xx_HAL_Driver/Src/stm32f3xx_hal_tim_ex.c ****   * @retval HAL status
2176:Drivers/STM32F3xx_HAL_Driver/Src/stm32f3xx_hal_tim_ex.c ****   */
2177:Drivers/STM32F3xx_HAL_Driver/Src/stm32f3xx_hal_tim_ex.c **** HAL_StatusTypeDef HAL_TIMEx_RemapConfig(TIM_HandleTypeDef *htim, uint32_t Remap)
2178:Drivers/STM32F3xx_HAL_Driver/Src/stm32f3xx_hal_tim_ex.c **** {
2179:Drivers/STM32F3xx_HAL_Driver/Src/stm32f3xx_hal_tim_ex.c **** 
2180:Drivers/STM32F3xx_HAL_Driver/Src/stm32f3xx_hal_tim_ex.c ****   /* Check parameters */
2181:Drivers/STM32F3xx_HAL_Driver/Src/stm32f3xx_hal_tim_ex.c ****   assert_param(IS_TIM_REMAP(htim->Instance, Remap));
2182:Drivers/STM32F3xx_HAL_Driver/Src/stm32f3xx_hal_tim_ex.c **** 
2183:Drivers/STM32F3xx_HAL_Driver/Src/stm32f3xx_hal_tim_ex.c ****   __HAL_LOCK(htim);
2184:Drivers/STM32F3xx_HAL_Driver/Src/stm32f3xx_hal_tim_ex.c **** 
2185:Drivers/STM32F3xx_HAL_Driver/Src/stm32f3xx_hal_tim_ex.c ****   /* Set the Timer remapping configuration */
2186:Drivers/STM32F3xx_HAL_Driver/Src/stm32f3xx_hal_tim_ex.c ****   WRITE_REG(htim->Instance->OR, Remap);
2187:Drivers/STM32F3xx_HAL_Driver/Src/stm32f3xx_hal_tim_ex.c **** 
2188:Drivers/STM32F3xx_HAL_Driver/Src/stm32f3xx_hal_tim_ex.c ****   __HAL_UNLOCK(htim);
2189:Drivers/STM32F3xx_HAL_Driver/Src/stm32f3xx_hal_tim_ex.c **** 
2190:Drivers/STM32F3xx_HAL_Driver/Src/stm32f3xx_hal_tim_ex.c ****   return HAL_OK;
2191:Drivers/STM32F3xx_HAL_Driver/Src/stm32f3xx_hal_tim_ex.c **** }
2192:Drivers/STM32F3xx_HAL_Driver/Src/stm32f3xx_hal_tim_ex.c **** 
2193:Drivers/STM32F3xx_HAL_Driver/Src/stm32f3xx_hal_tim_ex.c **** #if defined(TIM_CCR5_CCR5)
2194:Drivers/STM32F3xx_HAL_Driver/Src/stm32f3xx_hal_tim_ex.c **** /**
2195:Drivers/STM32F3xx_HAL_Driver/Src/stm32f3xx_hal_tim_ex.c ****   * @brief  Group channel 5 and channel 1, 2 or 3
2196:Drivers/STM32F3xx_HAL_Driver/Src/stm32f3xx_hal_tim_ex.c ****   * @param  htim TIM handle.
ARM GAS  C:\Users\nakas\AppData\Local\Temp\ccLYSQiW.s 			page 40


2197:Drivers/STM32F3xx_HAL_Driver/Src/stm32f3xx_hal_tim_ex.c ****   * @param  Channels specifies the reference signal(s) the OC5REF is combined with.
2198:Drivers/STM32F3xx_HAL_Driver/Src/stm32f3xx_hal_tim_ex.c ****   *         This parameter can be any combination of the following values:
2199:Drivers/STM32F3xx_HAL_Driver/Src/stm32f3xx_hal_tim_ex.c ****   *         TIM_GROUPCH5_NONE: No effect of OC5REF on OC1REFC, OC2REFC and OC3REFC
2200:Drivers/STM32F3xx_HAL_Driver/Src/stm32f3xx_hal_tim_ex.c ****   *         TIM_GROUPCH5_OC1REFC: OC1REFC is the logical AND of OC1REFC and OC5REF
2201:Drivers/STM32F3xx_HAL_Driver/Src/stm32f3xx_hal_tim_ex.c ****   *         TIM_GROUPCH5_OC2REFC: OC2REFC is the logical AND of OC2REFC and OC5REF
2202:Drivers/STM32F3xx_HAL_Driver/Src/stm32f3xx_hal_tim_ex.c ****   *         TIM_GROUPCH5_OC3REFC: OC3REFC is the logical AND of OC3REFC and OC5REF
2203:Drivers/STM32F3xx_HAL_Driver/Src/stm32f3xx_hal_tim_ex.c ****   * @retval HAL status
2204:Drivers/STM32F3xx_HAL_Driver/Src/stm32f3xx_hal_tim_ex.c ****   */
2205:Drivers/STM32F3xx_HAL_Driver/Src/stm32f3xx_hal_tim_ex.c **** HAL_StatusTypeDef HAL_TIMEx_GroupChannel5(TIM_HandleTypeDef *htim, uint32_t Channels)
2206:Drivers/STM32F3xx_HAL_Driver/Src/stm32f3xx_hal_tim_ex.c **** {
2207:Drivers/STM32F3xx_HAL_Driver/Src/stm32f3xx_hal_tim_ex.c ****   /* Check parameters */
2208:Drivers/STM32F3xx_HAL_Driver/Src/stm32f3xx_hal_tim_ex.c ****   assert_param(IS_TIM_COMBINED3PHASEPWM_INSTANCE(htim->Instance));
2209:Drivers/STM32F3xx_HAL_Driver/Src/stm32f3xx_hal_tim_ex.c ****   assert_param(IS_TIM_GROUPCH5(Channels));
2210:Drivers/STM32F3xx_HAL_Driver/Src/stm32f3xx_hal_tim_ex.c **** 
2211:Drivers/STM32F3xx_HAL_Driver/Src/stm32f3xx_hal_tim_ex.c ****   /* Process Locked */
2212:Drivers/STM32F3xx_HAL_Driver/Src/stm32f3xx_hal_tim_ex.c ****   __HAL_LOCK(htim);
2213:Drivers/STM32F3xx_HAL_Driver/Src/stm32f3xx_hal_tim_ex.c **** 
2214:Drivers/STM32F3xx_HAL_Driver/Src/stm32f3xx_hal_tim_ex.c ****   htim->State = HAL_TIM_STATE_BUSY;
2215:Drivers/STM32F3xx_HAL_Driver/Src/stm32f3xx_hal_tim_ex.c **** 
2216:Drivers/STM32F3xx_HAL_Driver/Src/stm32f3xx_hal_tim_ex.c ****   /* Clear GC5Cx bit fields */
2217:Drivers/STM32F3xx_HAL_Driver/Src/stm32f3xx_hal_tim_ex.c ****   htim->Instance->CCR5 &= ~(TIM_CCR5_GC5C3 | TIM_CCR5_GC5C2 | TIM_CCR5_GC5C1);
2218:Drivers/STM32F3xx_HAL_Driver/Src/stm32f3xx_hal_tim_ex.c **** 
2219:Drivers/STM32F3xx_HAL_Driver/Src/stm32f3xx_hal_tim_ex.c ****   /* Set GC5Cx bit fields */
2220:Drivers/STM32F3xx_HAL_Driver/Src/stm32f3xx_hal_tim_ex.c ****   htim->Instance->CCR5 |= Channels;
2221:Drivers/STM32F3xx_HAL_Driver/Src/stm32f3xx_hal_tim_ex.c **** 
2222:Drivers/STM32F3xx_HAL_Driver/Src/stm32f3xx_hal_tim_ex.c ****   /* Change the htim state */
2223:Drivers/STM32F3xx_HAL_Driver/Src/stm32f3xx_hal_tim_ex.c ****   htim->State = HAL_TIM_STATE_READY;
2224:Drivers/STM32F3xx_HAL_Driver/Src/stm32f3xx_hal_tim_ex.c **** 
2225:Drivers/STM32F3xx_HAL_Driver/Src/stm32f3xx_hal_tim_ex.c ****   __HAL_UNLOCK(htim);
2226:Drivers/STM32F3xx_HAL_Driver/Src/stm32f3xx_hal_tim_ex.c **** 
2227:Drivers/STM32F3xx_HAL_Driver/Src/stm32f3xx_hal_tim_ex.c ****   return HAL_OK;
2228:Drivers/STM32F3xx_HAL_Driver/Src/stm32f3xx_hal_tim_ex.c **** }
2229:Drivers/STM32F3xx_HAL_Driver/Src/stm32f3xx_hal_tim_ex.c **** #endif /* TIM_CCR5_CCR5 */
2230:Drivers/STM32F3xx_HAL_Driver/Src/stm32f3xx_hal_tim_ex.c **** 
2231:Drivers/STM32F3xx_HAL_Driver/Src/stm32f3xx_hal_tim_ex.c **** /**
2232:Drivers/STM32F3xx_HAL_Driver/Src/stm32f3xx_hal_tim_ex.c ****   * @}
2233:Drivers/STM32F3xx_HAL_Driver/Src/stm32f3xx_hal_tim_ex.c ****   */
2234:Drivers/STM32F3xx_HAL_Driver/Src/stm32f3xx_hal_tim_ex.c **** 
2235:Drivers/STM32F3xx_HAL_Driver/Src/stm32f3xx_hal_tim_ex.c **** /** @defgroup TIMEx_Exported_Functions_Group6 Extended Callbacks functions
2236:Drivers/STM32F3xx_HAL_Driver/Src/stm32f3xx_hal_tim_ex.c ****   * @brief    Extended Callbacks functions
2237:Drivers/STM32F3xx_HAL_Driver/Src/stm32f3xx_hal_tim_ex.c ****   *
2238:Drivers/STM32F3xx_HAL_Driver/Src/stm32f3xx_hal_tim_ex.c **** @verbatim
2239:Drivers/STM32F3xx_HAL_Driver/Src/stm32f3xx_hal_tim_ex.c ****   ==============================================================================
2240:Drivers/STM32F3xx_HAL_Driver/Src/stm32f3xx_hal_tim_ex.c ****                     ##### Extended Callbacks functions #####
2241:Drivers/STM32F3xx_HAL_Driver/Src/stm32f3xx_hal_tim_ex.c ****   ==============================================================================
2242:Drivers/STM32F3xx_HAL_Driver/Src/stm32f3xx_hal_tim_ex.c ****   [..]
2243:Drivers/STM32F3xx_HAL_Driver/Src/stm32f3xx_hal_tim_ex.c ****     This section provides Extended TIM callback functions:
2244:Drivers/STM32F3xx_HAL_Driver/Src/stm32f3xx_hal_tim_ex.c ****     (+) Timer Commutation callback
2245:Drivers/STM32F3xx_HAL_Driver/Src/stm32f3xx_hal_tim_ex.c ****     (+) Timer Break callback
2246:Drivers/STM32F3xx_HAL_Driver/Src/stm32f3xx_hal_tim_ex.c **** 
2247:Drivers/STM32F3xx_HAL_Driver/Src/stm32f3xx_hal_tim_ex.c **** @endverbatim
2248:Drivers/STM32F3xx_HAL_Driver/Src/stm32f3xx_hal_tim_ex.c ****   * @{
2249:Drivers/STM32F3xx_HAL_Driver/Src/stm32f3xx_hal_tim_ex.c ****   */
2250:Drivers/STM32F3xx_HAL_Driver/Src/stm32f3xx_hal_tim_ex.c **** 
2251:Drivers/STM32F3xx_HAL_Driver/Src/stm32f3xx_hal_tim_ex.c **** /**
2252:Drivers/STM32F3xx_HAL_Driver/Src/stm32f3xx_hal_tim_ex.c ****   * @brief  Commutation callback in non-blocking mode
2253:Drivers/STM32F3xx_HAL_Driver/Src/stm32f3xx_hal_tim_ex.c ****   * @param  htim TIM handle
ARM GAS  C:\Users\nakas\AppData\Local\Temp\ccLYSQiW.s 			page 41


2254:Drivers/STM32F3xx_HAL_Driver/Src/stm32f3xx_hal_tim_ex.c ****   * @retval None
2255:Drivers/STM32F3xx_HAL_Driver/Src/stm32f3xx_hal_tim_ex.c ****   */
2256:Drivers/STM32F3xx_HAL_Driver/Src/stm32f3xx_hal_tim_ex.c **** __weak void HAL_TIMEx_CommutCallback(TIM_HandleTypeDef *htim)
2257:Drivers/STM32F3xx_HAL_Driver/Src/stm32f3xx_hal_tim_ex.c **** {
2258:Drivers/STM32F3xx_HAL_Driver/Src/stm32f3xx_hal_tim_ex.c ****   /* Prevent unused argument(s) compilation warning */
2259:Drivers/STM32F3xx_HAL_Driver/Src/stm32f3xx_hal_tim_ex.c ****   UNUSED(htim);
2260:Drivers/STM32F3xx_HAL_Driver/Src/stm32f3xx_hal_tim_ex.c **** 
2261:Drivers/STM32F3xx_HAL_Driver/Src/stm32f3xx_hal_tim_ex.c ****   /* NOTE : This function should not be modified, when the callback is needed,
2262:Drivers/STM32F3xx_HAL_Driver/Src/stm32f3xx_hal_tim_ex.c ****             the HAL_TIMEx_CommutCallback could be implemented in the user file
2263:Drivers/STM32F3xx_HAL_Driver/Src/stm32f3xx_hal_tim_ex.c ****    */
2264:Drivers/STM32F3xx_HAL_Driver/Src/stm32f3xx_hal_tim_ex.c **** }
2265:Drivers/STM32F3xx_HAL_Driver/Src/stm32f3xx_hal_tim_ex.c **** /**
2266:Drivers/STM32F3xx_HAL_Driver/Src/stm32f3xx_hal_tim_ex.c ****   * @brief  Commutation half complete callback in non-blocking mode
2267:Drivers/STM32F3xx_HAL_Driver/Src/stm32f3xx_hal_tim_ex.c ****   * @param  htim TIM handle
2268:Drivers/STM32F3xx_HAL_Driver/Src/stm32f3xx_hal_tim_ex.c ****   * @retval None
2269:Drivers/STM32F3xx_HAL_Driver/Src/stm32f3xx_hal_tim_ex.c ****   */
2270:Drivers/STM32F3xx_HAL_Driver/Src/stm32f3xx_hal_tim_ex.c **** __weak void HAL_TIMEx_CommutHalfCpltCallback(TIM_HandleTypeDef *htim)
2271:Drivers/STM32F3xx_HAL_Driver/Src/stm32f3xx_hal_tim_ex.c **** {
2272:Drivers/STM32F3xx_HAL_Driver/Src/stm32f3xx_hal_tim_ex.c ****   /* Prevent unused argument(s) compilation warning */
2273:Drivers/STM32F3xx_HAL_Driver/Src/stm32f3xx_hal_tim_ex.c ****   UNUSED(htim);
2274:Drivers/STM32F3xx_HAL_Driver/Src/stm32f3xx_hal_tim_ex.c **** 
2275:Drivers/STM32F3xx_HAL_Driver/Src/stm32f3xx_hal_tim_ex.c ****   /* NOTE : This function should not be modified, when the callback is needed,
2276:Drivers/STM32F3xx_HAL_Driver/Src/stm32f3xx_hal_tim_ex.c ****             the HAL_TIMEx_CommutHalfCpltCallback could be implemented in the user file
2277:Drivers/STM32F3xx_HAL_Driver/Src/stm32f3xx_hal_tim_ex.c ****    */
2278:Drivers/STM32F3xx_HAL_Driver/Src/stm32f3xx_hal_tim_ex.c **** }
2279:Drivers/STM32F3xx_HAL_Driver/Src/stm32f3xx_hal_tim_ex.c **** 
2280:Drivers/STM32F3xx_HAL_Driver/Src/stm32f3xx_hal_tim_ex.c **** /**
2281:Drivers/STM32F3xx_HAL_Driver/Src/stm32f3xx_hal_tim_ex.c ****   * @brief  Break detection callback in non-blocking mode
2282:Drivers/STM32F3xx_HAL_Driver/Src/stm32f3xx_hal_tim_ex.c ****   * @param  htim TIM handle
2283:Drivers/STM32F3xx_HAL_Driver/Src/stm32f3xx_hal_tim_ex.c ****   * @retval None
2284:Drivers/STM32F3xx_HAL_Driver/Src/stm32f3xx_hal_tim_ex.c ****   */
2285:Drivers/STM32F3xx_HAL_Driver/Src/stm32f3xx_hal_tim_ex.c **** __weak void HAL_TIMEx_BreakCallback(TIM_HandleTypeDef *htim)
2286:Drivers/STM32F3xx_HAL_Driver/Src/stm32f3xx_hal_tim_ex.c **** {
2287:Drivers/STM32F3xx_HAL_Driver/Src/stm32f3xx_hal_tim_ex.c ****   /* Prevent unused argument(s) compilation warning */
2288:Drivers/STM32F3xx_HAL_Driver/Src/stm32f3xx_hal_tim_ex.c ****   UNUSED(htim);
2289:Drivers/STM32F3xx_HAL_Driver/Src/stm32f3xx_hal_tim_ex.c **** 
2290:Drivers/STM32F3xx_HAL_Driver/Src/stm32f3xx_hal_tim_ex.c ****   /* NOTE : This function should not be modified, when the callback is needed,
2291:Drivers/STM32F3xx_HAL_Driver/Src/stm32f3xx_hal_tim_ex.c ****             the HAL_TIMEx_BreakCallback could be implemented in the user file
2292:Drivers/STM32F3xx_HAL_Driver/Src/stm32f3xx_hal_tim_ex.c ****    */
2293:Drivers/STM32F3xx_HAL_Driver/Src/stm32f3xx_hal_tim_ex.c **** }
2294:Drivers/STM32F3xx_HAL_Driver/Src/stm32f3xx_hal_tim_ex.c **** 
2295:Drivers/STM32F3xx_HAL_Driver/Src/stm32f3xx_hal_tim_ex.c **** #if defined(TIM_BDTR_BK2E)
2296:Drivers/STM32F3xx_HAL_Driver/Src/stm32f3xx_hal_tim_ex.c **** /**
2297:Drivers/STM32F3xx_HAL_Driver/Src/stm32f3xx_hal_tim_ex.c ****   * @brief  Break2 detection callback in non blocking mode
2298:Drivers/STM32F3xx_HAL_Driver/Src/stm32f3xx_hal_tim_ex.c ****   * @param  htim: TIM handle
2299:Drivers/STM32F3xx_HAL_Driver/Src/stm32f3xx_hal_tim_ex.c ****   * @retval None
2300:Drivers/STM32F3xx_HAL_Driver/Src/stm32f3xx_hal_tim_ex.c ****   */
2301:Drivers/STM32F3xx_HAL_Driver/Src/stm32f3xx_hal_tim_ex.c **** __weak void HAL_TIMEx_Break2Callback(TIM_HandleTypeDef *htim)
2302:Drivers/STM32F3xx_HAL_Driver/Src/stm32f3xx_hal_tim_ex.c **** {
2303:Drivers/STM32F3xx_HAL_Driver/Src/stm32f3xx_hal_tim_ex.c ****   /* Prevent unused argument(s) compilation warning */
2304:Drivers/STM32F3xx_HAL_Driver/Src/stm32f3xx_hal_tim_ex.c ****   UNUSED(htim);
2305:Drivers/STM32F3xx_HAL_Driver/Src/stm32f3xx_hal_tim_ex.c **** 
2306:Drivers/STM32F3xx_HAL_Driver/Src/stm32f3xx_hal_tim_ex.c ****   /* NOTE : This function Should not be modified, when the callback is needed,
2307:Drivers/STM32F3xx_HAL_Driver/Src/stm32f3xx_hal_tim_ex.c ****             the HAL_TIMEx_Break2Callback could be implemented in the user file
2308:Drivers/STM32F3xx_HAL_Driver/Src/stm32f3xx_hal_tim_ex.c ****    */
2309:Drivers/STM32F3xx_HAL_Driver/Src/stm32f3xx_hal_tim_ex.c **** }
2310:Drivers/STM32F3xx_HAL_Driver/Src/stm32f3xx_hal_tim_ex.c **** #endif /* TIM_BDTR_BK2E */
ARM GAS  C:\Users\nakas\AppData\Local\Temp\ccLYSQiW.s 			page 42


2311:Drivers/STM32F3xx_HAL_Driver/Src/stm32f3xx_hal_tim_ex.c **** /**
2312:Drivers/STM32F3xx_HAL_Driver/Src/stm32f3xx_hal_tim_ex.c ****   * @}
2313:Drivers/STM32F3xx_HAL_Driver/Src/stm32f3xx_hal_tim_ex.c ****   */
2314:Drivers/STM32F3xx_HAL_Driver/Src/stm32f3xx_hal_tim_ex.c **** 
2315:Drivers/STM32F3xx_HAL_Driver/Src/stm32f3xx_hal_tim_ex.c **** /** @defgroup TIMEx_Exported_Functions_Group7 Extended Peripheral State functions
2316:Drivers/STM32F3xx_HAL_Driver/Src/stm32f3xx_hal_tim_ex.c ****   * @brief    Extended Peripheral State functions
2317:Drivers/STM32F3xx_HAL_Driver/Src/stm32f3xx_hal_tim_ex.c ****   *
2318:Drivers/STM32F3xx_HAL_Driver/Src/stm32f3xx_hal_tim_ex.c **** @verbatim
2319:Drivers/STM32F3xx_HAL_Driver/Src/stm32f3xx_hal_tim_ex.c ****   ==============================================================================
2320:Drivers/STM32F3xx_HAL_Driver/Src/stm32f3xx_hal_tim_ex.c ****                 ##### Extended Peripheral State functions #####
2321:Drivers/STM32F3xx_HAL_Driver/Src/stm32f3xx_hal_tim_ex.c ****   ==============================================================================
2322:Drivers/STM32F3xx_HAL_Driver/Src/stm32f3xx_hal_tim_ex.c ****   [..]
2323:Drivers/STM32F3xx_HAL_Driver/Src/stm32f3xx_hal_tim_ex.c ****     This subsection permits to get in run-time the status of the peripheral
2324:Drivers/STM32F3xx_HAL_Driver/Src/stm32f3xx_hal_tim_ex.c ****     and the data flow.
2325:Drivers/STM32F3xx_HAL_Driver/Src/stm32f3xx_hal_tim_ex.c **** 
2326:Drivers/STM32F3xx_HAL_Driver/Src/stm32f3xx_hal_tim_ex.c **** @endverbatim
2327:Drivers/STM32F3xx_HAL_Driver/Src/stm32f3xx_hal_tim_ex.c ****   * @{
2328:Drivers/STM32F3xx_HAL_Driver/Src/stm32f3xx_hal_tim_ex.c ****   */
2329:Drivers/STM32F3xx_HAL_Driver/Src/stm32f3xx_hal_tim_ex.c **** 
2330:Drivers/STM32F3xx_HAL_Driver/Src/stm32f3xx_hal_tim_ex.c **** /**
2331:Drivers/STM32F3xx_HAL_Driver/Src/stm32f3xx_hal_tim_ex.c ****   * @brief  Return the TIM Hall Sensor interface handle state.
2332:Drivers/STM32F3xx_HAL_Driver/Src/stm32f3xx_hal_tim_ex.c ****   * @param  htim TIM Hall Sensor handle
2333:Drivers/STM32F3xx_HAL_Driver/Src/stm32f3xx_hal_tim_ex.c ****   * @retval HAL state
2334:Drivers/STM32F3xx_HAL_Driver/Src/stm32f3xx_hal_tim_ex.c ****   */
2335:Drivers/STM32F3xx_HAL_Driver/Src/stm32f3xx_hal_tim_ex.c **** HAL_TIM_StateTypeDef HAL_TIMEx_HallSensor_GetState(const TIM_HandleTypeDef *htim)
2336:Drivers/STM32F3xx_HAL_Driver/Src/stm32f3xx_hal_tim_ex.c **** {
2337:Drivers/STM32F3xx_HAL_Driver/Src/stm32f3xx_hal_tim_ex.c ****   return htim->State;
2338:Drivers/STM32F3xx_HAL_Driver/Src/stm32f3xx_hal_tim_ex.c **** }
2339:Drivers/STM32F3xx_HAL_Driver/Src/stm32f3xx_hal_tim_ex.c **** 
2340:Drivers/STM32F3xx_HAL_Driver/Src/stm32f3xx_hal_tim_ex.c **** /**
2341:Drivers/STM32F3xx_HAL_Driver/Src/stm32f3xx_hal_tim_ex.c ****   * @brief  Return actual state of the TIM complementary channel.
2342:Drivers/STM32F3xx_HAL_Driver/Src/stm32f3xx_hal_tim_ex.c ****   * @param  htim TIM handle
2343:Drivers/STM32F3xx_HAL_Driver/Src/stm32f3xx_hal_tim_ex.c ****   * @param  ChannelN TIM Complementary channel
2344:Drivers/STM32F3xx_HAL_Driver/Src/stm32f3xx_hal_tim_ex.c ****   *          This parameter can be one of the following values:
2345:Drivers/STM32F3xx_HAL_Driver/Src/stm32f3xx_hal_tim_ex.c ****   *            @arg TIM_CHANNEL_1: TIM Channel 1
2346:Drivers/STM32F3xx_HAL_Driver/Src/stm32f3xx_hal_tim_ex.c ****   *            @arg TIM_CHANNEL_2: TIM Channel 2
2347:Drivers/STM32F3xx_HAL_Driver/Src/stm32f3xx_hal_tim_ex.c ****   *            @arg TIM_CHANNEL_3: TIM Channel 3
2348:Drivers/STM32F3xx_HAL_Driver/Src/stm32f3xx_hal_tim_ex.c ****   * @retval TIM Complementary channel state
2349:Drivers/STM32F3xx_HAL_Driver/Src/stm32f3xx_hal_tim_ex.c ****   */
2350:Drivers/STM32F3xx_HAL_Driver/Src/stm32f3xx_hal_tim_ex.c **** HAL_TIM_ChannelStateTypeDef HAL_TIMEx_GetChannelNState(const TIM_HandleTypeDef *htim,  uint32_t Cha
2351:Drivers/STM32F3xx_HAL_Driver/Src/stm32f3xx_hal_tim_ex.c **** {
2352:Drivers/STM32F3xx_HAL_Driver/Src/stm32f3xx_hal_tim_ex.c ****   HAL_TIM_ChannelStateTypeDef channel_state;
2353:Drivers/STM32F3xx_HAL_Driver/Src/stm32f3xx_hal_tim_ex.c **** 
2354:Drivers/STM32F3xx_HAL_Driver/Src/stm32f3xx_hal_tim_ex.c ****   /* Check the parameters */
2355:Drivers/STM32F3xx_HAL_Driver/Src/stm32f3xx_hal_tim_ex.c ****   assert_param(IS_TIM_CCXN_INSTANCE(htim->Instance, ChannelN));
2356:Drivers/STM32F3xx_HAL_Driver/Src/stm32f3xx_hal_tim_ex.c **** 
2357:Drivers/STM32F3xx_HAL_Driver/Src/stm32f3xx_hal_tim_ex.c ****   channel_state = TIM_CHANNEL_N_STATE_GET(htim, ChannelN);
2358:Drivers/STM32F3xx_HAL_Driver/Src/stm32f3xx_hal_tim_ex.c **** 
2359:Drivers/STM32F3xx_HAL_Driver/Src/stm32f3xx_hal_tim_ex.c ****   return channel_state;
2360:Drivers/STM32F3xx_HAL_Driver/Src/stm32f3xx_hal_tim_ex.c **** }
2361:Drivers/STM32F3xx_HAL_Driver/Src/stm32f3xx_hal_tim_ex.c **** /**
2362:Drivers/STM32F3xx_HAL_Driver/Src/stm32f3xx_hal_tim_ex.c ****   * @}
2363:Drivers/STM32F3xx_HAL_Driver/Src/stm32f3xx_hal_tim_ex.c ****   */
2364:Drivers/STM32F3xx_HAL_Driver/Src/stm32f3xx_hal_tim_ex.c **** 
2365:Drivers/STM32F3xx_HAL_Driver/Src/stm32f3xx_hal_tim_ex.c **** /**
2366:Drivers/STM32F3xx_HAL_Driver/Src/stm32f3xx_hal_tim_ex.c ****   * @}
2367:Drivers/STM32F3xx_HAL_Driver/Src/stm32f3xx_hal_tim_ex.c ****   */
ARM GAS  C:\Users\nakas\AppData\Local\Temp\ccLYSQiW.s 			page 43


2368:Drivers/STM32F3xx_HAL_Driver/Src/stm32f3xx_hal_tim_ex.c **** 
2369:Drivers/STM32F3xx_HAL_Driver/Src/stm32f3xx_hal_tim_ex.c **** /* Private functions ---------------------------------------------------------*/
2370:Drivers/STM32F3xx_HAL_Driver/Src/stm32f3xx_hal_tim_ex.c **** /** @defgroup TIMEx_Private_Functions TIM Extended Private Functions
2371:Drivers/STM32F3xx_HAL_Driver/Src/stm32f3xx_hal_tim_ex.c ****   * @{
2372:Drivers/STM32F3xx_HAL_Driver/Src/stm32f3xx_hal_tim_ex.c ****   */
2373:Drivers/STM32F3xx_HAL_Driver/Src/stm32f3xx_hal_tim_ex.c **** 
2374:Drivers/STM32F3xx_HAL_Driver/Src/stm32f3xx_hal_tim_ex.c **** /**
2375:Drivers/STM32F3xx_HAL_Driver/Src/stm32f3xx_hal_tim_ex.c ****   * @brief  TIM DMA Commutation callback.
2376:Drivers/STM32F3xx_HAL_Driver/Src/stm32f3xx_hal_tim_ex.c ****   * @param  hdma pointer to DMA handle.
2377:Drivers/STM32F3xx_HAL_Driver/Src/stm32f3xx_hal_tim_ex.c ****   * @retval None
2378:Drivers/STM32F3xx_HAL_Driver/Src/stm32f3xx_hal_tim_ex.c ****   */
2379:Drivers/STM32F3xx_HAL_Driver/Src/stm32f3xx_hal_tim_ex.c **** void TIMEx_DMACommutationCplt(DMA_HandleTypeDef *hdma)
2380:Drivers/STM32F3xx_HAL_Driver/Src/stm32f3xx_hal_tim_ex.c **** {
2381:Drivers/STM32F3xx_HAL_Driver/Src/stm32f3xx_hal_tim_ex.c ****   TIM_HandleTypeDef *htim = (TIM_HandleTypeDef *)((DMA_HandleTypeDef *)hdma)->Parent;
2382:Drivers/STM32F3xx_HAL_Driver/Src/stm32f3xx_hal_tim_ex.c **** 
2383:Drivers/STM32F3xx_HAL_Driver/Src/stm32f3xx_hal_tim_ex.c ****   /* Change the htim state */
2384:Drivers/STM32F3xx_HAL_Driver/Src/stm32f3xx_hal_tim_ex.c ****   htim->State = HAL_TIM_STATE_READY;
2385:Drivers/STM32F3xx_HAL_Driver/Src/stm32f3xx_hal_tim_ex.c **** 
2386:Drivers/STM32F3xx_HAL_Driver/Src/stm32f3xx_hal_tim_ex.c **** #if (USE_HAL_TIM_REGISTER_CALLBACKS == 1)
2387:Drivers/STM32F3xx_HAL_Driver/Src/stm32f3xx_hal_tim_ex.c ****   htim->CommutationCallback(htim);
2388:Drivers/STM32F3xx_HAL_Driver/Src/stm32f3xx_hal_tim_ex.c **** #else
2389:Drivers/STM32F3xx_HAL_Driver/Src/stm32f3xx_hal_tim_ex.c ****   HAL_TIMEx_CommutCallback(htim);
2390:Drivers/STM32F3xx_HAL_Driver/Src/stm32f3xx_hal_tim_ex.c **** #endif /* USE_HAL_TIM_REGISTER_CALLBACKS */
2391:Drivers/STM32F3xx_HAL_Driver/Src/stm32f3xx_hal_tim_ex.c **** }
2392:Drivers/STM32F3xx_HAL_Driver/Src/stm32f3xx_hal_tim_ex.c **** 
2393:Drivers/STM32F3xx_HAL_Driver/Src/stm32f3xx_hal_tim_ex.c **** /**
2394:Drivers/STM32F3xx_HAL_Driver/Src/stm32f3xx_hal_tim_ex.c ****   * @brief  TIM DMA Commutation half complete callback.
2395:Drivers/STM32F3xx_HAL_Driver/Src/stm32f3xx_hal_tim_ex.c ****   * @param  hdma pointer to DMA handle.
2396:Drivers/STM32F3xx_HAL_Driver/Src/stm32f3xx_hal_tim_ex.c ****   * @retval None
2397:Drivers/STM32F3xx_HAL_Driver/Src/stm32f3xx_hal_tim_ex.c ****   */
2398:Drivers/STM32F3xx_HAL_Driver/Src/stm32f3xx_hal_tim_ex.c **** void TIMEx_DMACommutationHalfCplt(DMA_HandleTypeDef *hdma)
2399:Drivers/STM32F3xx_HAL_Driver/Src/stm32f3xx_hal_tim_ex.c **** {
2400:Drivers/STM32F3xx_HAL_Driver/Src/stm32f3xx_hal_tim_ex.c ****   TIM_HandleTypeDef *htim = (TIM_HandleTypeDef *)((DMA_HandleTypeDef *)hdma)->Parent;
2401:Drivers/STM32F3xx_HAL_Driver/Src/stm32f3xx_hal_tim_ex.c **** 
2402:Drivers/STM32F3xx_HAL_Driver/Src/stm32f3xx_hal_tim_ex.c ****   /* Change the htim state */
2403:Drivers/STM32F3xx_HAL_Driver/Src/stm32f3xx_hal_tim_ex.c ****   htim->State = HAL_TIM_STATE_READY;
2404:Drivers/STM32F3xx_HAL_Driver/Src/stm32f3xx_hal_tim_ex.c **** 
2405:Drivers/STM32F3xx_HAL_Driver/Src/stm32f3xx_hal_tim_ex.c **** #if (USE_HAL_TIM_REGISTER_CALLBACKS == 1)
2406:Drivers/STM32F3xx_HAL_Driver/Src/stm32f3xx_hal_tim_ex.c ****   htim->CommutationHalfCpltCallback(htim);
2407:Drivers/STM32F3xx_HAL_Driver/Src/stm32f3xx_hal_tim_ex.c **** #else
2408:Drivers/STM32F3xx_HAL_Driver/Src/stm32f3xx_hal_tim_ex.c ****   HAL_TIMEx_CommutHalfCpltCallback(htim);
2409:Drivers/STM32F3xx_HAL_Driver/Src/stm32f3xx_hal_tim_ex.c **** #endif /* USE_HAL_TIM_REGISTER_CALLBACKS */
2410:Drivers/STM32F3xx_HAL_Driver/Src/stm32f3xx_hal_tim_ex.c **** }
2411:Drivers/STM32F3xx_HAL_Driver/Src/stm32f3xx_hal_tim_ex.c **** 
2412:Drivers/STM32F3xx_HAL_Driver/Src/stm32f3xx_hal_tim_ex.c **** 
2413:Drivers/STM32F3xx_HAL_Driver/Src/stm32f3xx_hal_tim_ex.c **** /**
2414:Drivers/STM32F3xx_HAL_Driver/Src/stm32f3xx_hal_tim_ex.c ****   * @brief  TIM DMA Delay Pulse complete callback (complementary channel).
2415:Drivers/STM32F3xx_HAL_Driver/Src/stm32f3xx_hal_tim_ex.c ****   * @param  hdma pointer to DMA handle.
2416:Drivers/STM32F3xx_HAL_Driver/Src/stm32f3xx_hal_tim_ex.c ****   * @retval None
2417:Drivers/STM32F3xx_HAL_Driver/Src/stm32f3xx_hal_tim_ex.c ****   */
2418:Drivers/STM32F3xx_HAL_Driver/Src/stm32f3xx_hal_tim_ex.c **** static void TIM_DMADelayPulseNCplt(DMA_HandleTypeDef *hdma)
2419:Drivers/STM32F3xx_HAL_Driver/Src/stm32f3xx_hal_tim_ex.c **** {
2420:Drivers/STM32F3xx_HAL_Driver/Src/stm32f3xx_hal_tim_ex.c ****   TIM_HandleTypeDef *htim = (TIM_HandleTypeDef *)((DMA_HandleTypeDef *)hdma)->Parent;
2421:Drivers/STM32F3xx_HAL_Driver/Src/stm32f3xx_hal_tim_ex.c **** 
2422:Drivers/STM32F3xx_HAL_Driver/Src/stm32f3xx_hal_tim_ex.c ****   if (hdma == htim->hdma[TIM_DMA_ID_CC1])
2423:Drivers/STM32F3xx_HAL_Driver/Src/stm32f3xx_hal_tim_ex.c ****   {
2424:Drivers/STM32F3xx_HAL_Driver/Src/stm32f3xx_hal_tim_ex.c ****     htim->Channel = HAL_TIM_ACTIVE_CHANNEL_1;
ARM GAS  C:\Users\nakas\AppData\Local\Temp\ccLYSQiW.s 			page 44


2425:Drivers/STM32F3xx_HAL_Driver/Src/stm32f3xx_hal_tim_ex.c **** 
2426:Drivers/STM32F3xx_HAL_Driver/Src/stm32f3xx_hal_tim_ex.c ****     if (hdma->Init.Mode == DMA_NORMAL)
2427:Drivers/STM32F3xx_HAL_Driver/Src/stm32f3xx_hal_tim_ex.c ****     {
2428:Drivers/STM32F3xx_HAL_Driver/Src/stm32f3xx_hal_tim_ex.c ****       TIM_CHANNEL_N_STATE_SET(htim, TIM_CHANNEL_1, HAL_TIM_CHANNEL_STATE_READY);
2429:Drivers/STM32F3xx_HAL_Driver/Src/stm32f3xx_hal_tim_ex.c ****     }
2430:Drivers/STM32F3xx_HAL_Driver/Src/stm32f3xx_hal_tim_ex.c ****   }
2431:Drivers/STM32F3xx_HAL_Driver/Src/stm32f3xx_hal_tim_ex.c ****   else if (hdma == htim->hdma[TIM_DMA_ID_CC2])
2432:Drivers/STM32F3xx_HAL_Driver/Src/stm32f3xx_hal_tim_ex.c ****   {
2433:Drivers/STM32F3xx_HAL_Driver/Src/stm32f3xx_hal_tim_ex.c ****     htim->Channel = HAL_TIM_ACTIVE_CHANNEL_2;
2434:Drivers/STM32F3xx_HAL_Driver/Src/stm32f3xx_hal_tim_ex.c **** 
2435:Drivers/STM32F3xx_HAL_Driver/Src/stm32f3xx_hal_tim_ex.c ****     if (hdma->Init.Mode == DMA_NORMAL)
2436:Drivers/STM32F3xx_HAL_Driver/Src/stm32f3xx_hal_tim_ex.c ****     {
2437:Drivers/STM32F3xx_HAL_Driver/Src/stm32f3xx_hal_tim_ex.c ****       TIM_CHANNEL_N_STATE_SET(htim, TIM_CHANNEL_2, HAL_TIM_CHANNEL_STATE_READY);
2438:Drivers/STM32F3xx_HAL_Driver/Src/stm32f3xx_hal_tim_ex.c ****     }
2439:Drivers/STM32F3xx_HAL_Driver/Src/stm32f3xx_hal_tim_ex.c ****   }
2440:Drivers/STM32F3xx_HAL_Driver/Src/stm32f3xx_hal_tim_ex.c ****   else if (hdma == htim->hdma[TIM_DMA_ID_CC3])
2441:Drivers/STM32F3xx_HAL_Driver/Src/stm32f3xx_hal_tim_ex.c ****   {
2442:Drivers/STM32F3xx_HAL_Driver/Src/stm32f3xx_hal_tim_ex.c ****     htim->Channel = HAL_TIM_ACTIVE_CHANNEL_3;
2443:Drivers/STM32F3xx_HAL_Driver/Src/stm32f3xx_hal_tim_ex.c **** 
2444:Drivers/STM32F3xx_HAL_Driver/Src/stm32f3xx_hal_tim_ex.c ****     if (hdma->Init.Mode == DMA_NORMAL)
2445:Drivers/STM32F3xx_HAL_Driver/Src/stm32f3xx_hal_tim_ex.c ****     {
2446:Drivers/STM32F3xx_HAL_Driver/Src/stm32f3xx_hal_tim_ex.c ****       TIM_CHANNEL_N_STATE_SET(htim, TIM_CHANNEL_3, HAL_TIM_CHANNEL_STATE_READY);
2447:Drivers/STM32F3xx_HAL_Driver/Src/stm32f3xx_hal_tim_ex.c ****     }
2448:Drivers/STM32F3xx_HAL_Driver/Src/stm32f3xx_hal_tim_ex.c ****   }
2449:Drivers/STM32F3xx_HAL_Driver/Src/stm32f3xx_hal_tim_ex.c ****   else
2450:Drivers/STM32F3xx_HAL_Driver/Src/stm32f3xx_hal_tim_ex.c ****   {
2451:Drivers/STM32F3xx_HAL_Driver/Src/stm32f3xx_hal_tim_ex.c ****     /* nothing to do */
2452:Drivers/STM32F3xx_HAL_Driver/Src/stm32f3xx_hal_tim_ex.c ****   }
2453:Drivers/STM32F3xx_HAL_Driver/Src/stm32f3xx_hal_tim_ex.c **** 
2454:Drivers/STM32F3xx_HAL_Driver/Src/stm32f3xx_hal_tim_ex.c **** #if (USE_HAL_TIM_REGISTER_CALLBACKS == 1)
2455:Drivers/STM32F3xx_HAL_Driver/Src/stm32f3xx_hal_tim_ex.c ****   htim->PWM_PulseFinishedCallback(htim);
2456:Drivers/STM32F3xx_HAL_Driver/Src/stm32f3xx_hal_tim_ex.c **** #else
2457:Drivers/STM32F3xx_HAL_Driver/Src/stm32f3xx_hal_tim_ex.c ****   HAL_TIM_PWM_PulseFinishedCallback(htim);
2458:Drivers/STM32F3xx_HAL_Driver/Src/stm32f3xx_hal_tim_ex.c **** #endif /* USE_HAL_TIM_REGISTER_CALLBACKS */
2459:Drivers/STM32F3xx_HAL_Driver/Src/stm32f3xx_hal_tim_ex.c **** 
2460:Drivers/STM32F3xx_HAL_Driver/Src/stm32f3xx_hal_tim_ex.c ****   htim->Channel = HAL_TIM_ACTIVE_CHANNEL_CLEARED;
2461:Drivers/STM32F3xx_HAL_Driver/Src/stm32f3xx_hal_tim_ex.c **** }
2462:Drivers/STM32F3xx_HAL_Driver/Src/stm32f3xx_hal_tim_ex.c **** 
2463:Drivers/STM32F3xx_HAL_Driver/Src/stm32f3xx_hal_tim_ex.c **** /**
2464:Drivers/STM32F3xx_HAL_Driver/Src/stm32f3xx_hal_tim_ex.c ****   * @brief  TIM DMA error callback (complementary channel)
2465:Drivers/STM32F3xx_HAL_Driver/Src/stm32f3xx_hal_tim_ex.c ****   * @param  hdma pointer to DMA handle.
2466:Drivers/STM32F3xx_HAL_Driver/Src/stm32f3xx_hal_tim_ex.c ****   * @retval None
2467:Drivers/STM32F3xx_HAL_Driver/Src/stm32f3xx_hal_tim_ex.c ****   */
2468:Drivers/STM32F3xx_HAL_Driver/Src/stm32f3xx_hal_tim_ex.c **** static void TIM_DMAErrorCCxN(DMA_HandleTypeDef *hdma)
2469:Drivers/STM32F3xx_HAL_Driver/Src/stm32f3xx_hal_tim_ex.c **** {
2470:Drivers/STM32F3xx_HAL_Driver/Src/stm32f3xx_hal_tim_ex.c ****   TIM_HandleTypeDef *htim = (TIM_HandleTypeDef *)((DMA_HandleTypeDef *)hdma)->Parent;
2471:Drivers/STM32F3xx_HAL_Driver/Src/stm32f3xx_hal_tim_ex.c **** 
2472:Drivers/STM32F3xx_HAL_Driver/Src/stm32f3xx_hal_tim_ex.c ****   if (hdma == htim->hdma[TIM_DMA_ID_CC1])
2473:Drivers/STM32F3xx_HAL_Driver/Src/stm32f3xx_hal_tim_ex.c ****   {
2474:Drivers/STM32F3xx_HAL_Driver/Src/stm32f3xx_hal_tim_ex.c ****     htim->Channel = HAL_TIM_ACTIVE_CHANNEL_1;
2475:Drivers/STM32F3xx_HAL_Driver/Src/stm32f3xx_hal_tim_ex.c ****     TIM_CHANNEL_N_STATE_SET(htim, TIM_CHANNEL_1, HAL_TIM_CHANNEL_STATE_READY);
2476:Drivers/STM32F3xx_HAL_Driver/Src/stm32f3xx_hal_tim_ex.c ****   }
2477:Drivers/STM32F3xx_HAL_Driver/Src/stm32f3xx_hal_tim_ex.c ****   else if (hdma == htim->hdma[TIM_DMA_ID_CC2])
2478:Drivers/STM32F3xx_HAL_Driver/Src/stm32f3xx_hal_tim_ex.c ****   {
2479:Drivers/STM32F3xx_HAL_Driver/Src/stm32f3xx_hal_tim_ex.c ****     htim->Channel = HAL_TIM_ACTIVE_CHANNEL_2;
2480:Drivers/STM32F3xx_HAL_Driver/Src/stm32f3xx_hal_tim_ex.c ****     TIM_CHANNEL_N_STATE_SET(htim, TIM_CHANNEL_2, HAL_TIM_CHANNEL_STATE_READY);
2481:Drivers/STM32F3xx_HAL_Driver/Src/stm32f3xx_hal_tim_ex.c ****   }
ARM GAS  C:\Users\nakas\AppData\Local\Temp\ccLYSQiW.s 			page 45


2482:Drivers/STM32F3xx_HAL_Driver/Src/stm32f3xx_hal_tim_ex.c ****   else if (hdma == htim->hdma[TIM_DMA_ID_CC3])
2483:Drivers/STM32F3xx_HAL_Driver/Src/stm32f3xx_hal_tim_ex.c ****   {
2484:Drivers/STM32F3xx_HAL_Driver/Src/stm32f3xx_hal_tim_ex.c ****     htim->Channel = HAL_TIM_ACTIVE_CHANNEL_3;
2485:Drivers/STM32F3xx_HAL_Driver/Src/stm32f3xx_hal_tim_ex.c ****     TIM_CHANNEL_N_STATE_SET(htim, TIM_CHANNEL_3, HAL_TIM_CHANNEL_STATE_READY);
2486:Drivers/STM32F3xx_HAL_Driver/Src/stm32f3xx_hal_tim_ex.c ****   }
2487:Drivers/STM32F3xx_HAL_Driver/Src/stm32f3xx_hal_tim_ex.c ****   else
2488:Drivers/STM32F3xx_HAL_Driver/Src/stm32f3xx_hal_tim_ex.c ****   {
2489:Drivers/STM32F3xx_HAL_Driver/Src/stm32f3xx_hal_tim_ex.c ****     /* nothing to do */
2490:Drivers/STM32F3xx_HAL_Driver/Src/stm32f3xx_hal_tim_ex.c ****   }
2491:Drivers/STM32F3xx_HAL_Driver/Src/stm32f3xx_hal_tim_ex.c **** 
2492:Drivers/STM32F3xx_HAL_Driver/Src/stm32f3xx_hal_tim_ex.c **** #if (USE_HAL_TIM_REGISTER_CALLBACKS == 1)
2493:Drivers/STM32F3xx_HAL_Driver/Src/stm32f3xx_hal_tim_ex.c ****   htim->ErrorCallback(htim);
2494:Drivers/STM32F3xx_HAL_Driver/Src/stm32f3xx_hal_tim_ex.c **** #else
2495:Drivers/STM32F3xx_HAL_Driver/Src/stm32f3xx_hal_tim_ex.c ****   HAL_TIM_ErrorCallback(htim);
2496:Drivers/STM32F3xx_HAL_Driver/Src/stm32f3xx_hal_tim_ex.c **** #endif /* USE_HAL_TIM_REGISTER_CALLBACKS */
2497:Drivers/STM32F3xx_HAL_Driver/Src/stm32f3xx_hal_tim_ex.c **** 
2498:Drivers/STM32F3xx_HAL_Driver/Src/stm32f3xx_hal_tim_ex.c ****   htim->Channel = HAL_TIM_ACTIVE_CHANNEL_CLEARED;
2499:Drivers/STM32F3xx_HAL_Driver/Src/stm32f3xx_hal_tim_ex.c **** }
2500:Drivers/STM32F3xx_HAL_Driver/Src/stm32f3xx_hal_tim_ex.c **** 
2501:Drivers/STM32F3xx_HAL_Driver/Src/stm32f3xx_hal_tim_ex.c **** /**
2502:Drivers/STM32F3xx_HAL_Driver/Src/stm32f3xx_hal_tim_ex.c ****   * @brief  Enables or disables the TIM Capture Compare Channel xN.
2503:Drivers/STM32F3xx_HAL_Driver/Src/stm32f3xx_hal_tim_ex.c ****   * @param  TIMx to select the TIM peripheral
2504:Drivers/STM32F3xx_HAL_Driver/Src/stm32f3xx_hal_tim_ex.c ****   * @param  Channel specifies the TIM Channel
2505:Drivers/STM32F3xx_HAL_Driver/Src/stm32f3xx_hal_tim_ex.c ****   *          This parameter can be one of the following values:
2506:Drivers/STM32F3xx_HAL_Driver/Src/stm32f3xx_hal_tim_ex.c ****   *            @arg TIM_CHANNEL_1: TIM Channel 1
2507:Drivers/STM32F3xx_HAL_Driver/Src/stm32f3xx_hal_tim_ex.c ****   *            @arg TIM_CHANNEL_2: TIM Channel 2
2508:Drivers/STM32F3xx_HAL_Driver/Src/stm32f3xx_hal_tim_ex.c ****   *            @arg TIM_CHANNEL_3: TIM Channel 3
2509:Drivers/STM32F3xx_HAL_Driver/Src/stm32f3xx_hal_tim_ex.c ****   * @param  ChannelNState specifies the TIM Channel CCxNE bit new state.
2510:Drivers/STM32F3xx_HAL_Driver/Src/stm32f3xx_hal_tim_ex.c ****   *          This parameter can be: TIM_CCxN_ENABLE or TIM_CCxN_Disable.
2511:Drivers/STM32F3xx_HAL_Driver/Src/stm32f3xx_hal_tim_ex.c ****   * @retval None
2512:Drivers/STM32F3xx_HAL_Driver/Src/stm32f3xx_hal_tim_ex.c ****   */
2513:Drivers/STM32F3xx_HAL_Driver/Src/stm32f3xx_hal_tim_ex.c **** static void TIM_CCxNChannelCmd(TIM_TypeDef *TIMx, uint32_t Channel, uint32_t ChannelNState)
2514:Drivers/STM32F3xx_HAL_Driver/Src/stm32f3xx_hal_tim_ex.c **** {
  29              		.loc 1 2514 1 view -0
  30              		.cfi_startproc
  31              		@ args = 0, pretend = 0, frame = 0
  32              		@ frame_needed = 0, uses_anonymous_args = 0
  33              		@ link register save eliminated.
2515:Drivers/STM32F3xx_HAL_Driver/Src/stm32f3xx_hal_tim_ex.c ****   uint32_t tmp;
  34              		.loc 1 2515 3 view .LVU1
2516:Drivers/STM32F3xx_HAL_Driver/Src/stm32f3xx_hal_tim_ex.c **** 
2517:Drivers/STM32F3xx_HAL_Driver/Src/stm32f3xx_hal_tim_ex.c ****   tmp = TIM_CCER_CC1NE << (Channel & 0xFU); /* 0xFU = 15 bits max shift */
  35              		.loc 1 2517 3 view .LVU2
  36              		.loc 1 2517 36 is_stmt 0 view .LVU3
  37 0000 01F00F01 		and	r1, r1, #15
  38              	.LVL1:
  39              		.loc 1 2517 7 view .LVU4
  40 0004 4FF0040C 		mov	ip, #4
  41 0008 0CFA01FC 		lsl	ip, ip, r1
  42              	.LVL2:
2518:Drivers/STM32F3xx_HAL_Driver/Src/stm32f3xx_hal_tim_ex.c **** 
2519:Drivers/STM32F3xx_HAL_Driver/Src/stm32f3xx_hal_tim_ex.c ****   /* Reset the CCxNE Bit */
2520:Drivers/STM32F3xx_HAL_Driver/Src/stm32f3xx_hal_tim_ex.c ****   TIMx->CCER &=  ~tmp;
  43              		.loc 1 2520 3 is_stmt 1 view .LVU5
  44              		.loc 1 2520 7 is_stmt 0 view .LVU6
  45 000c 036A     		ldr	r3, [r0, #32]
  46              		.loc 1 2520 14 view .LVU7
ARM GAS  C:\Users\nakas\AppData\Local\Temp\ccLYSQiW.s 			page 46


  47 000e 23EA0C03 		bic	r3, r3, ip
  48 0012 0362     		str	r3, [r0, #32]
2521:Drivers/STM32F3xx_HAL_Driver/Src/stm32f3xx_hal_tim_ex.c **** 
2522:Drivers/STM32F3xx_HAL_Driver/Src/stm32f3xx_hal_tim_ex.c ****   /* Set or reset the CCxNE Bit */
2523:Drivers/STM32F3xx_HAL_Driver/Src/stm32f3xx_hal_tim_ex.c ****   TIMx->CCER |= (uint32_t)(ChannelNState << (Channel & 0xFU)); /* 0xFU = 15 bits max shift */
  49              		.loc 1 2523 3 is_stmt 1 view .LVU8
  50              		.loc 1 2523 7 is_stmt 0 view .LVU9
  51 0014 036A     		ldr	r3, [r0, #32]
  52              		.loc 1 2523 42 view .LVU10
  53 0016 8A40     		lsls	r2, r2, r1
  54              	.LVL3:
  55              		.loc 1 2523 14 view .LVU11
  56 0018 1343     		orrs	r3, r3, r2
  57 001a 0362     		str	r3, [r0, #32]
2524:Drivers/STM32F3xx_HAL_Driver/Src/stm32f3xx_hal_tim_ex.c **** }
  58              		.loc 1 2524 1 view .LVU12
  59 001c 7047     		bx	lr
  60              		.cfi_endproc
  61              	.LFE166:
  63              		.section	.text.TIM_DMAErrorCCxN,"ax",%progbits
  64              		.align	1
  65              		.syntax unified
  66              		.thumb
  67              		.thumb_func
  69              	TIM_DMAErrorCCxN:
  70              	.LVL4:
  71              	.LFB165:
2469:Drivers/STM32F3xx_HAL_Driver/Src/stm32f3xx_hal_tim_ex.c ****   TIM_HandleTypeDef *htim = (TIM_HandleTypeDef *)((DMA_HandleTypeDef *)hdma)->Parent;
  72              		.loc 1 2469 1 is_stmt 1 view -0
  73              		.cfi_startproc
  74              		@ args = 0, pretend = 0, frame = 0
  75              		@ frame_needed = 0, uses_anonymous_args = 0
2469:Drivers/STM32F3xx_HAL_Driver/Src/stm32f3xx_hal_tim_ex.c ****   TIM_HandleTypeDef *htim = (TIM_HandleTypeDef *)((DMA_HandleTypeDef *)hdma)->Parent;
  76              		.loc 1 2469 1 is_stmt 0 view .LVU14
  77 0000 10B5     		push	{r4, lr}
  78              	.LCFI0:
  79              		.cfi_def_cfa_offset 8
  80              		.cfi_offset 4, -8
  81              		.cfi_offset 14, -4
2470:Drivers/STM32F3xx_HAL_Driver/Src/stm32f3xx_hal_tim_ex.c **** 
  82              		.loc 1 2470 3 is_stmt 1 view .LVU15
2470:Drivers/STM32F3xx_HAL_Driver/Src/stm32f3xx_hal_tim_ex.c **** 
  83              		.loc 1 2470 22 is_stmt 0 view .LVU16
  84 0002 446A     		ldr	r4, [r0, #36]
  85              	.LVL5:
2472:Drivers/STM32F3xx_HAL_Driver/Src/stm32f3xx_hal_tim_ex.c ****   {
  86              		.loc 1 2472 3 is_stmt 1 view .LVU17
2472:Drivers/STM32F3xx_HAL_Driver/Src/stm32f3xx_hal_tim_ex.c ****   {
  87              		.loc 1 2472 25 is_stmt 0 view .LVU18
  88 0004 636A     		ldr	r3, [r4, #36]
2472:Drivers/STM32F3xx_HAL_Driver/Src/stm32f3xx_hal_tim_ex.c ****   {
  89              		.loc 1 2472 6 view .LVU19
  90 0006 8342     		cmp	r3, r0
  91 0008 0BD0     		beq	.L7
2477:Drivers/STM32F3xx_HAL_Driver/Src/stm32f3xx_hal_tim_ex.c ****   {
  92              		.loc 1 2477 8 is_stmt 1 view .LVU20
2477:Drivers/STM32F3xx_HAL_Driver/Src/stm32f3xx_hal_tim_ex.c ****   {
ARM GAS  C:\Users\nakas\AppData\Local\Temp\ccLYSQiW.s 			page 47


  93              		.loc 1 2477 30 is_stmt 0 view .LVU21
  94 000a A36A     		ldr	r3, [r4, #40]
2477:Drivers/STM32F3xx_HAL_Driver/Src/stm32f3xx_hal_tim_ex.c ****   {
  95              		.loc 1 2477 11 view .LVU22
  96 000c 8342     		cmp	r3, r0
  97 000e 0DD0     		beq	.L8
2482:Drivers/STM32F3xx_HAL_Driver/Src/stm32f3xx_hal_tim_ex.c ****   {
  98              		.loc 1 2482 8 is_stmt 1 view .LVU23
2482:Drivers/STM32F3xx_HAL_Driver/Src/stm32f3xx_hal_tim_ex.c ****   {
  99              		.loc 1 2482 30 is_stmt 0 view .LVU24
 100 0010 E36A     		ldr	r3, [r4, #44]
2482:Drivers/STM32F3xx_HAL_Driver/Src/stm32f3xx_hal_tim_ex.c ****   {
 101              		.loc 1 2482 11 view .LVU25
 102 0012 8342     		cmp	r3, r0
 103 0014 10D0     		beq	.L9
 104              	.L4:
2490:Drivers/STM32F3xx_HAL_Driver/Src/stm32f3xx_hal_tim_ex.c **** 
 105              		.loc 1 2490 3 is_stmt 1 view .LVU26
2495:Drivers/STM32F3xx_HAL_Driver/Src/stm32f3xx_hal_tim_ex.c **** #endif /* USE_HAL_TIM_REGISTER_CALLBACKS */
 106              		.loc 1 2495 3 view .LVU27
 107 0016 2046     		mov	r0, r4
 108              	.LVL6:
2495:Drivers/STM32F3xx_HAL_Driver/Src/stm32f3xx_hal_tim_ex.c **** #endif /* USE_HAL_TIM_REGISTER_CALLBACKS */
 109              		.loc 1 2495 3 is_stmt 0 view .LVU28
 110 0018 FFF7FEFF 		bl	HAL_TIM_ErrorCallback
 111              	.LVL7:
2498:Drivers/STM32F3xx_HAL_Driver/Src/stm32f3xx_hal_tim_ex.c **** }
 112              		.loc 1 2498 3 is_stmt 1 view .LVU29
2498:Drivers/STM32F3xx_HAL_Driver/Src/stm32f3xx_hal_tim_ex.c **** }
 113              		.loc 1 2498 17 is_stmt 0 view .LVU30
 114 001c 0023     		movs	r3, #0
 115 001e 2377     		strb	r3, [r4, #28]
2499:Drivers/STM32F3xx_HAL_Driver/Src/stm32f3xx_hal_tim_ex.c **** 
 116              		.loc 1 2499 1 view .LVU31
 117 0020 10BD     		pop	{r4, pc}
 118              	.LVL8:
 119              	.L7:
2474:Drivers/STM32F3xx_HAL_Driver/Src/stm32f3xx_hal_tim_ex.c ****     TIM_CHANNEL_N_STATE_SET(htim, TIM_CHANNEL_1, HAL_TIM_CHANNEL_STATE_READY);
 120              		.loc 1 2474 5 is_stmt 1 view .LVU32
2474:Drivers/STM32F3xx_HAL_Driver/Src/stm32f3xx_hal_tim_ex.c ****     TIM_CHANNEL_N_STATE_SET(htim, TIM_CHANNEL_1, HAL_TIM_CHANNEL_STATE_READY);
 121              		.loc 1 2474 19 is_stmt 0 view .LVU33
 122 0022 0123     		movs	r3, #1
 123 0024 2377     		strb	r3, [r4, #28]
2475:Drivers/STM32F3xx_HAL_Driver/Src/stm32f3xx_hal_tim_ex.c ****   }
 124              		.loc 1 2475 5 is_stmt 1 view .LVU34
 125 0026 84F84430 		strb	r3, [r4, #68]
 126 002a F4E7     		b	.L4
 127              	.L8:
2479:Drivers/STM32F3xx_HAL_Driver/Src/stm32f3xx_hal_tim_ex.c ****     TIM_CHANNEL_N_STATE_SET(htim, TIM_CHANNEL_2, HAL_TIM_CHANNEL_STATE_READY);
 128              		.loc 1 2479 5 view .LVU35
2479:Drivers/STM32F3xx_HAL_Driver/Src/stm32f3xx_hal_tim_ex.c ****     TIM_CHANNEL_N_STATE_SET(htim, TIM_CHANNEL_2, HAL_TIM_CHANNEL_STATE_READY);
 129              		.loc 1 2479 19 is_stmt 0 view .LVU36
 130 002c 0223     		movs	r3, #2
 131 002e 2377     		strb	r3, [r4, #28]
2480:Drivers/STM32F3xx_HAL_Driver/Src/stm32f3xx_hal_tim_ex.c ****   }
 132              		.loc 1 2480 5 is_stmt 1 view .LVU37
 133 0030 0123     		movs	r3, #1
ARM GAS  C:\Users\nakas\AppData\Local\Temp\ccLYSQiW.s 			page 48


 134 0032 84F84530 		strb	r3, [r4, #69]
 135 0036 EEE7     		b	.L4
 136              	.L9:
2484:Drivers/STM32F3xx_HAL_Driver/Src/stm32f3xx_hal_tim_ex.c ****     TIM_CHANNEL_N_STATE_SET(htim, TIM_CHANNEL_3, HAL_TIM_CHANNEL_STATE_READY);
 137              		.loc 1 2484 5 view .LVU38
2484:Drivers/STM32F3xx_HAL_Driver/Src/stm32f3xx_hal_tim_ex.c ****     TIM_CHANNEL_N_STATE_SET(htim, TIM_CHANNEL_3, HAL_TIM_CHANNEL_STATE_READY);
 138              		.loc 1 2484 19 is_stmt 0 view .LVU39
 139 0038 0423     		movs	r3, #4
 140 003a 2377     		strb	r3, [r4, #28]
2485:Drivers/STM32F3xx_HAL_Driver/Src/stm32f3xx_hal_tim_ex.c ****   }
 141              		.loc 1 2485 5 is_stmt 1 view .LVU40
 142 003c 0123     		movs	r3, #1
 143 003e 84F84630 		strb	r3, [r4, #70]
 144 0042 E8E7     		b	.L4
 145              		.cfi_endproc
 146              	.LFE165:
 148              		.section	.text.TIM_DMADelayPulseNCplt,"ax",%progbits
 149              		.align	1
 150              		.syntax unified
 151              		.thumb
 152              		.thumb_func
 154              	TIM_DMADelayPulseNCplt:
 155              	.LVL9:
 156              	.LFB164:
2419:Drivers/STM32F3xx_HAL_Driver/Src/stm32f3xx_hal_tim_ex.c ****   TIM_HandleTypeDef *htim = (TIM_HandleTypeDef *)((DMA_HandleTypeDef *)hdma)->Parent;
 157              		.loc 1 2419 1 view -0
 158              		.cfi_startproc
 159              		@ args = 0, pretend = 0, frame = 0
 160              		@ frame_needed = 0, uses_anonymous_args = 0
2419:Drivers/STM32F3xx_HAL_Driver/Src/stm32f3xx_hal_tim_ex.c ****   TIM_HandleTypeDef *htim = (TIM_HandleTypeDef *)((DMA_HandleTypeDef *)hdma)->Parent;
 161              		.loc 1 2419 1 is_stmt 0 view .LVU42
 162 0000 10B5     		push	{r4, lr}
 163              	.LCFI1:
 164              		.cfi_def_cfa_offset 8
 165              		.cfi_offset 4, -8
 166              		.cfi_offset 14, -4
2420:Drivers/STM32F3xx_HAL_Driver/Src/stm32f3xx_hal_tim_ex.c **** 
 167              		.loc 1 2420 3 is_stmt 1 view .LVU43
2420:Drivers/STM32F3xx_HAL_Driver/Src/stm32f3xx_hal_tim_ex.c **** 
 168              		.loc 1 2420 22 is_stmt 0 view .LVU44
 169 0002 446A     		ldr	r4, [r0, #36]
 170              	.LVL10:
2422:Drivers/STM32F3xx_HAL_Driver/Src/stm32f3xx_hal_tim_ex.c ****   {
 171              		.loc 1 2422 3 is_stmt 1 view .LVU45
2422:Drivers/STM32F3xx_HAL_Driver/Src/stm32f3xx_hal_tim_ex.c ****   {
 172              		.loc 1 2422 25 is_stmt 0 view .LVU46
 173 0004 636A     		ldr	r3, [r4, #36]
2422:Drivers/STM32F3xx_HAL_Driver/Src/stm32f3xx_hal_tim_ex.c ****   {
 174              		.loc 1 2422 6 view .LVU47
 175 0006 8342     		cmp	r3, r0
 176 0008 0BD0     		beq	.L15
2431:Drivers/STM32F3xx_HAL_Driver/Src/stm32f3xx_hal_tim_ex.c ****   {
 177              		.loc 1 2431 8 is_stmt 1 view .LVU48
2431:Drivers/STM32F3xx_HAL_Driver/Src/stm32f3xx_hal_tim_ex.c ****   {
 178              		.loc 1 2431 30 is_stmt 0 view .LVU49
 179 000a A36A     		ldr	r3, [r4, #40]
2431:Drivers/STM32F3xx_HAL_Driver/Src/stm32f3xx_hal_tim_ex.c ****   {
ARM GAS  C:\Users\nakas\AppData\Local\Temp\ccLYSQiW.s 			page 49


 180              		.loc 1 2431 11 view .LVU50
 181 000c 8342     		cmp	r3, r0
 182 000e 11D0     		beq	.L16
2440:Drivers/STM32F3xx_HAL_Driver/Src/stm32f3xx_hal_tim_ex.c ****   {
 183              		.loc 1 2440 8 is_stmt 1 view .LVU51
2440:Drivers/STM32F3xx_HAL_Driver/Src/stm32f3xx_hal_tim_ex.c ****   {
 184              		.loc 1 2440 30 is_stmt 0 view .LVU52
 185 0010 E36A     		ldr	r3, [r4, #44]
2440:Drivers/STM32F3xx_HAL_Driver/Src/stm32f3xx_hal_tim_ex.c ****   {
 186              		.loc 1 2440 11 view .LVU53
 187 0012 8342     		cmp	r3, r0
 188 0014 17D0     		beq	.L17
 189              	.L12:
2452:Drivers/STM32F3xx_HAL_Driver/Src/stm32f3xx_hal_tim_ex.c **** 
 190              		.loc 1 2452 3 is_stmt 1 view .LVU54
2457:Drivers/STM32F3xx_HAL_Driver/Src/stm32f3xx_hal_tim_ex.c **** #endif /* USE_HAL_TIM_REGISTER_CALLBACKS */
 191              		.loc 1 2457 3 view .LVU55
 192 0016 2046     		mov	r0, r4
 193              	.LVL11:
2457:Drivers/STM32F3xx_HAL_Driver/Src/stm32f3xx_hal_tim_ex.c **** #endif /* USE_HAL_TIM_REGISTER_CALLBACKS */
 194              		.loc 1 2457 3 is_stmt 0 view .LVU56
 195 0018 FFF7FEFF 		bl	HAL_TIM_PWM_PulseFinishedCallback
 196              	.LVL12:
2460:Drivers/STM32F3xx_HAL_Driver/Src/stm32f3xx_hal_tim_ex.c **** }
 197              		.loc 1 2460 3 is_stmt 1 view .LVU57
2460:Drivers/STM32F3xx_HAL_Driver/Src/stm32f3xx_hal_tim_ex.c **** }
 198              		.loc 1 2460 17 is_stmt 0 view .LVU58
 199 001c 0023     		movs	r3, #0
 200 001e 2377     		strb	r3, [r4, #28]
2461:Drivers/STM32F3xx_HAL_Driver/Src/stm32f3xx_hal_tim_ex.c **** 
 201              		.loc 1 2461 1 view .LVU59
 202 0020 10BD     		pop	{r4, pc}
 203              	.LVL13:
 204              	.L15:
2424:Drivers/STM32F3xx_HAL_Driver/Src/stm32f3xx_hal_tim_ex.c **** 
 205              		.loc 1 2424 5 is_stmt 1 view .LVU60
2424:Drivers/STM32F3xx_HAL_Driver/Src/stm32f3xx_hal_tim_ex.c **** 
 206              		.loc 1 2424 19 is_stmt 0 view .LVU61
 207 0022 0123     		movs	r3, #1
 208 0024 2377     		strb	r3, [r4, #28]
2426:Drivers/STM32F3xx_HAL_Driver/Src/stm32f3xx_hal_tim_ex.c ****     {
 209              		.loc 1 2426 5 is_stmt 1 view .LVU62
2426:Drivers/STM32F3xx_HAL_Driver/Src/stm32f3xx_hal_tim_ex.c ****     {
 210              		.loc 1 2426 19 is_stmt 0 view .LVU63
 211 0026 8369     		ldr	r3, [r0, #24]
2426:Drivers/STM32F3xx_HAL_Driver/Src/stm32f3xx_hal_tim_ex.c ****     {
 212              		.loc 1 2426 8 view .LVU64
 213 0028 002B     		cmp	r3, #0
 214 002a F4D1     		bne	.L12
2428:Drivers/STM32F3xx_HAL_Driver/Src/stm32f3xx_hal_tim_ex.c ****     }
 215              		.loc 1 2428 7 is_stmt 1 view .LVU65
 216 002c 0123     		movs	r3, #1
 217 002e 84F84430 		strb	r3, [r4, #68]
 218 0032 F0E7     		b	.L12
 219              	.L16:
2433:Drivers/STM32F3xx_HAL_Driver/Src/stm32f3xx_hal_tim_ex.c **** 
 220              		.loc 1 2433 5 view .LVU66
ARM GAS  C:\Users\nakas\AppData\Local\Temp\ccLYSQiW.s 			page 50


2433:Drivers/STM32F3xx_HAL_Driver/Src/stm32f3xx_hal_tim_ex.c **** 
 221              		.loc 1 2433 19 is_stmt 0 view .LVU67
 222 0034 0223     		movs	r3, #2
 223 0036 2377     		strb	r3, [r4, #28]
2435:Drivers/STM32F3xx_HAL_Driver/Src/stm32f3xx_hal_tim_ex.c ****     {
 224              		.loc 1 2435 5 is_stmt 1 view .LVU68
2435:Drivers/STM32F3xx_HAL_Driver/Src/stm32f3xx_hal_tim_ex.c ****     {
 225              		.loc 1 2435 19 is_stmt 0 view .LVU69
 226 0038 8369     		ldr	r3, [r0, #24]
2435:Drivers/STM32F3xx_HAL_Driver/Src/stm32f3xx_hal_tim_ex.c ****     {
 227              		.loc 1 2435 8 view .LVU70
 228 003a 002B     		cmp	r3, #0
 229 003c EBD1     		bne	.L12
2437:Drivers/STM32F3xx_HAL_Driver/Src/stm32f3xx_hal_tim_ex.c ****     }
 230              		.loc 1 2437 7 is_stmt 1 view .LVU71
 231 003e 0123     		movs	r3, #1
 232 0040 84F84530 		strb	r3, [r4, #69]
 233 0044 E7E7     		b	.L12
 234              	.L17:
2442:Drivers/STM32F3xx_HAL_Driver/Src/stm32f3xx_hal_tim_ex.c **** 
 235              		.loc 1 2442 5 view .LVU72
2442:Drivers/STM32F3xx_HAL_Driver/Src/stm32f3xx_hal_tim_ex.c **** 
 236              		.loc 1 2442 19 is_stmt 0 view .LVU73
 237 0046 0423     		movs	r3, #4
 238 0048 2377     		strb	r3, [r4, #28]
2444:Drivers/STM32F3xx_HAL_Driver/Src/stm32f3xx_hal_tim_ex.c ****     {
 239              		.loc 1 2444 5 is_stmt 1 view .LVU74
2444:Drivers/STM32F3xx_HAL_Driver/Src/stm32f3xx_hal_tim_ex.c ****     {
 240              		.loc 1 2444 19 is_stmt 0 view .LVU75
 241 004a 8369     		ldr	r3, [r0, #24]
2444:Drivers/STM32F3xx_HAL_Driver/Src/stm32f3xx_hal_tim_ex.c ****     {
 242              		.loc 1 2444 8 view .LVU76
 243 004c 002B     		cmp	r3, #0
 244 004e E2D1     		bne	.L12
2446:Drivers/STM32F3xx_HAL_Driver/Src/stm32f3xx_hal_tim_ex.c ****     }
 245              		.loc 1 2446 7 is_stmt 1 view .LVU77
 246 0050 0123     		movs	r3, #1
 247 0052 84F84630 		strb	r3, [r4, #70]
 248 0056 DEE7     		b	.L12
 249              		.cfi_endproc
 250              	.LFE164:
 252              		.section	.text.HAL_TIMEx_HallSensor_MspInit,"ax",%progbits
 253              		.align	1
 254              		.weak	HAL_TIMEx_HallSensor_MspInit
 255              		.syntax unified
 256              		.thumb
 257              		.thumb_func
 259              	HAL_TIMEx_HallSensor_MspInit:
 260              	.LVL14:
 261              	.LFB125:
 288:Drivers/STM32F3xx_HAL_Driver/Src/stm32f3xx_hal_tim_ex.c ****   /* Prevent unused argument(s) compilation warning */
 262              		.loc 1 288 1 view -0
 263              		.cfi_startproc
 264              		@ args = 0, pretend = 0, frame = 0
 265              		@ frame_needed = 0, uses_anonymous_args = 0
 266              		@ link register save eliminated.
 290:Drivers/STM32F3xx_HAL_Driver/Src/stm32f3xx_hal_tim_ex.c **** 
ARM GAS  C:\Users\nakas\AppData\Local\Temp\ccLYSQiW.s 			page 51


 267              		.loc 1 290 3 view .LVU79
 295:Drivers/STM32F3xx_HAL_Driver/Src/stm32f3xx_hal_tim_ex.c **** 
 268              		.loc 1 295 1 is_stmt 0 view .LVU80
 269 0000 7047     		bx	lr
 270              		.cfi_endproc
 271              	.LFE125:
 273              		.section	.text.HAL_TIMEx_HallSensor_Init,"ax",%progbits
 274              		.align	1
 275              		.global	HAL_TIMEx_HallSensor_Init
 276              		.syntax unified
 277              		.thumb
 278              		.thumb_func
 280              	HAL_TIMEx_HallSensor_Init:
 281              	.LVL15:
 282              	.LFB123:
 141:Drivers/STM32F3xx_HAL_Driver/Src/stm32f3xx_hal_tim_ex.c ****   TIM_OC_InitTypeDef OC_Config;
 283              		.loc 1 141 1 is_stmt 1 view -0
 284              		.cfi_startproc
 285              		@ args = 0, pretend = 0, frame = 32
 286              		@ frame_needed = 0, uses_anonymous_args = 0
 142:Drivers/STM32F3xx_HAL_Driver/Src/stm32f3xx_hal_tim_ex.c **** 
 287              		.loc 1 142 3 view .LVU82
 145:Drivers/STM32F3xx_HAL_Driver/Src/stm32f3xx_hal_tim_ex.c ****   {
 288              		.loc 1 145 3 view .LVU83
 145:Drivers/STM32F3xx_HAL_Driver/Src/stm32f3xx_hal_tim_ex.c ****   {
 289              		.loc 1 145 6 is_stmt 0 view .LVU84
 290 0000 0028     		cmp	r0, #0
 291 0002 67D0     		beq	.L22
 141:Drivers/STM32F3xx_HAL_Driver/Src/stm32f3xx_hal_tim_ex.c ****   TIM_OC_InitTypeDef OC_Config;
 292              		.loc 1 141 1 view .LVU85
 293 0004 70B5     		push	{r4, r5, r6, lr}
 294              	.LCFI2:
 295              		.cfi_def_cfa_offset 16
 296              		.cfi_offset 4, -16
 297              		.cfi_offset 5, -12
 298              		.cfi_offset 6, -8
 299              		.cfi_offset 14, -4
 300 0006 88B0     		sub	sp, sp, #32
 301              	.LCFI3:
 302              		.cfi_def_cfa_offset 48
 303 0008 0E46     		mov	r6, r1
 304 000a 0446     		mov	r4, r0
 151:Drivers/STM32F3xx_HAL_Driver/Src/stm32f3xx_hal_tim_ex.c ****   assert_param(IS_TIM_COUNTER_MODE(htim->Init.CounterMode));
 305              		.loc 1 151 3 is_stmt 1 view .LVU86
 152:Drivers/STM32F3xx_HAL_Driver/Src/stm32f3xx_hal_tim_ex.c ****   assert_param(IS_TIM_CLOCKDIVISION_DIV(htim->Init.ClockDivision));
 306              		.loc 1 152 3 view .LVU87
 153:Drivers/STM32F3xx_HAL_Driver/Src/stm32f3xx_hal_tim_ex.c ****   assert_param(IS_TIM_AUTORELOAD_PRELOAD(htim->Init.AutoReloadPreload));
 307              		.loc 1 153 3 view .LVU88
 154:Drivers/STM32F3xx_HAL_Driver/Src/stm32f3xx_hal_tim_ex.c ****   assert_param(IS_TIM_IC_POLARITY(sConfig->IC1Polarity));
 308              		.loc 1 154 3 view .LVU89
 155:Drivers/STM32F3xx_HAL_Driver/Src/stm32f3xx_hal_tim_ex.c ****   assert_param(IS_TIM_PERIOD(htim, htim->Init.Period));
 309              		.loc 1 155 3 view .LVU90
 156:Drivers/STM32F3xx_HAL_Driver/Src/stm32f3xx_hal_tim_ex.c ****   assert_param(IS_TIM_IC_PRESCALER(sConfig->IC1Prescaler));
 310              		.loc 1 156 3 view .LVU91
 157:Drivers/STM32F3xx_HAL_Driver/Src/stm32f3xx_hal_tim_ex.c ****   assert_param(IS_TIM_IC_FILTER(sConfig->IC1Filter));
 311              		.loc 1 157 3 view .LVU92
 158:Drivers/STM32F3xx_HAL_Driver/Src/stm32f3xx_hal_tim_ex.c **** 
ARM GAS  C:\Users\nakas\AppData\Local\Temp\ccLYSQiW.s 			page 52


 312              		.loc 1 158 3 view .LVU93
 160:Drivers/STM32F3xx_HAL_Driver/Src/stm32f3xx_hal_tim_ex.c ****   {
 313              		.loc 1 160 3 view .LVU94
 160:Drivers/STM32F3xx_HAL_Driver/Src/stm32f3xx_hal_tim_ex.c ****   {
 314              		.loc 1 160 11 is_stmt 0 view .LVU95
 315 000c 90F83D30 		ldrb	r3, [r0, #61]	@ zero_extendqisi2
 160:Drivers/STM32F3xx_HAL_Driver/Src/stm32f3xx_hal_tim_ex.c ****   {
 316              		.loc 1 160 6 view .LVU96
 317 0010 002B     		cmp	r3, #0
 318 0012 5AD0     		beq	.L27
 319              	.LVL16:
 320              	.L21:
 182:Drivers/STM32F3xx_HAL_Driver/Src/stm32f3xx_hal_tim_ex.c **** 
 321              		.loc 1 182 3 is_stmt 1 view .LVU97
 182:Drivers/STM32F3xx_HAL_Driver/Src/stm32f3xx_hal_tim_ex.c **** 
 322              		.loc 1 182 15 is_stmt 0 view .LVU98
 323 0014 0223     		movs	r3, #2
 324 0016 84F83D30 		strb	r3, [r4, #61]
 185:Drivers/STM32F3xx_HAL_Driver/Src/stm32f3xx_hal_tim_ex.c **** 
 325              		.loc 1 185 3 is_stmt 1 view .LVU99
 185:Drivers/STM32F3xx_HAL_Driver/Src/stm32f3xx_hal_tim_ex.c **** 
 326              		.loc 1 185 38 is_stmt 0 view .LVU100
 327 001a 2146     		mov	r1, r4
 185:Drivers/STM32F3xx_HAL_Driver/Src/stm32f3xx_hal_tim_ex.c **** 
 328              		.loc 1 185 3 view .LVU101
 329 001c 51F8040B 		ldr	r0, [r1], #4
 330 0020 FFF7FEFF 		bl	TIM_Base_SetConfig
 331              	.LVL17:
 188:Drivers/STM32F3xx_HAL_Driver/Src/stm32f3xx_hal_tim_ex.c **** 
 332              		.loc 1 188 3 is_stmt 1 view .LVU102
 333 0024 B368     		ldr	r3, [r6, #8]
 334 0026 0322     		movs	r2, #3
 335 0028 3168     		ldr	r1, [r6]
 336 002a 2068     		ldr	r0, [r4]
 337 002c FFF7FEFF 		bl	TIM_TI1_SetConfig
 338              	.LVL18:
 191:Drivers/STM32F3xx_HAL_Driver/Src/stm32f3xx_hal_tim_ex.c ****   /* Set the IC1PSC value */
 339              		.loc 1 191 3 view .LVU103
 191:Drivers/STM32F3xx_HAL_Driver/Src/stm32f3xx_hal_tim_ex.c ****   /* Set the IC1PSC value */
 340              		.loc 1 191 7 is_stmt 0 view .LVU104
 341 0030 2268     		ldr	r2, [r4]
 191:Drivers/STM32F3xx_HAL_Driver/Src/stm32f3xx_hal_tim_ex.c ****   /* Set the IC1PSC value */
 342              		.loc 1 191 17 view .LVU105
 343 0032 9369     		ldr	r3, [r2, #24]
 191:Drivers/STM32F3xx_HAL_Driver/Src/stm32f3xx_hal_tim_ex.c ****   /* Set the IC1PSC value */
 344              		.loc 1 191 25 view .LVU106
 345 0034 23F00C03 		bic	r3, r3, #12
 346 0038 9361     		str	r3, [r2, #24]
 193:Drivers/STM32F3xx_HAL_Driver/Src/stm32f3xx_hal_tim_ex.c **** 
 347              		.loc 1 193 3 is_stmt 1 view .LVU107
 193:Drivers/STM32F3xx_HAL_Driver/Src/stm32f3xx_hal_tim_ex.c **** 
 348              		.loc 1 193 7 is_stmt 0 view .LVU108
 349 003a 2268     		ldr	r2, [r4]
 193:Drivers/STM32F3xx_HAL_Driver/Src/stm32f3xx_hal_tim_ex.c **** 
 350              		.loc 1 193 17 view .LVU109
 351 003c 9369     		ldr	r3, [r2, #24]
 193:Drivers/STM32F3xx_HAL_Driver/Src/stm32f3xx_hal_tim_ex.c **** 
ARM GAS  C:\Users\nakas\AppData\Local\Temp\ccLYSQiW.s 			page 53


 352              		.loc 1 193 35 view .LVU110
 353 003e 7168     		ldr	r1, [r6, #4]
 193:Drivers/STM32F3xx_HAL_Driver/Src/stm32f3xx_hal_tim_ex.c **** 
 354              		.loc 1 193 25 view .LVU111
 355 0040 0B43     		orrs	r3, r3, r1
 356 0042 9361     		str	r3, [r2, #24]
 196:Drivers/STM32F3xx_HAL_Driver/Src/stm32f3xx_hal_tim_ex.c **** 
 357              		.loc 1 196 3 is_stmt 1 view .LVU112
 196:Drivers/STM32F3xx_HAL_Driver/Src/stm32f3xx_hal_tim_ex.c **** 
 358              		.loc 1 196 7 is_stmt 0 view .LVU113
 359 0044 2268     		ldr	r2, [r4]
 196:Drivers/STM32F3xx_HAL_Driver/Src/stm32f3xx_hal_tim_ex.c **** 
 360              		.loc 1 196 17 view .LVU114
 361 0046 5368     		ldr	r3, [r2, #4]
 196:Drivers/STM32F3xx_HAL_Driver/Src/stm32f3xx_hal_tim_ex.c **** 
 362              		.loc 1 196 23 view .LVU115
 363 0048 43F08003 		orr	r3, r3, #128
 364 004c 5360     		str	r3, [r2, #4]
 199:Drivers/STM32F3xx_HAL_Driver/Src/stm32f3xx_hal_tim_ex.c ****   htim->Instance->SMCR |= TIM_TS_TI1F_ED;
 365              		.loc 1 199 3 is_stmt 1 view .LVU116
 199:Drivers/STM32F3xx_HAL_Driver/Src/stm32f3xx_hal_tim_ex.c ****   htim->Instance->SMCR |= TIM_TS_TI1F_ED;
 366              		.loc 1 199 7 is_stmt 0 view .LVU117
 367 004e 2268     		ldr	r2, [r4]
 199:Drivers/STM32F3xx_HAL_Driver/Src/stm32f3xx_hal_tim_ex.c ****   htim->Instance->SMCR |= TIM_TS_TI1F_ED;
 368              		.loc 1 199 17 view .LVU118
 369 0050 9368     		ldr	r3, [r2, #8]
 199:Drivers/STM32F3xx_HAL_Driver/Src/stm32f3xx_hal_tim_ex.c ****   htim->Instance->SMCR |= TIM_TS_TI1F_ED;
 370              		.loc 1 199 24 view .LVU119
 371 0052 23F07003 		bic	r3, r3, #112
 372 0056 9360     		str	r3, [r2, #8]
 200:Drivers/STM32F3xx_HAL_Driver/Src/stm32f3xx_hal_tim_ex.c **** 
 373              		.loc 1 200 3 is_stmt 1 view .LVU120
 200:Drivers/STM32F3xx_HAL_Driver/Src/stm32f3xx_hal_tim_ex.c **** 
 374              		.loc 1 200 7 is_stmt 0 view .LVU121
 375 0058 2268     		ldr	r2, [r4]
 200:Drivers/STM32F3xx_HAL_Driver/Src/stm32f3xx_hal_tim_ex.c **** 
 376              		.loc 1 200 17 view .LVU122
 377 005a 9368     		ldr	r3, [r2, #8]
 200:Drivers/STM32F3xx_HAL_Driver/Src/stm32f3xx_hal_tim_ex.c **** 
 378              		.loc 1 200 24 view .LVU123
 379 005c 43F04003 		orr	r3, r3, #64
 380 0060 9360     		str	r3, [r2, #8]
 203:Drivers/STM32F3xx_HAL_Driver/Src/stm32f3xx_hal_tim_ex.c ****   htim->Instance->SMCR |= TIM_SLAVEMODE_RESET;
 381              		.loc 1 203 3 is_stmt 1 view .LVU124
 203:Drivers/STM32F3xx_HAL_Driver/Src/stm32f3xx_hal_tim_ex.c ****   htim->Instance->SMCR |= TIM_SLAVEMODE_RESET;
 382              		.loc 1 203 7 is_stmt 0 view .LVU125
 383 0062 2268     		ldr	r2, [r4]
 203:Drivers/STM32F3xx_HAL_Driver/Src/stm32f3xx_hal_tim_ex.c ****   htim->Instance->SMCR |= TIM_SLAVEMODE_RESET;
 384              		.loc 1 203 17 view .LVU126
 385 0064 9368     		ldr	r3, [r2, #8]
 203:Drivers/STM32F3xx_HAL_Driver/Src/stm32f3xx_hal_tim_ex.c ****   htim->Instance->SMCR |= TIM_SLAVEMODE_RESET;
 386              		.loc 1 203 24 view .LVU127
 387 0066 23F48033 		bic	r3, r3, #65536
 388 006a 23F00703 		bic	r3, r3, #7
 389 006e 9360     		str	r3, [r2, #8]
 204:Drivers/STM32F3xx_HAL_Driver/Src/stm32f3xx_hal_tim_ex.c **** 
 390              		.loc 1 204 3 is_stmt 1 view .LVU128
ARM GAS  C:\Users\nakas\AppData\Local\Temp\ccLYSQiW.s 			page 54


 204:Drivers/STM32F3xx_HAL_Driver/Src/stm32f3xx_hal_tim_ex.c **** 
 391              		.loc 1 204 7 is_stmt 0 view .LVU129
 392 0070 2268     		ldr	r2, [r4]
 204:Drivers/STM32F3xx_HAL_Driver/Src/stm32f3xx_hal_tim_ex.c **** 
 393              		.loc 1 204 17 view .LVU130
 394 0072 9368     		ldr	r3, [r2, #8]
 204:Drivers/STM32F3xx_HAL_Driver/Src/stm32f3xx_hal_tim_ex.c **** 
 395              		.loc 1 204 24 view .LVU131
 396 0074 43F00403 		orr	r3, r3, #4
 397 0078 9360     		str	r3, [r2, #8]
 207:Drivers/STM32F3xx_HAL_Driver/Src/stm32f3xx_hal_tim_ex.c ****   OC_Config.OCIdleState = TIM_OCIDLESTATE_RESET;
 398              		.loc 1 207 3 is_stmt 1 view .LVU132
 207:Drivers/STM32F3xx_HAL_Driver/Src/stm32f3xx_hal_tim_ex.c ****   OC_Config.OCIdleState = TIM_OCIDLESTATE_RESET;
 399              		.loc 1 207 24 is_stmt 0 view .LVU133
 400 007a 0025     		movs	r5, #0
 401 007c 0595     		str	r5, [sp, #20]
 208:Drivers/STM32F3xx_HAL_Driver/Src/stm32f3xx_hal_tim_ex.c ****   OC_Config.OCMode = TIM_OCMODE_PWM2;
 402              		.loc 1 208 3 is_stmt 1 view .LVU134
 208:Drivers/STM32F3xx_HAL_Driver/Src/stm32f3xx_hal_tim_ex.c ****   OC_Config.OCMode = TIM_OCMODE_PWM2;
 403              		.loc 1 208 25 is_stmt 0 view .LVU135
 404 007e 0695     		str	r5, [sp, #24]
 209:Drivers/STM32F3xx_HAL_Driver/Src/stm32f3xx_hal_tim_ex.c ****   OC_Config.OCNIdleState = TIM_OCNIDLESTATE_RESET;
 405              		.loc 1 209 3 is_stmt 1 view .LVU136
 209:Drivers/STM32F3xx_HAL_Driver/Src/stm32f3xx_hal_tim_ex.c ****   OC_Config.OCNIdleState = TIM_OCNIDLESTATE_RESET;
 406              		.loc 1 209 20 is_stmt 0 view .LVU137
 407 0080 7023     		movs	r3, #112
 408 0082 0193     		str	r3, [sp, #4]
 210:Drivers/STM32F3xx_HAL_Driver/Src/stm32f3xx_hal_tim_ex.c ****   OC_Config.OCNPolarity = TIM_OCNPOLARITY_HIGH;
 409              		.loc 1 210 3 is_stmt 1 view .LVU138
 210:Drivers/STM32F3xx_HAL_Driver/Src/stm32f3xx_hal_tim_ex.c ****   OC_Config.OCNPolarity = TIM_OCNPOLARITY_HIGH;
 410              		.loc 1 210 26 is_stmt 0 view .LVU139
 411 0084 0795     		str	r5, [sp, #28]
 211:Drivers/STM32F3xx_HAL_Driver/Src/stm32f3xx_hal_tim_ex.c ****   OC_Config.OCPolarity = TIM_OCPOLARITY_HIGH;
 412              		.loc 1 211 3 is_stmt 1 view .LVU140
 211:Drivers/STM32F3xx_HAL_Driver/Src/stm32f3xx_hal_tim_ex.c ****   OC_Config.OCPolarity = TIM_OCPOLARITY_HIGH;
 413              		.loc 1 211 25 is_stmt 0 view .LVU141
 414 0086 0495     		str	r5, [sp, #16]
 212:Drivers/STM32F3xx_HAL_Driver/Src/stm32f3xx_hal_tim_ex.c ****   OC_Config.Pulse = sConfig->Commutation_Delay;
 415              		.loc 1 212 3 is_stmt 1 view .LVU142
 212:Drivers/STM32F3xx_HAL_Driver/Src/stm32f3xx_hal_tim_ex.c ****   OC_Config.Pulse = sConfig->Commutation_Delay;
 416              		.loc 1 212 24 is_stmt 0 view .LVU143
 417 0088 0395     		str	r5, [sp, #12]
 213:Drivers/STM32F3xx_HAL_Driver/Src/stm32f3xx_hal_tim_ex.c **** 
 418              		.loc 1 213 3 is_stmt 1 view .LVU144
 213:Drivers/STM32F3xx_HAL_Driver/Src/stm32f3xx_hal_tim_ex.c **** 
 419              		.loc 1 213 28 is_stmt 0 view .LVU145
 420 008a F368     		ldr	r3, [r6, #12]
 213:Drivers/STM32F3xx_HAL_Driver/Src/stm32f3xx_hal_tim_ex.c **** 
 421              		.loc 1 213 19 view .LVU146
 422 008c 0293     		str	r3, [sp, #8]
 215:Drivers/STM32F3xx_HAL_Driver/Src/stm32f3xx_hal_tim_ex.c **** 
 423              		.loc 1 215 3 is_stmt 1 view .LVU147
 424 008e 01A9     		add	r1, sp, #4
 425 0090 2068     		ldr	r0, [r4]
 426 0092 FFF7FEFF 		bl	TIM_OC2_SetConfig
 427              	.LVL19:
 219:Drivers/STM32F3xx_HAL_Driver/Src/stm32f3xx_hal_tim_ex.c ****   htim->Instance->CR2 |= TIM_TRGO_OC2REF;
ARM GAS  C:\Users\nakas\AppData\Local\Temp\ccLYSQiW.s 			page 55


 428              		.loc 1 219 3 view .LVU148
 219:Drivers/STM32F3xx_HAL_Driver/Src/stm32f3xx_hal_tim_ex.c ****   htim->Instance->CR2 |= TIM_TRGO_OC2REF;
 429              		.loc 1 219 7 is_stmt 0 view .LVU149
 430 0096 2268     		ldr	r2, [r4]
 219:Drivers/STM32F3xx_HAL_Driver/Src/stm32f3xx_hal_tim_ex.c ****   htim->Instance->CR2 |= TIM_TRGO_OC2REF;
 431              		.loc 1 219 17 view .LVU150
 432 0098 5368     		ldr	r3, [r2, #4]
 219:Drivers/STM32F3xx_HAL_Driver/Src/stm32f3xx_hal_tim_ex.c ****   htim->Instance->CR2 |= TIM_TRGO_OC2REF;
 433              		.loc 1 219 23 view .LVU151
 434 009a 23F07003 		bic	r3, r3, #112
 435 009e 5360     		str	r3, [r2, #4]
 220:Drivers/STM32F3xx_HAL_Driver/Src/stm32f3xx_hal_tim_ex.c **** 
 436              		.loc 1 220 3 is_stmt 1 view .LVU152
 220:Drivers/STM32F3xx_HAL_Driver/Src/stm32f3xx_hal_tim_ex.c **** 
 437              		.loc 1 220 7 is_stmt 0 view .LVU153
 438 00a0 2268     		ldr	r2, [r4]
 220:Drivers/STM32F3xx_HAL_Driver/Src/stm32f3xx_hal_tim_ex.c **** 
 439              		.loc 1 220 17 view .LVU154
 440 00a2 5368     		ldr	r3, [r2, #4]
 220:Drivers/STM32F3xx_HAL_Driver/Src/stm32f3xx_hal_tim_ex.c **** 
 441              		.loc 1 220 23 view .LVU155
 442 00a4 43F05003 		orr	r3, r3, #80
 443 00a8 5360     		str	r3, [r2, #4]
 223:Drivers/STM32F3xx_HAL_Driver/Src/stm32f3xx_hal_tim_ex.c **** 
 444              		.loc 1 223 3 is_stmt 1 view .LVU156
 223:Drivers/STM32F3xx_HAL_Driver/Src/stm32f3xx_hal_tim_ex.c **** 
 445              		.loc 1 223 23 is_stmt 0 view .LVU157
 446 00aa 0123     		movs	r3, #1
 447 00ac 84F84830 		strb	r3, [r4, #72]
 226:Drivers/STM32F3xx_HAL_Driver/Src/stm32f3xx_hal_tim_ex.c ****   TIM_CHANNEL_STATE_SET(htim, TIM_CHANNEL_2, HAL_TIM_CHANNEL_STATE_READY);
 448              		.loc 1 226 3 is_stmt 1 view .LVU158
 449 00b0 84F83E30 		strb	r3, [r4, #62]
 227:Drivers/STM32F3xx_HAL_Driver/Src/stm32f3xx_hal_tim_ex.c ****   TIM_CHANNEL_N_STATE_SET(htim, TIM_CHANNEL_1, HAL_TIM_CHANNEL_STATE_READY);
 450              		.loc 1 227 3 view .LVU159
 451 00b4 84F83F30 		strb	r3, [r4, #63]
 228:Drivers/STM32F3xx_HAL_Driver/Src/stm32f3xx_hal_tim_ex.c ****   TIM_CHANNEL_N_STATE_SET(htim, TIM_CHANNEL_2, HAL_TIM_CHANNEL_STATE_READY);
 452              		.loc 1 228 3 view .LVU160
 453 00b8 84F84430 		strb	r3, [r4, #68]
 229:Drivers/STM32F3xx_HAL_Driver/Src/stm32f3xx_hal_tim_ex.c **** 
 454              		.loc 1 229 3 view .LVU161
 455 00bc 84F84530 		strb	r3, [r4, #69]
 232:Drivers/STM32F3xx_HAL_Driver/Src/stm32f3xx_hal_tim_ex.c **** 
 456              		.loc 1 232 3 view .LVU162
 232:Drivers/STM32F3xx_HAL_Driver/Src/stm32f3xx_hal_tim_ex.c **** 
 457              		.loc 1 232 15 is_stmt 0 view .LVU163
 458 00c0 84F83D30 		strb	r3, [r4, #61]
 234:Drivers/STM32F3xx_HAL_Driver/Src/stm32f3xx_hal_tim_ex.c **** }
 459              		.loc 1 234 3 is_stmt 1 view .LVU164
 234:Drivers/STM32F3xx_HAL_Driver/Src/stm32f3xx_hal_tim_ex.c **** }
 460              		.loc 1 234 10 is_stmt 0 view .LVU165
 461 00c4 2846     		mov	r0, r5
 235:Drivers/STM32F3xx_HAL_Driver/Src/stm32f3xx_hal_tim_ex.c **** 
 462              		.loc 1 235 1 view .LVU166
 463 00c6 08B0     		add	sp, sp, #32
 464              	.LCFI4:
 465              		.cfi_remember_state
 466              		.cfi_def_cfa_offset 16
ARM GAS  C:\Users\nakas\AppData\Local\Temp\ccLYSQiW.s 			page 56


 467              		@ sp needed
 468 00c8 70BD     		pop	{r4, r5, r6, pc}
 469              	.LVL20:
 470              	.L27:
 471              	.LCFI5:
 472              		.cfi_restore_state
 163:Drivers/STM32F3xx_HAL_Driver/Src/stm32f3xx_hal_tim_ex.c **** 
 473              		.loc 1 163 5 is_stmt 1 view .LVU167
 163:Drivers/STM32F3xx_HAL_Driver/Src/stm32f3xx_hal_tim_ex.c **** 
 474              		.loc 1 163 16 is_stmt 0 view .LVU168
 475 00ca 80F83C30 		strb	r3, [r0, #60]
 177:Drivers/STM32F3xx_HAL_Driver/Src/stm32f3xx_hal_tim_ex.c **** #endif /* USE_HAL_TIM_REGISTER_CALLBACKS */
 476              		.loc 1 177 5 is_stmt 1 view .LVU169
 477 00ce FFF7FEFF 		bl	HAL_TIMEx_HallSensor_MspInit
 478              	.LVL21:
 177:Drivers/STM32F3xx_HAL_Driver/Src/stm32f3xx_hal_tim_ex.c **** #endif /* USE_HAL_TIM_REGISTER_CALLBACKS */
 479              		.loc 1 177 5 is_stmt 0 view .LVU170
 480 00d2 9FE7     		b	.L21
 481              	.LVL22:
 482              	.L22:
 483              	.LCFI6:
 484              		.cfi_def_cfa_offset 0
 485              		.cfi_restore 4
 486              		.cfi_restore 5
 487              		.cfi_restore 6
 488              		.cfi_restore 14
 147:Drivers/STM32F3xx_HAL_Driver/Src/stm32f3xx_hal_tim_ex.c ****   }
 489              		.loc 1 147 12 view .LVU171
 490 00d4 0120     		movs	r0, #1
 491              	.LVL23:
 235:Drivers/STM32F3xx_HAL_Driver/Src/stm32f3xx_hal_tim_ex.c **** 
 492              		.loc 1 235 1 view .LVU172
 493 00d6 7047     		bx	lr
 494              		.cfi_endproc
 495              	.LFE123:
 497              		.section	.text.HAL_TIMEx_HallSensor_MspDeInit,"ax",%progbits
 498              		.align	1
 499              		.weak	HAL_TIMEx_HallSensor_MspDeInit
 500              		.syntax unified
 501              		.thumb
 502              		.thumb_func
 504              	HAL_TIMEx_HallSensor_MspDeInit:
 505              	.LVL24:
 506              	.LFB126:
 303:Drivers/STM32F3xx_HAL_Driver/Src/stm32f3xx_hal_tim_ex.c ****   /* Prevent unused argument(s) compilation warning */
 507              		.loc 1 303 1 is_stmt 1 view -0
 508              		.cfi_startproc
 509              		@ args = 0, pretend = 0, frame = 0
 510              		@ frame_needed = 0, uses_anonymous_args = 0
 511              		@ link register save eliminated.
 305:Drivers/STM32F3xx_HAL_Driver/Src/stm32f3xx_hal_tim_ex.c **** 
 512              		.loc 1 305 3 view .LVU174
 310:Drivers/STM32F3xx_HAL_Driver/Src/stm32f3xx_hal_tim_ex.c **** 
 513              		.loc 1 310 1 is_stmt 0 view .LVU175
 514 0000 7047     		bx	lr
 515              		.cfi_endproc
 516              	.LFE126:
ARM GAS  C:\Users\nakas\AppData\Local\Temp\ccLYSQiW.s 			page 57


 518              		.section	.text.HAL_TIMEx_HallSensor_DeInit,"ax",%progbits
 519              		.align	1
 520              		.global	HAL_TIMEx_HallSensor_DeInit
 521              		.syntax unified
 522              		.thumb
 523              		.thumb_func
 525              	HAL_TIMEx_HallSensor_DeInit:
 526              	.LVL25:
 527              	.LFB124:
 243:Drivers/STM32F3xx_HAL_Driver/Src/stm32f3xx_hal_tim_ex.c ****   /* Check the parameters */
 528              		.loc 1 243 1 is_stmt 1 view -0
 529              		.cfi_startproc
 530              		@ args = 0, pretend = 0, frame = 0
 531              		@ frame_needed = 0, uses_anonymous_args = 0
 243:Drivers/STM32F3xx_HAL_Driver/Src/stm32f3xx_hal_tim_ex.c ****   /* Check the parameters */
 532              		.loc 1 243 1 is_stmt 0 view .LVU177
 533 0000 10B5     		push	{r4, lr}
 534              	.LCFI7:
 535              		.cfi_def_cfa_offset 8
 536              		.cfi_offset 4, -8
 537              		.cfi_offset 14, -4
 538 0002 0446     		mov	r4, r0
 245:Drivers/STM32F3xx_HAL_Driver/Src/stm32f3xx_hal_tim_ex.c **** 
 539              		.loc 1 245 3 is_stmt 1 view .LVU178
 247:Drivers/STM32F3xx_HAL_Driver/Src/stm32f3xx_hal_tim_ex.c **** 
 540              		.loc 1 247 3 view .LVU179
 247:Drivers/STM32F3xx_HAL_Driver/Src/stm32f3xx_hal_tim_ex.c **** 
 541              		.loc 1 247 15 is_stmt 0 view .LVU180
 542 0004 0223     		movs	r3, #2
 543 0006 80F83D30 		strb	r3, [r0, #61]
 250:Drivers/STM32F3xx_HAL_Driver/Src/stm32f3xx_hal_tim_ex.c **** 
 544              		.loc 1 250 3 is_stmt 1 view .LVU181
 250:Drivers/STM32F3xx_HAL_Driver/Src/stm32f3xx_hal_tim_ex.c **** 
 545              		.loc 1 250 3 view .LVU182
 546 000a 0368     		ldr	r3, [r0]
 547 000c 196A     		ldr	r1, [r3, #32]
 548 000e 41F21112 		movw	r2, #4369
 549 0012 1142     		tst	r1, r2
 550 0014 08D1     		bne	.L30
 250:Drivers/STM32F3xx_HAL_Driver/Src/stm32f3xx_hal_tim_ex.c **** 
 551              		.loc 1 250 3 discriminator 1 view .LVU183
 552 0016 196A     		ldr	r1, [r3, #32]
 553 0018 40F24442 		movw	r2, #1092
 554 001c 1142     		tst	r1, r2
 555 001e 03D1     		bne	.L30
 250:Drivers/STM32F3xx_HAL_Driver/Src/stm32f3xx_hal_tim_ex.c **** 
 556              		.loc 1 250 3 discriminator 2 view .LVU184
 557 0020 1A68     		ldr	r2, [r3]
 558 0022 22F00102 		bic	r2, r2, #1
 559 0026 1A60     		str	r2, [r3]
 560              	.L30:
 250:Drivers/STM32F3xx_HAL_Driver/Src/stm32f3xx_hal_tim_ex.c **** 
 561              		.loc 1 250 3 view .LVU185
 261:Drivers/STM32F3xx_HAL_Driver/Src/stm32f3xx_hal_tim_ex.c **** #endif /* USE_HAL_TIM_REGISTER_CALLBACKS */
 562              		.loc 1 261 3 view .LVU186
 563 0028 2046     		mov	r0, r4
 564              	.LVL26:
ARM GAS  C:\Users\nakas\AppData\Local\Temp\ccLYSQiW.s 			page 58


 261:Drivers/STM32F3xx_HAL_Driver/Src/stm32f3xx_hal_tim_ex.c **** #endif /* USE_HAL_TIM_REGISTER_CALLBACKS */
 565              		.loc 1 261 3 is_stmt 0 view .LVU187
 566 002a FFF7FEFF 		bl	HAL_TIMEx_HallSensor_MspDeInit
 567              	.LVL27:
 265:Drivers/STM32F3xx_HAL_Driver/Src/stm32f3xx_hal_tim_ex.c **** 
 568              		.loc 1 265 3 is_stmt 1 view .LVU188
 265:Drivers/STM32F3xx_HAL_Driver/Src/stm32f3xx_hal_tim_ex.c **** 
 569              		.loc 1 265 23 is_stmt 0 view .LVU189
 570 002e 0020     		movs	r0, #0
 571 0030 84F84800 		strb	r0, [r4, #72]
 268:Drivers/STM32F3xx_HAL_Driver/Src/stm32f3xx_hal_tim_ex.c ****   TIM_CHANNEL_STATE_SET(htim, TIM_CHANNEL_2, HAL_TIM_CHANNEL_STATE_RESET);
 572              		.loc 1 268 3 is_stmt 1 view .LVU190
 573 0034 84F83E00 		strb	r0, [r4, #62]
 269:Drivers/STM32F3xx_HAL_Driver/Src/stm32f3xx_hal_tim_ex.c ****   TIM_CHANNEL_N_STATE_SET(htim, TIM_CHANNEL_1, HAL_TIM_CHANNEL_STATE_RESET);
 574              		.loc 1 269 3 view .LVU191
 575 0038 84F83F00 		strb	r0, [r4, #63]
 270:Drivers/STM32F3xx_HAL_Driver/Src/stm32f3xx_hal_tim_ex.c ****   TIM_CHANNEL_N_STATE_SET(htim, TIM_CHANNEL_2, HAL_TIM_CHANNEL_STATE_RESET);
 576              		.loc 1 270 3 view .LVU192
 577 003c 84F84400 		strb	r0, [r4, #68]
 271:Drivers/STM32F3xx_HAL_Driver/Src/stm32f3xx_hal_tim_ex.c **** 
 578              		.loc 1 271 3 view .LVU193
 579 0040 84F84500 		strb	r0, [r4, #69]
 274:Drivers/STM32F3xx_HAL_Driver/Src/stm32f3xx_hal_tim_ex.c **** 
 580              		.loc 1 274 3 view .LVU194
 274:Drivers/STM32F3xx_HAL_Driver/Src/stm32f3xx_hal_tim_ex.c **** 
 581              		.loc 1 274 15 is_stmt 0 view .LVU195
 582 0044 84F83D00 		strb	r0, [r4, #61]
 277:Drivers/STM32F3xx_HAL_Driver/Src/stm32f3xx_hal_tim_ex.c **** 
 583              		.loc 1 277 3 is_stmt 1 view .LVU196
 277:Drivers/STM32F3xx_HAL_Driver/Src/stm32f3xx_hal_tim_ex.c **** 
 584              		.loc 1 277 3 view .LVU197
 585 0048 84F83C00 		strb	r0, [r4, #60]
 277:Drivers/STM32F3xx_HAL_Driver/Src/stm32f3xx_hal_tim_ex.c **** 
 586              		.loc 1 277 3 view .LVU198
 279:Drivers/STM32F3xx_HAL_Driver/Src/stm32f3xx_hal_tim_ex.c **** }
 587              		.loc 1 279 3 view .LVU199
 280:Drivers/STM32F3xx_HAL_Driver/Src/stm32f3xx_hal_tim_ex.c **** 
 588              		.loc 1 280 1 is_stmt 0 view .LVU200
 589 004c 10BD     		pop	{r4, pc}
 280:Drivers/STM32F3xx_HAL_Driver/Src/stm32f3xx_hal_tim_ex.c **** 
 590              		.loc 1 280 1 view .LVU201
 591              		.cfi_endproc
 592              	.LFE124:
 594              		.section	.text.HAL_TIMEx_HallSensor_Start,"ax",%progbits
 595              		.align	1
 596              		.global	HAL_TIMEx_HallSensor_Start
 597              		.syntax unified
 598              		.thumb
 599              		.thumb_func
 601              	HAL_TIMEx_HallSensor_Start:
 602              	.LVL28:
 603              	.LFB127:
 318:Drivers/STM32F3xx_HAL_Driver/Src/stm32f3xx_hal_tim_ex.c ****   uint32_t tmpsmcr;
 604              		.loc 1 318 1 is_stmt 1 view -0
 605              		.cfi_startproc
 606              		@ args = 0, pretend = 0, frame = 0
 607              		@ frame_needed = 0, uses_anonymous_args = 0
ARM GAS  C:\Users\nakas\AppData\Local\Temp\ccLYSQiW.s 			page 59


 318:Drivers/STM32F3xx_HAL_Driver/Src/stm32f3xx_hal_tim_ex.c ****   uint32_t tmpsmcr;
 608              		.loc 1 318 1 is_stmt 0 view .LVU203
 609 0000 10B5     		push	{r4, lr}
 610              	.LCFI8:
 611              		.cfi_def_cfa_offset 8
 612              		.cfi_offset 4, -8
 613              		.cfi_offset 14, -4
 614 0002 0446     		mov	r4, r0
 319:Drivers/STM32F3xx_HAL_Driver/Src/stm32f3xx_hal_tim_ex.c ****   HAL_TIM_ChannelStateTypeDef channel_1_state = TIM_CHANNEL_STATE_GET(htim, TIM_CHANNEL_1);
 615              		.loc 1 319 3 is_stmt 1 view .LVU204
 320:Drivers/STM32F3xx_HAL_Driver/Src/stm32f3xx_hal_tim_ex.c ****   HAL_TIM_ChannelStateTypeDef channel_2_state = TIM_CHANNEL_STATE_GET(htim, TIM_CHANNEL_2);
 616              		.loc 1 320 3 view .LVU205
 320:Drivers/STM32F3xx_HAL_Driver/Src/stm32f3xx_hal_tim_ex.c ****   HAL_TIM_ChannelStateTypeDef channel_2_state = TIM_CHANNEL_STATE_GET(htim, TIM_CHANNEL_2);
 617              		.loc 1 320 31 is_stmt 0 view .LVU206
 618 0004 90F83EC0 		ldrb	ip, [r0, #62]	@ zero_extendqisi2
 619              	.LVL29:
 321:Drivers/STM32F3xx_HAL_Driver/Src/stm32f3xx_hal_tim_ex.c ****   HAL_TIM_ChannelStateTypeDef complementary_channel_1_state = TIM_CHANNEL_N_STATE_GET(htim, TIM_CHA
 620              		.loc 1 321 3 is_stmt 1 view .LVU207
 321:Drivers/STM32F3xx_HAL_Driver/Src/stm32f3xx_hal_tim_ex.c ****   HAL_TIM_ChannelStateTypeDef complementary_channel_1_state = TIM_CHANNEL_N_STATE_GET(htim, TIM_CHA
 621              		.loc 1 321 31 is_stmt 0 view .LVU208
 622 0008 90F83F30 		ldrb	r3, [r0, #63]	@ zero_extendqisi2
 623              	.LVL30:
 322:Drivers/STM32F3xx_HAL_Driver/Src/stm32f3xx_hal_tim_ex.c ****   HAL_TIM_ChannelStateTypeDef complementary_channel_2_state = TIM_CHANNEL_N_STATE_GET(htim, TIM_CHA
 624              		.loc 1 322 3 is_stmt 1 view .LVU209
 322:Drivers/STM32F3xx_HAL_Driver/Src/stm32f3xx_hal_tim_ex.c ****   HAL_TIM_ChannelStateTypeDef complementary_channel_2_state = TIM_CHANNEL_N_STATE_GET(htim, TIM_CHA
 625              		.loc 1 322 31 is_stmt 0 view .LVU210
 626 000c 90F84420 		ldrb	r2, [r0, #68]	@ zero_extendqisi2
 627              	.LVL31:
 323:Drivers/STM32F3xx_HAL_Driver/Src/stm32f3xx_hal_tim_ex.c **** 
 628              		.loc 1 323 3 is_stmt 1 view .LVU211
 323:Drivers/STM32F3xx_HAL_Driver/Src/stm32f3xx_hal_tim_ex.c **** 
 629              		.loc 1 323 31 is_stmt 0 view .LVU212
 630 0010 90F84510 		ldrb	r1, [r0, #69]	@ zero_extendqisi2
 631              	.LVL32:
 326:Drivers/STM32F3xx_HAL_Driver/Src/stm32f3xx_hal_tim_ex.c **** 
 632              		.loc 1 326 3 is_stmt 1 view .LVU213
 329:Drivers/STM32F3xx_HAL_Driver/Src/stm32f3xx_hal_tim_ex.c ****       || (channel_2_state != HAL_TIM_CHANNEL_STATE_READY)
 633              		.loc 1 329 3 view .LVU214
 329:Drivers/STM32F3xx_HAL_Driver/Src/stm32f3xx_hal_tim_ex.c ****       || (channel_2_state != HAL_TIM_CHANNEL_STATE_READY)
 634              		.loc 1 329 6 is_stmt 0 view .LVU215
 635 0014 BCF1010F 		cmp	ip, #1
 636 0018 3CD1     		bne	.L36
 637 001a 5FFA8CF0 		uxtb	r0, ip
 638              	.LVL33:
 329:Drivers/STM32F3xx_HAL_Driver/Src/stm32f3xx_hal_tim_ex.c ****       || (channel_2_state != HAL_TIM_CHANNEL_STATE_READY)
 639              		.loc 1 329 6 view .LVU216
 640 001e DBB2     		uxtb	r3, r3
 329:Drivers/STM32F3xx_HAL_Driver/Src/stm32f3xx_hal_tim_ex.c ****       || (channel_2_state != HAL_TIM_CHANNEL_STATE_READY)
 641              		.loc 1 329 6 view .LVU217
 642 0020 D2B2     		uxtb	r2, r2
 329:Drivers/STM32F3xx_HAL_Driver/Src/stm32f3xx_hal_tim_ex.c ****       || (channel_2_state != HAL_TIM_CHANNEL_STATE_READY)
 643              		.loc 1 329 6 view .LVU218
 644 0022 C9B2     		uxtb	r1, r1
 330:Drivers/STM32F3xx_HAL_Driver/Src/stm32f3xx_hal_tim_ex.c ****       || (complementary_channel_1_state != HAL_TIM_CHANNEL_STATE_READY)
 645              		.loc 1 330 7 view .LVU219
 646 0024 012B     		cmp	r3, #1
 647 0026 36D1     		bne	.L33
ARM GAS  C:\Users\nakas\AppData\Local\Temp\ccLYSQiW.s 			page 60


 331:Drivers/STM32F3xx_HAL_Driver/Src/stm32f3xx_hal_tim_ex.c ****       || (complementary_channel_2_state != HAL_TIM_CHANNEL_STATE_READY))
 648              		.loc 1 331 7 view .LVU220
 649 0028 012A     		cmp	r2, #1
 650 002a 35D1     		bne	.L37
 332:Drivers/STM32F3xx_HAL_Driver/Src/stm32f3xx_hal_tim_ex.c ****   {
 651              		.loc 1 332 7 view .LVU221
 652 002c 0129     		cmp	r1, #1
 653 002e 01D0     		beq	.L42
 334:Drivers/STM32F3xx_HAL_Driver/Src/stm32f3xx_hal_tim_ex.c ****   }
 654              		.loc 1 334 12 view .LVU222
 655 0030 1046     		mov	r0, r2
 656 0032 30E0     		b	.L33
 657              	.L42:
 338:Drivers/STM32F3xx_HAL_Driver/Src/stm32f3xx_hal_tim_ex.c ****   TIM_CHANNEL_STATE_SET(htim, TIM_CHANNEL_2, HAL_TIM_CHANNEL_STATE_BUSY);
 658              		.loc 1 338 3 is_stmt 1 view .LVU223
 659 0034 0223     		movs	r3, #2
 660              	.LVL34:
 338:Drivers/STM32F3xx_HAL_Driver/Src/stm32f3xx_hal_tim_ex.c ****   TIM_CHANNEL_STATE_SET(htim, TIM_CHANNEL_2, HAL_TIM_CHANNEL_STATE_BUSY);
 661              		.loc 1 338 3 is_stmt 0 view .LVU224
 662 0036 84F83E30 		strb	r3, [r4, #62]
 339:Drivers/STM32F3xx_HAL_Driver/Src/stm32f3xx_hal_tim_ex.c ****   TIM_CHANNEL_N_STATE_SET(htim, TIM_CHANNEL_1, HAL_TIM_CHANNEL_STATE_BUSY);
 663              		.loc 1 339 3 is_stmt 1 view .LVU225
 664 003a 84F83F30 		strb	r3, [r4, #63]
 340:Drivers/STM32F3xx_HAL_Driver/Src/stm32f3xx_hal_tim_ex.c ****   TIM_CHANNEL_N_STATE_SET(htim, TIM_CHANNEL_2, HAL_TIM_CHANNEL_STATE_BUSY);
 665              		.loc 1 340 3 view .LVU226
 666 003e 84F84430 		strb	r3, [r4, #68]
 341:Drivers/STM32F3xx_HAL_Driver/Src/stm32f3xx_hal_tim_ex.c **** 
 667              		.loc 1 341 3 view .LVU227
 668 0042 84F84530 		strb	r3, [r4, #69]
 346:Drivers/STM32F3xx_HAL_Driver/Src/stm32f3xx_hal_tim_ex.c **** 
 669              		.loc 1 346 3 view .LVU228
 670 0046 0021     		movs	r1, #0
 671              	.LVL35:
 346:Drivers/STM32F3xx_HAL_Driver/Src/stm32f3xx_hal_tim_ex.c **** 
 672              		.loc 1 346 3 is_stmt 0 view .LVU229
 673 0048 2068     		ldr	r0, [r4]
 674 004a FFF7FEFF 		bl	TIM_CCxChannelCmd
 675              	.LVL36:
 349:Drivers/STM32F3xx_HAL_Driver/Src/stm32f3xx_hal_tim_ex.c ****   {
 676              		.loc 1 349 3 is_stmt 1 view .LVU230
 349:Drivers/STM32F3xx_HAL_Driver/Src/stm32f3xx_hal_tim_ex.c ****   {
 677              		.loc 1 349 7 is_stmt 0 view .LVU231
 678 004e 2368     		ldr	r3, [r4]
 349:Drivers/STM32F3xx_HAL_Driver/Src/stm32f3xx_hal_tim_ex.c ****   {
 679              		.loc 1 349 6 view .LVU232
 680 0050 144A     		ldr	r2, .L43
 681 0052 9342     		cmp	r3, r2
 682 0054 10D0     		beq	.L34
 349:Drivers/STM32F3xx_HAL_Driver/Src/stm32f3xx_hal_tim_ex.c ****   {
 683              		.loc 1 349 7 discriminator 1 view .LVU233
 684 0056 B3F1804F 		cmp	r3, #1073741824
 685 005a 0DD0     		beq	.L34
 349:Drivers/STM32F3xx_HAL_Driver/Src/stm32f3xx_hal_tim_ex.c ****   {
 686              		.loc 1 349 7 discriminator 2 view .LVU234
 687 005c A2F59432 		sub	r2, r2, #75776
 688 0060 9342     		cmp	r3, r2
 689 0062 09D0     		beq	.L34
ARM GAS  C:\Users\nakas\AppData\Local\Temp\ccLYSQiW.s 			page 61


 349:Drivers/STM32F3xx_HAL_Driver/Src/stm32f3xx_hal_tim_ex.c ****   {
 690              		.loc 1 349 7 discriminator 3 view .LVU235
 691 0064 02F59E32 		add	r2, r2, #80896
 692 0068 9342     		cmp	r3, r2
 693 006a 05D0     		beq	.L34
 359:Drivers/STM32F3xx_HAL_Driver/Src/stm32f3xx_hal_tim_ex.c ****   }
 694              		.loc 1 359 5 is_stmt 1 view .LVU236
 695 006c 1A68     		ldr	r2, [r3]
 696 006e 42F00102 		orr	r2, r2, #1
 697 0072 1A60     		str	r2, [r3]
 363:Drivers/STM32F3xx_HAL_Driver/Src/stm32f3xx_hal_tim_ex.c **** }
 698              		.loc 1 363 10 is_stmt 0 view .LVU237
 699 0074 0020     		movs	r0, #0
 700 0076 0EE0     		b	.L33
 701              	.L34:
 351:Drivers/STM32F3xx_HAL_Driver/Src/stm32f3xx_hal_tim_ex.c ****     if (!IS_TIM_SLAVEMODE_TRIGGER_ENABLED(tmpsmcr))
 702              		.loc 1 351 5 is_stmt 1 view .LVU238
 351:Drivers/STM32F3xx_HAL_Driver/Src/stm32f3xx_hal_tim_ex.c ****     if (!IS_TIM_SLAVEMODE_TRIGGER_ENABLED(tmpsmcr))
 703              		.loc 1 351 29 is_stmt 0 view .LVU239
 704 0078 9968     		ldr	r1, [r3, #8]
 351:Drivers/STM32F3xx_HAL_Driver/Src/stm32f3xx_hal_tim_ex.c ****     if (!IS_TIM_SLAVEMODE_TRIGGER_ENABLED(tmpsmcr))
 705              		.loc 1 351 13 view .LVU240
 706 007a 0B4A     		ldr	r2, .L43+4
 707 007c 0A40     		ands	r2, r2, r1
 708              	.LVL37:
 352:Drivers/STM32F3xx_HAL_Driver/Src/stm32f3xx_hal_tim_ex.c ****     {
 709              		.loc 1 352 5 is_stmt 1 view .LVU241
 352:Drivers/STM32F3xx_HAL_Driver/Src/stm32f3xx_hal_tim_ex.c ****     {
 710              		.loc 1 352 8 is_stmt 0 view .LVU242
 711 007e 062A     		cmp	r2, #6
 712 0080 0CD0     		beq	.L39
 352:Drivers/STM32F3xx_HAL_Driver/Src/stm32f3xx_hal_tim_ex.c ****     {
 713              		.loc 1 352 9 discriminator 1 view .LVU243
 714 0082 B2F5803F 		cmp	r2, #65536
 715 0086 0BD0     		beq	.L40
 354:Drivers/STM32F3xx_HAL_Driver/Src/stm32f3xx_hal_tim_ex.c ****     }
 716              		.loc 1 354 7 is_stmt 1 view .LVU244
 717 0088 1A68     		ldr	r2, [r3]
 718              	.LVL38:
 354:Drivers/STM32F3xx_HAL_Driver/Src/stm32f3xx_hal_tim_ex.c ****     }
 719              		.loc 1 354 7 is_stmt 0 view .LVU245
 720 008a 42F00102 		orr	r2, r2, #1
 721 008e 1A60     		str	r2, [r3]
 363:Drivers/STM32F3xx_HAL_Driver/Src/stm32f3xx_hal_tim_ex.c **** }
 722              		.loc 1 363 10 view .LVU246
 723 0090 0020     		movs	r0, #0
 724 0092 00E0     		b	.L33
 725              	.LVL39:
 726              	.L36:
 334:Drivers/STM32F3xx_HAL_Driver/Src/stm32f3xx_hal_tim_ex.c ****   }
 727              		.loc 1 334 12 view .LVU247
 728 0094 0120     		movs	r0, #1
 729              	.LVL40:
 730              	.L33:
 364:Drivers/STM32F3xx_HAL_Driver/Src/stm32f3xx_hal_tim_ex.c **** 
 731              		.loc 1 364 1 view .LVU248
 732 0096 10BD     		pop	{r4, pc}
ARM GAS  C:\Users\nakas\AppData\Local\Temp\ccLYSQiW.s 			page 62


 733              	.LVL41:
 734              	.L37:
 334:Drivers/STM32F3xx_HAL_Driver/Src/stm32f3xx_hal_tim_ex.c ****   }
 735              		.loc 1 334 12 view .LVU249
 736 0098 1846     		mov	r0, r3
 737 009a FCE7     		b	.L33
 738              	.LVL42:
 739              	.L39:
 363:Drivers/STM32F3xx_HAL_Driver/Src/stm32f3xx_hal_tim_ex.c **** }
 740              		.loc 1 363 10 view .LVU250
 741 009c 0020     		movs	r0, #0
 742 009e FAE7     		b	.L33
 743              	.L40:
 744 00a0 0020     		movs	r0, #0
 745 00a2 F8E7     		b	.L33
 746              	.L44:
 747              		.align	2
 748              	.L43:
 749 00a4 002C0140 		.word	1073818624
 750 00a8 07000100 		.word	65543
 751              		.cfi_endproc
 752              	.LFE127:
 754              		.section	.text.HAL_TIMEx_HallSensor_Stop,"ax",%progbits
 755              		.align	1
 756              		.global	HAL_TIMEx_HallSensor_Stop
 757              		.syntax unified
 758              		.thumb
 759              		.thumb_func
 761              	HAL_TIMEx_HallSensor_Stop:
 762              	.LVL43:
 763              	.LFB128:
 372:Drivers/STM32F3xx_HAL_Driver/Src/stm32f3xx_hal_tim_ex.c ****   /* Check the parameters */
 764              		.loc 1 372 1 is_stmt 1 view -0
 765              		.cfi_startproc
 766              		@ args = 0, pretend = 0, frame = 0
 767              		@ frame_needed = 0, uses_anonymous_args = 0
 372:Drivers/STM32F3xx_HAL_Driver/Src/stm32f3xx_hal_tim_ex.c ****   /* Check the parameters */
 768              		.loc 1 372 1 is_stmt 0 view .LVU252
 769 0000 10B5     		push	{r4, lr}
 770              	.LCFI9:
 771              		.cfi_def_cfa_offset 8
 772              		.cfi_offset 4, -8
 773              		.cfi_offset 14, -4
 774 0002 0446     		mov	r4, r0
 374:Drivers/STM32F3xx_HAL_Driver/Src/stm32f3xx_hal_tim_ex.c **** 
 775              		.loc 1 374 3 is_stmt 1 view .LVU253
 379:Drivers/STM32F3xx_HAL_Driver/Src/stm32f3xx_hal_tim_ex.c **** 
 776              		.loc 1 379 3 view .LVU254
 777 0004 0022     		movs	r2, #0
 778 0006 1146     		mov	r1, r2
 779 0008 0068     		ldr	r0, [r0]
 780              	.LVL44:
 379:Drivers/STM32F3xx_HAL_Driver/Src/stm32f3xx_hal_tim_ex.c **** 
 781              		.loc 1 379 3 is_stmt 0 view .LVU255
 782 000a FFF7FEFF 		bl	TIM_CCxChannelCmd
 783              	.LVL45:
 382:Drivers/STM32F3xx_HAL_Driver/Src/stm32f3xx_hal_tim_ex.c **** 
ARM GAS  C:\Users\nakas\AppData\Local\Temp\ccLYSQiW.s 			page 63


 784              		.loc 1 382 3 is_stmt 1 view .LVU256
 382:Drivers/STM32F3xx_HAL_Driver/Src/stm32f3xx_hal_tim_ex.c **** 
 785              		.loc 1 382 3 view .LVU257
 786 000e 2368     		ldr	r3, [r4]
 787 0010 196A     		ldr	r1, [r3, #32]
 788 0012 41F21112 		movw	r2, #4369
 789 0016 1142     		tst	r1, r2
 790 0018 08D1     		bne	.L46
 382:Drivers/STM32F3xx_HAL_Driver/Src/stm32f3xx_hal_tim_ex.c **** 
 791              		.loc 1 382 3 discriminator 1 view .LVU258
 792 001a 196A     		ldr	r1, [r3, #32]
 793 001c 40F24442 		movw	r2, #1092
 794 0020 1142     		tst	r1, r2
 795 0022 03D1     		bne	.L46
 382:Drivers/STM32F3xx_HAL_Driver/Src/stm32f3xx_hal_tim_ex.c **** 
 796              		.loc 1 382 3 discriminator 2 view .LVU259
 797 0024 1A68     		ldr	r2, [r3]
 798 0026 22F00102 		bic	r2, r2, #1
 799 002a 1A60     		str	r2, [r3]
 800              	.L46:
 382:Drivers/STM32F3xx_HAL_Driver/Src/stm32f3xx_hal_tim_ex.c **** 
 801              		.loc 1 382 3 view .LVU260
 385:Drivers/STM32F3xx_HAL_Driver/Src/stm32f3xx_hal_tim_ex.c ****   TIM_CHANNEL_STATE_SET(htim, TIM_CHANNEL_2, HAL_TIM_CHANNEL_STATE_READY);
 802              		.loc 1 385 3 view .LVU261
 803 002c 0123     		movs	r3, #1
 804 002e 84F83E30 		strb	r3, [r4, #62]
 386:Drivers/STM32F3xx_HAL_Driver/Src/stm32f3xx_hal_tim_ex.c ****   TIM_CHANNEL_N_STATE_SET(htim, TIM_CHANNEL_1, HAL_TIM_CHANNEL_STATE_READY);
 805              		.loc 1 386 3 view .LVU262
 806 0032 84F83F30 		strb	r3, [r4, #63]
 387:Drivers/STM32F3xx_HAL_Driver/Src/stm32f3xx_hal_tim_ex.c ****   TIM_CHANNEL_N_STATE_SET(htim, TIM_CHANNEL_2, HAL_TIM_CHANNEL_STATE_READY);
 807              		.loc 1 387 3 view .LVU263
 808 0036 84F84430 		strb	r3, [r4, #68]
 388:Drivers/STM32F3xx_HAL_Driver/Src/stm32f3xx_hal_tim_ex.c **** 
 809              		.loc 1 388 3 view .LVU264
 810 003a 84F84530 		strb	r3, [r4, #69]
 391:Drivers/STM32F3xx_HAL_Driver/Src/stm32f3xx_hal_tim_ex.c **** }
 811              		.loc 1 391 3 view .LVU265
 392:Drivers/STM32F3xx_HAL_Driver/Src/stm32f3xx_hal_tim_ex.c **** 
 812              		.loc 1 392 1 is_stmt 0 view .LVU266
 813 003e 0020     		movs	r0, #0
 814 0040 10BD     		pop	{r4, pc}
 392:Drivers/STM32F3xx_HAL_Driver/Src/stm32f3xx_hal_tim_ex.c **** 
 815              		.loc 1 392 1 view .LVU267
 816              		.cfi_endproc
 817              	.LFE128:
 819              		.section	.text.HAL_TIMEx_HallSensor_Start_IT,"ax",%progbits
 820              		.align	1
 821              		.global	HAL_TIMEx_HallSensor_Start_IT
 822              		.syntax unified
 823              		.thumb
 824              		.thumb_func
 826              	HAL_TIMEx_HallSensor_Start_IT:
 827              	.LVL46:
 828              	.LFB129:
 400:Drivers/STM32F3xx_HAL_Driver/Src/stm32f3xx_hal_tim_ex.c ****   uint32_t tmpsmcr;
 829              		.loc 1 400 1 is_stmt 1 view -0
 830              		.cfi_startproc
ARM GAS  C:\Users\nakas\AppData\Local\Temp\ccLYSQiW.s 			page 64


 831              		@ args = 0, pretend = 0, frame = 0
 832              		@ frame_needed = 0, uses_anonymous_args = 0
 400:Drivers/STM32F3xx_HAL_Driver/Src/stm32f3xx_hal_tim_ex.c ****   uint32_t tmpsmcr;
 833              		.loc 1 400 1 is_stmt 0 view .LVU269
 834 0000 10B5     		push	{r4, lr}
 835              	.LCFI10:
 836              		.cfi_def_cfa_offset 8
 837              		.cfi_offset 4, -8
 838              		.cfi_offset 14, -4
 839 0002 0446     		mov	r4, r0
 401:Drivers/STM32F3xx_HAL_Driver/Src/stm32f3xx_hal_tim_ex.c ****   HAL_TIM_ChannelStateTypeDef channel_1_state = TIM_CHANNEL_STATE_GET(htim, TIM_CHANNEL_1);
 840              		.loc 1 401 3 is_stmt 1 view .LVU270
 402:Drivers/STM32F3xx_HAL_Driver/Src/stm32f3xx_hal_tim_ex.c ****   HAL_TIM_ChannelStateTypeDef channel_2_state = TIM_CHANNEL_STATE_GET(htim, TIM_CHANNEL_2);
 841              		.loc 1 402 3 view .LVU271
 402:Drivers/STM32F3xx_HAL_Driver/Src/stm32f3xx_hal_tim_ex.c ****   HAL_TIM_ChannelStateTypeDef channel_2_state = TIM_CHANNEL_STATE_GET(htim, TIM_CHANNEL_2);
 842              		.loc 1 402 31 is_stmt 0 view .LVU272
 843 0004 90F83EC0 		ldrb	ip, [r0, #62]	@ zero_extendqisi2
 844              	.LVL47:
 403:Drivers/STM32F3xx_HAL_Driver/Src/stm32f3xx_hal_tim_ex.c ****   HAL_TIM_ChannelStateTypeDef complementary_channel_1_state = TIM_CHANNEL_N_STATE_GET(htim, TIM_CHA
 845              		.loc 1 403 3 is_stmt 1 view .LVU273
 403:Drivers/STM32F3xx_HAL_Driver/Src/stm32f3xx_hal_tim_ex.c ****   HAL_TIM_ChannelStateTypeDef complementary_channel_1_state = TIM_CHANNEL_N_STATE_GET(htim, TIM_CHA
 846              		.loc 1 403 31 is_stmt 0 view .LVU274
 847 0008 90F83F30 		ldrb	r3, [r0, #63]	@ zero_extendqisi2
 848              	.LVL48:
 404:Drivers/STM32F3xx_HAL_Driver/Src/stm32f3xx_hal_tim_ex.c ****   HAL_TIM_ChannelStateTypeDef complementary_channel_2_state = TIM_CHANNEL_N_STATE_GET(htim, TIM_CHA
 849              		.loc 1 404 3 is_stmt 1 view .LVU275
 404:Drivers/STM32F3xx_HAL_Driver/Src/stm32f3xx_hal_tim_ex.c ****   HAL_TIM_ChannelStateTypeDef complementary_channel_2_state = TIM_CHANNEL_N_STATE_GET(htim, TIM_CHA
 850              		.loc 1 404 31 is_stmt 0 view .LVU276
 851 000c 90F84420 		ldrb	r2, [r0, #68]	@ zero_extendqisi2
 852              	.LVL49:
 405:Drivers/STM32F3xx_HAL_Driver/Src/stm32f3xx_hal_tim_ex.c **** 
 853              		.loc 1 405 3 is_stmt 1 view .LVU277
 405:Drivers/STM32F3xx_HAL_Driver/Src/stm32f3xx_hal_tim_ex.c **** 
 854              		.loc 1 405 31 is_stmt 0 view .LVU278
 855 0010 90F84510 		ldrb	r1, [r0, #69]	@ zero_extendqisi2
 856              	.LVL50:
 408:Drivers/STM32F3xx_HAL_Driver/Src/stm32f3xx_hal_tim_ex.c **** 
 857              		.loc 1 408 3 is_stmt 1 view .LVU279
 411:Drivers/STM32F3xx_HAL_Driver/Src/stm32f3xx_hal_tim_ex.c ****       || (channel_2_state != HAL_TIM_CHANNEL_STATE_READY)
 858              		.loc 1 411 3 view .LVU280
 411:Drivers/STM32F3xx_HAL_Driver/Src/stm32f3xx_hal_tim_ex.c ****       || (channel_2_state != HAL_TIM_CHANNEL_STATE_READY)
 859              		.loc 1 411 6 is_stmt 0 view .LVU281
 860 0014 BCF1010F 		cmp	ip, #1
 861 0018 42D1     		bne	.L52
 862 001a 5FFA8CF0 		uxtb	r0, ip
 863              	.LVL51:
 411:Drivers/STM32F3xx_HAL_Driver/Src/stm32f3xx_hal_tim_ex.c ****       || (channel_2_state != HAL_TIM_CHANNEL_STATE_READY)
 864              		.loc 1 411 6 view .LVU282
 865 001e DBB2     		uxtb	r3, r3
 411:Drivers/STM32F3xx_HAL_Driver/Src/stm32f3xx_hal_tim_ex.c ****       || (channel_2_state != HAL_TIM_CHANNEL_STATE_READY)
 866              		.loc 1 411 6 view .LVU283
 867 0020 D2B2     		uxtb	r2, r2
 411:Drivers/STM32F3xx_HAL_Driver/Src/stm32f3xx_hal_tim_ex.c ****       || (channel_2_state != HAL_TIM_CHANNEL_STATE_READY)
 868              		.loc 1 411 6 view .LVU284
 869 0022 C9B2     		uxtb	r1, r1
 412:Drivers/STM32F3xx_HAL_Driver/Src/stm32f3xx_hal_tim_ex.c ****       || (complementary_channel_1_state != HAL_TIM_CHANNEL_STATE_READY)
 870              		.loc 1 412 7 view .LVU285
ARM GAS  C:\Users\nakas\AppData\Local\Temp\ccLYSQiW.s 			page 65


 871 0024 012B     		cmp	r3, #1
 872 0026 3CD1     		bne	.L49
 413:Drivers/STM32F3xx_HAL_Driver/Src/stm32f3xx_hal_tim_ex.c ****       || (complementary_channel_2_state != HAL_TIM_CHANNEL_STATE_READY))
 873              		.loc 1 413 7 view .LVU286
 874 0028 012A     		cmp	r2, #1
 875 002a 3BD1     		bne	.L53
 414:Drivers/STM32F3xx_HAL_Driver/Src/stm32f3xx_hal_tim_ex.c ****   {
 876              		.loc 1 414 7 view .LVU287
 877 002c 0129     		cmp	r1, #1
 878 002e 01D0     		beq	.L58
 416:Drivers/STM32F3xx_HAL_Driver/Src/stm32f3xx_hal_tim_ex.c ****   }
 879              		.loc 1 416 12 view .LVU288
 880 0030 1046     		mov	r0, r2
 881 0032 36E0     		b	.L49
 882              	.L58:
 420:Drivers/STM32F3xx_HAL_Driver/Src/stm32f3xx_hal_tim_ex.c ****   TIM_CHANNEL_STATE_SET(htim, TIM_CHANNEL_2, HAL_TIM_CHANNEL_STATE_BUSY);
 883              		.loc 1 420 3 is_stmt 1 view .LVU289
 884 0034 0223     		movs	r3, #2
 885              	.LVL52:
 420:Drivers/STM32F3xx_HAL_Driver/Src/stm32f3xx_hal_tim_ex.c ****   TIM_CHANNEL_STATE_SET(htim, TIM_CHANNEL_2, HAL_TIM_CHANNEL_STATE_BUSY);
 886              		.loc 1 420 3 is_stmt 0 view .LVU290
 887 0036 84F83E30 		strb	r3, [r4, #62]
 421:Drivers/STM32F3xx_HAL_Driver/Src/stm32f3xx_hal_tim_ex.c ****   TIM_CHANNEL_N_STATE_SET(htim, TIM_CHANNEL_1, HAL_TIM_CHANNEL_STATE_BUSY);
 888              		.loc 1 421 3 is_stmt 1 view .LVU291
 889 003a 84F83F30 		strb	r3, [r4, #63]
 422:Drivers/STM32F3xx_HAL_Driver/Src/stm32f3xx_hal_tim_ex.c ****   TIM_CHANNEL_N_STATE_SET(htim, TIM_CHANNEL_2, HAL_TIM_CHANNEL_STATE_BUSY);
 890              		.loc 1 422 3 view .LVU292
 891 003e 84F84430 		strb	r3, [r4, #68]
 423:Drivers/STM32F3xx_HAL_Driver/Src/stm32f3xx_hal_tim_ex.c **** 
 892              		.loc 1 423 3 view .LVU293
 893 0042 84F84530 		strb	r3, [r4, #69]
 426:Drivers/STM32F3xx_HAL_Driver/Src/stm32f3xx_hal_tim_ex.c **** 
 894              		.loc 1 426 3 view .LVU294
 895 0046 2268     		ldr	r2, [r4]
 896              	.LVL53:
 426:Drivers/STM32F3xx_HAL_Driver/Src/stm32f3xx_hal_tim_ex.c **** 
 897              		.loc 1 426 3 is_stmt 0 view .LVU295
 898 0048 D368     		ldr	r3, [r2, #12]
 899 004a 43F00203 		orr	r3, r3, #2
 900 004e D360     		str	r3, [r2, #12]
 431:Drivers/STM32F3xx_HAL_Driver/Src/stm32f3xx_hal_tim_ex.c **** 
 901              		.loc 1 431 3 is_stmt 1 view .LVU296
 902 0050 0122     		movs	r2, #1
 903 0052 0021     		movs	r1, #0
 904              	.LVL54:
 431:Drivers/STM32F3xx_HAL_Driver/Src/stm32f3xx_hal_tim_ex.c **** 
 905              		.loc 1 431 3 is_stmt 0 view .LVU297
 906 0054 2068     		ldr	r0, [r4]
 907 0056 FFF7FEFF 		bl	TIM_CCxChannelCmd
 908              	.LVL55:
 434:Drivers/STM32F3xx_HAL_Driver/Src/stm32f3xx_hal_tim_ex.c ****   {
 909              		.loc 1 434 3 is_stmt 1 view .LVU298
 434:Drivers/STM32F3xx_HAL_Driver/Src/stm32f3xx_hal_tim_ex.c ****   {
 910              		.loc 1 434 7 is_stmt 0 view .LVU299
 911 005a 2368     		ldr	r3, [r4]
 434:Drivers/STM32F3xx_HAL_Driver/Src/stm32f3xx_hal_tim_ex.c ****   {
 912              		.loc 1 434 6 view .LVU300
ARM GAS  C:\Users\nakas\AppData\Local\Temp\ccLYSQiW.s 			page 66


 913 005c 144A     		ldr	r2, .L59
 914 005e 9342     		cmp	r3, r2
 915 0060 10D0     		beq	.L50
 434:Drivers/STM32F3xx_HAL_Driver/Src/stm32f3xx_hal_tim_ex.c ****   {
 916              		.loc 1 434 7 discriminator 1 view .LVU301
 917 0062 B3F1804F 		cmp	r3, #1073741824
 918 0066 0DD0     		beq	.L50
 434:Drivers/STM32F3xx_HAL_Driver/Src/stm32f3xx_hal_tim_ex.c ****   {
 919              		.loc 1 434 7 discriminator 2 view .LVU302
 920 0068 A2F59432 		sub	r2, r2, #75776
 921 006c 9342     		cmp	r3, r2
 922 006e 09D0     		beq	.L50
 434:Drivers/STM32F3xx_HAL_Driver/Src/stm32f3xx_hal_tim_ex.c ****   {
 923              		.loc 1 434 7 discriminator 3 view .LVU303
 924 0070 02F59E32 		add	r2, r2, #80896
 925 0074 9342     		cmp	r3, r2
 926 0076 05D0     		beq	.L50
 444:Drivers/STM32F3xx_HAL_Driver/Src/stm32f3xx_hal_tim_ex.c ****   }
 927              		.loc 1 444 5 is_stmt 1 view .LVU304
 928 0078 1A68     		ldr	r2, [r3]
 929 007a 42F00102 		orr	r2, r2, #1
 930 007e 1A60     		str	r2, [r3]
 448:Drivers/STM32F3xx_HAL_Driver/Src/stm32f3xx_hal_tim_ex.c **** }
 931              		.loc 1 448 10 is_stmt 0 view .LVU305
 932 0080 0020     		movs	r0, #0
 933 0082 0EE0     		b	.L49
 934              	.L50:
 436:Drivers/STM32F3xx_HAL_Driver/Src/stm32f3xx_hal_tim_ex.c ****     if (!IS_TIM_SLAVEMODE_TRIGGER_ENABLED(tmpsmcr))
 935              		.loc 1 436 5 is_stmt 1 view .LVU306
 436:Drivers/STM32F3xx_HAL_Driver/Src/stm32f3xx_hal_tim_ex.c ****     if (!IS_TIM_SLAVEMODE_TRIGGER_ENABLED(tmpsmcr))
 936              		.loc 1 436 29 is_stmt 0 view .LVU307
 937 0084 9968     		ldr	r1, [r3, #8]
 436:Drivers/STM32F3xx_HAL_Driver/Src/stm32f3xx_hal_tim_ex.c ****     if (!IS_TIM_SLAVEMODE_TRIGGER_ENABLED(tmpsmcr))
 938              		.loc 1 436 13 view .LVU308
 939 0086 0B4A     		ldr	r2, .L59+4
 940 0088 0A40     		ands	r2, r2, r1
 941              	.LVL56:
 437:Drivers/STM32F3xx_HAL_Driver/Src/stm32f3xx_hal_tim_ex.c ****     {
 942              		.loc 1 437 5 is_stmt 1 view .LVU309
 437:Drivers/STM32F3xx_HAL_Driver/Src/stm32f3xx_hal_tim_ex.c ****     {
 943              		.loc 1 437 8 is_stmt 0 view .LVU310
 944 008a 062A     		cmp	r2, #6
 945 008c 0CD0     		beq	.L55
 437:Drivers/STM32F3xx_HAL_Driver/Src/stm32f3xx_hal_tim_ex.c ****     {
 946              		.loc 1 437 9 discriminator 1 view .LVU311
 947 008e B2F5803F 		cmp	r2, #65536
 948 0092 0BD0     		beq	.L56
 439:Drivers/STM32F3xx_HAL_Driver/Src/stm32f3xx_hal_tim_ex.c ****     }
 949              		.loc 1 439 7 is_stmt 1 view .LVU312
 950 0094 1A68     		ldr	r2, [r3]
 951              	.LVL57:
 439:Drivers/STM32F3xx_HAL_Driver/Src/stm32f3xx_hal_tim_ex.c ****     }
 952              		.loc 1 439 7 is_stmt 0 view .LVU313
 953 0096 42F00102 		orr	r2, r2, #1
 954 009a 1A60     		str	r2, [r3]
 448:Drivers/STM32F3xx_HAL_Driver/Src/stm32f3xx_hal_tim_ex.c **** }
 955              		.loc 1 448 10 view .LVU314
ARM GAS  C:\Users\nakas\AppData\Local\Temp\ccLYSQiW.s 			page 67


 956 009c 0020     		movs	r0, #0
 957 009e 00E0     		b	.L49
 958              	.LVL58:
 959              	.L52:
 416:Drivers/STM32F3xx_HAL_Driver/Src/stm32f3xx_hal_tim_ex.c ****   }
 960              		.loc 1 416 12 view .LVU315
 961 00a0 0120     		movs	r0, #1
 962              	.LVL59:
 963              	.L49:
 449:Drivers/STM32F3xx_HAL_Driver/Src/stm32f3xx_hal_tim_ex.c **** 
 964              		.loc 1 449 1 view .LVU316
 965 00a2 10BD     		pop	{r4, pc}
 966              	.LVL60:
 967              	.L53:
 416:Drivers/STM32F3xx_HAL_Driver/Src/stm32f3xx_hal_tim_ex.c ****   }
 968              		.loc 1 416 12 view .LVU317
 969 00a4 1846     		mov	r0, r3
 970 00a6 FCE7     		b	.L49
 971              	.LVL61:
 972              	.L55:
 448:Drivers/STM32F3xx_HAL_Driver/Src/stm32f3xx_hal_tim_ex.c **** }
 973              		.loc 1 448 10 view .LVU318
 974 00a8 0020     		movs	r0, #0
 975 00aa FAE7     		b	.L49
 976              	.L56:
 977 00ac 0020     		movs	r0, #0
 978 00ae F8E7     		b	.L49
 979              	.L60:
 980              		.align	2
 981              	.L59:
 982 00b0 002C0140 		.word	1073818624
 983 00b4 07000100 		.word	65543
 984              		.cfi_endproc
 985              	.LFE129:
 987              		.section	.text.HAL_TIMEx_HallSensor_Stop_IT,"ax",%progbits
 988              		.align	1
 989              		.global	HAL_TIMEx_HallSensor_Stop_IT
 990              		.syntax unified
 991              		.thumb
 992              		.thumb_func
 994              	HAL_TIMEx_HallSensor_Stop_IT:
 995              	.LVL62:
 996              	.LFB130:
 457:Drivers/STM32F3xx_HAL_Driver/Src/stm32f3xx_hal_tim_ex.c ****   /* Check the parameters */
 997              		.loc 1 457 1 is_stmt 1 view -0
 998              		.cfi_startproc
 999              		@ args = 0, pretend = 0, frame = 0
 1000              		@ frame_needed = 0, uses_anonymous_args = 0
 457:Drivers/STM32F3xx_HAL_Driver/Src/stm32f3xx_hal_tim_ex.c ****   /* Check the parameters */
 1001              		.loc 1 457 1 is_stmt 0 view .LVU320
 1002 0000 10B5     		push	{r4, lr}
 1003              	.LCFI11:
 1004              		.cfi_def_cfa_offset 8
 1005              		.cfi_offset 4, -8
 1006              		.cfi_offset 14, -4
 1007 0002 0446     		mov	r4, r0
 459:Drivers/STM32F3xx_HAL_Driver/Src/stm32f3xx_hal_tim_ex.c **** 
ARM GAS  C:\Users\nakas\AppData\Local\Temp\ccLYSQiW.s 			page 68


 1008              		.loc 1 459 3 is_stmt 1 view .LVU321
 464:Drivers/STM32F3xx_HAL_Driver/Src/stm32f3xx_hal_tim_ex.c **** 
 1009              		.loc 1 464 3 view .LVU322
 1010 0004 0022     		movs	r2, #0
 1011 0006 1146     		mov	r1, r2
 1012 0008 0068     		ldr	r0, [r0]
 1013              	.LVL63:
 464:Drivers/STM32F3xx_HAL_Driver/Src/stm32f3xx_hal_tim_ex.c **** 
 1014              		.loc 1 464 3 is_stmt 0 view .LVU323
 1015 000a FFF7FEFF 		bl	TIM_CCxChannelCmd
 1016              	.LVL64:
 467:Drivers/STM32F3xx_HAL_Driver/Src/stm32f3xx_hal_tim_ex.c **** 
 1017              		.loc 1 467 3 is_stmt 1 view .LVU324
 1018 000e 2268     		ldr	r2, [r4]
 1019 0010 D368     		ldr	r3, [r2, #12]
 1020 0012 23F00203 		bic	r3, r3, #2
 1021 0016 D360     		str	r3, [r2, #12]
 470:Drivers/STM32F3xx_HAL_Driver/Src/stm32f3xx_hal_tim_ex.c **** 
 1022              		.loc 1 470 3 view .LVU325
 470:Drivers/STM32F3xx_HAL_Driver/Src/stm32f3xx_hal_tim_ex.c **** 
 1023              		.loc 1 470 3 view .LVU326
 1024 0018 2368     		ldr	r3, [r4]
 1025 001a 196A     		ldr	r1, [r3, #32]
 1026 001c 41F21112 		movw	r2, #4369
 1027 0020 1142     		tst	r1, r2
 1028 0022 08D1     		bne	.L62
 470:Drivers/STM32F3xx_HAL_Driver/Src/stm32f3xx_hal_tim_ex.c **** 
 1029              		.loc 1 470 3 discriminator 1 view .LVU327
 1030 0024 196A     		ldr	r1, [r3, #32]
 1031 0026 40F24442 		movw	r2, #1092
 1032 002a 1142     		tst	r1, r2
 1033 002c 03D1     		bne	.L62
 470:Drivers/STM32F3xx_HAL_Driver/Src/stm32f3xx_hal_tim_ex.c **** 
 1034              		.loc 1 470 3 discriminator 2 view .LVU328
 1035 002e 1A68     		ldr	r2, [r3]
 1036 0030 22F00102 		bic	r2, r2, #1
 1037 0034 1A60     		str	r2, [r3]
 1038              	.L62:
 470:Drivers/STM32F3xx_HAL_Driver/Src/stm32f3xx_hal_tim_ex.c **** 
 1039              		.loc 1 470 3 view .LVU329
 473:Drivers/STM32F3xx_HAL_Driver/Src/stm32f3xx_hal_tim_ex.c ****   TIM_CHANNEL_STATE_SET(htim, TIM_CHANNEL_2, HAL_TIM_CHANNEL_STATE_READY);
 1040              		.loc 1 473 3 view .LVU330
 1041 0036 0123     		movs	r3, #1
 1042 0038 84F83E30 		strb	r3, [r4, #62]
 474:Drivers/STM32F3xx_HAL_Driver/Src/stm32f3xx_hal_tim_ex.c ****   TIM_CHANNEL_N_STATE_SET(htim, TIM_CHANNEL_1, HAL_TIM_CHANNEL_STATE_READY);
 1043              		.loc 1 474 3 view .LVU331
 1044 003c 84F83F30 		strb	r3, [r4, #63]
 475:Drivers/STM32F3xx_HAL_Driver/Src/stm32f3xx_hal_tim_ex.c ****   TIM_CHANNEL_N_STATE_SET(htim, TIM_CHANNEL_2, HAL_TIM_CHANNEL_STATE_READY);
 1045              		.loc 1 475 3 view .LVU332
 1046 0040 84F84430 		strb	r3, [r4, #68]
 476:Drivers/STM32F3xx_HAL_Driver/Src/stm32f3xx_hal_tim_ex.c **** 
 1047              		.loc 1 476 3 view .LVU333
 1048 0044 84F84530 		strb	r3, [r4, #69]
 479:Drivers/STM32F3xx_HAL_Driver/Src/stm32f3xx_hal_tim_ex.c **** }
 1049              		.loc 1 479 3 view .LVU334
 480:Drivers/STM32F3xx_HAL_Driver/Src/stm32f3xx_hal_tim_ex.c **** 
 1050              		.loc 1 480 1 is_stmt 0 view .LVU335
ARM GAS  C:\Users\nakas\AppData\Local\Temp\ccLYSQiW.s 			page 69


 1051 0048 0020     		movs	r0, #0
 1052 004a 10BD     		pop	{r4, pc}
 480:Drivers/STM32F3xx_HAL_Driver/Src/stm32f3xx_hal_tim_ex.c **** 
 1053              		.loc 1 480 1 view .LVU336
 1054              		.cfi_endproc
 1055              	.LFE130:
 1057              		.section	.text.HAL_TIMEx_HallSensor_Start_DMA,"ax",%progbits
 1058              		.align	1
 1059              		.global	HAL_TIMEx_HallSensor_Start_DMA
 1060              		.syntax unified
 1061              		.thumb
 1062              		.thumb_func
 1064              	HAL_TIMEx_HallSensor_Start_DMA:
 1065              	.LVL65:
 1066              	.LFB131:
 490:Drivers/STM32F3xx_HAL_Driver/Src/stm32f3xx_hal_tim_ex.c ****   uint32_t tmpsmcr;
 1067              		.loc 1 490 1 is_stmt 1 view -0
 1068              		.cfi_startproc
 1069              		@ args = 0, pretend = 0, frame = 0
 1070              		@ frame_needed = 0, uses_anonymous_args = 0
 490:Drivers/STM32F3xx_HAL_Driver/Src/stm32f3xx_hal_tim_ex.c ****   uint32_t tmpsmcr;
 1071              		.loc 1 490 1 is_stmt 0 view .LVU338
 1072 0000 F8B5     		push	{r3, r4, r5, r6, r7, lr}
 1073              	.LCFI12:
 1074              		.cfi_def_cfa_offset 24
 1075              		.cfi_offset 3, -24
 1076              		.cfi_offset 4, -20
 1077              		.cfi_offset 5, -16
 1078              		.cfi_offset 6, -12
 1079              		.cfi_offset 7, -8
 1080              		.cfi_offset 14, -4
 1081 0002 0446     		mov	r4, r0
 491:Drivers/STM32F3xx_HAL_Driver/Src/stm32f3xx_hal_tim_ex.c ****   HAL_TIM_ChannelStateTypeDef channel_1_state = TIM_CHANNEL_STATE_GET(htim, TIM_CHANNEL_1);
 1082              		.loc 1 491 3 is_stmt 1 view .LVU339
 492:Drivers/STM32F3xx_HAL_Driver/Src/stm32f3xx_hal_tim_ex.c ****   HAL_TIM_ChannelStateTypeDef complementary_channel_1_state = TIM_CHANNEL_N_STATE_GET(htim, TIM_CHA
 1083              		.loc 1 492 3 view .LVU340
 492:Drivers/STM32F3xx_HAL_Driver/Src/stm32f3xx_hal_tim_ex.c ****   HAL_TIM_ChannelStateTypeDef complementary_channel_1_state = TIM_CHANNEL_N_STATE_GET(htim, TIM_CHA
 1084              		.loc 1 492 31 is_stmt 0 view .LVU341
 1085 0004 90F83EC0 		ldrb	ip, [r0, #62]	@ zero_extendqisi2
 1086 0008 5FFA8CF0 		uxtb	r0, ip
 1087              	.LVL66:
 493:Drivers/STM32F3xx_HAL_Driver/Src/stm32f3xx_hal_tim_ex.c **** 
 1088              		.loc 1 493 3 is_stmt 1 view .LVU342
 493:Drivers/STM32F3xx_HAL_Driver/Src/stm32f3xx_hal_tim_ex.c **** 
 1089              		.loc 1 493 31 is_stmt 0 view .LVU343
 1090 000c 94F84450 		ldrb	r5, [r4, #68]	@ zero_extendqisi2
 1091              	.LVL67:
 496:Drivers/STM32F3xx_HAL_Driver/Src/stm32f3xx_hal_tim_ex.c **** 
 1092              		.loc 1 496 3 is_stmt 1 view .LVU344
 499:Drivers/STM32F3xx_HAL_Driver/Src/stm32f3xx_hal_tim_ex.c ****       || (complementary_channel_1_state == HAL_TIM_CHANNEL_STATE_BUSY))
 1093              		.loc 1 499 3 view .LVU345
 499:Drivers/STM32F3xx_HAL_Driver/Src/stm32f3xx_hal_tim_ex.c ****       || (complementary_channel_1_state == HAL_TIM_CHANNEL_STATE_BUSY))
 1094              		.loc 1 499 6 is_stmt 0 view .LVU346
 1095 0010 BCF1020F 		cmp	ip, #2
 1096 0014 51D0     		beq	.L65
 1097 0016 0F46     		mov	r7, r1
 1098 0018 1646     		mov	r6, r2
ARM GAS  C:\Users\nakas\AppData\Local\Temp\ccLYSQiW.s 			page 70


 1099 001a EDB2     		uxtb	r5, r5
 500:Drivers/STM32F3xx_HAL_Driver/Src/stm32f3xx_hal_tim_ex.c ****   {
 1100              		.loc 1 500 7 view .LVU347
 1101 001c 022D     		cmp	r5, #2
 1102 001e 49D0     		beq	.L68
 504:Drivers/STM32F3xx_HAL_Driver/Src/stm32f3xx_hal_tim_ex.c ****            && (complementary_channel_1_state == HAL_TIM_CHANNEL_STATE_READY))
 1103              		.loc 1 504 8 is_stmt 1 view .LVU348
 504:Drivers/STM32F3xx_HAL_Driver/Src/stm32f3xx_hal_tim_ex.c ****            && (complementary_channel_1_state == HAL_TIM_CHANNEL_STATE_READY))
 1104              		.loc 1 504 11 is_stmt 0 view .LVU349
 1105 0020 0128     		cmp	r0, #1
 1106 0022 49D1     		bne	.L69
 505:Drivers/STM32F3xx_HAL_Driver/Src/stm32f3xx_hal_tim_ex.c ****   {
 1107              		.loc 1 505 12 view .LVU350
 1108 0024 012D     		cmp	r5, #1
 1109 0026 48D1     		bne	.L65
 507:Drivers/STM32F3xx_HAL_Driver/Src/stm32f3xx_hal_tim_ex.c ****     {
 1110              		.loc 1 507 5 is_stmt 1 view .LVU351
 507:Drivers/STM32F3xx_HAL_Driver/Src/stm32f3xx_hal_tim_ex.c ****     {
 1111              		.loc 1 507 8 is_stmt 0 view .LVU352
 1112 0028 0029     		cmp	r1, #0
 1113 002a 47D0     		beq	.L70
 507:Drivers/STM32F3xx_HAL_Driver/Src/stm32f3xx_hal_tim_ex.c ****     {
 1114              		.loc 1 507 25 discriminator 1 view .LVU353
 1115 002c 0AB9     		cbnz	r2, .L74
 509:Drivers/STM32F3xx_HAL_Driver/Src/stm32f3xx_hal_tim_ex.c ****     }
 1116              		.loc 1 509 14 view .LVU354
 1117 002e 2846     		mov	r0, r5
 1118              	.LVL68:
 509:Drivers/STM32F3xx_HAL_Driver/Src/stm32f3xx_hal_tim_ex.c ****     }
 1119              		.loc 1 509 14 view .LVU355
 1120 0030 43E0     		b	.L65
 1121              	.LVL69:
 1122              	.L74:
 513:Drivers/STM32F3xx_HAL_Driver/Src/stm32f3xx_hal_tim_ex.c ****       TIM_CHANNEL_N_STATE_SET(htim, TIM_CHANNEL_1, HAL_TIM_CHANNEL_STATE_BUSY);
 1123              		.loc 1 513 7 is_stmt 1 view .LVU356
 1124 0032 0223     		movs	r3, #2
 1125 0034 84F83E30 		strb	r3, [r4, #62]
 514:Drivers/STM32F3xx_HAL_Driver/Src/stm32f3xx_hal_tim_ex.c ****     }
 1126              		.loc 1 514 7 view .LVU357
 1127 0038 84F84430 		strb	r3, [r4, #68]
 525:Drivers/STM32F3xx_HAL_Driver/Src/stm32f3xx_hal_tim_ex.c **** 
 1128              		.loc 1 525 3 view .LVU358
 1129 003c 0122     		movs	r2, #1
 1130              	.LVL70:
 525:Drivers/STM32F3xx_HAL_Driver/Src/stm32f3xx_hal_tim_ex.c **** 
 1131              		.loc 1 525 3 is_stmt 0 view .LVU359
 1132 003e 0021     		movs	r1, #0
 1133              	.LVL71:
 525:Drivers/STM32F3xx_HAL_Driver/Src/stm32f3xx_hal_tim_ex.c **** 
 1134              		.loc 1 525 3 view .LVU360
 1135 0040 2068     		ldr	r0, [r4]
 1136              	.LVL72:
 525:Drivers/STM32F3xx_HAL_Driver/Src/stm32f3xx_hal_tim_ex.c **** 
 1137              		.loc 1 525 3 view .LVU361
 1138 0042 FFF7FEFF 		bl	TIM_CCxChannelCmd
 1139              	.LVL73:
 528:Drivers/STM32F3xx_HAL_Driver/Src/stm32f3xx_hal_tim_ex.c ****   htim->hdma[TIM_DMA_ID_CC1]->XferHalfCpltCallback = TIM_DMACaptureHalfCplt;
ARM GAS  C:\Users\nakas\AppData\Local\Temp\ccLYSQiW.s 			page 71


 1140              		.loc 1 528 3 is_stmt 1 view .LVU362
 528:Drivers/STM32F3xx_HAL_Driver/Src/stm32f3xx_hal_tim_ex.c ****   htim->hdma[TIM_DMA_ID_CC1]->XferHalfCpltCallback = TIM_DMACaptureHalfCplt;
 1141              		.loc 1 528 13 is_stmt 0 view .LVU363
 1142 0046 636A     		ldr	r3, [r4, #36]
 528:Drivers/STM32F3xx_HAL_Driver/Src/stm32f3xx_hal_tim_ex.c ****   htim->hdma[TIM_DMA_ID_CC1]->XferHalfCpltCallback = TIM_DMACaptureHalfCplt;
 1143              		.loc 1 528 48 view .LVU364
 1144 0048 1E4A     		ldr	r2, .L75
 1145 004a 9A62     		str	r2, [r3, #40]
 529:Drivers/STM32F3xx_HAL_Driver/Src/stm32f3xx_hal_tim_ex.c ****   /* Set the DMA error callback */
 1146              		.loc 1 529 3 is_stmt 1 view .LVU365
 529:Drivers/STM32F3xx_HAL_Driver/Src/stm32f3xx_hal_tim_ex.c ****   /* Set the DMA error callback */
 1147              		.loc 1 529 13 is_stmt 0 view .LVU366
 1148 004c 636A     		ldr	r3, [r4, #36]
 529:Drivers/STM32F3xx_HAL_Driver/Src/stm32f3xx_hal_tim_ex.c ****   /* Set the DMA error callback */
 1149              		.loc 1 529 52 view .LVU367
 1150 004e 1E4A     		ldr	r2, .L75+4
 1151 0050 DA62     		str	r2, [r3, #44]
 531:Drivers/STM32F3xx_HAL_Driver/Src/stm32f3xx_hal_tim_ex.c **** 
 1152              		.loc 1 531 3 is_stmt 1 view .LVU368
 531:Drivers/STM32F3xx_HAL_Driver/Src/stm32f3xx_hal_tim_ex.c **** 
 1153              		.loc 1 531 13 is_stmt 0 view .LVU369
 1154 0052 636A     		ldr	r3, [r4, #36]
 531:Drivers/STM32F3xx_HAL_Driver/Src/stm32f3xx_hal_tim_ex.c **** 
 1155              		.loc 1 531 49 view .LVU370
 1156 0054 1D4A     		ldr	r2, .L75+8
 1157 0056 1A63     		str	r2, [r3, #48]
 534:Drivers/STM32F3xx_HAL_Driver/Src/stm32f3xx_hal_tim_ex.c ****   {
 1158              		.loc 1 534 3 is_stmt 1 view .LVU371
 534:Drivers/STM32F3xx_HAL_Driver/Src/stm32f3xx_hal_tim_ex.c ****   {
 1159              		.loc 1 534 67 is_stmt 0 view .LVU372
 1160 0058 2168     		ldr	r1, [r4]
 534:Drivers/STM32F3xx_HAL_Driver/Src/stm32f3xx_hal_tim_ex.c ****   {
 1161              		.loc 1 534 7 view .LVU373
 1162 005a 3346     		mov	r3, r6
 1163 005c 3A46     		mov	r2, r7
 1164 005e 3431     		adds	r1, r1, #52
 1165 0060 606A     		ldr	r0, [r4, #36]
 1166 0062 FFF7FEFF 		bl	HAL_DMA_Start_IT
 1167              	.LVL74:
 534:Drivers/STM32F3xx_HAL_Driver/Src/stm32f3xx_hal_tim_ex.c ****   {
 1168              		.loc 1 534 6 discriminator 1 view .LVU374
 1169 0066 58BB     		cbnz	r0, .L72
 540:Drivers/STM32F3xx_HAL_Driver/Src/stm32f3xx_hal_tim_ex.c **** 
 1170              		.loc 1 540 3 is_stmt 1 view .LVU375
 1171 0068 2268     		ldr	r2, [r4]
 1172 006a D368     		ldr	r3, [r2, #12]
 1173 006c 43F40073 		orr	r3, r3, #512
 1174 0070 D360     		str	r3, [r2, #12]
 543:Drivers/STM32F3xx_HAL_Driver/Src/stm32f3xx_hal_tim_ex.c ****   {
 1175              		.loc 1 543 3 view .LVU376
 543:Drivers/STM32F3xx_HAL_Driver/Src/stm32f3xx_hal_tim_ex.c ****   {
 1176              		.loc 1 543 7 is_stmt 0 view .LVU377
 1177 0072 2368     		ldr	r3, [r4]
 543:Drivers/STM32F3xx_HAL_Driver/Src/stm32f3xx_hal_tim_ex.c ****   {
 1178              		.loc 1 543 6 view .LVU378
 1179 0074 164A     		ldr	r2, .L75+12
 1180 0076 9342     		cmp	r3, r2
ARM GAS  C:\Users\nakas\AppData\Local\Temp\ccLYSQiW.s 			page 72


 1181 0078 0FD0     		beq	.L66
 543:Drivers/STM32F3xx_HAL_Driver/Src/stm32f3xx_hal_tim_ex.c ****   {
 1182              		.loc 1 543 7 discriminator 1 view .LVU379
 1183 007a B3F1804F 		cmp	r3, #1073741824
 1184 007e 0CD0     		beq	.L66
 543:Drivers/STM32F3xx_HAL_Driver/Src/stm32f3xx_hal_tim_ex.c ****   {
 1185              		.loc 1 543 7 discriminator 2 view .LVU380
 1186 0080 A2F59432 		sub	r2, r2, #75776
 1187 0084 9342     		cmp	r3, r2
 1188 0086 08D0     		beq	.L66
 543:Drivers/STM32F3xx_HAL_Driver/Src/stm32f3xx_hal_tim_ex.c ****   {
 1189              		.loc 1 543 7 discriminator 3 view .LVU381
 1190 0088 02F59E32 		add	r2, r2, #80896
 1191 008c 9342     		cmp	r3, r2
 1192 008e 04D0     		beq	.L66
 553:Drivers/STM32F3xx_HAL_Driver/Src/stm32f3xx_hal_tim_ex.c ****   }
 1193              		.loc 1 553 5 is_stmt 1 view .LVU382
 1194 0090 1A68     		ldr	r2, [r3]
 1195 0092 42F00102 		orr	r2, r2, #1
 1196 0096 1A60     		str	r2, [r3]
 1197 0098 0FE0     		b	.L65
 1198              	.L66:
 545:Drivers/STM32F3xx_HAL_Driver/Src/stm32f3xx_hal_tim_ex.c ****     if (!IS_TIM_SLAVEMODE_TRIGGER_ENABLED(tmpsmcr))
 1199              		.loc 1 545 5 view .LVU383
 545:Drivers/STM32F3xx_HAL_Driver/Src/stm32f3xx_hal_tim_ex.c ****     if (!IS_TIM_SLAVEMODE_TRIGGER_ENABLED(tmpsmcr))
 1200              		.loc 1 545 29 is_stmt 0 view .LVU384
 1201 009a 9968     		ldr	r1, [r3, #8]
 545:Drivers/STM32F3xx_HAL_Driver/Src/stm32f3xx_hal_tim_ex.c ****     if (!IS_TIM_SLAVEMODE_TRIGGER_ENABLED(tmpsmcr))
 1202              		.loc 1 545 13 view .LVU385
 1203 009c 0D4A     		ldr	r2, .L75+16
 1204 009e 0A40     		ands	r2, r2, r1
 1205              	.LVL75:
 546:Drivers/STM32F3xx_HAL_Driver/Src/stm32f3xx_hal_tim_ex.c ****     {
 1206              		.loc 1 546 5 is_stmt 1 view .LVU386
 546:Drivers/STM32F3xx_HAL_Driver/Src/stm32f3xx_hal_tim_ex.c ****     {
 1207              		.loc 1 546 8 is_stmt 0 view .LVU387
 1208 00a0 062A     		cmp	r2, #6
 1209 00a2 0AD0     		beq	.L65
 546:Drivers/STM32F3xx_HAL_Driver/Src/stm32f3xx_hal_tim_ex.c ****     {
 1210              		.loc 1 546 9 discriminator 1 view .LVU388
 1211 00a4 B2F5803F 		cmp	r2, #65536
 1212 00a8 07D0     		beq	.L65
 548:Drivers/STM32F3xx_HAL_Driver/Src/stm32f3xx_hal_tim_ex.c ****     }
 1213              		.loc 1 548 7 is_stmt 1 view .LVU389
 1214 00aa 1A68     		ldr	r2, [r3]
 1215              	.LVL76:
 548:Drivers/STM32F3xx_HAL_Driver/Src/stm32f3xx_hal_tim_ex.c ****     }
 1216              		.loc 1 548 7 is_stmt 0 view .LVU390
 1217 00ac 42F00102 		orr	r2, r2, #1
 1218 00b0 1A60     		str	r2, [r3]
 1219 00b2 02E0     		b	.L65
 1220              	.LVL77:
 1221              	.L68:
 502:Drivers/STM32F3xx_HAL_Driver/Src/stm32f3xx_hal_tim_ex.c ****   }
 1222              		.loc 1 502 12 view .LVU391
 1223 00b4 2846     		mov	r0, r5
 1224              	.LVL78:
ARM GAS  C:\Users\nakas\AppData\Local\Temp\ccLYSQiW.s 			page 73


 502:Drivers/STM32F3xx_HAL_Driver/Src/stm32f3xx_hal_tim_ex.c ****   }
 1225              		.loc 1 502 12 view .LVU392
 1226 00b6 00E0     		b	.L65
 1227              	.LVL79:
 1228              	.L69:
 519:Drivers/STM32F3xx_HAL_Driver/Src/stm32f3xx_hal_tim_ex.c ****   }
 1229              		.loc 1 519 12 view .LVU393
 1230 00b8 0120     		movs	r0, #1
 1231              	.LVL80:
 1232              	.L65:
 558:Drivers/STM32F3xx_HAL_Driver/Src/stm32f3xx_hal_tim_ex.c **** 
 1233              		.loc 1 558 1 view .LVU394
 1234 00ba F8BD     		pop	{r3, r4, r5, r6, r7, pc}
 1235              	.LVL81:
 1236              	.L70:
 509:Drivers/STM32F3xx_HAL_Driver/Src/stm32f3xx_hal_tim_ex.c ****     }
 1237              		.loc 1 509 14 view .LVU395
 1238 00bc 2846     		mov	r0, r5
 1239              	.LVL82:
 509:Drivers/STM32F3xx_HAL_Driver/Src/stm32f3xx_hal_tim_ex.c ****     }
 1240              		.loc 1 509 14 view .LVU396
 1241 00be FCE7     		b	.L65
 1242              	.LVL83:
 1243              	.L72:
 537:Drivers/STM32F3xx_HAL_Driver/Src/stm32f3xx_hal_tim_ex.c ****   }
 1244              		.loc 1 537 12 view .LVU397
 1245 00c0 2846     		mov	r0, r5
 1246 00c2 FAE7     		b	.L65
 1247              	.L76:
 1248              		.align	2
 1249              	.L75:
 1250 00c4 00000000 		.word	TIM_DMACaptureCplt
 1251 00c8 00000000 		.word	TIM_DMACaptureHalfCplt
 1252 00cc 00000000 		.word	TIM_DMAError
 1253 00d0 002C0140 		.word	1073818624
 1254 00d4 07000100 		.word	65543
 1255              		.cfi_endproc
 1256              	.LFE131:
 1258              		.section	.text.HAL_TIMEx_HallSensor_Stop_DMA,"ax",%progbits
 1259              		.align	1
 1260              		.global	HAL_TIMEx_HallSensor_Stop_DMA
 1261              		.syntax unified
 1262              		.thumb
 1263              		.thumb_func
 1265              	HAL_TIMEx_HallSensor_Stop_DMA:
 1266              	.LVL84:
 1267              	.LFB132:
 566:Drivers/STM32F3xx_HAL_Driver/Src/stm32f3xx_hal_tim_ex.c ****   /* Check the parameters */
 1268              		.loc 1 566 1 is_stmt 1 view -0
 1269              		.cfi_startproc
 1270              		@ args = 0, pretend = 0, frame = 0
 1271              		@ frame_needed = 0, uses_anonymous_args = 0
 566:Drivers/STM32F3xx_HAL_Driver/Src/stm32f3xx_hal_tim_ex.c ****   /* Check the parameters */
 1272              		.loc 1 566 1 is_stmt 0 view .LVU399
 1273 0000 10B5     		push	{r4, lr}
 1274              	.LCFI13:
 1275              		.cfi_def_cfa_offset 8
ARM GAS  C:\Users\nakas\AppData\Local\Temp\ccLYSQiW.s 			page 74


 1276              		.cfi_offset 4, -8
 1277              		.cfi_offset 14, -4
 1278 0002 0446     		mov	r4, r0
 568:Drivers/STM32F3xx_HAL_Driver/Src/stm32f3xx_hal_tim_ex.c **** 
 1279              		.loc 1 568 3 is_stmt 1 view .LVU400
 573:Drivers/STM32F3xx_HAL_Driver/Src/stm32f3xx_hal_tim_ex.c **** 
 1280              		.loc 1 573 3 view .LVU401
 1281 0004 0022     		movs	r2, #0
 1282 0006 1146     		mov	r1, r2
 1283 0008 0068     		ldr	r0, [r0]
 1284              	.LVL85:
 573:Drivers/STM32F3xx_HAL_Driver/Src/stm32f3xx_hal_tim_ex.c **** 
 1285              		.loc 1 573 3 is_stmt 0 view .LVU402
 1286 000a FFF7FEFF 		bl	TIM_CCxChannelCmd
 1287              	.LVL86:
 577:Drivers/STM32F3xx_HAL_Driver/Src/stm32f3xx_hal_tim_ex.c **** 
 1288              		.loc 1 577 3 is_stmt 1 view .LVU403
 1289 000e 2268     		ldr	r2, [r4]
 1290 0010 D368     		ldr	r3, [r2, #12]
 1291 0012 23F40073 		bic	r3, r3, #512
 1292 0016 D360     		str	r3, [r2, #12]
 579:Drivers/STM32F3xx_HAL_Driver/Src/stm32f3xx_hal_tim_ex.c **** 
 1293              		.loc 1 579 3 view .LVU404
 579:Drivers/STM32F3xx_HAL_Driver/Src/stm32f3xx_hal_tim_ex.c **** 
 1294              		.loc 1 579 9 is_stmt 0 view .LVU405
 1295 0018 606A     		ldr	r0, [r4, #36]
 1296 001a FFF7FEFF 		bl	HAL_DMA_Abort_IT
 1297              	.LVL87:
 582:Drivers/STM32F3xx_HAL_Driver/Src/stm32f3xx_hal_tim_ex.c **** 
 1298              		.loc 1 582 3 is_stmt 1 view .LVU406
 582:Drivers/STM32F3xx_HAL_Driver/Src/stm32f3xx_hal_tim_ex.c **** 
 1299              		.loc 1 582 3 view .LVU407
 1300 001e 2368     		ldr	r3, [r4]
 1301 0020 196A     		ldr	r1, [r3, #32]
 1302 0022 41F21112 		movw	r2, #4369
 1303 0026 1142     		tst	r1, r2
 1304 0028 08D1     		bne	.L78
 582:Drivers/STM32F3xx_HAL_Driver/Src/stm32f3xx_hal_tim_ex.c **** 
 1305              		.loc 1 582 3 discriminator 1 view .LVU408
 1306 002a 196A     		ldr	r1, [r3, #32]
 1307 002c 40F24442 		movw	r2, #1092
 1308 0030 1142     		tst	r1, r2
 1309 0032 03D1     		bne	.L78
 582:Drivers/STM32F3xx_HAL_Driver/Src/stm32f3xx_hal_tim_ex.c **** 
 1310              		.loc 1 582 3 discriminator 2 view .LVU409
 1311 0034 1A68     		ldr	r2, [r3]
 1312 0036 22F00102 		bic	r2, r2, #1
 1313 003a 1A60     		str	r2, [r3]
 1314              	.L78:
 582:Drivers/STM32F3xx_HAL_Driver/Src/stm32f3xx_hal_tim_ex.c **** 
 1315              		.loc 1 582 3 view .LVU410
 585:Drivers/STM32F3xx_HAL_Driver/Src/stm32f3xx_hal_tim_ex.c ****   TIM_CHANNEL_N_STATE_SET(htim, TIM_CHANNEL_1, HAL_TIM_CHANNEL_STATE_READY);
 1316              		.loc 1 585 3 view .LVU411
 1317 003c 0123     		movs	r3, #1
 1318 003e 84F83E30 		strb	r3, [r4, #62]
 586:Drivers/STM32F3xx_HAL_Driver/Src/stm32f3xx_hal_tim_ex.c **** 
 1319              		.loc 1 586 3 view .LVU412
ARM GAS  C:\Users\nakas\AppData\Local\Temp\ccLYSQiW.s 			page 75


 1320 0042 84F84430 		strb	r3, [r4, #68]
 589:Drivers/STM32F3xx_HAL_Driver/Src/stm32f3xx_hal_tim_ex.c **** }
 1321              		.loc 1 589 3 view .LVU413
 590:Drivers/STM32F3xx_HAL_Driver/Src/stm32f3xx_hal_tim_ex.c **** 
 1322              		.loc 1 590 1 is_stmt 0 view .LVU414
 1323 0046 0020     		movs	r0, #0
 1324 0048 10BD     		pop	{r4, pc}
 590:Drivers/STM32F3xx_HAL_Driver/Src/stm32f3xx_hal_tim_ex.c **** 
 1325              		.loc 1 590 1 view .LVU415
 1326              		.cfi_endproc
 1327              	.LFE132:
 1329              		.section	.text.HAL_TIMEx_OCN_Start,"ax",%progbits
 1330              		.align	1
 1331              		.global	HAL_TIMEx_OCN_Start
 1332              		.syntax unified
 1333              		.thumb
 1334              		.thumb_func
 1336              	HAL_TIMEx_OCN_Start:
 1337              	.LVL88:
 1338              	.LFB133:
 628:Drivers/STM32F3xx_HAL_Driver/Src/stm32f3xx_hal_tim_ex.c ****   uint32_t tmpsmcr;
 1339              		.loc 1 628 1 is_stmt 1 view -0
 1340              		.cfi_startproc
 1341              		@ args = 0, pretend = 0, frame = 0
 1342              		@ frame_needed = 0, uses_anonymous_args = 0
 628:Drivers/STM32F3xx_HAL_Driver/Src/stm32f3xx_hal_tim_ex.c ****   uint32_t tmpsmcr;
 1343              		.loc 1 628 1 is_stmt 0 view .LVU417
 1344 0000 10B5     		push	{r4, lr}
 1345              	.LCFI14:
 1346              		.cfi_def_cfa_offset 8
 1347              		.cfi_offset 4, -8
 1348              		.cfi_offset 14, -4
 1349 0002 0446     		mov	r4, r0
 629:Drivers/STM32F3xx_HAL_Driver/Src/stm32f3xx_hal_tim_ex.c **** 
 1350              		.loc 1 629 3 is_stmt 1 view .LVU418
 632:Drivers/STM32F3xx_HAL_Driver/Src/stm32f3xx_hal_tim_ex.c **** 
 1351              		.loc 1 632 3 view .LVU419
 635:Drivers/STM32F3xx_HAL_Driver/Src/stm32f3xx_hal_tim_ex.c ****   {
 1352              		.loc 1 635 3 view .LVU420
 635:Drivers/STM32F3xx_HAL_Driver/Src/stm32f3xx_hal_tim_ex.c ****   {
 1353              		.loc 1 635 46 is_stmt 0 view .LVU421
 1354 0004 0846     		mov	r0, r1
 1355              	.LVL89:
 635:Drivers/STM32F3xx_HAL_Driver/Src/stm32f3xx_hal_tim_ex.c ****   {
 1356              		.loc 1 635 46 view .LVU422
 1357 0006 51BB     		cbnz	r1, .L81
 635:Drivers/STM32F3xx_HAL_Driver/Src/stm32f3xx_hal_tim_ex.c ****   {
 1358              		.loc 1 635 7 discriminator 1 view .LVU423
 1359 0008 94F84430 		ldrb	r3, [r4, #68]	@ zero_extendqisi2
 635:Drivers/STM32F3xx_HAL_Driver/Src/stm32f3xx_hal_tim_ex.c ****   {
 1360              		.loc 1 635 46 discriminator 1 view .LVU424
 1361 000c 013B     		subs	r3, r3, #1
 1362 000e 18BF     		it	ne
 1363 0010 0123     		movne	r3, #1
 1364              	.L82:
 635:Drivers/STM32F3xx_HAL_Driver/Src/stm32f3xx_hal_tim_ex.c ****   {
 1365              		.loc 1 635 6 discriminator 12 view .LVU425
ARM GAS  C:\Users\nakas\AppData\Local\Temp\ccLYSQiW.s 			page 76


 1366 0012 002B     		cmp	r3, #0
 1367 0014 57D1     		bne	.L92
 641:Drivers/STM32F3xx_HAL_Driver/Src/stm32f3xx_hal_tim_ex.c **** 
 1368              		.loc 1 641 3 is_stmt 1 view .LVU426
 1369 0016 0028     		cmp	r0, #0
 1370 0018 37D1     		bne	.L86
 641:Drivers/STM32F3xx_HAL_Driver/Src/stm32f3xx_hal_tim_ex.c **** 
 1371              		.loc 1 641 3 is_stmt 0 discriminator 1 view .LVU427
 1372 001a 0223     		movs	r3, #2
 1373 001c 84F84430 		strb	r3, [r4, #68]
 1374              	.L87:
 644:Drivers/STM32F3xx_HAL_Driver/Src/stm32f3xx_hal_tim_ex.c **** 
 1375              		.loc 1 644 3 is_stmt 1 view .LVU428
 1376 0020 0422     		movs	r2, #4
 1377 0022 0146     		mov	r1, r0
 1378              	.LVL90:
 644:Drivers/STM32F3xx_HAL_Driver/Src/stm32f3xx_hal_tim_ex.c **** 
 1379              		.loc 1 644 3 is_stmt 0 view .LVU429
 1380 0024 2068     		ldr	r0, [r4]
 1381              	.LVL91:
 644:Drivers/STM32F3xx_HAL_Driver/Src/stm32f3xx_hal_tim_ex.c **** 
 1382              		.loc 1 644 3 view .LVU430
 1383 0026 FFF7FEFF 		bl	TIM_CCxNChannelCmd
 1384              	.LVL92:
 647:Drivers/STM32F3xx_HAL_Driver/Src/stm32f3xx_hal_tim_ex.c **** 
 1385              		.loc 1 647 3 is_stmt 1 view .LVU431
 1386 002a 2268     		ldr	r2, [r4]
 1387 002c 536C     		ldr	r3, [r2, #68]
 1388 002e 43F40043 		orr	r3, r3, #32768
 1389 0032 5364     		str	r3, [r2, #68]
 650:Drivers/STM32F3xx_HAL_Driver/Src/stm32f3xx_hal_tim_ex.c ****   {
 1390              		.loc 1 650 3 view .LVU432
 650:Drivers/STM32F3xx_HAL_Driver/Src/stm32f3xx_hal_tim_ex.c ****   {
 1391              		.loc 1 650 7 is_stmt 0 view .LVU433
 1392 0034 2368     		ldr	r3, [r4]
 650:Drivers/STM32F3xx_HAL_Driver/Src/stm32f3xx_hal_tim_ex.c ****   {
 1393              		.loc 1 650 6 view .LVU434
 1394 0036 274A     		ldr	r2, .L100
 1395 0038 9342     		cmp	r3, r2
 1396 003a 36D0     		beq	.L90
 650:Drivers/STM32F3xx_HAL_Driver/Src/stm32f3xx_hal_tim_ex.c ****   {
 1397              		.loc 1 650 7 discriminator 1 view .LVU435
 1398 003c B3F1804F 		cmp	r3, #1073741824
 1399 0040 33D0     		beq	.L90
 650:Drivers/STM32F3xx_HAL_Driver/Src/stm32f3xx_hal_tim_ex.c ****   {
 1400              		.loc 1 650 7 discriminator 2 view .LVU436
 1401 0042 A2F59432 		sub	r2, r2, #75776
 1402 0046 9342     		cmp	r3, r2
 1403 0048 2FD0     		beq	.L90
 650:Drivers/STM32F3xx_HAL_Driver/Src/stm32f3xx_hal_tim_ex.c ****   {
 1404              		.loc 1 650 7 discriminator 3 view .LVU437
 1405 004a 02F59E32 		add	r2, r2, #80896
 1406 004e 9342     		cmp	r3, r2
 1407 0050 2BD0     		beq	.L90
 660:Drivers/STM32F3xx_HAL_Driver/Src/stm32f3xx_hal_tim_ex.c ****   }
 1408              		.loc 1 660 5 is_stmt 1 view .LVU438
 1409 0052 1A68     		ldr	r2, [r3]
ARM GAS  C:\Users\nakas\AppData\Local\Temp\ccLYSQiW.s 			page 77


 1410 0054 42F00102 		orr	r2, r2, #1
 1411 0058 1A60     		str	r2, [r3]
 664:Drivers/STM32F3xx_HAL_Driver/Src/stm32f3xx_hal_tim_ex.c **** }
 1412              		.loc 1 664 10 is_stmt 0 view .LVU439
 1413 005a 0020     		movs	r0, #0
 1414 005c 34E0     		b	.L85
 1415              	.LVL93:
 1416              	.L81:
 635:Drivers/STM32F3xx_HAL_Driver/Src/stm32f3xx_hal_tim_ex.c ****   {
 1417              		.loc 1 635 46 discriminator 2 view .LVU440
 1418 005e 0429     		cmp	r1, #4
 1419 0060 07D0     		beq	.L96
 635:Drivers/STM32F3xx_HAL_Driver/Src/stm32f3xx_hal_tim_ex.c ****   {
 1420              		.loc 1 635 46 discriminator 5 view .LVU441
 1421 0062 0829     		cmp	r1, #8
 1422 0064 0BD0     		beq	.L97
 635:Drivers/STM32F3xx_HAL_Driver/Src/stm32f3xx_hal_tim_ex.c ****   {
 1423              		.loc 1 635 7 discriminator 8 view .LVU442
 1424 0066 94F84730 		ldrb	r3, [r4, #71]	@ zero_extendqisi2
 635:Drivers/STM32F3xx_HAL_Driver/Src/stm32f3xx_hal_tim_ex.c ****   {
 1425              		.loc 1 635 46 discriminator 8 view .LVU443
 1426 006a 013B     		subs	r3, r3, #1
 1427 006c 18BF     		it	ne
 1428 006e 0123     		movne	r3, #1
 1429 0070 CFE7     		b	.L82
 1430              	.L96:
 635:Drivers/STM32F3xx_HAL_Driver/Src/stm32f3xx_hal_tim_ex.c ****   {
 1431              		.loc 1 635 7 discriminator 4 view .LVU444
 1432 0072 94F84530 		ldrb	r3, [r4, #69]	@ zero_extendqisi2
 635:Drivers/STM32F3xx_HAL_Driver/Src/stm32f3xx_hal_tim_ex.c ****   {
 1433              		.loc 1 635 46 discriminator 4 view .LVU445
 1434 0076 013B     		subs	r3, r3, #1
 1435 0078 18BF     		it	ne
 1436 007a 0123     		movne	r3, #1
 1437 007c C9E7     		b	.L82
 1438              	.L97:
 635:Drivers/STM32F3xx_HAL_Driver/Src/stm32f3xx_hal_tim_ex.c ****   {
 1439              		.loc 1 635 7 discriminator 7 view .LVU446
 1440 007e 94F84630 		ldrb	r3, [r4, #70]	@ zero_extendqisi2
 635:Drivers/STM32F3xx_HAL_Driver/Src/stm32f3xx_hal_tim_ex.c ****   {
 1441              		.loc 1 635 46 discriminator 7 view .LVU447
 1442 0082 013B     		subs	r3, r3, #1
 1443 0084 18BF     		it	ne
 1444 0086 0123     		movne	r3, #1
 1445 0088 C3E7     		b	.L82
 1446              	.L86:
 641:Drivers/STM32F3xx_HAL_Driver/Src/stm32f3xx_hal_tim_ex.c **** 
 1447              		.loc 1 641 3 discriminator 2 view .LVU448
 1448 008a 0428     		cmp	r0, #4
 1449 008c 05D0     		beq	.L98
 641:Drivers/STM32F3xx_HAL_Driver/Src/stm32f3xx_hal_tim_ex.c **** 
 1450              		.loc 1 641 3 discriminator 4 view .LVU449
 1451 008e 0828     		cmp	r0, #8
 1452 0090 07D0     		beq	.L99
 641:Drivers/STM32F3xx_HAL_Driver/Src/stm32f3xx_hal_tim_ex.c **** 
 1453              		.loc 1 641 3 discriminator 7 view .LVU450
 1454 0092 0223     		movs	r3, #2
ARM GAS  C:\Users\nakas\AppData\Local\Temp\ccLYSQiW.s 			page 78


 1455 0094 84F84730 		strb	r3, [r4, #71]
 1456 0098 C2E7     		b	.L87
 1457              	.L98:
 641:Drivers/STM32F3xx_HAL_Driver/Src/stm32f3xx_hal_tim_ex.c **** 
 1458              		.loc 1 641 3 discriminator 3 view .LVU451
 1459 009a 0223     		movs	r3, #2
 1460 009c 84F84530 		strb	r3, [r4, #69]
 1461 00a0 BEE7     		b	.L87
 1462              	.L99:
 641:Drivers/STM32F3xx_HAL_Driver/Src/stm32f3xx_hal_tim_ex.c **** 
 1463              		.loc 1 641 3 discriminator 6 view .LVU452
 1464 00a2 0223     		movs	r3, #2
 1465 00a4 84F84630 		strb	r3, [r4, #70]
 1466 00a8 BAE7     		b	.L87
 1467              	.LVL94:
 1468              	.L90:
 652:Drivers/STM32F3xx_HAL_Driver/Src/stm32f3xx_hal_tim_ex.c ****     if (!IS_TIM_SLAVEMODE_TRIGGER_ENABLED(tmpsmcr))
 1469              		.loc 1 652 5 is_stmt 1 view .LVU453
 652:Drivers/STM32F3xx_HAL_Driver/Src/stm32f3xx_hal_tim_ex.c ****     if (!IS_TIM_SLAVEMODE_TRIGGER_ENABLED(tmpsmcr))
 1470              		.loc 1 652 29 is_stmt 0 view .LVU454
 1471 00aa 9968     		ldr	r1, [r3, #8]
 652:Drivers/STM32F3xx_HAL_Driver/Src/stm32f3xx_hal_tim_ex.c ****     if (!IS_TIM_SLAVEMODE_TRIGGER_ENABLED(tmpsmcr))
 1472              		.loc 1 652 13 view .LVU455
 1473 00ac 0A4A     		ldr	r2, .L100+4
 1474 00ae 0A40     		ands	r2, r2, r1
 1475              	.LVL95:
 653:Drivers/STM32F3xx_HAL_Driver/Src/stm32f3xx_hal_tim_ex.c ****     {
 1476              		.loc 1 653 5 is_stmt 1 view .LVU456
 653:Drivers/STM32F3xx_HAL_Driver/Src/stm32f3xx_hal_tim_ex.c ****     {
 1477              		.loc 1 653 8 is_stmt 0 view .LVU457
 1478 00b0 062A     		cmp	r2, #6
 1479 00b2 0AD0     		beq	.L93
 653:Drivers/STM32F3xx_HAL_Driver/Src/stm32f3xx_hal_tim_ex.c ****     {
 1480              		.loc 1 653 9 discriminator 1 view .LVU458
 1481 00b4 B2F5803F 		cmp	r2, #65536
 1482 00b8 09D0     		beq	.L94
 655:Drivers/STM32F3xx_HAL_Driver/Src/stm32f3xx_hal_tim_ex.c ****     }
 1483              		.loc 1 655 7 is_stmt 1 view .LVU459
 1484 00ba 1A68     		ldr	r2, [r3]
 1485              	.LVL96:
 655:Drivers/STM32F3xx_HAL_Driver/Src/stm32f3xx_hal_tim_ex.c ****     }
 1486              		.loc 1 655 7 is_stmt 0 view .LVU460
 1487 00bc 42F00102 		orr	r2, r2, #1
 1488 00c0 1A60     		str	r2, [r3]
 664:Drivers/STM32F3xx_HAL_Driver/Src/stm32f3xx_hal_tim_ex.c **** }
 1489              		.loc 1 664 10 view .LVU461
 1490 00c2 0020     		movs	r0, #0
 1491 00c4 00E0     		b	.L85
 1492              	.LVL97:
 1493              	.L92:
 637:Drivers/STM32F3xx_HAL_Driver/Src/stm32f3xx_hal_tim_ex.c ****   }
 1494              		.loc 1 637 12 view .LVU462
 1495 00c6 0120     		movs	r0, #1
 1496              	.LVL98:
 1497              	.L85:
 665:Drivers/STM32F3xx_HAL_Driver/Src/stm32f3xx_hal_tim_ex.c **** 
 1498              		.loc 1 665 1 view .LVU463
ARM GAS  C:\Users\nakas\AppData\Local\Temp\ccLYSQiW.s 			page 79


 1499 00c8 10BD     		pop	{r4, pc}
 1500              	.LVL99:
 1501              	.L93:
 664:Drivers/STM32F3xx_HAL_Driver/Src/stm32f3xx_hal_tim_ex.c **** }
 1502              		.loc 1 664 10 view .LVU464
 1503 00ca 0020     		movs	r0, #0
 1504 00cc FCE7     		b	.L85
 1505              	.L94:
 1506 00ce 0020     		movs	r0, #0
 1507 00d0 FAE7     		b	.L85
 1508              	.L101:
 1509 00d2 00BF     		.align	2
 1510              	.L100:
 1511 00d4 002C0140 		.word	1073818624
 1512 00d8 07000100 		.word	65543
 1513              		.cfi_endproc
 1514              	.LFE133:
 1516              		.section	.text.HAL_TIMEx_OCN_Stop,"ax",%progbits
 1517              		.align	1
 1518              		.global	HAL_TIMEx_OCN_Stop
 1519              		.syntax unified
 1520              		.thumb
 1521              		.thumb_func
 1523              	HAL_TIMEx_OCN_Stop:
 1524              	.LVL100:
 1525              	.LFB134:
 679:Drivers/STM32F3xx_HAL_Driver/Src/stm32f3xx_hal_tim_ex.c ****   /* Check the parameters */
 1526              		.loc 1 679 1 is_stmt 1 view -0
 1527              		.cfi_startproc
 1528              		@ args = 0, pretend = 0, frame = 0
 1529              		@ frame_needed = 0, uses_anonymous_args = 0
 679:Drivers/STM32F3xx_HAL_Driver/Src/stm32f3xx_hal_tim_ex.c ****   /* Check the parameters */
 1530              		.loc 1 679 1 is_stmt 0 view .LVU466
 1531 0000 38B5     		push	{r3, r4, r5, lr}
 1532              	.LCFI15:
 1533              		.cfi_def_cfa_offset 16
 1534              		.cfi_offset 3, -16
 1535              		.cfi_offset 4, -12
 1536              		.cfi_offset 5, -8
 1537              		.cfi_offset 14, -4
 1538 0002 0446     		mov	r4, r0
 1539 0004 0D46     		mov	r5, r1
 681:Drivers/STM32F3xx_HAL_Driver/Src/stm32f3xx_hal_tim_ex.c **** 
 1540              		.loc 1 681 3 is_stmt 1 view .LVU467
 684:Drivers/STM32F3xx_HAL_Driver/Src/stm32f3xx_hal_tim_ex.c **** 
 1541              		.loc 1 684 3 view .LVU468
 1542 0006 0022     		movs	r2, #0
 1543 0008 0068     		ldr	r0, [r0]
 1544              	.LVL101:
 684:Drivers/STM32F3xx_HAL_Driver/Src/stm32f3xx_hal_tim_ex.c **** 
 1545              		.loc 1 684 3 is_stmt 0 view .LVU469
 1546 000a FFF7FEFF 		bl	TIM_CCxNChannelCmd
 1547              	.LVL102:
 687:Drivers/STM32F3xx_HAL_Driver/Src/stm32f3xx_hal_tim_ex.c **** 
 1548              		.loc 1 687 3 is_stmt 1 view .LVU470
 687:Drivers/STM32F3xx_HAL_Driver/Src/stm32f3xx_hal_tim_ex.c **** 
 1549              		.loc 1 687 3 view .LVU471
ARM GAS  C:\Users\nakas\AppData\Local\Temp\ccLYSQiW.s 			page 80


 1550 000e 2368     		ldr	r3, [r4]
 1551 0010 196A     		ldr	r1, [r3, #32]
 1552 0012 41F21112 		movw	r2, #4369
 1553 0016 1142     		tst	r1, r2
 1554 0018 08D1     		bne	.L103
 687:Drivers/STM32F3xx_HAL_Driver/Src/stm32f3xx_hal_tim_ex.c **** 
 1555              		.loc 1 687 3 discriminator 1 view .LVU472
 1556 001a 196A     		ldr	r1, [r3, #32]
 1557 001c 40F24442 		movw	r2, #1092
 1558 0020 1142     		tst	r1, r2
 1559 0022 03D1     		bne	.L103
 687:Drivers/STM32F3xx_HAL_Driver/Src/stm32f3xx_hal_tim_ex.c **** 
 1560              		.loc 1 687 3 discriminator 2 view .LVU473
 1561 0024 5A6C     		ldr	r2, [r3, #68]
 1562 0026 22F40042 		bic	r2, r2, #32768
 1563 002a 5A64     		str	r2, [r3, #68]
 1564              	.L103:
 687:Drivers/STM32F3xx_HAL_Driver/Src/stm32f3xx_hal_tim_ex.c **** 
 1565              		.loc 1 687 3 view .LVU474
 690:Drivers/STM32F3xx_HAL_Driver/Src/stm32f3xx_hal_tim_ex.c **** 
 1566              		.loc 1 690 3 view .LVU475
 690:Drivers/STM32F3xx_HAL_Driver/Src/stm32f3xx_hal_tim_ex.c **** 
 1567              		.loc 1 690 3 view .LVU476
 1568 002c 2368     		ldr	r3, [r4]
 1569 002e 196A     		ldr	r1, [r3, #32]
 1570 0030 41F21112 		movw	r2, #4369
 1571 0034 1142     		tst	r1, r2
 1572 0036 08D1     		bne	.L104
 690:Drivers/STM32F3xx_HAL_Driver/Src/stm32f3xx_hal_tim_ex.c **** 
 1573              		.loc 1 690 3 discriminator 1 view .LVU477
 1574 0038 196A     		ldr	r1, [r3, #32]
 1575 003a 40F24442 		movw	r2, #1092
 1576 003e 1142     		tst	r1, r2
 1577 0040 03D1     		bne	.L104
 690:Drivers/STM32F3xx_HAL_Driver/Src/stm32f3xx_hal_tim_ex.c **** 
 1578              		.loc 1 690 3 discriminator 2 view .LVU478
 1579 0042 1A68     		ldr	r2, [r3]
 1580 0044 22F00102 		bic	r2, r2, #1
 1581 0048 1A60     		str	r2, [r3]
 1582              	.L104:
 690:Drivers/STM32F3xx_HAL_Driver/Src/stm32f3xx_hal_tim_ex.c **** 
 1583              		.loc 1 690 3 view .LVU479
 693:Drivers/STM32F3xx_HAL_Driver/Src/stm32f3xx_hal_tim_ex.c **** 
 1584              		.loc 1 693 3 view .LVU480
 1585 004a 25B9     		cbnz	r5, .L105
 693:Drivers/STM32F3xx_HAL_Driver/Src/stm32f3xx_hal_tim_ex.c **** 
 1586              		.loc 1 693 3 is_stmt 0 discriminator 1 view .LVU481
 1587 004c 0123     		movs	r3, #1
 1588 004e 84F84430 		strb	r3, [r4, #68]
 1589              	.L106:
 696:Drivers/STM32F3xx_HAL_Driver/Src/stm32f3xx_hal_tim_ex.c **** }
 1590              		.loc 1 696 3 is_stmt 1 view .LVU482
 697:Drivers/STM32F3xx_HAL_Driver/Src/stm32f3xx_hal_tim_ex.c **** 
 1591              		.loc 1 697 1 is_stmt 0 view .LVU483
 1592 0052 0020     		movs	r0, #0
 1593 0054 38BD     		pop	{r3, r4, r5, pc}
 1594              	.LVL103:
ARM GAS  C:\Users\nakas\AppData\Local\Temp\ccLYSQiW.s 			page 81


 1595              	.L105:
 693:Drivers/STM32F3xx_HAL_Driver/Src/stm32f3xx_hal_tim_ex.c **** 
 1596              		.loc 1 693 3 discriminator 2 view .LVU484
 1597 0056 042D     		cmp	r5, #4
 1598 0058 05D0     		beq	.L110
 693:Drivers/STM32F3xx_HAL_Driver/Src/stm32f3xx_hal_tim_ex.c **** 
 1599              		.loc 1 693 3 discriminator 4 view .LVU485
 1600 005a 082D     		cmp	r5, #8
 1601 005c 07D0     		beq	.L111
 693:Drivers/STM32F3xx_HAL_Driver/Src/stm32f3xx_hal_tim_ex.c **** 
 1602              		.loc 1 693 3 discriminator 7 view .LVU486
 1603 005e 0123     		movs	r3, #1
 1604 0060 84F84730 		strb	r3, [r4, #71]
 1605 0064 F5E7     		b	.L106
 1606              	.L110:
 693:Drivers/STM32F3xx_HAL_Driver/Src/stm32f3xx_hal_tim_ex.c **** 
 1607              		.loc 1 693 3 discriminator 3 view .LVU487
 1608 0066 0123     		movs	r3, #1
 1609 0068 84F84530 		strb	r3, [r4, #69]
 1610 006c F1E7     		b	.L106
 1611              	.L111:
 693:Drivers/STM32F3xx_HAL_Driver/Src/stm32f3xx_hal_tim_ex.c **** 
 1612              		.loc 1 693 3 discriminator 6 view .LVU488
 1613 006e 0123     		movs	r3, #1
 1614 0070 84F84630 		strb	r3, [r4, #70]
 1615 0074 EDE7     		b	.L106
 1616              		.cfi_endproc
 1617              	.LFE134:
 1619              		.section	.text.HAL_TIMEx_OCN_Start_IT,"ax",%progbits
 1620              		.align	1
 1621              		.global	HAL_TIMEx_OCN_Start_IT
 1622              		.syntax unified
 1623              		.thumb
 1624              		.thumb_func
 1626              	HAL_TIMEx_OCN_Start_IT:
 1627              	.LVL104:
 1628              	.LFB135:
 711:Drivers/STM32F3xx_HAL_Driver/Src/stm32f3xx_hal_tim_ex.c ****   HAL_StatusTypeDef status = HAL_OK;
 1629              		.loc 1 711 1 is_stmt 1 view -0
 1630              		.cfi_startproc
 1631              		@ args = 0, pretend = 0, frame = 0
 1632              		@ frame_needed = 0, uses_anonymous_args = 0
 711:Drivers/STM32F3xx_HAL_Driver/Src/stm32f3xx_hal_tim_ex.c ****   HAL_StatusTypeDef status = HAL_OK;
 1633              		.loc 1 711 1 is_stmt 0 view .LVU490
 1634 0000 10B5     		push	{r4, lr}
 1635              	.LCFI16:
 1636              		.cfi_def_cfa_offset 8
 1637              		.cfi_offset 4, -8
 1638              		.cfi_offset 14, -4
 1639 0002 0446     		mov	r4, r0
 712:Drivers/STM32F3xx_HAL_Driver/Src/stm32f3xx_hal_tim_ex.c ****   uint32_t tmpsmcr;
 1640              		.loc 1 712 3 is_stmt 1 view .LVU491
 1641              	.LVL105:
 713:Drivers/STM32F3xx_HAL_Driver/Src/stm32f3xx_hal_tim_ex.c **** 
 1642              		.loc 1 713 3 view .LVU492
 716:Drivers/STM32F3xx_HAL_Driver/Src/stm32f3xx_hal_tim_ex.c **** 
 1643              		.loc 1 716 3 view .LVU493
ARM GAS  C:\Users\nakas\AppData\Local\Temp\ccLYSQiW.s 			page 82


 719:Drivers/STM32F3xx_HAL_Driver/Src/stm32f3xx_hal_tim_ex.c ****   {
 1644              		.loc 1 719 3 view .LVU494
 719:Drivers/STM32F3xx_HAL_Driver/Src/stm32f3xx_hal_tim_ex.c ****   {
 1645              		.loc 1 719 46 is_stmt 0 view .LVU495
 1646 0004 0846     		mov	r0, r1
 1647              	.LVL106:
 719:Drivers/STM32F3xx_HAL_Driver/Src/stm32f3xx_hal_tim_ex.c ****   {
 1648              		.loc 1 719 46 view .LVU496
 1649 0006 0029     		cmp	r1, #0
 1650 0008 34D1     		bne	.L113
 719:Drivers/STM32F3xx_HAL_Driver/Src/stm32f3xx_hal_tim_ex.c ****   {
 1651              		.loc 1 719 7 discriminator 1 view .LVU497
 1652 000a 94F84430 		ldrb	r3, [r4, #68]	@ zero_extendqisi2
 719:Drivers/STM32F3xx_HAL_Driver/Src/stm32f3xx_hal_tim_ex.c ****   {
 1653              		.loc 1 719 46 discriminator 1 view .LVU498
 1654 000e 013B     		subs	r3, r3, #1
 1655 0010 18BF     		it	ne
 1656 0012 0123     		movne	r3, #1
 1657              	.L114:
 719:Drivers/STM32F3xx_HAL_Driver/Src/stm32f3xx_hal_tim_ex.c ****   {
 1658              		.loc 1 719 6 discriminator 12 view .LVU499
 1659 0014 002B     		cmp	r3, #0
 1660 0016 72D1     		bne	.L127
 725:Drivers/STM32F3xx_HAL_Driver/Src/stm32f3xx_hal_tim_ex.c **** 
 1661              		.loc 1 725 3 is_stmt 1 view .LVU500
 1662 0018 0028     		cmp	r0, #0
 1663 001a 41D1     		bne	.L118
 725:Drivers/STM32F3xx_HAL_Driver/Src/stm32f3xx_hal_tim_ex.c **** 
 1664              		.loc 1 725 3 is_stmt 0 discriminator 1 view .LVU501
 1665 001c 0223     		movs	r3, #2
 1666 001e 84F84430 		strb	r3, [r4, #68]
 727:Drivers/STM32F3xx_HAL_Driver/Src/stm32f3xx_hal_tim_ex.c ****   {
 1667              		.loc 1 727 3 is_stmt 1 view .LVU502
 1668              	.L119:
 732:Drivers/STM32F3xx_HAL_Driver/Src/stm32f3xx_hal_tim_ex.c ****       break;
 1669              		.loc 1 732 7 view .LVU503
 1670 0022 2268     		ldr	r2, [r4]
 1671 0024 D368     		ldr	r3, [r2, #12]
 1672 0026 43F00203 		orr	r3, r3, #2
 1673 002a D360     		str	r3, [r2, #12]
 733:Drivers/STM32F3xx_HAL_Driver/Src/stm32f3xx_hal_tim_ex.c ****     }
 1674              		.loc 1 733 7 view .LVU504
 756:Drivers/STM32F3xx_HAL_Driver/Src/stm32f3xx_hal_tim_ex.c ****   {
 1675              		.loc 1 756 3 view .LVU505
 1676              	.L124:
 759:Drivers/STM32F3xx_HAL_Driver/Src/stm32f3xx_hal_tim_ex.c **** 
 1677              		.loc 1 759 5 view .LVU506
 1678 002c 2268     		ldr	r2, [r4]
 1679 002e D368     		ldr	r3, [r2, #12]
 1680 0030 43F08003 		orr	r3, r3, #128
 1681 0034 D360     		str	r3, [r2, #12]
 762:Drivers/STM32F3xx_HAL_Driver/Src/stm32f3xx_hal_tim_ex.c **** 
 1682              		.loc 1 762 5 view .LVU507
 1683 0036 0422     		movs	r2, #4
 1684 0038 0146     		mov	r1, r0
 1685              	.LVL107:
 762:Drivers/STM32F3xx_HAL_Driver/Src/stm32f3xx_hal_tim_ex.c **** 
ARM GAS  C:\Users\nakas\AppData\Local\Temp\ccLYSQiW.s 			page 83


 1686              		.loc 1 762 5 is_stmt 0 view .LVU508
 1687 003a 2068     		ldr	r0, [r4]
 1688              	.LVL108:
 762:Drivers/STM32F3xx_HAL_Driver/Src/stm32f3xx_hal_tim_ex.c **** 
 1689              		.loc 1 762 5 view .LVU509
 1690 003c FFF7FEFF 		bl	TIM_CCxNChannelCmd
 1691              	.LVL109:
 765:Drivers/STM32F3xx_HAL_Driver/Src/stm32f3xx_hal_tim_ex.c **** 
 1692              		.loc 1 765 5 is_stmt 1 view .LVU510
 1693 0040 2268     		ldr	r2, [r4]
 1694 0042 536C     		ldr	r3, [r2, #68]
 1695 0044 43F40043 		orr	r3, r3, #32768
 1696 0048 5364     		str	r3, [r2, #68]
 768:Drivers/STM32F3xx_HAL_Driver/Src/stm32f3xx_hal_tim_ex.c ****     {
 1697              		.loc 1 768 5 view .LVU511
 768:Drivers/STM32F3xx_HAL_Driver/Src/stm32f3xx_hal_tim_ex.c ****     {
 1698              		.loc 1 768 9 is_stmt 0 view .LVU512
 1699 004a 2368     		ldr	r3, [r4]
 768:Drivers/STM32F3xx_HAL_Driver/Src/stm32f3xx_hal_tim_ex.c ****     {
 1700              		.loc 1 768 8 view .LVU513
 1701 004c 2F4A     		ldr	r2, .L136
 1702 004e 9342     		cmp	r3, r2
 1703 0050 47D0     		beq	.L125
 768:Drivers/STM32F3xx_HAL_Driver/Src/stm32f3xx_hal_tim_ex.c ****     {
 1704              		.loc 1 768 9 discriminator 1 view .LVU514
 1705 0052 B3F1804F 		cmp	r3, #1073741824
 1706 0056 44D0     		beq	.L125
 768:Drivers/STM32F3xx_HAL_Driver/Src/stm32f3xx_hal_tim_ex.c ****     {
 1707              		.loc 1 768 9 discriminator 2 view .LVU515
 1708 0058 A2F59432 		sub	r2, r2, #75776
 1709 005c 9342     		cmp	r3, r2
 1710 005e 40D0     		beq	.L125
 768:Drivers/STM32F3xx_HAL_Driver/Src/stm32f3xx_hal_tim_ex.c ****     {
 1711              		.loc 1 768 9 discriminator 3 view .LVU516
 1712 0060 02F59E32 		add	r2, r2, #80896
 1713 0064 9342     		cmp	r3, r2
 1714 0066 3CD0     		beq	.L125
 778:Drivers/STM32F3xx_HAL_Driver/Src/stm32f3xx_hal_tim_ex.c ****     }
 1715              		.loc 1 778 7 is_stmt 1 view .LVU517
 1716 0068 1A68     		ldr	r2, [r3]
 1717 006a 42F00102 		orr	r2, r2, #1
 1718 006e 1A60     		str	r2, [r3]
 1719 0070 0020     		movs	r0, #0
 1720 0072 45E0     		b	.L117
 1721              	.LVL110:
 1722              	.L113:
 719:Drivers/STM32F3xx_HAL_Driver/Src/stm32f3xx_hal_tim_ex.c ****   {
 1723              		.loc 1 719 46 is_stmt 0 discriminator 2 view .LVU518
 1724 0074 0429     		cmp	r1, #4
 1725 0076 07D0     		beq	.L132
 719:Drivers/STM32F3xx_HAL_Driver/Src/stm32f3xx_hal_tim_ex.c ****   {
 1726              		.loc 1 719 46 discriminator 5 view .LVU519
 1727 0078 0829     		cmp	r1, #8
 1728 007a 0BD0     		beq	.L133
 719:Drivers/STM32F3xx_HAL_Driver/Src/stm32f3xx_hal_tim_ex.c ****   {
 1729              		.loc 1 719 7 discriminator 8 view .LVU520
 1730 007c 94F84730 		ldrb	r3, [r4, #71]	@ zero_extendqisi2
ARM GAS  C:\Users\nakas\AppData\Local\Temp\ccLYSQiW.s 			page 84


 719:Drivers/STM32F3xx_HAL_Driver/Src/stm32f3xx_hal_tim_ex.c ****   {
 1731              		.loc 1 719 46 discriminator 8 view .LVU521
 1732 0080 013B     		subs	r3, r3, #1
 1733 0082 18BF     		it	ne
 1734 0084 0123     		movne	r3, #1
 1735 0086 C5E7     		b	.L114
 1736              	.L132:
 719:Drivers/STM32F3xx_HAL_Driver/Src/stm32f3xx_hal_tim_ex.c ****   {
 1737              		.loc 1 719 7 discriminator 4 view .LVU522
 1738 0088 94F84530 		ldrb	r3, [r4, #69]	@ zero_extendqisi2
 719:Drivers/STM32F3xx_HAL_Driver/Src/stm32f3xx_hal_tim_ex.c ****   {
 1739              		.loc 1 719 46 discriminator 4 view .LVU523
 1740 008c 013B     		subs	r3, r3, #1
 1741 008e 18BF     		it	ne
 1742 0090 0123     		movne	r3, #1
 1743 0092 BFE7     		b	.L114
 1744              	.L133:
 719:Drivers/STM32F3xx_HAL_Driver/Src/stm32f3xx_hal_tim_ex.c ****   {
 1745              		.loc 1 719 7 discriminator 7 view .LVU524
 1746 0094 94F84630 		ldrb	r3, [r4, #70]	@ zero_extendqisi2
 719:Drivers/STM32F3xx_HAL_Driver/Src/stm32f3xx_hal_tim_ex.c ****   {
 1747              		.loc 1 719 46 discriminator 7 view .LVU525
 1748 0098 013B     		subs	r3, r3, #1
 1749 009a 18BF     		it	ne
 1750 009c 0123     		movne	r3, #1
 1751 009e B9E7     		b	.L114
 1752              	.L118:
 725:Drivers/STM32F3xx_HAL_Driver/Src/stm32f3xx_hal_tim_ex.c **** 
 1753              		.loc 1 725 3 discriminator 2 view .LVU526
 1754 00a0 0428     		cmp	r0, #4
 1755 00a2 0CD0     		beq	.L134
 725:Drivers/STM32F3xx_HAL_Driver/Src/stm32f3xx_hal_tim_ex.c **** 
 1756              		.loc 1 725 3 discriminator 4 view .LVU527
 1757 00a4 0828     		cmp	r0, #8
 1758 00a6 13D0     		beq	.L135
 725:Drivers/STM32F3xx_HAL_Driver/Src/stm32f3xx_hal_tim_ex.c **** 
 1759              		.loc 1 725 3 discriminator 7 view .LVU528
 1760 00a8 0223     		movs	r3, #2
 1761 00aa 84F84730 		strb	r3, [r4, #71]
 727:Drivers/STM32F3xx_HAL_Driver/Src/stm32f3xx_hal_tim_ex.c ****   {
 1762              		.loc 1 727 3 is_stmt 1 view .LVU529
 1763 00ae 0428     		cmp	r0, #4
 1764 00b0 08D0     		beq	.L121
 1765 00b2 0828     		cmp	r0, #8
 1766 00b4 0FD0     		beq	.L123
 1767 00b6 0028     		cmp	r0, #0
 1768 00b8 B3D0     		beq	.L119
 1769 00ba 0120     		movs	r0, #1
 1770              	.LVL111:
 727:Drivers/STM32F3xx_HAL_Driver/Src/stm32f3xx_hal_tim_ex.c ****   {
 1771              		.loc 1 727 3 is_stmt 0 view .LVU530
 1772 00bc 20E0     		b	.L117
 1773              	.LVL112:
 1774              	.L134:
 725:Drivers/STM32F3xx_HAL_Driver/Src/stm32f3xx_hal_tim_ex.c **** 
 1775              		.loc 1 725 3 discriminator 3 view .LVU531
 1776 00be 0223     		movs	r3, #2
ARM GAS  C:\Users\nakas\AppData\Local\Temp\ccLYSQiW.s 			page 85


 1777 00c0 84F84530 		strb	r3, [r4, #69]
 727:Drivers/STM32F3xx_HAL_Driver/Src/stm32f3xx_hal_tim_ex.c ****   {
 1778              		.loc 1 727 3 is_stmt 1 view .LVU532
 1779              	.L121:
 739:Drivers/STM32F3xx_HAL_Driver/Src/stm32f3xx_hal_tim_ex.c ****       break;
 1780              		.loc 1 739 7 view .LVU533
 1781 00c4 2268     		ldr	r2, [r4]
 1782 00c6 D368     		ldr	r3, [r2, #12]
 1783 00c8 43F00403 		orr	r3, r3, #4
 1784 00cc D360     		str	r3, [r2, #12]
 740:Drivers/STM32F3xx_HAL_Driver/Src/stm32f3xx_hal_tim_ex.c ****     }
 1785              		.loc 1 740 7 view .LVU534
 756:Drivers/STM32F3xx_HAL_Driver/Src/stm32f3xx_hal_tim_ex.c ****   {
 1786              		.loc 1 756 3 view .LVU535
 1787 00ce ADE7     		b	.L124
 1788              	.L135:
 725:Drivers/STM32F3xx_HAL_Driver/Src/stm32f3xx_hal_tim_ex.c **** 
 1789              		.loc 1 725 3 is_stmt 0 discriminator 6 view .LVU536
 1790 00d0 0223     		movs	r3, #2
 1791 00d2 84F84630 		strb	r3, [r4, #70]
 727:Drivers/STM32F3xx_HAL_Driver/Src/stm32f3xx_hal_tim_ex.c ****   {
 1792              		.loc 1 727 3 is_stmt 1 view .LVU537
 1793              	.L123:
 746:Drivers/STM32F3xx_HAL_Driver/Src/stm32f3xx_hal_tim_ex.c ****       break;
 1794              		.loc 1 746 7 view .LVU538
 1795 00d6 2268     		ldr	r2, [r4]
 1796 00d8 D368     		ldr	r3, [r2, #12]
 1797 00da 43F00803 		orr	r3, r3, #8
 1798 00de D360     		str	r3, [r2, #12]
 747:Drivers/STM32F3xx_HAL_Driver/Src/stm32f3xx_hal_tim_ex.c ****     }
 1799              		.loc 1 747 7 view .LVU539
 756:Drivers/STM32F3xx_HAL_Driver/Src/stm32f3xx_hal_tim_ex.c ****   {
 1800              		.loc 1 756 3 view .LVU540
 1801 00e0 A4E7     		b	.L124
 1802              	.LVL113:
 1803              	.L125:
 770:Drivers/STM32F3xx_HAL_Driver/Src/stm32f3xx_hal_tim_ex.c ****       if (!IS_TIM_SLAVEMODE_TRIGGER_ENABLED(tmpsmcr))
 1804              		.loc 1 770 7 view .LVU541
 770:Drivers/STM32F3xx_HAL_Driver/Src/stm32f3xx_hal_tim_ex.c ****       if (!IS_TIM_SLAVEMODE_TRIGGER_ENABLED(tmpsmcr))
 1805              		.loc 1 770 31 is_stmt 0 view .LVU542
 1806 00e2 9968     		ldr	r1, [r3, #8]
 770:Drivers/STM32F3xx_HAL_Driver/Src/stm32f3xx_hal_tim_ex.c ****       if (!IS_TIM_SLAVEMODE_TRIGGER_ENABLED(tmpsmcr))
 1807              		.loc 1 770 15 view .LVU543
 1808 00e4 0A4A     		ldr	r2, .L136+4
 1809 00e6 0A40     		ands	r2, r2, r1
 1810              	.LVL114:
 771:Drivers/STM32F3xx_HAL_Driver/Src/stm32f3xx_hal_tim_ex.c ****       {
 1811              		.loc 1 771 7 is_stmt 1 view .LVU544
 771:Drivers/STM32F3xx_HAL_Driver/Src/stm32f3xx_hal_tim_ex.c ****       {
 1812              		.loc 1 771 10 is_stmt 0 view .LVU545
 1813 00e8 062A     		cmp	r2, #6
 1814 00ea 0AD0     		beq	.L129
 771:Drivers/STM32F3xx_HAL_Driver/Src/stm32f3xx_hal_tim_ex.c ****       {
 1815              		.loc 1 771 11 discriminator 1 view .LVU546
 1816 00ec B2F5803F 		cmp	r2, #65536
 1817 00f0 09D0     		beq	.L130
 773:Drivers/STM32F3xx_HAL_Driver/Src/stm32f3xx_hal_tim_ex.c ****       }
ARM GAS  C:\Users\nakas\AppData\Local\Temp\ccLYSQiW.s 			page 86


 1818              		.loc 1 773 9 is_stmt 1 view .LVU547
 1819 00f2 1A68     		ldr	r2, [r3]
 1820              	.LVL115:
 773:Drivers/STM32F3xx_HAL_Driver/Src/stm32f3xx_hal_tim_ex.c ****       }
 1821              		.loc 1 773 9 is_stmt 0 view .LVU548
 1822 00f4 42F00102 		orr	r2, r2, #1
 1823 00f8 1A60     		str	r2, [r3]
 1824 00fa 0020     		movs	r0, #0
 1825 00fc 00E0     		b	.L117
 1826              	.LVL116:
 1827              	.L127:
 721:Drivers/STM32F3xx_HAL_Driver/Src/stm32f3xx_hal_tim_ex.c ****   }
 1828              		.loc 1 721 12 view .LVU549
 1829 00fe 0120     		movs	r0, #1
 1830              	.LVL117:
 1831              	.L117:
 784:Drivers/STM32F3xx_HAL_Driver/Src/stm32f3xx_hal_tim_ex.c **** 
 1832              		.loc 1 784 1 view .LVU550
 1833 0100 10BD     		pop	{r4, pc}
 1834              	.LVL118:
 1835              	.L129:
 784:Drivers/STM32F3xx_HAL_Driver/Src/stm32f3xx_hal_tim_ex.c **** 
 1836              		.loc 1 784 1 view .LVU551
 1837 0102 0020     		movs	r0, #0
 1838 0104 FCE7     		b	.L117
 1839              	.L130:
 1840 0106 0020     		movs	r0, #0
 1841 0108 FAE7     		b	.L117
 1842              	.L137:
 1843 010a 00BF     		.align	2
 1844              	.L136:
 1845 010c 002C0140 		.word	1073818624
 1846 0110 07000100 		.word	65543
 1847              		.cfi_endproc
 1848              	.LFE135:
 1850              		.section	.text.HAL_TIMEx_OCN_Stop_IT,"ax",%progbits
 1851              		.align	1
 1852              		.global	HAL_TIMEx_OCN_Stop_IT
 1853              		.syntax unified
 1854              		.thumb
 1855              		.thumb_func
 1857              	HAL_TIMEx_OCN_Stop_IT:
 1858              	.LVL119:
 1859              	.LFB136:
 798:Drivers/STM32F3xx_HAL_Driver/Src/stm32f3xx_hal_tim_ex.c ****   HAL_StatusTypeDef status = HAL_OK;
 1860              		.loc 1 798 1 is_stmt 1 view -0
 1861              		.cfi_startproc
 1862              		@ args = 0, pretend = 0, frame = 0
 1863              		@ frame_needed = 0, uses_anonymous_args = 0
 798:Drivers/STM32F3xx_HAL_Driver/Src/stm32f3xx_hal_tim_ex.c ****   HAL_StatusTypeDef status = HAL_OK;
 1864              		.loc 1 798 1 is_stmt 0 view .LVU553
 1865 0000 38B5     		push	{r3, r4, r5, lr}
 1866              	.LCFI17:
 1867              		.cfi_def_cfa_offset 16
 1868              		.cfi_offset 3, -16
 1869              		.cfi_offset 4, -12
 1870              		.cfi_offset 5, -8
ARM GAS  C:\Users\nakas\AppData\Local\Temp\ccLYSQiW.s 			page 87


 1871              		.cfi_offset 14, -4
 1872 0002 0446     		mov	r4, r0
 1873 0004 0D46     		mov	r5, r1
 799:Drivers/STM32F3xx_HAL_Driver/Src/stm32f3xx_hal_tim_ex.c ****   uint32_t tmpccer;
 1874              		.loc 1 799 3 is_stmt 1 view .LVU554
 1875              	.LVL120:
 800:Drivers/STM32F3xx_HAL_Driver/Src/stm32f3xx_hal_tim_ex.c **** 
 1876              		.loc 1 800 3 view .LVU555
 803:Drivers/STM32F3xx_HAL_Driver/Src/stm32f3xx_hal_tim_ex.c **** 
 1877              		.loc 1 803 3 view .LVU556
 805:Drivers/STM32F3xx_HAL_Driver/Src/stm32f3xx_hal_tim_ex.c ****   {
 1878              		.loc 1 805 3 view .LVU557
 1879 0006 0429     		cmp	r1, #4
 1880 0008 3BD0     		beq	.L139
 1881 000a 0829     		cmp	r1, #8
 1882 000c 3FD0     		beq	.L140
 1883 000e 0029     		cmp	r1, #0
 1884 0010 56D1     		bne	.L149
 810:Drivers/STM32F3xx_HAL_Driver/Src/stm32f3xx_hal_tim_ex.c ****       break;
 1885              		.loc 1 810 7 view .LVU558
 1886 0012 0268     		ldr	r2, [r0]
 1887 0014 D368     		ldr	r3, [r2, #12]
 1888 0016 23F00203 		bic	r3, r3, #2
 1889 001a D360     		str	r3, [r2, #12]
 811:Drivers/STM32F3xx_HAL_Driver/Src/stm32f3xx_hal_tim_ex.c ****     }
 1890              		.loc 1 811 7 view .LVU559
 833:Drivers/STM32F3xx_HAL_Driver/Src/stm32f3xx_hal_tim_ex.c ****   {
 1891              		.loc 1 833 3 view .LVU560
 1892              	.L142:
 836:Drivers/STM32F3xx_HAL_Driver/Src/stm32f3xx_hal_tim_ex.c **** 
 1893              		.loc 1 836 5 view .LVU561
 1894 001c 0022     		movs	r2, #0
 1895 001e 2946     		mov	r1, r5
 1896              	.LVL121:
 836:Drivers/STM32F3xx_HAL_Driver/Src/stm32f3xx_hal_tim_ex.c **** 
 1897              		.loc 1 836 5 is_stmt 0 view .LVU562
 1898 0020 2068     		ldr	r0, [r4]
 1899              	.LVL122:
 836:Drivers/STM32F3xx_HAL_Driver/Src/stm32f3xx_hal_tim_ex.c **** 
 1900              		.loc 1 836 5 view .LVU563
 1901 0022 FFF7FEFF 		bl	TIM_CCxNChannelCmd
 1902              	.LVL123:
 839:Drivers/STM32F3xx_HAL_Driver/Src/stm32f3xx_hal_tim_ex.c ****     if ((tmpccer & TIM_CCER_CCxNE_MASK) == (uint32_t)RESET)
 1903              		.loc 1 839 5 is_stmt 1 view .LVU564
 839:Drivers/STM32F3xx_HAL_Driver/Src/stm32f3xx_hal_tim_ex.c ****     if ((tmpccer & TIM_CCER_CCxNE_MASK) == (uint32_t)RESET)
 1904              		.loc 1 839 19 is_stmt 0 view .LVU565
 1905 0026 2368     		ldr	r3, [r4]
 839:Drivers/STM32F3xx_HAL_Driver/Src/stm32f3xx_hal_tim_ex.c ****     if ((tmpccer & TIM_CCER_CCxNE_MASK) == (uint32_t)RESET)
 1906              		.loc 1 839 13 view .LVU566
 1907 0028 196A     		ldr	r1, [r3, #32]
 1908              	.LVL124:
 840:Drivers/STM32F3xx_HAL_Driver/Src/stm32f3xx_hal_tim_ex.c ****     {
 1909              		.loc 1 840 5 is_stmt 1 view .LVU567
 840:Drivers/STM32F3xx_HAL_Driver/Src/stm32f3xx_hal_tim_ex.c ****     {
 1910              		.loc 1 840 8 is_stmt 0 view .LVU568
 1911 002a 40F24442 		movw	r2, #1092
 1912 002e 1142     		tst	r1, r2
ARM GAS  C:\Users\nakas\AppData\Local\Temp\ccLYSQiW.s 			page 88


 1913 0030 03D1     		bne	.L143
 842:Drivers/STM32F3xx_HAL_Driver/Src/stm32f3xx_hal_tim_ex.c ****     }
 1914              		.loc 1 842 7 is_stmt 1 view .LVU569
 1915 0032 DA68     		ldr	r2, [r3, #12]
 1916 0034 22F08002 		bic	r2, r2, #128
 1917 0038 DA60     		str	r2, [r3, #12]
 1918              	.L143:
 846:Drivers/STM32F3xx_HAL_Driver/Src/stm32f3xx_hal_tim_ex.c **** 
 1919              		.loc 1 846 5 view .LVU570
 846:Drivers/STM32F3xx_HAL_Driver/Src/stm32f3xx_hal_tim_ex.c **** 
 1920              		.loc 1 846 5 view .LVU571
 1921 003a 2368     		ldr	r3, [r4]
 1922 003c 196A     		ldr	r1, [r3, #32]
 1923              	.LVL125:
 846:Drivers/STM32F3xx_HAL_Driver/Src/stm32f3xx_hal_tim_ex.c **** 
 1924              		.loc 1 846 5 is_stmt 0 view .LVU572
 1925 003e 41F21112 		movw	r2, #4369
 1926 0042 1142     		tst	r1, r2
 1927 0044 08D1     		bne	.L144
 846:Drivers/STM32F3xx_HAL_Driver/Src/stm32f3xx_hal_tim_ex.c **** 
 1928              		.loc 1 846 5 is_stmt 1 discriminator 1 view .LVU573
 1929 0046 196A     		ldr	r1, [r3, #32]
 1930 0048 40F24442 		movw	r2, #1092
 1931 004c 1142     		tst	r1, r2
 1932 004e 03D1     		bne	.L144
 846:Drivers/STM32F3xx_HAL_Driver/Src/stm32f3xx_hal_tim_ex.c **** 
 1933              		.loc 1 846 5 discriminator 2 view .LVU574
 1934 0050 5A6C     		ldr	r2, [r3, #68]
 1935 0052 22F40042 		bic	r2, r2, #32768
 1936 0056 5A64     		str	r2, [r3, #68]
 1937              	.L144:
 846:Drivers/STM32F3xx_HAL_Driver/Src/stm32f3xx_hal_tim_ex.c **** 
 1938              		.loc 1 846 5 view .LVU575
 849:Drivers/STM32F3xx_HAL_Driver/Src/stm32f3xx_hal_tim_ex.c **** 
 1939              		.loc 1 849 5 view .LVU576
 849:Drivers/STM32F3xx_HAL_Driver/Src/stm32f3xx_hal_tim_ex.c **** 
 1940              		.loc 1 849 5 view .LVU577
 1941 0058 2368     		ldr	r3, [r4]
 1942 005a 196A     		ldr	r1, [r3, #32]
 1943 005c 41F21112 		movw	r2, #4369
 1944 0060 1142     		tst	r1, r2
 1945 0062 08D1     		bne	.L145
 849:Drivers/STM32F3xx_HAL_Driver/Src/stm32f3xx_hal_tim_ex.c **** 
 1946              		.loc 1 849 5 discriminator 1 view .LVU578
 1947 0064 196A     		ldr	r1, [r3, #32]
 1948 0066 40F24442 		movw	r2, #1092
 1949 006a 1142     		tst	r1, r2
 1950 006c 03D1     		bne	.L145
 849:Drivers/STM32F3xx_HAL_Driver/Src/stm32f3xx_hal_tim_ex.c **** 
 1951              		.loc 1 849 5 discriminator 2 view .LVU579
 1952 006e 1A68     		ldr	r2, [r3]
 1953 0070 22F00102 		bic	r2, r2, #1
 1954 0074 1A60     		str	r2, [r3]
 1955              	.L145:
 849:Drivers/STM32F3xx_HAL_Driver/Src/stm32f3xx_hal_tim_ex.c **** 
 1956              		.loc 1 849 5 view .LVU580
 852:Drivers/STM32F3xx_HAL_Driver/Src/stm32f3xx_hal_tim_ex.c ****   }
ARM GAS  C:\Users\nakas\AppData\Local\Temp\ccLYSQiW.s 			page 89


 1957              		.loc 1 852 5 view .LVU581
 1958 0076 85B9     		cbnz	r5, .L146
 852:Drivers/STM32F3xx_HAL_Driver/Src/stm32f3xx_hal_tim_ex.c ****   }
 1959              		.loc 1 852 5 is_stmt 0 discriminator 1 view .LVU582
 1960 0078 0123     		movs	r3, #1
 1961 007a 84F84430 		strb	r3, [r4, #68]
 1962 007e 0020     		movs	r0, #0
 1963              	.LVL126:
 1964              	.L141:
 856:Drivers/STM32F3xx_HAL_Driver/Src/stm32f3xx_hal_tim_ex.c **** }
 1965              		.loc 1 856 3 is_stmt 1 view .LVU583
 857:Drivers/STM32F3xx_HAL_Driver/Src/stm32f3xx_hal_tim_ex.c **** 
 1966              		.loc 1 857 1 is_stmt 0 view .LVU584
 1967 0080 38BD     		pop	{r3, r4, r5, pc}
 1968              	.LVL127:
 1969              	.L139:
 817:Drivers/STM32F3xx_HAL_Driver/Src/stm32f3xx_hal_tim_ex.c ****       break;
 1970              		.loc 1 817 7 is_stmt 1 view .LVU585
 1971 0082 0268     		ldr	r2, [r0]
 1972 0084 D368     		ldr	r3, [r2, #12]
 1973 0086 23F00403 		bic	r3, r3, #4
 1974 008a D360     		str	r3, [r2, #12]
 818:Drivers/STM32F3xx_HAL_Driver/Src/stm32f3xx_hal_tim_ex.c ****     }
 1975              		.loc 1 818 7 view .LVU586
 833:Drivers/STM32F3xx_HAL_Driver/Src/stm32f3xx_hal_tim_ex.c ****   {
 1976              		.loc 1 833 3 view .LVU587
 1977 008c C6E7     		b	.L142
 1978              	.L140:
 824:Drivers/STM32F3xx_HAL_Driver/Src/stm32f3xx_hal_tim_ex.c ****       break;
 1979              		.loc 1 824 7 view .LVU588
 1980 008e 0268     		ldr	r2, [r0]
 1981 0090 D368     		ldr	r3, [r2, #12]
 1982 0092 23F00803 		bic	r3, r3, #8
 1983 0096 D360     		str	r3, [r2, #12]
 825:Drivers/STM32F3xx_HAL_Driver/Src/stm32f3xx_hal_tim_ex.c ****     }
 1984              		.loc 1 825 7 view .LVU589
 833:Drivers/STM32F3xx_HAL_Driver/Src/stm32f3xx_hal_tim_ex.c ****   {
 1985              		.loc 1 833 3 view .LVU590
 1986 0098 C0E7     		b	.L142
 1987              	.LVL128:
 1988              	.L146:
 852:Drivers/STM32F3xx_HAL_Driver/Src/stm32f3xx_hal_tim_ex.c ****   }
 1989              		.loc 1 852 5 is_stmt 0 discriminator 2 view .LVU591
 1990 009a 042D     		cmp	r5, #4
 1991 009c 06D0     		beq	.L151
 852:Drivers/STM32F3xx_HAL_Driver/Src/stm32f3xx_hal_tim_ex.c ****   }
 1992              		.loc 1 852 5 discriminator 4 view .LVU592
 1993 009e 082D     		cmp	r5, #8
 1994 00a0 09D0     		beq	.L152
 852:Drivers/STM32F3xx_HAL_Driver/Src/stm32f3xx_hal_tim_ex.c ****   }
 1995              		.loc 1 852 5 discriminator 7 view .LVU593
 1996 00a2 0123     		movs	r3, #1
 1997 00a4 84F84730 		strb	r3, [r4, #71]
 1998 00a8 0020     		movs	r0, #0
 1999 00aa E9E7     		b	.L141
 2000              	.L151:
 852:Drivers/STM32F3xx_HAL_Driver/Src/stm32f3xx_hal_tim_ex.c ****   }
ARM GAS  C:\Users\nakas\AppData\Local\Temp\ccLYSQiW.s 			page 90


 2001              		.loc 1 852 5 discriminator 3 view .LVU594
 2002 00ac 0123     		movs	r3, #1
 2003 00ae 84F84530 		strb	r3, [r4, #69]
 2004 00b2 0020     		movs	r0, #0
 2005 00b4 E4E7     		b	.L141
 2006              	.L152:
 852:Drivers/STM32F3xx_HAL_Driver/Src/stm32f3xx_hal_tim_ex.c ****   }
 2007              		.loc 1 852 5 discriminator 6 view .LVU595
 2008 00b6 0123     		movs	r3, #1
 2009 00b8 84F84630 		strb	r3, [r4, #70]
 2010 00bc 0020     		movs	r0, #0
 2011 00be DFE7     		b	.L141
 2012              	.LVL129:
 2013              	.L149:
 805:Drivers/STM32F3xx_HAL_Driver/Src/stm32f3xx_hal_tim_ex.c ****   {
 2014              		.loc 1 805 3 view .LVU596
 2015 00c0 0120     		movs	r0, #1
 2016              	.LVL130:
 805:Drivers/STM32F3xx_HAL_Driver/Src/stm32f3xx_hal_tim_ex.c ****   {
 2017              		.loc 1 805 3 view .LVU597
 2018 00c2 DDE7     		b	.L141
 2019              		.cfi_endproc
 2020              	.LFE136:
 2022              		.section	.text.HAL_TIMEx_OCN_Start_DMA,"ax",%progbits
 2023              		.align	1
 2024              		.global	HAL_TIMEx_OCN_Start_DMA
 2025              		.syntax unified
 2026              		.thumb
 2027              		.thumb_func
 2029              	HAL_TIMEx_OCN_Start_DMA:
 2030              	.LVL131:
 2031              	.LFB137:
 874:Drivers/STM32F3xx_HAL_Driver/Src/stm32f3xx_hal_tim_ex.c ****   HAL_StatusTypeDef status = HAL_OK;
 2032              		.loc 1 874 1 is_stmt 1 view -0
 2033              		.cfi_startproc
 2034              		@ args = 0, pretend = 0, frame = 0
 2035              		@ frame_needed = 0, uses_anonymous_args = 0
 874:Drivers/STM32F3xx_HAL_Driver/Src/stm32f3xx_hal_tim_ex.c ****   HAL_StatusTypeDef status = HAL_OK;
 2036              		.loc 1 874 1 is_stmt 0 view .LVU599
 2037 0000 70B5     		push	{r4, r5, r6, lr}
 2038              	.LCFI18:
 2039              		.cfi_def_cfa_offset 16
 2040              		.cfi_offset 4, -16
 2041              		.cfi_offset 5, -12
 2042              		.cfi_offset 6, -8
 2043              		.cfi_offset 14, -4
 2044 0002 0446     		mov	r4, r0
 2045 0004 1646     		mov	r6, r2
 875:Drivers/STM32F3xx_HAL_Driver/Src/stm32f3xx_hal_tim_ex.c ****   uint32_t tmpsmcr;
 2046              		.loc 1 875 3 is_stmt 1 view .LVU600
 2047              	.LVL132:
 876:Drivers/STM32F3xx_HAL_Driver/Src/stm32f3xx_hal_tim_ex.c **** 
 2048              		.loc 1 876 3 view .LVU601
 879:Drivers/STM32F3xx_HAL_Driver/Src/stm32f3xx_hal_tim_ex.c **** 
 2049              		.loc 1 879 3 view .LVU602
 882:Drivers/STM32F3xx_HAL_Driver/Src/stm32f3xx_hal_tim_ex.c ****   {
 2050              		.loc 1 882 3 view .LVU603
ARM GAS  C:\Users\nakas\AppData\Local\Temp\ccLYSQiW.s 			page 91


 882:Drivers/STM32F3xx_HAL_Driver/Src/stm32f3xx_hal_tim_ex.c ****   {
 2051              		.loc 1 882 46 is_stmt 0 view .LVU604
 2052 0006 0D46     		mov	r5, r1
 2053 0008 0029     		cmp	r1, #0
 2054 000a 56D1     		bne	.L154
 882:Drivers/STM32F3xx_HAL_Driver/Src/stm32f3xx_hal_tim_ex.c ****   {
 2055              		.loc 1 882 7 discriminator 1 view .LVU605
 2056 000c 90F84400 		ldrb	r0, [r0, #68]	@ zero_extendqisi2
 2057              	.LVL133:
 882:Drivers/STM32F3xx_HAL_Driver/Src/stm32f3xx_hal_tim_ex.c ****   {
 2058              		.loc 1 882 46 discriminator 1 view .LVU606
 2059 0010 0228     		cmp	r0, #2
 2060 0012 14BF     		ite	ne
 2061 0014 0020     		movne	r0, #0
 2062 0016 0120     		moveq	r0, #1
 2063              	.L155:
 882:Drivers/STM32F3xx_HAL_Driver/Src/stm32f3xx_hal_tim_ex.c ****   {
 2064              		.loc 1 882 6 discriminator 12 view .LVU607
 2065 0018 0028     		cmp	r0, #0
 2066 001a 40F0D080 		bne	.L172
 886:Drivers/STM32F3xx_HAL_Driver/Src/stm32f3xx_hal_tim_ex.c ****   {
 2067              		.loc 1 886 8 is_stmt 1 view .LVU608
 886:Drivers/STM32F3xx_HAL_Driver/Src/stm32f3xx_hal_tim_ex.c ****   {
 2068              		.loc 1 886 51 is_stmt 0 view .LVU609
 2069 001e 002D     		cmp	r5, #0
 2070 0020 64D1     		bne	.L159
 886:Drivers/STM32F3xx_HAL_Driver/Src/stm32f3xx_hal_tim_ex.c ****   {
 2071              		.loc 1 886 12 discriminator 1 view .LVU610
 2072 0022 94F84420 		ldrb	r2, [r4, #68]	@ zero_extendqisi2
 2073              	.LVL134:
 886:Drivers/STM32F3xx_HAL_Driver/Src/stm32f3xx_hal_tim_ex.c ****   {
 2074              		.loc 1 886 51 discriminator 1 view .LVU611
 2075 0026 012A     		cmp	r2, #1
 2076 0028 14BF     		ite	ne
 2077 002a 0022     		movne	r2, #0
 2078 002c 0122     		moveq	r2, #1
 2079              	.L160:
 886:Drivers/STM32F3xx_HAL_Driver/Src/stm32f3xx_hal_tim_ex.c ****   {
 2080              		.loc 1 886 11 discriminator 12 view .LVU612
 2081 002e 002A     		cmp	r2, #0
 2082 0030 00F0C780 		beq	.L173
 888:Drivers/STM32F3xx_HAL_Driver/Src/stm32f3xx_hal_tim_ex.c ****     {
 2083              		.loc 1 888 5 is_stmt 1 view .LVU613
 888:Drivers/STM32F3xx_HAL_Driver/Src/stm32f3xx_hal_tim_ex.c ****     {
 2084              		.loc 1 888 8 is_stmt 0 view .LVU614
 2085 0034 002E     		cmp	r6, #0
 2086 0036 00F0C680 		beq	.L174
 888:Drivers/STM32F3xx_HAL_Driver/Src/stm32f3xx_hal_tim_ex.c ****     {
 2087              		.loc 1 888 25 discriminator 1 view .LVU615
 2088 003a 002B     		cmp	r3, #0
 2089 003c 00F0C580 		beq	.L175
 894:Drivers/STM32F3xx_HAL_Driver/Src/stm32f3xx_hal_tim_ex.c ****     }
 2090              		.loc 1 894 7 is_stmt 1 view .LVU616
 2091 0040 002D     		cmp	r5, #0
 2092 0042 6CD1     		bne	.L163
 894:Drivers/STM32F3xx_HAL_Driver/Src/stm32f3xx_hal_tim_ex.c ****     }
 2093              		.loc 1 894 7 is_stmt 0 discriminator 1 view .LVU617
ARM GAS  C:\Users\nakas\AppData\Local\Temp\ccLYSQiW.s 			page 92


 2094 0044 0222     		movs	r2, #2
 2095 0046 84F84420 		strb	r2, [r4, #68]
 902:Drivers/STM32F3xx_HAL_Driver/Src/stm32f3xx_hal_tim_ex.c ****   {
 2096              		.loc 1 902 3 is_stmt 1 view .LVU618
 2097              	.L164:
 907:Drivers/STM32F3xx_HAL_Driver/Src/stm32f3xx_hal_tim_ex.c ****       htim->hdma[TIM_DMA_ID_CC1]->XferHalfCpltCallback = TIM_DMADelayPulseHalfCplt;
 2098              		.loc 1 907 7 view .LVU619
 907:Drivers/STM32F3xx_HAL_Driver/Src/stm32f3xx_hal_tim_ex.c ****       htim->hdma[TIM_DMA_ID_CC1]->XferHalfCpltCallback = TIM_DMADelayPulseHalfCplt;
 2099              		.loc 1 907 17 is_stmt 0 view .LVU620
 2100 004a 626A     		ldr	r2, [r4, #36]
 907:Drivers/STM32F3xx_HAL_Driver/Src/stm32f3xx_hal_tim_ex.c ****       htim->hdma[TIM_DMA_ID_CC1]->XferHalfCpltCallback = TIM_DMADelayPulseHalfCplt;
 2101              		.loc 1 907 52 view .LVU621
 2102 004c 6549     		ldr	r1, .L189
 2103              	.LVL135:
 907:Drivers/STM32F3xx_HAL_Driver/Src/stm32f3xx_hal_tim_ex.c ****       htim->hdma[TIM_DMA_ID_CC1]->XferHalfCpltCallback = TIM_DMADelayPulseHalfCplt;
 2104              		.loc 1 907 52 view .LVU622
 2105 004e 9162     		str	r1, [r2, #40]
 908:Drivers/STM32F3xx_HAL_Driver/Src/stm32f3xx_hal_tim_ex.c **** 
 2106              		.loc 1 908 7 is_stmt 1 view .LVU623
 908:Drivers/STM32F3xx_HAL_Driver/Src/stm32f3xx_hal_tim_ex.c **** 
 2107              		.loc 1 908 17 is_stmt 0 view .LVU624
 2108 0050 626A     		ldr	r2, [r4, #36]
 908:Drivers/STM32F3xx_HAL_Driver/Src/stm32f3xx_hal_tim_ex.c **** 
 2109              		.loc 1 908 56 view .LVU625
 2110 0052 6549     		ldr	r1, .L189+4
 2111 0054 D162     		str	r1, [r2, #44]
 911:Drivers/STM32F3xx_HAL_Driver/Src/stm32f3xx_hal_tim_ex.c **** 
 2112              		.loc 1 911 7 is_stmt 1 view .LVU626
 911:Drivers/STM32F3xx_HAL_Driver/Src/stm32f3xx_hal_tim_ex.c **** 
 2113              		.loc 1 911 17 is_stmt 0 view .LVU627
 2114 0056 626A     		ldr	r2, [r4, #36]
 911:Drivers/STM32F3xx_HAL_Driver/Src/stm32f3xx_hal_tim_ex.c **** 
 2115              		.loc 1 911 53 view .LVU628
 2116 0058 6449     		ldr	r1, .L189+8
 2117 005a 1163     		str	r1, [r2, #48]
 914:Drivers/STM32F3xx_HAL_Driver/Src/stm32f3xx_hal_tim_ex.c ****                            Length) != HAL_OK)
 2118              		.loc 1 914 7 is_stmt 1 view .LVU629
 914:Drivers/STM32F3xx_HAL_Driver/Src/stm32f3xx_hal_tim_ex.c ****                            Length) != HAL_OK)
 2119              		.loc 1 914 88 is_stmt 0 view .LVU630
 2120 005c 2268     		ldr	r2, [r4]
 914:Drivers/STM32F3xx_HAL_Driver/Src/stm32f3xx_hal_tim_ex.c ****                            Length) != HAL_OK)
 2121              		.loc 1 914 11 view .LVU631
 2122 005e 3432     		adds	r2, r2, #52
 2123 0060 3146     		mov	r1, r6
 2124 0062 606A     		ldr	r0, [r4, #36]
 2125 0064 FFF7FEFF 		bl	HAL_DMA_Start_IT
 2126              	.LVL136:
 914:Drivers/STM32F3xx_HAL_Driver/Src/stm32f3xx_hal_tim_ex.c ****                            Length) != HAL_OK)
 2127              		.loc 1 914 10 discriminator 1 view .LVU632
 2128 0068 0028     		cmp	r0, #0
 2129 006a 40F0B080 		bne	.L177
 921:Drivers/STM32F3xx_HAL_Driver/Src/stm32f3xx_hal_tim_ex.c ****       break;
 2130              		.loc 1 921 7 is_stmt 1 view .LVU633
 2131 006e 2268     		ldr	r2, [r4]
 2132 0070 D368     		ldr	r3, [r2, #12]
 2133 0072 43F40073 		orr	r3, r3, #512
 2134 0076 D360     		str	r3, [r2, #12]
ARM GAS  C:\Users\nakas\AppData\Local\Temp\ccLYSQiW.s 			page 93


 922:Drivers/STM32F3xx_HAL_Driver/Src/stm32f3xx_hal_tim_ex.c ****     }
 2135              		.loc 1 922 7 view .LVU634
 972:Drivers/STM32F3xx_HAL_Driver/Src/stm32f3xx_hal_tim_ex.c ****   {
 2136              		.loc 1 972 3 view .LVU635
 2137              	.L169:
 975:Drivers/STM32F3xx_HAL_Driver/Src/stm32f3xx_hal_tim_ex.c **** 
 2138              		.loc 1 975 5 view .LVU636
 2139 0078 0422     		movs	r2, #4
 2140 007a 2946     		mov	r1, r5
 2141 007c 2068     		ldr	r0, [r4]
 2142 007e FFF7FEFF 		bl	TIM_CCxNChannelCmd
 2143              	.LVL137:
 978:Drivers/STM32F3xx_HAL_Driver/Src/stm32f3xx_hal_tim_ex.c **** 
 2144              		.loc 1 978 5 view .LVU637
 2145 0082 2268     		ldr	r2, [r4]
 2146 0084 536C     		ldr	r3, [r2, #68]
 2147 0086 43F40043 		orr	r3, r3, #32768
 2148 008a 5364     		str	r3, [r2, #68]
 981:Drivers/STM32F3xx_HAL_Driver/Src/stm32f3xx_hal_tim_ex.c ****     {
 2149              		.loc 1 981 5 view .LVU638
 981:Drivers/STM32F3xx_HAL_Driver/Src/stm32f3xx_hal_tim_ex.c ****     {
 2150              		.loc 1 981 9 is_stmt 0 view .LVU639
 2151 008c 2368     		ldr	r3, [r4]
 981:Drivers/STM32F3xx_HAL_Driver/Src/stm32f3xx_hal_tim_ex.c ****     {
 2152              		.loc 1 981 8 view .LVU640
 2153 008e 584A     		ldr	r2, .L189+12
 2154 0090 9342     		cmp	r3, r2
 2155 0092 00F08680 		beq	.L170
 981:Drivers/STM32F3xx_HAL_Driver/Src/stm32f3xx_hal_tim_ex.c ****     {
 2156              		.loc 1 981 9 discriminator 1 view .LVU641
 2157 0096 B3F1804F 		cmp	r3, #1073741824
 2158 009a 00F08280 		beq	.L170
 981:Drivers/STM32F3xx_HAL_Driver/Src/stm32f3xx_hal_tim_ex.c ****     {
 2159              		.loc 1 981 9 discriminator 2 view .LVU642
 2160 009e A2F59432 		sub	r2, r2, #75776
 2161 00a2 9342     		cmp	r3, r2
 2162 00a4 7DD0     		beq	.L170
 981:Drivers/STM32F3xx_HAL_Driver/Src/stm32f3xx_hal_tim_ex.c ****     {
 2163              		.loc 1 981 9 discriminator 3 view .LVU643
 2164 00a6 02F59E32 		add	r2, r2, #80896
 2165 00aa 9342     		cmp	r3, r2
 2166 00ac 79D0     		beq	.L170
 991:Drivers/STM32F3xx_HAL_Driver/Src/stm32f3xx_hal_tim_ex.c ****     }
 2167              		.loc 1 991 7 is_stmt 1 view .LVU644
 2168 00ae 1A68     		ldr	r2, [r3]
 2169 00b0 42F00102 		orr	r2, r2, #1
 2170 00b4 1A60     		str	r2, [r3]
 2171 00b6 0020     		movs	r0, #0
 2172 00b8 84E0     		b	.L158
 2173              	.LVL138:
 2174              	.L154:
 882:Drivers/STM32F3xx_HAL_Driver/Src/stm32f3xx_hal_tim_ex.c ****   {
 2175              		.loc 1 882 46 is_stmt 0 discriminator 2 view .LVU645
 2176 00ba 0429     		cmp	r1, #4
 2177 00bc 08D0     		beq	.L183
 882:Drivers/STM32F3xx_HAL_Driver/Src/stm32f3xx_hal_tim_ex.c ****   {
 2178              		.loc 1 882 46 discriminator 5 view .LVU646
ARM GAS  C:\Users\nakas\AppData\Local\Temp\ccLYSQiW.s 			page 94


 2179 00be 0829     		cmp	r1, #8
 2180 00c0 0DD0     		beq	.L184
 882:Drivers/STM32F3xx_HAL_Driver/Src/stm32f3xx_hal_tim_ex.c ****   {
 2181              		.loc 1 882 7 discriminator 8 view .LVU647
 2182 00c2 90F84700 		ldrb	r0, [r0, #71]	@ zero_extendqisi2
 2183              	.LVL139:
 882:Drivers/STM32F3xx_HAL_Driver/Src/stm32f3xx_hal_tim_ex.c ****   {
 2184              		.loc 1 882 46 discriminator 8 view .LVU648
 2185 00c6 0228     		cmp	r0, #2
 2186 00c8 14BF     		ite	ne
 2187 00ca 0020     		movne	r0, #0
 2188 00cc 0120     		moveq	r0, #1
 2189 00ce A3E7     		b	.L155
 2190              	.LVL140:
 2191              	.L183:
 882:Drivers/STM32F3xx_HAL_Driver/Src/stm32f3xx_hal_tim_ex.c ****   {
 2192              		.loc 1 882 7 discriminator 4 view .LVU649
 2193 00d0 90F84500 		ldrb	r0, [r0, #69]	@ zero_extendqisi2
 2194              	.LVL141:
 882:Drivers/STM32F3xx_HAL_Driver/Src/stm32f3xx_hal_tim_ex.c ****   {
 2195              		.loc 1 882 46 discriminator 4 view .LVU650
 2196 00d4 0228     		cmp	r0, #2
 2197 00d6 14BF     		ite	ne
 2198 00d8 0020     		movne	r0, #0
 2199 00da 0120     		moveq	r0, #1
 2200 00dc 9CE7     		b	.L155
 2201              	.LVL142:
 2202              	.L184:
 882:Drivers/STM32F3xx_HAL_Driver/Src/stm32f3xx_hal_tim_ex.c ****   {
 2203              		.loc 1 882 7 discriminator 7 view .LVU651
 2204 00de 90F84600 		ldrb	r0, [r0, #70]	@ zero_extendqisi2
 2205              	.LVL143:
 882:Drivers/STM32F3xx_HAL_Driver/Src/stm32f3xx_hal_tim_ex.c ****   {
 2206              		.loc 1 882 46 discriminator 7 view .LVU652
 2207 00e2 0228     		cmp	r0, #2
 2208 00e4 14BF     		ite	ne
 2209 00e6 0020     		movne	r0, #0
 2210 00e8 0120     		moveq	r0, #1
 2211 00ea 95E7     		b	.L155
 2212              	.L159:
 886:Drivers/STM32F3xx_HAL_Driver/Src/stm32f3xx_hal_tim_ex.c ****   {
 2213              		.loc 1 886 51 discriminator 2 view .LVU653
 2214 00ec 042D     		cmp	r5, #4
 2215 00ee 08D0     		beq	.L185
 886:Drivers/STM32F3xx_HAL_Driver/Src/stm32f3xx_hal_tim_ex.c ****   {
 2216              		.loc 1 886 51 discriminator 5 view .LVU654
 2217 00f0 082D     		cmp	r5, #8
 2218 00f2 0DD0     		beq	.L186
 886:Drivers/STM32F3xx_HAL_Driver/Src/stm32f3xx_hal_tim_ex.c ****   {
 2219              		.loc 1 886 12 discriminator 8 view .LVU655
 2220 00f4 94F84720 		ldrb	r2, [r4, #71]	@ zero_extendqisi2
 2221              	.LVL144:
 886:Drivers/STM32F3xx_HAL_Driver/Src/stm32f3xx_hal_tim_ex.c ****   {
 2222              		.loc 1 886 51 discriminator 8 view .LVU656
 2223 00f8 012A     		cmp	r2, #1
 2224 00fa 14BF     		ite	ne
 2225 00fc 0022     		movne	r2, #0
ARM GAS  C:\Users\nakas\AppData\Local\Temp\ccLYSQiW.s 			page 95


 2226 00fe 0122     		moveq	r2, #1
 2227 0100 95E7     		b	.L160
 2228              	.LVL145:
 2229              	.L185:
 886:Drivers/STM32F3xx_HAL_Driver/Src/stm32f3xx_hal_tim_ex.c ****   {
 2230              		.loc 1 886 12 discriminator 4 view .LVU657
 2231 0102 94F84520 		ldrb	r2, [r4, #69]	@ zero_extendqisi2
 2232              	.LVL146:
 886:Drivers/STM32F3xx_HAL_Driver/Src/stm32f3xx_hal_tim_ex.c ****   {
 2233              		.loc 1 886 51 discriminator 4 view .LVU658
 2234 0106 012A     		cmp	r2, #1
 2235 0108 14BF     		ite	ne
 2236 010a 0022     		movne	r2, #0
 2237 010c 0122     		moveq	r2, #1
 2238 010e 8EE7     		b	.L160
 2239              	.LVL147:
 2240              	.L186:
 886:Drivers/STM32F3xx_HAL_Driver/Src/stm32f3xx_hal_tim_ex.c ****   {
 2241              		.loc 1 886 12 discriminator 7 view .LVU659
 2242 0110 94F84620 		ldrb	r2, [r4, #70]	@ zero_extendqisi2
 2243              	.LVL148:
 886:Drivers/STM32F3xx_HAL_Driver/Src/stm32f3xx_hal_tim_ex.c ****   {
 2244              		.loc 1 886 51 discriminator 7 view .LVU660
 2245 0114 012A     		cmp	r2, #1
 2246 0116 14BF     		ite	ne
 2247 0118 0022     		movne	r2, #0
 2248 011a 0122     		moveq	r2, #1
 2249 011c 87E7     		b	.L160
 2250              	.L163:
 894:Drivers/STM32F3xx_HAL_Driver/Src/stm32f3xx_hal_tim_ex.c ****     }
 2251              		.loc 1 894 7 discriminator 2 view .LVU661
 2252 011e 042D     		cmp	r5, #4
 2253 0120 0CD0     		beq	.L187
 894:Drivers/STM32F3xx_HAL_Driver/Src/stm32f3xx_hal_tim_ex.c ****     }
 2254              		.loc 1 894 7 discriminator 4 view .LVU662
 2255 0122 082D     		cmp	r5, #8
 2256 0124 24D0     		beq	.L188
 894:Drivers/STM32F3xx_HAL_Driver/Src/stm32f3xx_hal_tim_ex.c ****     }
 2257              		.loc 1 894 7 discriminator 7 view .LVU663
 2258 0126 0222     		movs	r2, #2
 2259 0128 84F84720 		strb	r2, [r4, #71]
 902:Drivers/STM32F3xx_HAL_Driver/Src/stm32f3xx_hal_tim_ex.c ****   {
 2260              		.loc 1 902 3 is_stmt 1 view .LVU664
 2261 012c 042D     		cmp	r5, #4
 2262 012e 08D0     		beq	.L166
 2263 0130 082D     		cmp	r5, #8
 2264 0132 20D0     		beq	.L168
 2265 0134 002D     		cmp	r5, #0
 2266 0136 88D0     		beq	.L164
 2267 0138 0120     		movs	r0, #1
 2268 013a 43E0     		b	.L158
 2269              	.L187:
 894:Drivers/STM32F3xx_HAL_Driver/Src/stm32f3xx_hal_tim_ex.c ****     }
 2270              		.loc 1 894 7 is_stmt 0 discriminator 3 view .LVU665
 2271 013c 0222     		movs	r2, #2
 2272 013e 84F84520 		strb	r2, [r4, #69]
 902:Drivers/STM32F3xx_HAL_Driver/Src/stm32f3xx_hal_tim_ex.c ****   {
ARM GAS  C:\Users\nakas\AppData\Local\Temp\ccLYSQiW.s 			page 96


 2273              		.loc 1 902 3 is_stmt 1 view .LVU666
 2274              	.L166:
 928:Drivers/STM32F3xx_HAL_Driver/Src/stm32f3xx_hal_tim_ex.c ****       htim->hdma[TIM_DMA_ID_CC2]->XferHalfCpltCallback = TIM_DMADelayPulseHalfCplt;
 2275              		.loc 1 928 7 view .LVU667
 928:Drivers/STM32F3xx_HAL_Driver/Src/stm32f3xx_hal_tim_ex.c ****       htim->hdma[TIM_DMA_ID_CC2]->XferHalfCpltCallback = TIM_DMADelayPulseHalfCplt;
 2276              		.loc 1 928 17 is_stmt 0 view .LVU668
 2277 0142 A26A     		ldr	r2, [r4, #40]
 928:Drivers/STM32F3xx_HAL_Driver/Src/stm32f3xx_hal_tim_ex.c ****       htim->hdma[TIM_DMA_ID_CC2]->XferHalfCpltCallback = TIM_DMADelayPulseHalfCplt;
 2278              		.loc 1 928 52 view .LVU669
 2279 0144 2749     		ldr	r1, .L189
 2280              	.LVL149:
 928:Drivers/STM32F3xx_HAL_Driver/Src/stm32f3xx_hal_tim_ex.c ****       htim->hdma[TIM_DMA_ID_CC2]->XferHalfCpltCallback = TIM_DMADelayPulseHalfCplt;
 2281              		.loc 1 928 52 view .LVU670
 2282 0146 9162     		str	r1, [r2, #40]
 929:Drivers/STM32F3xx_HAL_Driver/Src/stm32f3xx_hal_tim_ex.c **** 
 2283              		.loc 1 929 7 is_stmt 1 view .LVU671
 929:Drivers/STM32F3xx_HAL_Driver/Src/stm32f3xx_hal_tim_ex.c **** 
 2284              		.loc 1 929 17 is_stmt 0 view .LVU672
 2285 0148 A26A     		ldr	r2, [r4, #40]
 929:Drivers/STM32F3xx_HAL_Driver/Src/stm32f3xx_hal_tim_ex.c **** 
 2286              		.loc 1 929 56 view .LVU673
 2287 014a 2749     		ldr	r1, .L189+4
 2288 014c D162     		str	r1, [r2, #44]
 932:Drivers/STM32F3xx_HAL_Driver/Src/stm32f3xx_hal_tim_ex.c **** 
 2289              		.loc 1 932 7 is_stmt 1 view .LVU674
 932:Drivers/STM32F3xx_HAL_Driver/Src/stm32f3xx_hal_tim_ex.c **** 
 2290              		.loc 1 932 17 is_stmt 0 view .LVU675
 2291 014e A26A     		ldr	r2, [r4, #40]
 932:Drivers/STM32F3xx_HAL_Driver/Src/stm32f3xx_hal_tim_ex.c **** 
 2292              		.loc 1 932 53 view .LVU676
 2293 0150 2649     		ldr	r1, .L189+8
 2294 0152 1163     		str	r1, [r2, #48]
 935:Drivers/STM32F3xx_HAL_Driver/Src/stm32f3xx_hal_tim_ex.c ****                            Length) != HAL_OK)
 2295              		.loc 1 935 7 is_stmt 1 view .LVU677
 935:Drivers/STM32F3xx_HAL_Driver/Src/stm32f3xx_hal_tim_ex.c ****                            Length) != HAL_OK)
 2296              		.loc 1 935 88 is_stmt 0 view .LVU678
 2297 0154 2268     		ldr	r2, [r4]
 935:Drivers/STM32F3xx_HAL_Driver/Src/stm32f3xx_hal_tim_ex.c ****                            Length) != HAL_OK)
 2298              		.loc 1 935 11 view .LVU679
 2299 0156 3832     		adds	r2, r2, #56
 2300 0158 3146     		mov	r1, r6
 2301 015a A06A     		ldr	r0, [r4, #40]
 2302 015c FFF7FEFF 		bl	HAL_DMA_Start_IT
 2303              	.LVL150:
 935:Drivers/STM32F3xx_HAL_Driver/Src/stm32f3xx_hal_tim_ex.c ****                            Length) != HAL_OK)
 2304              		.loc 1 935 10 discriminator 1 view .LVU680
 2305 0160 0028     		cmp	r0, #0
 2306 0162 36D1     		bne	.L178
 942:Drivers/STM32F3xx_HAL_Driver/Src/stm32f3xx_hal_tim_ex.c ****       break;
 2307              		.loc 1 942 7 is_stmt 1 view .LVU681
 2308 0164 2268     		ldr	r2, [r4]
 2309 0166 D368     		ldr	r3, [r2, #12]
 2310 0168 43F48063 		orr	r3, r3, #1024
 2311 016c D360     		str	r3, [r2, #12]
 943:Drivers/STM32F3xx_HAL_Driver/Src/stm32f3xx_hal_tim_ex.c ****     }
 2312              		.loc 1 943 7 view .LVU682
 972:Drivers/STM32F3xx_HAL_Driver/Src/stm32f3xx_hal_tim_ex.c ****   {
ARM GAS  C:\Users\nakas\AppData\Local\Temp\ccLYSQiW.s 			page 97


 2313              		.loc 1 972 3 view .LVU683
 2314 016e 83E7     		b	.L169
 2315              	.LVL151:
 2316              	.L188:
 894:Drivers/STM32F3xx_HAL_Driver/Src/stm32f3xx_hal_tim_ex.c ****     }
 2317              		.loc 1 894 7 is_stmt 0 discriminator 6 view .LVU684
 2318 0170 0222     		movs	r2, #2
 2319 0172 84F84620 		strb	r2, [r4, #70]
 902:Drivers/STM32F3xx_HAL_Driver/Src/stm32f3xx_hal_tim_ex.c ****   {
 2320              		.loc 1 902 3 is_stmt 1 view .LVU685
 2321              	.L168:
 949:Drivers/STM32F3xx_HAL_Driver/Src/stm32f3xx_hal_tim_ex.c ****       htim->hdma[TIM_DMA_ID_CC3]->XferHalfCpltCallback = TIM_DMADelayPulseHalfCplt;
 2322              		.loc 1 949 7 view .LVU686
 949:Drivers/STM32F3xx_HAL_Driver/Src/stm32f3xx_hal_tim_ex.c ****       htim->hdma[TIM_DMA_ID_CC3]->XferHalfCpltCallback = TIM_DMADelayPulseHalfCplt;
 2323              		.loc 1 949 17 is_stmt 0 view .LVU687
 2324 0176 E26A     		ldr	r2, [r4, #44]
 949:Drivers/STM32F3xx_HAL_Driver/Src/stm32f3xx_hal_tim_ex.c ****       htim->hdma[TIM_DMA_ID_CC3]->XferHalfCpltCallback = TIM_DMADelayPulseHalfCplt;
 2325              		.loc 1 949 52 view .LVU688
 2326 0178 1A49     		ldr	r1, .L189
 2327              	.LVL152:
 949:Drivers/STM32F3xx_HAL_Driver/Src/stm32f3xx_hal_tim_ex.c ****       htim->hdma[TIM_DMA_ID_CC3]->XferHalfCpltCallback = TIM_DMADelayPulseHalfCplt;
 2328              		.loc 1 949 52 view .LVU689
 2329 017a 9162     		str	r1, [r2, #40]
 950:Drivers/STM32F3xx_HAL_Driver/Src/stm32f3xx_hal_tim_ex.c **** 
 2330              		.loc 1 950 7 is_stmt 1 view .LVU690
 950:Drivers/STM32F3xx_HAL_Driver/Src/stm32f3xx_hal_tim_ex.c **** 
 2331              		.loc 1 950 17 is_stmt 0 view .LVU691
 2332 017c E26A     		ldr	r2, [r4, #44]
 950:Drivers/STM32F3xx_HAL_Driver/Src/stm32f3xx_hal_tim_ex.c **** 
 2333              		.loc 1 950 56 view .LVU692
 2334 017e 1A49     		ldr	r1, .L189+4
 2335 0180 D162     		str	r1, [r2, #44]
 953:Drivers/STM32F3xx_HAL_Driver/Src/stm32f3xx_hal_tim_ex.c **** 
 2336              		.loc 1 953 7 is_stmt 1 view .LVU693
 953:Drivers/STM32F3xx_HAL_Driver/Src/stm32f3xx_hal_tim_ex.c **** 
 2337              		.loc 1 953 17 is_stmt 0 view .LVU694
 2338 0182 E26A     		ldr	r2, [r4, #44]
 953:Drivers/STM32F3xx_HAL_Driver/Src/stm32f3xx_hal_tim_ex.c **** 
 2339              		.loc 1 953 53 view .LVU695
 2340 0184 1949     		ldr	r1, .L189+8
 2341 0186 1163     		str	r1, [r2, #48]
 956:Drivers/STM32F3xx_HAL_Driver/Src/stm32f3xx_hal_tim_ex.c ****                            Length) != HAL_OK)
 2342              		.loc 1 956 7 is_stmt 1 view .LVU696
 956:Drivers/STM32F3xx_HAL_Driver/Src/stm32f3xx_hal_tim_ex.c ****                            Length) != HAL_OK)
 2343              		.loc 1 956 88 is_stmt 0 view .LVU697
 2344 0188 2268     		ldr	r2, [r4]
 956:Drivers/STM32F3xx_HAL_Driver/Src/stm32f3xx_hal_tim_ex.c ****                            Length) != HAL_OK)
 2345              		.loc 1 956 11 view .LVU698
 2346 018a 3C32     		adds	r2, r2, #60
 2347 018c 3146     		mov	r1, r6
 2348 018e E06A     		ldr	r0, [r4, #44]
 2349 0190 FFF7FEFF 		bl	HAL_DMA_Start_IT
 2350              	.LVL153:
 956:Drivers/STM32F3xx_HAL_Driver/Src/stm32f3xx_hal_tim_ex.c ****                            Length) != HAL_OK)
 2351              		.loc 1 956 10 discriminator 1 view .LVU699
 2352 0194 F8B9     		cbnz	r0, .L179
 963:Drivers/STM32F3xx_HAL_Driver/Src/stm32f3xx_hal_tim_ex.c ****       break;
ARM GAS  C:\Users\nakas\AppData\Local\Temp\ccLYSQiW.s 			page 98


 2353              		.loc 1 963 7 is_stmt 1 view .LVU700
 2354 0196 2268     		ldr	r2, [r4]
 2355 0198 D368     		ldr	r3, [r2, #12]
 2356 019a 43F40063 		orr	r3, r3, #2048
 2357 019e D360     		str	r3, [r2, #12]
 964:Drivers/STM32F3xx_HAL_Driver/Src/stm32f3xx_hal_tim_ex.c ****     }
 2358              		.loc 1 964 7 view .LVU701
 972:Drivers/STM32F3xx_HAL_Driver/Src/stm32f3xx_hal_tim_ex.c ****   {
 2359              		.loc 1 972 3 view .LVU702
 2360 01a0 6AE7     		b	.L169
 2361              	.L170:
 983:Drivers/STM32F3xx_HAL_Driver/Src/stm32f3xx_hal_tim_ex.c ****       if (!IS_TIM_SLAVEMODE_TRIGGER_ENABLED(tmpsmcr))
 2362              		.loc 1 983 7 view .LVU703
 983:Drivers/STM32F3xx_HAL_Driver/Src/stm32f3xx_hal_tim_ex.c ****       if (!IS_TIM_SLAVEMODE_TRIGGER_ENABLED(tmpsmcr))
 2363              		.loc 1 983 31 is_stmt 0 view .LVU704
 2364 01a2 9968     		ldr	r1, [r3, #8]
 983:Drivers/STM32F3xx_HAL_Driver/Src/stm32f3xx_hal_tim_ex.c ****       if (!IS_TIM_SLAVEMODE_TRIGGER_ENABLED(tmpsmcr))
 2365              		.loc 1 983 15 view .LVU705
 2366 01a4 134A     		ldr	r2, .L189+16
 2367 01a6 0A40     		ands	r2, r2, r1
 2368              	.LVL154:
 984:Drivers/STM32F3xx_HAL_Driver/Src/stm32f3xx_hal_tim_ex.c ****       {
 2369              		.loc 1 984 7 is_stmt 1 view .LVU706
 984:Drivers/STM32F3xx_HAL_Driver/Src/stm32f3xx_hal_tim_ex.c ****       {
 2370              		.loc 1 984 10 is_stmt 0 view .LVU707
 2371 01a8 062A     		cmp	r2, #6
 2372 01aa 16D0     		beq	.L180
 984:Drivers/STM32F3xx_HAL_Driver/Src/stm32f3xx_hal_tim_ex.c ****       {
 2373              		.loc 1 984 11 discriminator 1 view .LVU708
 2374 01ac B2F5803F 		cmp	r2, #65536
 2375 01b0 15D0     		beq	.L181
 986:Drivers/STM32F3xx_HAL_Driver/Src/stm32f3xx_hal_tim_ex.c ****       }
 2376              		.loc 1 986 9 is_stmt 1 view .LVU709
 2377 01b2 1A68     		ldr	r2, [r3]
 2378              	.LVL155:
 986:Drivers/STM32F3xx_HAL_Driver/Src/stm32f3xx_hal_tim_ex.c ****       }
 2379              		.loc 1 986 9 is_stmt 0 view .LVU710
 2380 01b4 42F00102 		orr	r2, r2, #1
 2381 01b8 1A60     		str	r2, [r3]
 2382 01ba 0020     		movs	r0, #0
 2383 01bc 02E0     		b	.L158
 2384              	.LVL156:
 2385              	.L172:
 884:Drivers/STM32F3xx_HAL_Driver/Src/stm32f3xx_hal_tim_ex.c ****   }
 2386              		.loc 1 884 12 view .LVU711
 2387 01be 0220     		movs	r0, #2
 2388 01c0 00E0     		b	.L158
 2389              	.LVL157:
 2390              	.L173:
 899:Drivers/STM32F3xx_HAL_Driver/Src/stm32f3xx_hal_tim_ex.c ****   }
 2391              		.loc 1 899 12 view .LVU712
 2392 01c2 0120     		movs	r0, #1
 2393              	.LVL158:
 2394              	.L158:
 997:Drivers/STM32F3xx_HAL_Driver/Src/stm32f3xx_hal_tim_ex.c **** 
 2395              		.loc 1 997 1 view .LVU713
 2396 01c4 70BD     		pop	{r4, r5, r6, pc}
ARM GAS  C:\Users\nakas\AppData\Local\Temp\ccLYSQiW.s 			page 99


 2397              	.LVL159:
 2398              	.L174:
 890:Drivers/STM32F3xx_HAL_Driver/Src/stm32f3xx_hal_tim_ex.c ****     }
 2399              		.loc 1 890 14 view .LVU714
 2400 01c6 0120     		movs	r0, #1
 2401 01c8 FCE7     		b	.L158
 2402              	.L175:
 2403 01ca 0120     		movs	r0, #1
 2404 01cc FAE7     		b	.L158
 2405              	.LVL160:
 2406              	.L177:
 918:Drivers/STM32F3xx_HAL_Driver/Src/stm32f3xx_hal_tim_ex.c ****       }
 2407              		.loc 1 918 16 view .LVU715
 2408 01ce 0120     		movs	r0, #1
 2409 01d0 F8E7     		b	.L158
 2410              	.L178:
 939:Drivers/STM32F3xx_HAL_Driver/Src/stm32f3xx_hal_tim_ex.c ****       }
 2411              		.loc 1 939 16 view .LVU716
 2412 01d2 0120     		movs	r0, #1
 2413 01d4 F6E7     		b	.L158
 2414              	.L179:
 960:Drivers/STM32F3xx_HAL_Driver/Src/stm32f3xx_hal_tim_ex.c ****       }
 2415              		.loc 1 960 16 view .LVU717
 2416 01d6 0120     		movs	r0, #1
 2417 01d8 F4E7     		b	.L158
 2418              	.LVL161:
 2419              	.L180:
 960:Drivers/STM32F3xx_HAL_Driver/Src/stm32f3xx_hal_tim_ex.c ****       }
 2420              		.loc 1 960 16 view .LVU718
 2421 01da 0020     		movs	r0, #0
 2422 01dc F2E7     		b	.L158
 2423              	.L181:
 2424 01de 0020     		movs	r0, #0
 2425 01e0 F0E7     		b	.L158
 2426              	.L190:
 2427 01e2 00BF     		.align	2
 2428              	.L189:
 2429 01e4 00000000 		.word	TIM_DMADelayPulseNCplt
 2430 01e8 00000000 		.word	TIM_DMADelayPulseHalfCplt
 2431 01ec 00000000 		.word	TIM_DMAErrorCCxN
 2432 01f0 002C0140 		.word	1073818624
 2433 01f4 07000100 		.word	65543
 2434              		.cfi_endproc
 2435              	.LFE137:
 2437              		.section	.text.HAL_TIMEx_OCN_Stop_DMA,"ax",%progbits
 2438              		.align	1
 2439              		.global	HAL_TIMEx_OCN_Stop_DMA
 2440              		.syntax unified
 2441              		.thumb
 2442              		.thumb_func
 2444              	HAL_TIMEx_OCN_Stop_DMA:
 2445              	.LVL162:
 2446              	.LFB138:
1011:Drivers/STM32F3xx_HAL_Driver/Src/stm32f3xx_hal_tim_ex.c ****   HAL_StatusTypeDef status = HAL_OK;
 2447              		.loc 1 1011 1 is_stmt 1 view -0
 2448              		.cfi_startproc
 2449              		@ args = 0, pretend = 0, frame = 0
ARM GAS  C:\Users\nakas\AppData\Local\Temp\ccLYSQiW.s 			page 100


 2450              		@ frame_needed = 0, uses_anonymous_args = 0
1011:Drivers/STM32F3xx_HAL_Driver/Src/stm32f3xx_hal_tim_ex.c ****   HAL_StatusTypeDef status = HAL_OK;
 2451              		.loc 1 1011 1 is_stmt 0 view .LVU720
 2452 0000 38B5     		push	{r3, r4, r5, lr}
 2453              	.LCFI19:
 2454              		.cfi_def_cfa_offset 16
 2455              		.cfi_offset 3, -16
 2456              		.cfi_offset 4, -12
 2457              		.cfi_offset 5, -8
 2458              		.cfi_offset 14, -4
 2459 0002 0446     		mov	r4, r0
 2460 0004 0D46     		mov	r5, r1
1012:Drivers/STM32F3xx_HAL_Driver/Src/stm32f3xx_hal_tim_ex.c **** 
 2461              		.loc 1 1012 3 is_stmt 1 view .LVU721
 2462              	.LVL163:
1015:Drivers/STM32F3xx_HAL_Driver/Src/stm32f3xx_hal_tim_ex.c **** 
 2463              		.loc 1 1015 3 view .LVU722
1017:Drivers/STM32F3xx_HAL_Driver/Src/stm32f3xx_hal_tim_ex.c ****   {
 2464              		.loc 1 1017 3 view .LVU723
 2465 0006 0429     		cmp	r1, #4
 2466 0008 34D0     		beq	.L192
 2467 000a 0829     		cmp	r1, #8
 2468 000c 3BD0     		beq	.L193
 2469 000e 0029     		cmp	r1, #0
 2470 0010 55D1     		bne	.L201
1022:Drivers/STM32F3xx_HAL_Driver/Src/stm32f3xx_hal_tim_ex.c ****       (void)HAL_DMA_Abort_IT(htim->hdma[TIM_DMA_ID_CC1]);
 2471              		.loc 1 1022 7 view .LVU724
 2472 0012 0268     		ldr	r2, [r0]
 2473 0014 D368     		ldr	r3, [r2, #12]
 2474 0016 23F40073 		bic	r3, r3, #512
 2475 001a D360     		str	r3, [r2, #12]
1023:Drivers/STM32F3xx_HAL_Driver/Src/stm32f3xx_hal_tim_ex.c ****       break;
 2476              		.loc 1 1023 7 view .LVU725
1023:Drivers/STM32F3xx_HAL_Driver/Src/stm32f3xx_hal_tim_ex.c ****       break;
 2477              		.loc 1 1023 13 is_stmt 0 view .LVU726
 2478 001c 406A     		ldr	r0, [r0, #36]
 2479              	.LVL164:
1023:Drivers/STM32F3xx_HAL_Driver/Src/stm32f3xx_hal_tim_ex.c ****       break;
 2480              		.loc 1 1023 13 view .LVU727
 2481 001e FFF7FEFF 		bl	HAL_DMA_Abort_IT
 2482              	.LVL165:
1024:Drivers/STM32F3xx_HAL_Driver/Src/stm32f3xx_hal_tim_ex.c ****     }
 2483              		.loc 1 1024 7 is_stmt 1 view .LVU728
1048:Drivers/STM32F3xx_HAL_Driver/Src/stm32f3xx_hal_tim_ex.c ****   {
 2484              		.loc 1 1048 3 view .LVU729
 2485              	.L195:
1051:Drivers/STM32F3xx_HAL_Driver/Src/stm32f3xx_hal_tim_ex.c **** 
 2486              		.loc 1 1051 5 view .LVU730
 2487 0022 0022     		movs	r2, #0
 2488 0024 2946     		mov	r1, r5
 2489 0026 2068     		ldr	r0, [r4]
 2490 0028 FFF7FEFF 		bl	TIM_CCxNChannelCmd
 2491              	.LVL166:
1054:Drivers/STM32F3xx_HAL_Driver/Src/stm32f3xx_hal_tim_ex.c **** 
 2492              		.loc 1 1054 5 view .LVU731
1054:Drivers/STM32F3xx_HAL_Driver/Src/stm32f3xx_hal_tim_ex.c **** 
 2493              		.loc 1 1054 5 view .LVU732
ARM GAS  C:\Users\nakas\AppData\Local\Temp\ccLYSQiW.s 			page 101


 2494 002c 2368     		ldr	r3, [r4]
 2495 002e 196A     		ldr	r1, [r3, #32]
 2496 0030 41F21112 		movw	r2, #4369
 2497 0034 1142     		tst	r1, r2
 2498 0036 08D1     		bne	.L196
1054:Drivers/STM32F3xx_HAL_Driver/Src/stm32f3xx_hal_tim_ex.c **** 
 2499              		.loc 1 1054 5 discriminator 1 view .LVU733
 2500 0038 196A     		ldr	r1, [r3, #32]
 2501 003a 40F24442 		movw	r2, #1092
 2502 003e 1142     		tst	r1, r2
 2503 0040 03D1     		bne	.L196
1054:Drivers/STM32F3xx_HAL_Driver/Src/stm32f3xx_hal_tim_ex.c **** 
 2504              		.loc 1 1054 5 discriminator 2 view .LVU734
 2505 0042 5A6C     		ldr	r2, [r3, #68]
 2506 0044 22F40042 		bic	r2, r2, #32768
 2507 0048 5A64     		str	r2, [r3, #68]
 2508              	.L196:
1054:Drivers/STM32F3xx_HAL_Driver/Src/stm32f3xx_hal_tim_ex.c **** 
 2509              		.loc 1 1054 5 view .LVU735
1057:Drivers/STM32F3xx_HAL_Driver/Src/stm32f3xx_hal_tim_ex.c **** 
 2510              		.loc 1 1057 5 view .LVU736
1057:Drivers/STM32F3xx_HAL_Driver/Src/stm32f3xx_hal_tim_ex.c **** 
 2511              		.loc 1 1057 5 view .LVU737
 2512 004a 2368     		ldr	r3, [r4]
 2513 004c 196A     		ldr	r1, [r3, #32]
 2514 004e 41F21112 		movw	r2, #4369
 2515 0052 1142     		tst	r1, r2
 2516 0054 08D1     		bne	.L197
1057:Drivers/STM32F3xx_HAL_Driver/Src/stm32f3xx_hal_tim_ex.c **** 
 2517              		.loc 1 1057 5 discriminator 1 view .LVU738
 2518 0056 196A     		ldr	r1, [r3, #32]
 2519 0058 40F24442 		movw	r2, #1092
 2520 005c 1142     		tst	r1, r2
 2521 005e 03D1     		bne	.L197
1057:Drivers/STM32F3xx_HAL_Driver/Src/stm32f3xx_hal_tim_ex.c **** 
 2522              		.loc 1 1057 5 discriminator 2 view .LVU739
 2523 0060 1A68     		ldr	r2, [r3]
 2524 0062 22F00102 		bic	r2, r2, #1
 2525 0066 1A60     		str	r2, [r3]
 2526              	.L197:
1057:Drivers/STM32F3xx_HAL_Driver/Src/stm32f3xx_hal_tim_ex.c **** 
 2527              		.loc 1 1057 5 view .LVU740
1060:Drivers/STM32F3xx_HAL_Driver/Src/stm32f3xx_hal_tim_ex.c ****   }
 2528              		.loc 1 1060 5 view .LVU741
 2529 0068 B5B9     		cbnz	r5, .L198
1060:Drivers/STM32F3xx_HAL_Driver/Src/stm32f3xx_hal_tim_ex.c ****   }
 2530              		.loc 1 1060 5 is_stmt 0 discriminator 1 view .LVU742
 2531 006a 0123     		movs	r3, #1
 2532 006c 84F84430 		strb	r3, [r4, #68]
 2533 0070 0020     		movs	r0, #0
 2534              	.L194:
 2535              	.LVL167:
1064:Drivers/STM32F3xx_HAL_Driver/Src/stm32f3xx_hal_tim_ex.c **** }
 2536              		.loc 1 1064 3 is_stmt 1 view .LVU743
1065:Drivers/STM32F3xx_HAL_Driver/Src/stm32f3xx_hal_tim_ex.c **** 
 2537              		.loc 1 1065 1 is_stmt 0 view .LVU744
 2538 0072 38BD     		pop	{r3, r4, r5, pc}
ARM GAS  C:\Users\nakas\AppData\Local\Temp\ccLYSQiW.s 			page 102


 2539              	.LVL168:
 2540              	.L192:
1030:Drivers/STM32F3xx_HAL_Driver/Src/stm32f3xx_hal_tim_ex.c ****       (void)HAL_DMA_Abort_IT(htim->hdma[TIM_DMA_ID_CC2]);
 2541              		.loc 1 1030 7 is_stmt 1 view .LVU745
 2542 0074 0268     		ldr	r2, [r0]
 2543 0076 D368     		ldr	r3, [r2, #12]
 2544 0078 23F48063 		bic	r3, r3, #1024
 2545 007c D360     		str	r3, [r2, #12]
1031:Drivers/STM32F3xx_HAL_Driver/Src/stm32f3xx_hal_tim_ex.c ****       break;
 2546              		.loc 1 1031 7 view .LVU746
1031:Drivers/STM32F3xx_HAL_Driver/Src/stm32f3xx_hal_tim_ex.c ****       break;
 2547              		.loc 1 1031 13 is_stmt 0 view .LVU747
 2548 007e 806A     		ldr	r0, [r0, #40]
 2549              	.LVL169:
1031:Drivers/STM32F3xx_HAL_Driver/Src/stm32f3xx_hal_tim_ex.c ****       break;
 2550              		.loc 1 1031 13 view .LVU748
 2551 0080 FFF7FEFF 		bl	HAL_DMA_Abort_IT
 2552              	.LVL170:
1032:Drivers/STM32F3xx_HAL_Driver/Src/stm32f3xx_hal_tim_ex.c ****     }
 2553              		.loc 1 1032 7 is_stmt 1 view .LVU749
1048:Drivers/STM32F3xx_HAL_Driver/Src/stm32f3xx_hal_tim_ex.c ****   {
 2554              		.loc 1 1048 3 view .LVU750
 2555 0084 CDE7     		b	.L195
 2556              	.LVL171:
 2557              	.L193:
1038:Drivers/STM32F3xx_HAL_Driver/Src/stm32f3xx_hal_tim_ex.c ****       (void)HAL_DMA_Abort_IT(htim->hdma[TIM_DMA_ID_CC3]);
 2558              		.loc 1 1038 7 view .LVU751
 2559 0086 0268     		ldr	r2, [r0]
 2560 0088 D368     		ldr	r3, [r2, #12]
 2561 008a 23F40063 		bic	r3, r3, #2048
 2562 008e D360     		str	r3, [r2, #12]
1039:Drivers/STM32F3xx_HAL_Driver/Src/stm32f3xx_hal_tim_ex.c ****       break;
 2563              		.loc 1 1039 7 view .LVU752
1039:Drivers/STM32F3xx_HAL_Driver/Src/stm32f3xx_hal_tim_ex.c ****       break;
 2564              		.loc 1 1039 13 is_stmt 0 view .LVU753
 2565 0090 C06A     		ldr	r0, [r0, #44]
 2566              	.LVL172:
1039:Drivers/STM32F3xx_HAL_Driver/Src/stm32f3xx_hal_tim_ex.c ****       break;
 2567              		.loc 1 1039 13 view .LVU754
 2568 0092 FFF7FEFF 		bl	HAL_DMA_Abort_IT
 2569              	.LVL173:
1040:Drivers/STM32F3xx_HAL_Driver/Src/stm32f3xx_hal_tim_ex.c ****     }
 2570              		.loc 1 1040 7 is_stmt 1 view .LVU755
1048:Drivers/STM32F3xx_HAL_Driver/Src/stm32f3xx_hal_tim_ex.c ****   {
 2571              		.loc 1 1048 3 view .LVU756
 2572 0096 C4E7     		b	.L195
 2573              	.L198:
1060:Drivers/STM32F3xx_HAL_Driver/Src/stm32f3xx_hal_tim_ex.c ****   }
 2574              		.loc 1 1060 5 is_stmt 0 discriminator 2 view .LVU757
 2575 0098 042D     		cmp	r5, #4
 2576 009a 06D0     		beq	.L203
1060:Drivers/STM32F3xx_HAL_Driver/Src/stm32f3xx_hal_tim_ex.c ****   }
 2577              		.loc 1 1060 5 discriminator 4 view .LVU758
 2578 009c 082D     		cmp	r5, #8
 2579 009e 09D0     		beq	.L204
1060:Drivers/STM32F3xx_HAL_Driver/Src/stm32f3xx_hal_tim_ex.c ****   }
 2580              		.loc 1 1060 5 discriminator 7 view .LVU759
ARM GAS  C:\Users\nakas\AppData\Local\Temp\ccLYSQiW.s 			page 103


 2581 00a0 0123     		movs	r3, #1
 2582 00a2 84F84730 		strb	r3, [r4, #71]
 2583 00a6 0020     		movs	r0, #0
 2584 00a8 E3E7     		b	.L194
 2585              	.L203:
1060:Drivers/STM32F3xx_HAL_Driver/Src/stm32f3xx_hal_tim_ex.c ****   }
 2586              		.loc 1 1060 5 discriminator 3 view .LVU760
 2587 00aa 0123     		movs	r3, #1
 2588 00ac 84F84530 		strb	r3, [r4, #69]
 2589 00b0 0020     		movs	r0, #0
 2590 00b2 DEE7     		b	.L194
 2591              	.L204:
1060:Drivers/STM32F3xx_HAL_Driver/Src/stm32f3xx_hal_tim_ex.c ****   }
 2592              		.loc 1 1060 5 discriminator 6 view .LVU761
 2593 00b4 0123     		movs	r3, #1
 2594 00b6 84F84630 		strb	r3, [r4, #70]
 2595 00ba 0020     		movs	r0, #0
 2596 00bc D9E7     		b	.L194
 2597              	.LVL174:
 2598              	.L201:
1017:Drivers/STM32F3xx_HAL_Driver/Src/stm32f3xx_hal_tim_ex.c ****   {
 2599              		.loc 1 1017 3 view .LVU762
 2600 00be 0120     		movs	r0, #1
 2601              	.LVL175:
1017:Drivers/STM32F3xx_HAL_Driver/Src/stm32f3xx_hal_tim_ex.c ****   {
 2602              		.loc 1 1017 3 view .LVU763
 2603 00c0 D7E7     		b	.L194
 2604              		.cfi_endproc
 2605              	.LFE138:
 2607              		.section	.text.HAL_TIMEx_PWMN_Start,"ax",%progbits
 2608              		.align	1
 2609              		.global	HAL_TIMEx_PWMN_Start
 2610              		.syntax unified
 2611              		.thumb
 2612              		.thumb_func
 2614              	HAL_TIMEx_PWMN_Start:
 2615              	.LVL176:
 2616              	.LFB139:
1101:Drivers/STM32F3xx_HAL_Driver/Src/stm32f3xx_hal_tim_ex.c ****   uint32_t tmpsmcr;
 2617              		.loc 1 1101 1 is_stmt 1 view -0
 2618              		.cfi_startproc
 2619              		@ args = 0, pretend = 0, frame = 0
 2620              		@ frame_needed = 0, uses_anonymous_args = 0
1101:Drivers/STM32F3xx_HAL_Driver/Src/stm32f3xx_hal_tim_ex.c ****   uint32_t tmpsmcr;
 2621              		.loc 1 1101 1 is_stmt 0 view .LVU765
 2622 0000 10B5     		push	{r4, lr}
 2623              	.LCFI20:
 2624              		.cfi_def_cfa_offset 8
 2625              		.cfi_offset 4, -8
 2626              		.cfi_offset 14, -4
 2627 0002 0446     		mov	r4, r0
1102:Drivers/STM32F3xx_HAL_Driver/Src/stm32f3xx_hal_tim_ex.c **** 
 2628              		.loc 1 1102 3 is_stmt 1 view .LVU766
1105:Drivers/STM32F3xx_HAL_Driver/Src/stm32f3xx_hal_tim_ex.c **** 
 2629              		.loc 1 1105 3 view .LVU767
1108:Drivers/STM32F3xx_HAL_Driver/Src/stm32f3xx_hal_tim_ex.c ****   {
 2630              		.loc 1 1108 3 view .LVU768
ARM GAS  C:\Users\nakas\AppData\Local\Temp\ccLYSQiW.s 			page 104


1108:Drivers/STM32F3xx_HAL_Driver/Src/stm32f3xx_hal_tim_ex.c ****   {
 2631              		.loc 1 1108 46 is_stmt 0 view .LVU769
 2632 0004 0846     		mov	r0, r1
 2633              	.LVL177:
1108:Drivers/STM32F3xx_HAL_Driver/Src/stm32f3xx_hal_tim_ex.c ****   {
 2634              		.loc 1 1108 46 view .LVU770
 2635 0006 51BB     		cbnz	r1, .L206
1108:Drivers/STM32F3xx_HAL_Driver/Src/stm32f3xx_hal_tim_ex.c ****   {
 2636              		.loc 1 1108 7 discriminator 1 view .LVU771
 2637 0008 94F84430 		ldrb	r3, [r4, #68]	@ zero_extendqisi2
1108:Drivers/STM32F3xx_HAL_Driver/Src/stm32f3xx_hal_tim_ex.c ****   {
 2638              		.loc 1 1108 46 discriminator 1 view .LVU772
 2639 000c 013B     		subs	r3, r3, #1
 2640 000e 18BF     		it	ne
 2641 0010 0123     		movne	r3, #1
 2642              	.L207:
1108:Drivers/STM32F3xx_HAL_Driver/Src/stm32f3xx_hal_tim_ex.c ****   {
 2643              		.loc 1 1108 6 discriminator 12 view .LVU773
 2644 0012 002B     		cmp	r3, #0
 2645 0014 57D1     		bne	.L217
1114:Drivers/STM32F3xx_HAL_Driver/Src/stm32f3xx_hal_tim_ex.c **** 
 2646              		.loc 1 1114 3 is_stmt 1 view .LVU774
 2647 0016 0028     		cmp	r0, #0
 2648 0018 37D1     		bne	.L211
1114:Drivers/STM32F3xx_HAL_Driver/Src/stm32f3xx_hal_tim_ex.c **** 
 2649              		.loc 1 1114 3 is_stmt 0 discriminator 1 view .LVU775
 2650 001a 0223     		movs	r3, #2
 2651 001c 84F84430 		strb	r3, [r4, #68]
 2652              	.L212:
1117:Drivers/STM32F3xx_HAL_Driver/Src/stm32f3xx_hal_tim_ex.c **** 
 2653              		.loc 1 1117 3 is_stmt 1 view .LVU776
 2654 0020 0422     		movs	r2, #4
 2655 0022 0146     		mov	r1, r0
 2656              	.LVL178:
1117:Drivers/STM32F3xx_HAL_Driver/Src/stm32f3xx_hal_tim_ex.c **** 
 2657              		.loc 1 1117 3 is_stmt 0 view .LVU777
 2658 0024 2068     		ldr	r0, [r4]
 2659              	.LVL179:
1117:Drivers/STM32F3xx_HAL_Driver/Src/stm32f3xx_hal_tim_ex.c **** 
 2660              		.loc 1 1117 3 view .LVU778
 2661 0026 FFF7FEFF 		bl	TIM_CCxNChannelCmd
 2662              	.LVL180:
1120:Drivers/STM32F3xx_HAL_Driver/Src/stm32f3xx_hal_tim_ex.c **** 
 2663              		.loc 1 1120 3 is_stmt 1 view .LVU779
 2664 002a 2268     		ldr	r2, [r4]
 2665 002c 536C     		ldr	r3, [r2, #68]
 2666 002e 43F40043 		orr	r3, r3, #32768
 2667 0032 5364     		str	r3, [r2, #68]
1123:Drivers/STM32F3xx_HAL_Driver/Src/stm32f3xx_hal_tim_ex.c ****   {
 2668              		.loc 1 1123 3 view .LVU780
1123:Drivers/STM32F3xx_HAL_Driver/Src/stm32f3xx_hal_tim_ex.c ****   {
 2669              		.loc 1 1123 7 is_stmt 0 view .LVU781
 2670 0034 2368     		ldr	r3, [r4]
1123:Drivers/STM32F3xx_HAL_Driver/Src/stm32f3xx_hal_tim_ex.c ****   {
 2671              		.loc 1 1123 6 view .LVU782
 2672 0036 274A     		ldr	r2, .L225
 2673 0038 9342     		cmp	r3, r2
ARM GAS  C:\Users\nakas\AppData\Local\Temp\ccLYSQiW.s 			page 105


 2674 003a 36D0     		beq	.L215
1123:Drivers/STM32F3xx_HAL_Driver/Src/stm32f3xx_hal_tim_ex.c ****   {
 2675              		.loc 1 1123 7 discriminator 1 view .LVU783
 2676 003c B3F1804F 		cmp	r3, #1073741824
 2677 0040 33D0     		beq	.L215
1123:Drivers/STM32F3xx_HAL_Driver/Src/stm32f3xx_hal_tim_ex.c ****   {
 2678              		.loc 1 1123 7 discriminator 2 view .LVU784
 2679 0042 A2F59432 		sub	r2, r2, #75776
 2680 0046 9342     		cmp	r3, r2
 2681 0048 2FD0     		beq	.L215
1123:Drivers/STM32F3xx_HAL_Driver/Src/stm32f3xx_hal_tim_ex.c ****   {
 2682              		.loc 1 1123 7 discriminator 3 view .LVU785
 2683 004a 02F59E32 		add	r2, r2, #80896
 2684 004e 9342     		cmp	r3, r2
 2685 0050 2BD0     		beq	.L215
1133:Drivers/STM32F3xx_HAL_Driver/Src/stm32f3xx_hal_tim_ex.c ****   }
 2686              		.loc 1 1133 5 is_stmt 1 view .LVU786
 2687 0052 1A68     		ldr	r2, [r3]
 2688 0054 42F00102 		orr	r2, r2, #1
 2689 0058 1A60     		str	r2, [r3]
1137:Drivers/STM32F3xx_HAL_Driver/Src/stm32f3xx_hal_tim_ex.c **** }
 2690              		.loc 1 1137 10 is_stmt 0 view .LVU787
 2691 005a 0020     		movs	r0, #0
 2692 005c 34E0     		b	.L210
 2693              	.LVL181:
 2694              	.L206:
1108:Drivers/STM32F3xx_HAL_Driver/Src/stm32f3xx_hal_tim_ex.c ****   {
 2695              		.loc 1 1108 46 discriminator 2 view .LVU788
 2696 005e 0429     		cmp	r1, #4
 2697 0060 07D0     		beq	.L221
1108:Drivers/STM32F3xx_HAL_Driver/Src/stm32f3xx_hal_tim_ex.c ****   {
 2698              		.loc 1 1108 46 discriminator 5 view .LVU789
 2699 0062 0829     		cmp	r1, #8
 2700 0064 0BD0     		beq	.L222
1108:Drivers/STM32F3xx_HAL_Driver/Src/stm32f3xx_hal_tim_ex.c ****   {
 2701              		.loc 1 1108 7 discriminator 8 view .LVU790
 2702 0066 94F84730 		ldrb	r3, [r4, #71]	@ zero_extendqisi2
1108:Drivers/STM32F3xx_HAL_Driver/Src/stm32f3xx_hal_tim_ex.c ****   {
 2703              		.loc 1 1108 46 discriminator 8 view .LVU791
 2704 006a 013B     		subs	r3, r3, #1
 2705 006c 18BF     		it	ne
 2706 006e 0123     		movne	r3, #1
 2707 0070 CFE7     		b	.L207
 2708              	.L221:
1108:Drivers/STM32F3xx_HAL_Driver/Src/stm32f3xx_hal_tim_ex.c ****   {
 2709              		.loc 1 1108 7 discriminator 4 view .LVU792
 2710 0072 94F84530 		ldrb	r3, [r4, #69]	@ zero_extendqisi2
1108:Drivers/STM32F3xx_HAL_Driver/Src/stm32f3xx_hal_tim_ex.c ****   {
 2711              		.loc 1 1108 46 discriminator 4 view .LVU793
 2712 0076 013B     		subs	r3, r3, #1
 2713 0078 18BF     		it	ne
 2714 007a 0123     		movne	r3, #1
 2715 007c C9E7     		b	.L207
 2716              	.L222:
1108:Drivers/STM32F3xx_HAL_Driver/Src/stm32f3xx_hal_tim_ex.c ****   {
 2717              		.loc 1 1108 7 discriminator 7 view .LVU794
 2718 007e 94F84630 		ldrb	r3, [r4, #70]	@ zero_extendqisi2
ARM GAS  C:\Users\nakas\AppData\Local\Temp\ccLYSQiW.s 			page 106


1108:Drivers/STM32F3xx_HAL_Driver/Src/stm32f3xx_hal_tim_ex.c ****   {
 2719              		.loc 1 1108 46 discriminator 7 view .LVU795
 2720 0082 013B     		subs	r3, r3, #1
 2721 0084 18BF     		it	ne
 2722 0086 0123     		movne	r3, #1
 2723 0088 C3E7     		b	.L207
 2724              	.L211:
1114:Drivers/STM32F3xx_HAL_Driver/Src/stm32f3xx_hal_tim_ex.c **** 
 2725              		.loc 1 1114 3 discriminator 2 view .LVU796
 2726 008a 0428     		cmp	r0, #4
 2727 008c 05D0     		beq	.L223
1114:Drivers/STM32F3xx_HAL_Driver/Src/stm32f3xx_hal_tim_ex.c **** 
 2728              		.loc 1 1114 3 discriminator 4 view .LVU797
 2729 008e 0828     		cmp	r0, #8
 2730 0090 07D0     		beq	.L224
1114:Drivers/STM32F3xx_HAL_Driver/Src/stm32f3xx_hal_tim_ex.c **** 
 2731              		.loc 1 1114 3 discriminator 7 view .LVU798
 2732 0092 0223     		movs	r3, #2
 2733 0094 84F84730 		strb	r3, [r4, #71]
 2734 0098 C2E7     		b	.L212
 2735              	.L223:
1114:Drivers/STM32F3xx_HAL_Driver/Src/stm32f3xx_hal_tim_ex.c **** 
 2736              		.loc 1 1114 3 discriminator 3 view .LVU799
 2737 009a 0223     		movs	r3, #2
 2738 009c 84F84530 		strb	r3, [r4, #69]
 2739 00a0 BEE7     		b	.L212
 2740              	.L224:
1114:Drivers/STM32F3xx_HAL_Driver/Src/stm32f3xx_hal_tim_ex.c **** 
 2741              		.loc 1 1114 3 discriminator 6 view .LVU800
 2742 00a2 0223     		movs	r3, #2
 2743 00a4 84F84630 		strb	r3, [r4, #70]
 2744 00a8 BAE7     		b	.L212
 2745              	.LVL182:
 2746              	.L215:
1125:Drivers/STM32F3xx_HAL_Driver/Src/stm32f3xx_hal_tim_ex.c ****     if (!IS_TIM_SLAVEMODE_TRIGGER_ENABLED(tmpsmcr))
 2747              		.loc 1 1125 5 is_stmt 1 view .LVU801
1125:Drivers/STM32F3xx_HAL_Driver/Src/stm32f3xx_hal_tim_ex.c ****     if (!IS_TIM_SLAVEMODE_TRIGGER_ENABLED(tmpsmcr))
 2748              		.loc 1 1125 29 is_stmt 0 view .LVU802
 2749 00aa 9968     		ldr	r1, [r3, #8]
1125:Drivers/STM32F3xx_HAL_Driver/Src/stm32f3xx_hal_tim_ex.c ****     if (!IS_TIM_SLAVEMODE_TRIGGER_ENABLED(tmpsmcr))
 2750              		.loc 1 1125 13 view .LVU803
 2751 00ac 0A4A     		ldr	r2, .L225+4
 2752 00ae 0A40     		ands	r2, r2, r1
 2753              	.LVL183:
1126:Drivers/STM32F3xx_HAL_Driver/Src/stm32f3xx_hal_tim_ex.c ****     {
 2754              		.loc 1 1126 5 is_stmt 1 view .LVU804
1126:Drivers/STM32F3xx_HAL_Driver/Src/stm32f3xx_hal_tim_ex.c ****     {
 2755              		.loc 1 1126 8 is_stmt 0 view .LVU805
 2756 00b0 062A     		cmp	r2, #6
 2757 00b2 0AD0     		beq	.L218
1126:Drivers/STM32F3xx_HAL_Driver/Src/stm32f3xx_hal_tim_ex.c ****     {
 2758              		.loc 1 1126 9 discriminator 1 view .LVU806
 2759 00b4 B2F5803F 		cmp	r2, #65536
 2760 00b8 09D0     		beq	.L219
1128:Drivers/STM32F3xx_HAL_Driver/Src/stm32f3xx_hal_tim_ex.c ****     }
 2761              		.loc 1 1128 7 is_stmt 1 view .LVU807
 2762 00ba 1A68     		ldr	r2, [r3]
ARM GAS  C:\Users\nakas\AppData\Local\Temp\ccLYSQiW.s 			page 107


 2763              	.LVL184:
1128:Drivers/STM32F3xx_HAL_Driver/Src/stm32f3xx_hal_tim_ex.c ****     }
 2764              		.loc 1 1128 7 is_stmt 0 view .LVU808
 2765 00bc 42F00102 		orr	r2, r2, #1
 2766 00c0 1A60     		str	r2, [r3]
1137:Drivers/STM32F3xx_HAL_Driver/Src/stm32f3xx_hal_tim_ex.c **** }
 2767              		.loc 1 1137 10 view .LVU809
 2768 00c2 0020     		movs	r0, #0
 2769 00c4 00E0     		b	.L210
 2770              	.LVL185:
 2771              	.L217:
1110:Drivers/STM32F3xx_HAL_Driver/Src/stm32f3xx_hal_tim_ex.c ****   }
 2772              		.loc 1 1110 12 view .LVU810
 2773 00c6 0120     		movs	r0, #1
 2774              	.LVL186:
 2775              	.L210:
1138:Drivers/STM32F3xx_HAL_Driver/Src/stm32f3xx_hal_tim_ex.c **** 
 2776              		.loc 1 1138 1 view .LVU811
 2777 00c8 10BD     		pop	{r4, pc}
 2778              	.LVL187:
 2779              	.L218:
1137:Drivers/STM32F3xx_HAL_Driver/Src/stm32f3xx_hal_tim_ex.c **** }
 2780              		.loc 1 1137 10 view .LVU812
 2781 00ca 0020     		movs	r0, #0
 2782 00cc FCE7     		b	.L210
 2783              	.L219:
 2784 00ce 0020     		movs	r0, #0
 2785 00d0 FAE7     		b	.L210
 2786              	.L226:
 2787 00d2 00BF     		.align	2
 2788              	.L225:
 2789 00d4 002C0140 		.word	1073818624
 2790 00d8 07000100 		.word	65543
 2791              		.cfi_endproc
 2792              	.LFE139:
 2794              		.section	.text.HAL_TIMEx_PWMN_Stop,"ax",%progbits
 2795              		.align	1
 2796              		.global	HAL_TIMEx_PWMN_Stop
 2797              		.syntax unified
 2798              		.thumb
 2799              		.thumb_func
 2801              	HAL_TIMEx_PWMN_Stop:
 2802              	.LVL188:
 2803              	.LFB140:
1151:Drivers/STM32F3xx_HAL_Driver/Src/stm32f3xx_hal_tim_ex.c ****   /* Check the parameters */
 2804              		.loc 1 1151 1 is_stmt 1 view -0
 2805              		.cfi_startproc
 2806              		@ args = 0, pretend = 0, frame = 0
 2807              		@ frame_needed = 0, uses_anonymous_args = 0
1151:Drivers/STM32F3xx_HAL_Driver/Src/stm32f3xx_hal_tim_ex.c ****   /* Check the parameters */
 2808              		.loc 1 1151 1 is_stmt 0 view .LVU814
 2809 0000 38B5     		push	{r3, r4, r5, lr}
 2810              	.LCFI21:
 2811              		.cfi_def_cfa_offset 16
 2812              		.cfi_offset 3, -16
 2813              		.cfi_offset 4, -12
 2814              		.cfi_offset 5, -8
ARM GAS  C:\Users\nakas\AppData\Local\Temp\ccLYSQiW.s 			page 108


 2815              		.cfi_offset 14, -4
 2816 0002 0446     		mov	r4, r0
 2817 0004 0D46     		mov	r5, r1
1153:Drivers/STM32F3xx_HAL_Driver/Src/stm32f3xx_hal_tim_ex.c **** 
 2818              		.loc 1 1153 3 is_stmt 1 view .LVU815
1156:Drivers/STM32F3xx_HAL_Driver/Src/stm32f3xx_hal_tim_ex.c **** 
 2819              		.loc 1 1156 3 view .LVU816
 2820 0006 0022     		movs	r2, #0
 2821 0008 0068     		ldr	r0, [r0]
 2822              	.LVL189:
1156:Drivers/STM32F3xx_HAL_Driver/Src/stm32f3xx_hal_tim_ex.c **** 
 2823              		.loc 1 1156 3 is_stmt 0 view .LVU817
 2824 000a FFF7FEFF 		bl	TIM_CCxNChannelCmd
 2825              	.LVL190:
1159:Drivers/STM32F3xx_HAL_Driver/Src/stm32f3xx_hal_tim_ex.c **** 
 2826              		.loc 1 1159 3 is_stmt 1 view .LVU818
1159:Drivers/STM32F3xx_HAL_Driver/Src/stm32f3xx_hal_tim_ex.c **** 
 2827              		.loc 1 1159 3 view .LVU819
 2828 000e 2368     		ldr	r3, [r4]
 2829 0010 196A     		ldr	r1, [r3, #32]
 2830 0012 41F21112 		movw	r2, #4369
 2831 0016 1142     		tst	r1, r2
 2832 0018 08D1     		bne	.L228
1159:Drivers/STM32F3xx_HAL_Driver/Src/stm32f3xx_hal_tim_ex.c **** 
 2833              		.loc 1 1159 3 discriminator 1 view .LVU820
 2834 001a 196A     		ldr	r1, [r3, #32]
 2835 001c 40F24442 		movw	r2, #1092
 2836 0020 1142     		tst	r1, r2
 2837 0022 03D1     		bne	.L228
1159:Drivers/STM32F3xx_HAL_Driver/Src/stm32f3xx_hal_tim_ex.c **** 
 2838              		.loc 1 1159 3 discriminator 2 view .LVU821
 2839 0024 5A6C     		ldr	r2, [r3, #68]
 2840 0026 22F40042 		bic	r2, r2, #32768
 2841 002a 5A64     		str	r2, [r3, #68]
 2842              	.L228:
1159:Drivers/STM32F3xx_HAL_Driver/Src/stm32f3xx_hal_tim_ex.c **** 
 2843              		.loc 1 1159 3 view .LVU822
1162:Drivers/STM32F3xx_HAL_Driver/Src/stm32f3xx_hal_tim_ex.c **** 
 2844              		.loc 1 1162 3 view .LVU823
1162:Drivers/STM32F3xx_HAL_Driver/Src/stm32f3xx_hal_tim_ex.c **** 
 2845              		.loc 1 1162 3 view .LVU824
 2846 002c 2368     		ldr	r3, [r4]
 2847 002e 196A     		ldr	r1, [r3, #32]
 2848 0030 41F21112 		movw	r2, #4369
 2849 0034 1142     		tst	r1, r2
 2850 0036 08D1     		bne	.L229
1162:Drivers/STM32F3xx_HAL_Driver/Src/stm32f3xx_hal_tim_ex.c **** 
 2851              		.loc 1 1162 3 discriminator 1 view .LVU825
 2852 0038 196A     		ldr	r1, [r3, #32]
 2853 003a 40F24442 		movw	r2, #1092
 2854 003e 1142     		tst	r1, r2
 2855 0040 03D1     		bne	.L229
1162:Drivers/STM32F3xx_HAL_Driver/Src/stm32f3xx_hal_tim_ex.c **** 
 2856              		.loc 1 1162 3 discriminator 2 view .LVU826
 2857 0042 1A68     		ldr	r2, [r3]
 2858 0044 22F00102 		bic	r2, r2, #1
 2859 0048 1A60     		str	r2, [r3]
ARM GAS  C:\Users\nakas\AppData\Local\Temp\ccLYSQiW.s 			page 109


 2860              	.L229:
1162:Drivers/STM32F3xx_HAL_Driver/Src/stm32f3xx_hal_tim_ex.c **** 
 2861              		.loc 1 1162 3 view .LVU827
1165:Drivers/STM32F3xx_HAL_Driver/Src/stm32f3xx_hal_tim_ex.c **** 
 2862              		.loc 1 1165 3 view .LVU828
 2863 004a 25B9     		cbnz	r5, .L230
1165:Drivers/STM32F3xx_HAL_Driver/Src/stm32f3xx_hal_tim_ex.c **** 
 2864              		.loc 1 1165 3 is_stmt 0 discriminator 1 view .LVU829
 2865 004c 0123     		movs	r3, #1
 2866 004e 84F84430 		strb	r3, [r4, #68]
 2867              	.L231:
1168:Drivers/STM32F3xx_HAL_Driver/Src/stm32f3xx_hal_tim_ex.c **** }
 2868              		.loc 1 1168 3 is_stmt 1 view .LVU830
1169:Drivers/STM32F3xx_HAL_Driver/Src/stm32f3xx_hal_tim_ex.c **** 
 2869              		.loc 1 1169 1 is_stmt 0 view .LVU831
 2870 0052 0020     		movs	r0, #0
 2871 0054 38BD     		pop	{r3, r4, r5, pc}
 2872              	.LVL191:
 2873              	.L230:
1165:Drivers/STM32F3xx_HAL_Driver/Src/stm32f3xx_hal_tim_ex.c **** 
 2874              		.loc 1 1165 3 discriminator 2 view .LVU832
 2875 0056 042D     		cmp	r5, #4
 2876 0058 05D0     		beq	.L235
1165:Drivers/STM32F3xx_HAL_Driver/Src/stm32f3xx_hal_tim_ex.c **** 
 2877              		.loc 1 1165 3 discriminator 4 view .LVU833
 2878 005a 082D     		cmp	r5, #8
 2879 005c 07D0     		beq	.L236
1165:Drivers/STM32F3xx_HAL_Driver/Src/stm32f3xx_hal_tim_ex.c **** 
 2880              		.loc 1 1165 3 discriminator 7 view .LVU834
 2881 005e 0123     		movs	r3, #1
 2882 0060 84F84730 		strb	r3, [r4, #71]
 2883 0064 F5E7     		b	.L231
 2884              	.L235:
1165:Drivers/STM32F3xx_HAL_Driver/Src/stm32f3xx_hal_tim_ex.c **** 
 2885              		.loc 1 1165 3 discriminator 3 view .LVU835
 2886 0066 0123     		movs	r3, #1
 2887 0068 84F84530 		strb	r3, [r4, #69]
 2888 006c F1E7     		b	.L231
 2889              	.L236:
1165:Drivers/STM32F3xx_HAL_Driver/Src/stm32f3xx_hal_tim_ex.c **** 
 2890              		.loc 1 1165 3 discriminator 6 view .LVU836
 2891 006e 0123     		movs	r3, #1
 2892 0070 84F84630 		strb	r3, [r4, #70]
 2893 0074 EDE7     		b	.L231
 2894              		.cfi_endproc
 2895              	.LFE140:
 2897              		.section	.text.HAL_TIMEx_PWMN_Start_IT,"ax",%progbits
 2898              		.align	1
 2899              		.global	HAL_TIMEx_PWMN_Start_IT
 2900              		.syntax unified
 2901              		.thumb
 2902              		.thumb_func
 2904              	HAL_TIMEx_PWMN_Start_IT:
 2905              	.LVL192:
 2906              	.LFB141:
1183:Drivers/STM32F3xx_HAL_Driver/Src/stm32f3xx_hal_tim_ex.c ****   HAL_StatusTypeDef status = HAL_OK;
 2907              		.loc 1 1183 1 is_stmt 1 view -0
ARM GAS  C:\Users\nakas\AppData\Local\Temp\ccLYSQiW.s 			page 110


 2908              		.cfi_startproc
 2909              		@ args = 0, pretend = 0, frame = 0
 2910              		@ frame_needed = 0, uses_anonymous_args = 0
1183:Drivers/STM32F3xx_HAL_Driver/Src/stm32f3xx_hal_tim_ex.c ****   HAL_StatusTypeDef status = HAL_OK;
 2911              		.loc 1 1183 1 is_stmt 0 view .LVU838
 2912 0000 10B5     		push	{r4, lr}
 2913              	.LCFI22:
 2914              		.cfi_def_cfa_offset 8
 2915              		.cfi_offset 4, -8
 2916              		.cfi_offset 14, -4
 2917 0002 0446     		mov	r4, r0
1184:Drivers/STM32F3xx_HAL_Driver/Src/stm32f3xx_hal_tim_ex.c ****   uint32_t tmpsmcr;
 2918              		.loc 1 1184 3 is_stmt 1 view .LVU839
 2919              	.LVL193:
1185:Drivers/STM32F3xx_HAL_Driver/Src/stm32f3xx_hal_tim_ex.c **** 
 2920              		.loc 1 1185 3 view .LVU840
1188:Drivers/STM32F3xx_HAL_Driver/Src/stm32f3xx_hal_tim_ex.c **** 
 2921              		.loc 1 1188 3 view .LVU841
1191:Drivers/STM32F3xx_HAL_Driver/Src/stm32f3xx_hal_tim_ex.c ****   {
 2922              		.loc 1 1191 3 view .LVU842
1191:Drivers/STM32F3xx_HAL_Driver/Src/stm32f3xx_hal_tim_ex.c ****   {
 2923              		.loc 1 1191 46 is_stmt 0 view .LVU843
 2924 0004 0846     		mov	r0, r1
 2925              	.LVL194:
1191:Drivers/STM32F3xx_HAL_Driver/Src/stm32f3xx_hal_tim_ex.c ****   {
 2926              		.loc 1 1191 46 view .LVU844
 2927 0006 0029     		cmp	r1, #0
 2928 0008 34D1     		bne	.L238
1191:Drivers/STM32F3xx_HAL_Driver/Src/stm32f3xx_hal_tim_ex.c ****   {
 2929              		.loc 1 1191 7 discriminator 1 view .LVU845
 2930 000a 94F84430 		ldrb	r3, [r4, #68]	@ zero_extendqisi2
1191:Drivers/STM32F3xx_HAL_Driver/Src/stm32f3xx_hal_tim_ex.c ****   {
 2931              		.loc 1 1191 46 discriminator 1 view .LVU846
 2932 000e 013B     		subs	r3, r3, #1
 2933 0010 18BF     		it	ne
 2934 0012 0123     		movne	r3, #1
 2935              	.L239:
1191:Drivers/STM32F3xx_HAL_Driver/Src/stm32f3xx_hal_tim_ex.c ****   {
 2936              		.loc 1 1191 6 discriminator 12 view .LVU847
 2937 0014 002B     		cmp	r3, #0
 2938 0016 72D1     		bne	.L252
1197:Drivers/STM32F3xx_HAL_Driver/Src/stm32f3xx_hal_tim_ex.c **** 
 2939              		.loc 1 1197 3 is_stmt 1 view .LVU848
 2940 0018 0028     		cmp	r0, #0
 2941 001a 41D1     		bne	.L243
1197:Drivers/STM32F3xx_HAL_Driver/Src/stm32f3xx_hal_tim_ex.c **** 
 2942              		.loc 1 1197 3 is_stmt 0 discriminator 1 view .LVU849
 2943 001c 0223     		movs	r3, #2
 2944 001e 84F84430 		strb	r3, [r4, #68]
1199:Drivers/STM32F3xx_HAL_Driver/Src/stm32f3xx_hal_tim_ex.c ****   {
 2945              		.loc 1 1199 3 is_stmt 1 view .LVU850
 2946              	.L244:
1204:Drivers/STM32F3xx_HAL_Driver/Src/stm32f3xx_hal_tim_ex.c ****       break;
 2947              		.loc 1 1204 7 view .LVU851
 2948 0022 2268     		ldr	r2, [r4]
 2949 0024 D368     		ldr	r3, [r2, #12]
 2950 0026 43F00203 		orr	r3, r3, #2
ARM GAS  C:\Users\nakas\AppData\Local\Temp\ccLYSQiW.s 			page 111


 2951 002a D360     		str	r3, [r2, #12]
1205:Drivers/STM32F3xx_HAL_Driver/Src/stm32f3xx_hal_tim_ex.c ****     }
 2952              		.loc 1 1205 7 view .LVU852
1227:Drivers/STM32F3xx_HAL_Driver/Src/stm32f3xx_hal_tim_ex.c ****   {
 2953              		.loc 1 1227 3 view .LVU853
 2954              	.L249:
1230:Drivers/STM32F3xx_HAL_Driver/Src/stm32f3xx_hal_tim_ex.c **** 
 2955              		.loc 1 1230 5 view .LVU854
 2956 002c 2268     		ldr	r2, [r4]
 2957 002e D368     		ldr	r3, [r2, #12]
 2958 0030 43F08003 		orr	r3, r3, #128
 2959 0034 D360     		str	r3, [r2, #12]
1233:Drivers/STM32F3xx_HAL_Driver/Src/stm32f3xx_hal_tim_ex.c **** 
 2960              		.loc 1 1233 5 view .LVU855
 2961 0036 0422     		movs	r2, #4
 2962 0038 0146     		mov	r1, r0
 2963              	.LVL195:
1233:Drivers/STM32F3xx_HAL_Driver/Src/stm32f3xx_hal_tim_ex.c **** 
 2964              		.loc 1 1233 5 is_stmt 0 view .LVU856
 2965 003a 2068     		ldr	r0, [r4]
 2966              	.LVL196:
1233:Drivers/STM32F3xx_HAL_Driver/Src/stm32f3xx_hal_tim_ex.c **** 
 2967              		.loc 1 1233 5 view .LVU857
 2968 003c FFF7FEFF 		bl	TIM_CCxNChannelCmd
 2969              	.LVL197:
1236:Drivers/STM32F3xx_HAL_Driver/Src/stm32f3xx_hal_tim_ex.c **** 
 2970              		.loc 1 1236 5 is_stmt 1 view .LVU858
 2971 0040 2268     		ldr	r2, [r4]
 2972 0042 536C     		ldr	r3, [r2, #68]
 2973 0044 43F40043 		orr	r3, r3, #32768
 2974 0048 5364     		str	r3, [r2, #68]
1239:Drivers/STM32F3xx_HAL_Driver/Src/stm32f3xx_hal_tim_ex.c ****     {
 2975              		.loc 1 1239 5 view .LVU859
1239:Drivers/STM32F3xx_HAL_Driver/Src/stm32f3xx_hal_tim_ex.c ****     {
 2976              		.loc 1 1239 9 is_stmt 0 view .LVU860
 2977 004a 2368     		ldr	r3, [r4]
1239:Drivers/STM32F3xx_HAL_Driver/Src/stm32f3xx_hal_tim_ex.c ****     {
 2978              		.loc 1 1239 8 view .LVU861
 2979 004c 2F4A     		ldr	r2, .L261
 2980 004e 9342     		cmp	r3, r2
 2981 0050 47D0     		beq	.L250
1239:Drivers/STM32F3xx_HAL_Driver/Src/stm32f3xx_hal_tim_ex.c ****     {
 2982              		.loc 1 1239 9 discriminator 1 view .LVU862
 2983 0052 B3F1804F 		cmp	r3, #1073741824
 2984 0056 44D0     		beq	.L250
1239:Drivers/STM32F3xx_HAL_Driver/Src/stm32f3xx_hal_tim_ex.c ****     {
 2985              		.loc 1 1239 9 discriminator 2 view .LVU863
 2986 0058 A2F59432 		sub	r2, r2, #75776
 2987 005c 9342     		cmp	r3, r2
 2988 005e 40D0     		beq	.L250
1239:Drivers/STM32F3xx_HAL_Driver/Src/stm32f3xx_hal_tim_ex.c ****     {
 2989              		.loc 1 1239 9 discriminator 3 view .LVU864
 2990 0060 02F59E32 		add	r2, r2, #80896
 2991 0064 9342     		cmp	r3, r2
 2992 0066 3CD0     		beq	.L250
1249:Drivers/STM32F3xx_HAL_Driver/Src/stm32f3xx_hal_tim_ex.c ****     }
 2993              		.loc 1 1249 7 is_stmt 1 view .LVU865
ARM GAS  C:\Users\nakas\AppData\Local\Temp\ccLYSQiW.s 			page 112


 2994 0068 1A68     		ldr	r2, [r3]
 2995 006a 42F00102 		orr	r2, r2, #1
 2996 006e 1A60     		str	r2, [r3]
 2997 0070 0020     		movs	r0, #0
 2998 0072 45E0     		b	.L242
 2999              	.LVL198:
 3000              	.L238:
1191:Drivers/STM32F3xx_HAL_Driver/Src/stm32f3xx_hal_tim_ex.c ****   {
 3001              		.loc 1 1191 46 is_stmt 0 discriminator 2 view .LVU866
 3002 0074 0429     		cmp	r1, #4
 3003 0076 07D0     		beq	.L257
1191:Drivers/STM32F3xx_HAL_Driver/Src/stm32f3xx_hal_tim_ex.c ****   {
 3004              		.loc 1 1191 46 discriminator 5 view .LVU867
 3005 0078 0829     		cmp	r1, #8
 3006 007a 0BD0     		beq	.L258
1191:Drivers/STM32F3xx_HAL_Driver/Src/stm32f3xx_hal_tim_ex.c ****   {
 3007              		.loc 1 1191 7 discriminator 8 view .LVU868
 3008 007c 94F84730 		ldrb	r3, [r4, #71]	@ zero_extendqisi2
1191:Drivers/STM32F3xx_HAL_Driver/Src/stm32f3xx_hal_tim_ex.c ****   {
 3009              		.loc 1 1191 46 discriminator 8 view .LVU869
 3010 0080 013B     		subs	r3, r3, #1
 3011 0082 18BF     		it	ne
 3012 0084 0123     		movne	r3, #1
 3013 0086 C5E7     		b	.L239
 3014              	.L257:
1191:Drivers/STM32F3xx_HAL_Driver/Src/stm32f3xx_hal_tim_ex.c ****   {
 3015              		.loc 1 1191 7 discriminator 4 view .LVU870
 3016 0088 94F84530 		ldrb	r3, [r4, #69]	@ zero_extendqisi2
1191:Drivers/STM32F3xx_HAL_Driver/Src/stm32f3xx_hal_tim_ex.c ****   {
 3017              		.loc 1 1191 46 discriminator 4 view .LVU871
 3018 008c 013B     		subs	r3, r3, #1
 3019 008e 18BF     		it	ne
 3020 0090 0123     		movne	r3, #1
 3021 0092 BFE7     		b	.L239
 3022              	.L258:
1191:Drivers/STM32F3xx_HAL_Driver/Src/stm32f3xx_hal_tim_ex.c ****   {
 3023              		.loc 1 1191 7 discriminator 7 view .LVU872
 3024 0094 94F84630 		ldrb	r3, [r4, #70]	@ zero_extendqisi2
1191:Drivers/STM32F3xx_HAL_Driver/Src/stm32f3xx_hal_tim_ex.c ****   {
 3025              		.loc 1 1191 46 discriminator 7 view .LVU873
 3026 0098 013B     		subs	r3, r3, #1
 3027 009a 18BF     		it	ne
 3028 009c 0123     		movne	r3, #1
 3029 009e B9E7     		b	.L239
 3030              	.L243:
1197:Drivers/STM32F3xx_HAL_Driver/Src/stm32f3xx_hal_tim_ex.c **** 
 3031              		.loc 1 1197 3 discriminator 2 view .LVU874
 3032 00a0 0428     		cmp	r0, #4
 3033 00a2 0CD0     		beq	.L259
1197:Drivers/STM32F3xx_HAL_Driver/Src/stm32f3xx_hal_tim_ex.c **** 
 3034              		.loc 1 1197 3 discriminator 4 view .LVU875
 3035 00a4 0828     		cmp	r0, #8
 3036 00a6 13D0     		beq	.L260
1197:Drivers/STM32F3xx_HAL_Driver/Src/stm32f3xx_hal_tim_ex.c **** 
 3037              		.loc 1 1197 3 discriminator 7 view .LVU876
 3038 00a8 0223     		movs	r3, #2
 3039 00aa 84F84730 		strb	r3, [r4, #71]
ARM GAS  C:\Users\nakas\AppData\Local\Temp\ccLYSQiW.s 			page 113


1199:Drivers/STM32F3xx_HAL_Driver/Src/stm32f3xx_hal_tim_ex.c ****   {
 3040              		.loc 1 1199 3 is_stmt 1 view .LVU877
 3041 00ae 0428     		cmp	r0, #4
 3042 00b0 08D0     		beq	.L246
 3043 00b2 0828     		cmp	r0, #8
 3044 00b4 0FD0     		beq	.L248
 3045 00b6 0028     		cmp	r0, #0
 3046 00b8 B3D0     		beq	.L244
 3047 00ba 0120     		movs	r0, #1
 3048              	.LVL199:
1199:Drivers/STM32F3xx_HAL_Driver/Src/stm32f3xx_hal_tim_ex.c ****   {
 3049              		.loc 1 1199 3 is_stmt 0 view .LVU878
 3050 00bc 20E0     		b	.L242
 3051              	.LVL200:
 3052              	.L259:
1197:Drivers/STM32F3xx_HAL_Driver/Src/stm32f3xx_hal_tim_ex.c **** 
 3053              		.loc 1 1197 3 discriminator 3 view .LVU879
 3054 00be 0223     		movs	r3, #2
 3055 00c0 84F84530 		strb	r3, [r4, #69]
1199:Drivers/STM32F3xx_HAL_Driver/Src/stm32f3xx_hal_tim_ex.c ****   {
 3056              		.loc 1 1199 3 is_stmt 1 view .LVU880
 3057              	.L246:
1211:Drivers/STM32F3xx_HAL_Driver/Src/stm32f3xx_hal_tim_ex.c ****       break;
 3058              		.loc 1 1211 7 view .LVU881
 3059 00c4 2268     		ldr	r2, [r4]
 3060 00c6 D368     		ldr	r3, [r2, #12]
 3061 00c8 43F00403 		orr	r3, r3, #4
 3062 00cc D360     		str	r3, [r2, #12]
1212:Drivers/STM32F3xx_HAL_Driver/Src/stm32f3xx_hal_tim_ex.c ****     }
 3063              		.loc 1 1212 7 view .LVU882
1227:Drivers/STM32F3xx_HAL_Driver/Src/stm32f3xx_hal_tim_ex.c ****   {
 3064              		.loc 1 1227 3 view .LVU883
 3065 00ce ADE7     		b	.L249
 3066              	.L260:
1197:Drivers/STM32F3xx_HAL_Driver/Src/stm32f3xx_hal_tim_ex.c **** 
 3067              		.loc 1 1197 3 is_stmt 0 discriminator 6 view .LVU884
 3068 00d0 0223     		movs	r3, #2
 3069 00d2 84F84630 		strb	r3, [r4, #70]
1199:Drivers/STM32F3xx_HAL_Driver/Src/stm32f3xx_hal_tim_ex.c ****   {
 3070              		.loc 1 1199 3 is_stmt 1 view .LVU885
 3071              	.L248:
1218:Drivers/STM32F3xx_HAL_Driver/Src/stm32f3xx_hal_tim_ex.c ****       break;
 3072              		.loc 1 1218 7 view .LVU886
 3073 00d6 2268     		ldr	r2, [r4]
 3074 00d8 D368     		ldr	r3, [r2, #12]
 3075 00da 43F00803 		orr	r3, r3, #8
 3076 00de D360     		str	r3, [r2, #12]
1219:Drivers/STM32F3xx_HAL_Driver/Src/stm32f3xx_hal_tim_ex.c ****     }
 3077              		.loc 1 1219 7 view .LVU887
1227:Drivers/STM32F3xx_HAL_Driver/Src/stm32f3xx_hal_tim_ex.c ****   {
 3078              		.loc 1 1227 3 view .LVU888
 3079 00e0 A4E7     		b	.L249
 3080              	.LVL201:
 3081              	.L250:
1241:Drivers/STM32F3xx_HAL_Driver/Src/stm32f3xx_hal_tim_ex.c ****       if (!IS_TIM_SLAVEMODE_TRIGGER_ENABLED(tmpsmcr))
 3082              		.loc 1 1241 7 view .LVU889
1241:Drivers/STM32F3xx_HAL_Driver/Src/stm32f3xx_hal_tim_ex.c ****       if (!IS_TIM_SLAVEMODE_TRIGGER_ENABLED(tmpsmcr))
ARM GAS  C:\Users\nakas\AppData\Local\Temp\ccLYSQiW.s 			page 114


 3083              		.loc 1 1241 31 is_stmt 0 view .LVU890
 3084 00e2 9968     		ldr	r1, [r3, #8]
1241:Drivers/STM32F3xx_HAL_Driver/Src/stm32f3xx_hal_tim_ex.c ****       if (!IS_TIM_SLAVEMODE_TRIGGER_ENABLED(tmpsmcr))
 3085              		.loc 1 1241 15 view .LVU891
 3086 00e4 0A4A     		ldr	r2, .L261+4
 3087 00e6 0A40     		ands	r2, r2, r1
 3088              	.LVL202:
1242:Drivers/STM32F3xx_HAL_Driver/Src/stm32f3xx_hal_tim_ex.c ****       {
 3089              		.loc 1 1242 7 is_stmt 1 view .LVU892
1242:Drivers/STM32F3xx_HAL_Driver/Src/stm32f3xx_hal_tim_ex.c ****       {
 3090              		.loc 1 1242 10 is_stmt 0 view .LVU893
 3091 00e8 062A     		cmp	r2, #6
 3092 00ea 0AD0     		beq	.L254
1242:Drivers/STM32F3xx_HAL_Driver/Src/stm32f3xx_hal_tim_ex.c ****       {
 3093              		.loc 1 1242 11 discriminator 1 view .LVU894
 3094 00ec B2F5803F 		cmp	r2, #65536
 3095 00f0 09D0     		beq	.L255
1244:Drivers/STM32F3xx_HAL_Driver/Src/stm32f3xx_hal_tim_ex.c ****       }
 3096              		.loc 1 1244 9 is_stmt 1 view .LVU895
 3097 00f2 1A68     		ldr	r2, [r3]
 3098              	.LVL203:
1244:Drivers/STM32F3xx_HAL_Driver/Src/stm32f3xx_hal_tim_ex.c ****       }
 3099              		.loc 1 1244 9 is_stmt 0 view .LVU896
 3100 00f4 42F00102 		orr	r2, r2, #1
 3101 00f8 1A60     		str	r2, [r3]
 3102 00fa 0020     		movs	r0, #0
 3103 00fc 00E0     		b	.L242
 3104              	.LVL204:
 3105              	.L252:
1193:Drivers/STM32F3xx_HAL_Driver/Src/stm32f3xx_hal_tim_ex.c ****   }
 3106              		.loc 1 1193 12 view .LVU897
 3107 00fe 0120     		movs	r0, #1
 3108              	.LVL205:
 3109              	.L242:
1255:Drivers/STM32F3xx_HAL_Driver/Src/stm32f3xx_hal_tim_ex.c **** 
 3110              		.loc 1 1255 1 view .LVU898
 3111 0100 10BD     		pop	{r4, pc}
 3112              	.LVL206:
 3113              	.L254:
1255:Drivers/STM32F3xx_HAL_Driver/Src/stm32f3xx_hal_tim_ex.c **** 
 3114              		.loc 1 1255 1 view .LVU899
 3115 0102 0020     		movs	r0, #0
 3116 0104 FCE7     		b	.L242
 3117              	.L255:
 3118 0106 0020     		movs	r0, #0
 3119 0108 FAE7     		b	.L242
 3120              	.L262:
 3121 010a 00BF     		.align	2
 3122              	.L261:
 3123 010c 002C0140 		.word	1073818624
 3124 0110 07000100 		.word	65543
 3125              		.cfi_endproc
 3126              	.LFE141:
 3128              		.section	.text.HAL_TIMEx_PWMN_Stop_IT,"ax",%progbits
 3129              		.align	1
 3130              		.global	HAL_TIMEx_PWMN_Stop_IT
 3131              		.syntax unified
ARM GAS  C:\Users\nakas\AppData\Local\Temp\ccLYSQiW.s 			page 115


 3132              		.thumb
 3133              		.thumb_func
 3135              	HAL_TIMEx_PWMN_Stop_IT:
 3136              	.LVL207:
 3137              	.LFB142:
1269:Drivers/STM32F3xx_HAL_Driver/Src/stm32f3xx_hal_tim_ex.c ****   HAL_StatusTypeDef status = HAL_OK;
 3138              		.loc 1 1269 1 is_stmt 1 view -0
 3139              		.cfi_startproc
 3140              		@ args = 0, pretend = 0, frame = 0
 3141              		@ frame_needed = 0, uses_anonymous_args = 0
1269:Drivers/STM32F3xx_HAL_Driver/Src/stm32f3xx_hal_tim_ex.c ****   HAL_StatusTypeDef status = HAL_OK;
 3142              		.loc 1 1269 1 is_stmt 0 view .LVU901
 3143 0000 38B5     		push	{r3, r4, r5, lr}
 3144              	.LCFI23:
 3145              		.cfi_def_cfa_offset 16
 3146              		.cfi_offset 3, -16
 3147              		.cfi_offset 4, -12
 3148              		.cfi_offset 5, -8
 3149              		.cfi_offset 14, -4
 3150 0002 0446     		mov	r4, r0
 3151 0004 0D46     		mov	r5, r1
1270:Drivers/STM32F3xx_HAL_Driver/Src/stm32f3xx_hal_tim_ex.c ****   uint32_t tmpccer;
 3152              		.loc 1 1270 3 is_stmt 1 view .LVU902
 3153              	.LVL208:
1271:Drivers/STM32F3xx_HAL_Driver/Src/stm32f3xx_hal_tim_ex.c **** 
 3154              		.loc 1 1271 3 view .LVU903
1274:Drivers/STM32F3xx_HAL_Driver/Src/stm32f3xx_hal_tim_ex.c **** 
 3155              		.loc 1 1274 3 view .LVU904
1276:Drivers/STM32F3xx_HAL_Driver/Src/stm32f3xx_hal_tim_ex.c ****   {
 3156              		.loc 1 1276 3 view .LVU905
 3157 0006 0429     		cmp	r1, #4
 3158 0008 3BD0     		beq	.L264
 3159 000a 0829     		cmp	r1, #8
 3160 000c 3FD0     		beq	.L265
 3161 000e 0029     		cmp	r1, #0
 3162 0010 56D1     		bne	.L274
1281:Drivers/STM32F3xx_HAL_Driver/Src/stm32f3xx_hal_tim_ex.c ****       break;
 3163              		.loc 1 1281 7 view .LVU906
 3164 0012 0268     		ldr	r2, [r0]
 3165 0014 D368     		ldr	r3, [r2, #12]
 3166 0016 23F00203 		bic	r3, r3, #2
 3167 001a D360     		str	r3, [r2, #12]
1282:Drivers/STM32F3xx_HAL_Driver/Src/stm32f3xx_hal_tim_ex.c ****     }
 3168              		.loc 1 1282 7 view .LVU907
1304:Drivers/STM32F3xx_HAL_Driver/Src/stm32f3xx_hal_tim_ex.c ****   {
 3169              		.loc 1 1304 3 view .LVU908
 3170              	.L267:
1307:Drivers/STM32F3xx_HAL_Driver/Src/stm32f3xx_hal_tim_ex.c **** 
 3171              		.loc 1 1307 5 view .LVU909
 3172 001c 0022     		movs	r2, #0
 3173 001e 2946     		mov	r1, r5
 3174              	.LVL209:
1307:Drivers/STM32F3xx_HAL_Driver/Src/stm32f3xx_hal_tim_ex.c **** 
 3175              		.loc 1 1307 5 is_stmt 0 view .LVU910
 3176 0020 2068     		ldr	r0, [r4]
 3177              	.LVL210:
1307:Drivers/STM32F3xx_HAL_Driver/Src/stm32f3xx_hal_tim_ex.c **** 
ARM GAS  C:\Users\nakas\AppData\Local\Temp\ccLYSQiW.s 			page 116


 3178              		.loc 1 1307 5 view .LVU911
 3179 0022 FFF7FEFF 		bl	TIM_CCxNChannelCmd
 3180              	.LVL211:
1310:Drivers/STM32F3xx_HAL_Driver/Src/stm32f3xx_hal_tim_ex.c ****     if ((tmpccer & TIM_CCER_CCxNE_MASK) == (uint32_t)RESET)
 3181              		.loc 1 1310 5 is_stmt 1 view .LVU912
1310:Drivers/STM32F3xx_HAL_Driver/Src/stm32f3xx_hal_tim_ex.c ****     if ((tmpccer & TIM_CCER_CCxNE_MASK) == (uint32_t)RESET)
 3182              		.loc 1 1310 19 is_stmt 0 view .LVU913
 3183 0026 2368     		ldr	r3, [r4]
1310:Drivers/STM32F3xx_HAL_Driver/Src/stm32f3xx_hal_tim_ex.c ****     if ((tmpccer & TIM_CCER_CCxNE_MASK) == (uint32_t)RESET)
 3184              		.loc 1 1310 13 view .LVU914
 3185 0028 196A     		ldr	r1, [r3, #32]
 3186              	.LVL212:
1311:Drivers/STM32F3xx_HAL_Driver/Src/stm32f3xx_hal_tim_ex.c ****     {
 3187              		.loc 1 1311 5 is_stmt 1 view .LVU915
1311:Drivers/STM32F3xx_HAL_Driver/Src/stm32f3xx_hal_tim_ex.c ****     {
 3188              		.loc 1 1311 8 is_stmt 0 view .LVU916
 3189 002a 40F24442 		movw	r2, #1092
 3190 002e 1142     		tst	r1, r2
 3191 0030 03D1     		bne	.L268
1313:Drivers/STM32F3xx_HAL_Driver/Src/stm32f3xx_hal_tim_ex.c ****     }
 3192              		.loc 1 1313 7 is_stmt 1 view .LVU917
 3193 0032 DA68     		ldr	r2, [r3, #12]
 3194 0034 22F08002 		bic	r2, r2, #128
 3195 0038 DA60     		str	r2, [r3, #12]
 3196              	.L268:
1317:Drivers/STM32F3xx_HAL_Driver/Src/stm32f3xx_hal_tim_ex.c **** 
 3197              		.loc 1 1317 5 view .LVU918
1317:Drivers/STM32F3xx_HAL_Driver/Src/stm32f3xx_hal_tim_ex.c **** 
 3198              		.loc 1 1317 5 view .LVU919
 3199 003a 2368     		ldr	r3, [r4]
 3200 003c 196A     		ldr	r1, [r3, #32]
 3201              	.LVL213:
1317:Drivers/STM32F3xx_HAL_Driver/Src/stm32f3xx_hal_tim_ex.c **** 
 3202              		.loc 1 1317 5 is_stmt 0 view .LVU920
 3203 003e 41F21112 		movw	r2, #4369
 3204 0042 1142     		tst	r1, r2
 3205 0044 08D1     		bne	.L269
1317:Drivers/STM32F3xx_HAL_Driver/Src/stm32f3xx_hal_tim_ex.c **** 
 3206              		.loc 1 1317 5 is_stmt 1 discriminator 1 view .LVU921
 3207 0046 196A     		ldr	r1, [r3, #32]
 3208 0048 40F24442 		movw	r2, #1092
 3209 004c 1142     		tst	r1, r2
 3210 004e 03D1     		bne	.L269
1317:Drivers/STM32F3xx_HAL_Driver/Src/stm32f3xx_hal_tim_ex.c **** 
 3211              		.loc 1 1317 5 discriminator 2 view .LVU922
 3212 0050 5A6C     		ldr	r2, [r3, #68]
 3213 0052 22F40042 		bic	r2, r2, #32768
 3214 0056 5A64     		str	r2, [r3, #68]
 3215              	.L269:
1317:Drivers/STM32F3xx_HAL_Driver/Src/stm32f3xx_hal_tim_ex.c **** 
 3216              		.loc 1 1317 5 view .LVU923
1320:Drivers/STM32F3xx_HAL_Driver/Src/stm32f3xx_hal_tim_ex.c **** 
 3217              		.loc 1 1320 5 view .LVU924
1320:Drivers/STM32F3xx_HAL_Driver/Src/stm32f3xx_hal_tim_ex.c **** 
 3218              		.loc 1 1320 5 view .LVU925
 3219 0058 2368     		ldr	r3, [r4]
 3220 005a 196A     		ldr	r1, [r3, #32]
ARM GAS  C:\Users\nakas\AppData\Local\Temp\ccLYSQiW.s 			page 117


 3221 005c 41F21112 		movw	r2, #4369
 3222 0060 1142     		tst	r1, r2
 3223 0062 08D1     		bne	.L270
1320:Drivers/STM32F3xx_HAL_Driver/Src/stm32f3xx_hal_tim_ex.c **** 
 3224              		.loc 1 1320 5 discriminator 1 view .LVU926
 3225 0064 196A     		ldr	r1, [r3, #32]
 3226 0066 40F24442 		movw	r2, #1092
 3227 006a 1142     		tst	r1, r2
 3228 006c 03D1     		bne	.L270
1320:Drivers/STM32F3xx_HAL_Driver/Src/stm32f3xx_hal_tim_ex.c **** 
 3229              		.loc 1 1320 5 discriminator 2 view .LVU927
 3230 006e 1A68     		ldr	r2, [r3]
 3231 0070 22F00102 		bic	r2, r2, #1
 3232 0074 1A60     		str	r2, [r3]
 3233              	.L270:
1320:Drivers/STM32F3xx_HAL_Driver/Src/stm32f3xx_hal_tim_ex.c **** 
 3234              		.loc 1 1320 5 view .LVU928
1323:Drivers/STM32F3xx_HAL_Driver/Src/stm32f3xx_hal_tim_ex.c ****   }
 3235              		.loc 1 1323 5 view .LVU929
 3236 0076 85B9     		cbnz	r5, .L271
1323:Drivers/STM32F3xx_HAL_Driver/Src/stm32f3xx_hal_tim_ex.c ****   }
 3237              		.loc 1 1323 5 is_stmt 0 discriminator 1 view .LVU930
 3238 0078 0123     		movs	r3, #1
 3239 007a 84F84430 		strb	r3, [r4, #68]
 3240 007e 0020     		movs	r0, #0
 3241              	.LVL214:
 3242              	.L266:
1327:Drivers/STM32F3xx_HAL_Driver/Src/stm32f3xx_hal_tim_ex.c **** }
 3243              		.loc 1 1327 3 is_stmt 1 view .LVU931
1328:Drivers/STM32F3xx_HAL_Driver/Src/stm32f3xx_hal_tim_ex.c **** 
 3244              		.loc 1 1328 1 is_stmt 0 view .LVU932
 3245 0080 38BD     		pop	{r3, r4, r5, pc}
 3246              	.LVL215:
 3247              	.L264:
1288:Drivers/STM32F3xx_HAL_Driver/Src/stm32f3xx_hal_tim_ex.c ****       break;
 3248              		.loc 1 1288 7 is_stmt 1 view .LVU933
 3249 0082 0268     		ldr	r2, [r0]
 3250 0084 D368     		ldr	r3, [r2, #12]
 3251 0086 23F00403 		bic	r3, r3, #4
 3252 008a D360     		str	r3, [r2, #12]
1289:Drivers/STM32F3xx_HAL_Driver/Src/stm32f3xx_hal_tim_ex.c ****     }
 3253              		.loc 1 1289 7 view .LVU934
1304:Drivers/STM32F3xx_HAL_Driver/Src/stm32f3xx_hal_tim_ex.c ****   {
 3254              		.loc 1 1304 3 view .LVU935
 3255 008c C6E7     		b	.L267
 3256              	.L265:
1295:Drivers/STM32F3xx_HAL_Driver/Src/stm32f3xx_hal_tim_ex.c ****       break;
 3257              		.loc 1 1295 7 view .LVU936
 3258 008e 0268     		ldr	r2, [r0]
 3259 0090 D368     		ldr	r3, [r2, #12]
 3260 0092 23F00803 		bic	r3, r3, #8
 3261 0096 D360     		str	r3, [r2, #12]
1296:Drivers/STM32F3xx_HAL_Driver/Src/stm32f3xx_hal_tim_ex.c ****     }
 3262              		.loc 1 1296 7 view .LVU937
1304:Drivers/STM32F3xx_HAL_Driver/Src/stm32f3xx_hal_tim_ex.c ****   {
 3263              		.loc 1 1304 3 view .LVU938
 3264 0098 C0E7     		b	.L267
ARM GAS  C:\Users\nakas\AppData\Local\Temp\ccLYSQiW.s 			page 118


 3265              	.LVL216:
 3266              	.L271:
1323:Drivers/STM32F3xx_HAL_Driver/Src/stm32f3xx_hal_tim_ex.c ****   }
 3267              		.loc 1 1323 5 is_stmt 0 discriminator 2 view .LVU939
 3268 009a 042D     		cmp	r5, #4
 3269 009c 06D0     		beq	.L276
1323:Drivers/STM32F3xx_HAL_Driver/Src/stm32f3xx_hal_tim_ex.c ****   }
 3270              		.loc 1 1323 5 discriminator 4 view .LVU940
 3271 009e 082D     		cmp	r5, #8
 3272 00a0 09D0     		beq	.L277
1323:Drivers/STM32F3xx_HAL_Driver/Src/stm32f3xx_hal_tim_ex.c ****   }
 3273              		.loc 1 1323 5 discriminator 7 view .LVU941
 3274 00a2 0123     		movs	r3, #1
 3275 00a4 84F84730 		strb	r3, [r4, #71]
 3276 00a8 0020     		movs	r0, #0
 3277 00aa E9E7     		b	.L266
 3278              	.L276:
1323:Drivers/STM32F3xx_HAL_Driver/Src/stm32f3xx_hal_tim_ex.c ****   }
 3279              		.loc 1 1323 5 discriminator 3 view .LVU942
 3280 00ac 0123     		movs	r3, #1
 3281 00ae 84F84530 		strb	r3, [r4, #69]
 3282 00b2 0020     		movs	r0, #0
 3283 00b4 E4E7     		b	.L266
 3284              	.L277:
1323:Drivers/STM32F3xx_HAL_Driver/Src/stm32f3xx_hal_tim_ex.c ****   }
 3285              		.loc 1 1323 5 discriminator 6 view .LVU943
 3286 00b6 0123     		movs	r3, #1
 3287 00b8 84F84630 		strb	r3, [r4, #70]
 3288 00bc 0020     		movs	r0, #0
 3289 00be DFE7     		b	.L266
 3290              	.LVL217:
 3291              	.L274:
1276:Drivers/STM32F3xx_HAL_Driver/Src/stm32f3xx_hal_tim_ex.c ****   {
 3292              		.loc 1 1276 3 view .LVU944
 3293 00c0 0120     		movs	r0, #1
 3294              	.LVL218:
1276:Drivers/STM32F3xx_HAL_Driver/Src/stm32f3xx_hal_tim_ex.c ****   {
 3295              		.loc 1 1276 3 view .LVU945
 3296 00c2 DDE7     		b	.L266
 3297              		.cfi_endproc
 3298              	.LFE142:
 3300              		.section	.text.HAL_TIMEx_PWMN_Start_DMA,"ax",%progbits
 3301              		.align	1
 3302              		.global	HAL_TIMEx_PWMN_Start_DMA
 3303              		.syntax unified
 3304              		.thumb
 3305              		.thumb_func
 3307              	HAL_TIMEx_PWMN_Start_DMA:
 3308              	.LVL219:
 3309              	.LFB143:
1345:Drivers/STM32F3xx_HAL_Driver/Src/stm32f3xx_hal_tim_ex.c ****   HAL_StatusTypeDef status = HAL_OK;
 3310              		.loc 1 1345 1 is_stmt 1 view -0
 3311              		.cfi_startproc
 3312              		@ args = 0, pretend = 0, frame = 0
 3313              		@ frame_needed = 0, uses_anonymous_args = 0
1345:Drivers/STM32F3xx_HAL_Driver/Src/stm32f3xx_hal_tim_ex.c ****   HAL_StatusTypeDef status = HAL_OK;
 3314              		.loc 1 1345 1 is_stmt 0 view .LVU947
ARM GAS  C:\Users\nakas\AppData\Local\Temp\ccLYSQiW.s 			page 119


 3315 0000 70B5     		push	{r4, r5, r6, lr}
 3316              	.LCFI24:
 3317              		.cfi_def_cfa_offset 16
 3318              		.cfi_offset 4, -16
 3319              		.cfi_offset 5, -12
 3320              		.cfi_offset 6, -8
 3321              		.cfi_offset 14, -4
 3322 0002 0446     		mov	r4, r0
 3323 0004 1646     		mov	r6, r2
1346:Drivers/STM32F3xx_HAL_Driver/Src/stm32f3xx_hal_tim_ex.c ****   uint32_t tmpsmcr;
 3324              		.loc 1 1346 3 is_stmt 1 view .LVU948
 3325              	.LVL220:
1347:Drivers/STM32F3xx_HAL_Driver/Src/stm32f3xx_hal_tim_ex.c **** 
 3326              		.loc 1 1347 3 view .LVU949
1350:Drivers/STM32F3xx_HAL_Driver/Src/stm32f3xx_hal_tim_ex.c **** 
 3327              		.loc 1 1350 3 view .LVU950
1353:Drivers/STM32F3xx_HAL_Driver/Src/stm32f3xx_hal_tim_ex.c ****   {
 3328              		.loc 1 1353 3 view .LVU951
1353:Drivers/STM32F3xx_HAL_Driver/Src/stm32f3xx_hal_tim_ex.c ****   {
 3329              		.loc 1 1353 46 is_stmt 0 view .LVU952
 3330 0006 0D46     		mov	r5, r1
 3331 0008 0029     		cmp	r1, #0
 3332 000a 56D1     		bne	.L279
1353:Drivers/STM32F3xx_HAL_Driver/Src/stm32f3xx_hal_tim_ex.c ****   {
 3333              		.loc 1 1353 7 discriminator 1 view .LVU953
 3334 000c 90F84400 		ldrb	r0, [r0, #68]	@ zero_extendqisi2
 3335              	.LVL221:
1353:Drivers/STM32F3xx_HAL_Driver/Src/stm32f3xx_hal_tim_ex.c ****   {
 3336              		.loc 1 1353 46 discriminator 1 view .LVU954
 3337 0010 0228     		cmp	r0, #2
 3338 0012 14BF     		ite	ne
 3339 0014 0020     		movne	r0, #0
 3340 0016 0120     		moveq	r0, #1
 3341              	.L280:
1353:Drivers/STM32F3xx_HAL_Driver/Src/stm32f3xx_hal_tim_ex.c ****   {
 3342              		.loc 1 1353 6 discriminator 12 view .LVU955
 3343 0018 0028     		cmp	r0, #0
 3344 001a 40F0D080 		bne	.L297
1357:Drivers/STM32F3xx_HAL_Driver/Src/stm32f3xx_hal_tim_ex.c ****   {
 3345              		.loc 1 1357 8 is_stmt 1 view .LVU956
1357:Drivers/STM32F3xx_HAL_Driver/Src/stm32f3xx_hal_tim_ex.c ****   {
 3346              		.loc 1 1357 51 is_stmt 0 view .LVU957
 3347 001e 002D     		cmp	r5, #0
 3348 0020 64D1     		bne	.L284
1357:Drivers/STM32F3xx_HAL_Driver/Src/stm32f3xx_hal_tim_ex.c ****   {
 3349              		.loc 1 1357 12 discriminator 1 view .LVU958
 3350 0022 94F84420 		ldrb	r2, [r4, #68]	@ zero_extendqisi2
 3351              	.LVL222:
1357:Drivers/STM32F3xx_HAL_Driver/Src/stm32f3xx_hal_tim_ex.c ****   {
 3352              		.loc 1 1357 51 discriminator 1 view .LVU959
 3353 0026 012A     		cmp	r2, #1
 3354 0028 14BF     		ite	ne
 3355 002a 0022     		movne	r2, #0
 3356 002c 0122     		moveq	r2, #1
 3357              	.L285:
1357:Drivers/STM32F3xx_HAL_Driver/Src/stm32f3xx_hal_tim_ex.c ****   {
 3358              		.loc 1 1357 11 discriminator 12 view .LVU960
ARM GAS  C:\Users\nakas\AppData\Local\Temp\ccLYSQiW.s 			page 120


 3359 002e 002A     		cmp	r2, #0
 3360 0030 00F0C780 		beq	.L298
1359:Drivers/STM32F3xx_HAL_Driver/Src/stm32f3xx_hal_tim_ex.c ****     {
 3361              		.loc 1 1359 5 is_stmt 1 view .LVU961
1359:Drivers/STM32F3xx_HAL_Driver/Src/stm32f3xx_hal_tim_ex.c ****     {
 3362              		.loc 1 1359 8 is_stmt 0 view .LVU962
 3363 0034 002E     		cmp	r6, #0
 3364 0036 00F0C680 		beq	.L299
1359:Drivers/STM32F3xx_HAL_Driver/Src/stm32f3xx_hal_tim_ex.c ****     {
 3365              		.loc 1 1359 25 discriminator 1 view .LVU963
 3366 003a 002B     		cmp	r3, #0
 3367 003c 00F0C580 		beq	.L300
1365:Drivers/STM32F3xx_HAL_Driver/Src/stm32f3xx_hal_tim_ex.c ****     }
 3368              		.loc 1 1365 7 is_stmt 1 view .LVU964
 3369 0040 002D     		cmp	r5, #0
 3370 0042 6CD1     		bne	.L288
1365:Drivers/STM32F3xx_HAL_Driver/Src/stm32f3xx_hal_tim_ex.c ****     }
 3371              		.loc 1 1365 7 is_stmt 0 discriminator 1 view .LVU965
 3372 0044 0222     		movs	r2, #2
 3373 0046 84F84420 		strb	r2, [r4, #68]
1373:Drivers/STM32F3xx_HAL_Driver/Src/stm32f3xx_hal_tim_ex.c ****   {
 3374              		.loc 1 1373 3 is_stmt 1 view .LVU966
 3375              	.L289:
1378:Drivers/STM32F3xx_HAL_Driver/Src/stm32f3xx_hal_tim_ex.c ****       htim->hdma[TIM_DMA_ID_CC1]->XferHalfCpltCallback = TIM_DMADelayPulseHalfCplt;
 3376              		.loc 1 1378 7 view .LVU967
1378:Drivers/STM32F3xx_HAL_Driver/Src/stm32f3xx_hal_tim_ex.c ****       htim->hdma[TIM_DMA_ID_CC1]->XferHalfCpltCallback = TIM_DMADelayPulseHalfCplt;
 3377              		.loc 1 1378 17 is_stmt 0 view .LVU968
 3378 004a 626A     		ldr	r2, [r4, #36]
1378:Drivers/STM32F3xx_HAL_Driver/Src/stm32f3xx_hal_tim_ex.c ****       htim->hdma[TIM_DMA_ID_CC1]->XferHalfCpltCallback = TIM_DMADelayPulseHalfCplt;
 3379              		.loc 1 1378 52 view .LVU969
 3380 004c 6549     		ldr	r1, .L314
 3381              	.LVL223:
1378:Drivers/STM32F3xx_HAL_Driver/Src/stm32f3xx_hal_tim_ex.c ****       htim->hdma[TIM_DMA_ID_CC1]->XferHalfCpltCallback = TIM_DMADelayPulseHalfCplt;
 3382              		.loc 1 1378 52 view .LVU970
 3383 004e 9162     		str	r1, [r2, #40]
1379:Drivers/STM32F3xx_HAL_Driver/Src/stm32f3xx_hal_tim_ex.c **** 
 3384              		.loc 1 1379 7 is_stmt 1 view .LVU971
1379:Drivers/STM32F3xx_HAL_Driver/Src/stm32f3xx_hal_tim_ex.c **** 
 3385              		.loc 1 1379 17 is_stmt 0 view .LVU972
 3386 0050 626A     		ldr	r2, [r4, #36]
1379:Drivers/STM32F3xx_HAL_Driver/Src/stm32f3xx_hal_tim_ex.c **** 
 3387              		.loc 1 1379 56 view .LVU973
 3388 0052 6549     		ldr	r1, .L314+4
 3389 0054 D162     		str	r1, [r2, #44]
1382:Drivers/STM32F3xx_HAL_Driver/Src/stm32f3xx_hal_tim_ex.c **** 
 3390              		.loc 1 1382 7 is_stmt 1 view .LVU974
1382:Drivers/STM32F3xx_HAL_Driver/Src/stm32f3xx_hal_tim_ex.c **** 
 3391              		.loc 1 1382 17 is_stmt 0 view .LVU975
 3392 0056 626A     		ldr	r2, [r4, #36]
1382:Drivers/STM32F3xx_HAL_Driver/Src/stm32f3xx_hal_tim_ex.c **** 
 3393              		.loc 1 1382 53 view .LVU976
 3394 0058 6449     		ldr	r1, .L314+8
 3395 005a 1163     		str	r1, [r2, #48]
1385:Drivers/STM32F3xx_HAL_Driver/Src/stm32f3xx_hal_tim_ex.c ****                            Length) != HAL_OK)
 3396              		.loc 1 1385 7 is_stmt 1 view .LVU977
1385:Drivers/STM32F3xx_HAL_Driver/Src/stm32f3xx_hal_tim_ex.c ****                            Length) != HAL_OK)
 3397              		.loc 1 1385 88 is_stmt 0 view .LVU978
ARM GAS  C:\Users\nakas\AppData\Local\Temp\ccLYSQiW.s 			page 121


 3398 005c 2268     		ldr	r2, [r4]
1385:Drivers/STM32F3xx_HAL_Driver/Src/stm32f3xx_hal_tim_ex.c ****                            Length) != HAL_OK)
 3399              		.loc 1 1385 11 view .LVU979
 3400 005e 3432     		adds	r2, r2, #52
 3401 0060 3146     		mov	r1, r6
 3402 0062 606A     		ldr	r0, [r4, #36]
 3403 0064 FFF7FEFF 		bl	HAL_DMA_Start_IT
 3404              	.LVL224:
1385:Drivers/STM32F3xx_HAL_Driver/Src/stm32f3xx_hal_tim_ex.c ****                            Length) != HAL_OK)
 3405              		.loc 1 1385 10 discriminator 1 view .LVU980
 3406 0068 0028     		cmp	r0, #0
 3407 006a 40F0B080 		bne	.L302
1392:Drivers/STM32F3xx_HAL_Driver/Src/stm32f3xx_hal_tim_ex.c ****       break;
 3408              		.loc 1 1392 7 is_stmt 1 view .LVU981
 3409 006e 2268     		ldr	r2, [r4]
 3410 0070 D368     		ldr	r3, [r2, #12]
 3411 0072 43F40073 		orr	r3, r3, #512
 3412 0076 D360     		str	r3, [r2, #12]
1393:Drivers/STM32F3xx_HAL_Driver/Src/stm32f3xx_hal_tim_ex.c ****     }
 3413              		.loc 1 1393 7 view .LVU982
1443:Drivers/STM32F3xx_HAL_Driver/Src/stm32f3xx_hal_tim_ex.c ****   {
 3414              		.loc 1 1443 3 view .LVU983
 3415              	.L294:
1446:Drivers/STM32F3xx_HAL_Driver/Src/stm32f3xx_hal_tim_ex.c **** 
 3416              		.loc 1 1446 5 view .LVU984
 3417 0078 0422     		movs	r2, #4
 3418 007a 2946     		mov	r1, r5
 3419 007c 2068     		ldr	r0, [r4]
 3420 007e FFF7FEFF 		bl	TIM_CCxNChannelCmd
 3421              	.LVL225:
1449:Drivers/STM32F3xx_HAL_Driver/Src/stm32f3xx_hal_tim_ex.c **** 
 3422              		.loc 1 1449 5 view .LVU985
 3423 0082 2268     		ldr	r2, [r4]
 3424 0084 536C     		ldr	r3, [r2, #68]
 3425 0086 43F40043 		orr	r3, r3, #32768
 3426 008a 5364     		str	r3, [r2, #68]
1452:Drivers/STM32F3xx_HAL_Driver/Src/stm32f3xx_hal_tim_ex.c ****     {
 3427              		.loc 1 1452 5 view .LVU986
1452:Drivers/STM32F3xx_HAL_Driver/Src/stm32f3xx_hal_tim_ex.c ****     {
 3428              		.loc 1 1452 9 is_stmt 0 view .LVU987
 3429 008c 2368     		ldr	r3, [r4]
1452:Drivers/STM32F3xx_HAL_Driver/Src/stm32f3xx_hal_tim_ex.c ****     {
 3430              		.loc 1 1452 8 view .LVU988
 3431 008e 584A     		ldr	r2, .L314+12
 3432 0090 9342     		cmp	r3, r2
 3433 0092 00F08680 		beq	.L295
1452:Drivers/STM32F3xx_HAL_Driver/Src/stm32f3xx_hal_tim_ex.c ****     {
 3434              		.loc 1 1452 9 discriminator 1 view .LVU989
 3435 0096 B3F1804F 		cmp	r3, #1073741824
 3436 009a 00F08280 		beq	.L295
1452:Drivers/STM32F3xx_HAL_Driver/Src/stm32f3xx_hal_tim_ex.c ****     {
 3437              		.loc 1 1452 9 discriminator 2 view .LVU990
 3438 009e A2F59432 		sub	r2, r2, #75776
 3439 00a2 9342     		cmp	r3, r2
 3440 00a4 7DD0     		beq	.L295
1452:Drivers/STM32F3xx_HAL_Driver/Src/stm32f3xx_hal_tim_ex.c ****     {
 3441              		.loc 1 1452 9 discriminator 3 view .LVU991
ARM GAS  C:\Users\nakas\AppData\Local\Temp\ccLYSQiW.s 			page 122


 3442 00a6 02F59E32 		add	r2, r2, #80896
 3443 00aa 9342     		cmp	r3, r2
 3444 00ac 79D0     		beq	.L295
1462:Drivers/STM32F3xx_HAL_Driver/Src/stm32f3xx_hal_tim_ex.c ****     }
 3445              		.loc 1 1462 7 is_stmt 1 view .LVU992
 3446 00ae 1A68     		ldr	r2, [r3]
 3447 00b0 42F00102 		orr	r2, r2, #1
 3448 00b4 1A60     		str	r2, [r3]
 3449 00b6 0020     		movs	r0, #0
 3450 00b8 84E0     		b	.L283
 3451              	.LVL226:
 3452              	.L279:
1353:Drivers/STM32F3xx_HAL_Driver/Src/stm32f3xx_hal_tim_ex.c ****   {
 3453              		.loc 1 1353 46 is_stmt 0 discriminator 2 view .LVU993
 3454 00ba 0429     		cmp	r1, #4
 3455 00bc 08D0     		beq	.L308
1353:Drivers/STM32F3xx_HAL_Driver/Src/stm32f3xx_hal_tim_ex.c ****   {
 3456              		.loc 1 1353 46 discriminator 5 view .LVU994
 3457 00be 0829     		cmp	r1, #8
 3458 00c0 0DD0     		beq	.L309
1353:Drivers/STM32F3xx_HAL_Driver/Src/stm32f3xx_hal_tim_ex.c ****   {
 3459              		.loc 1 1353 7 discriminator 8 view .LVU995
 3460 00c2 90F84700 		ldrb	r0, [r0, #71]	@ zero_extendqisi2
 3461              	.LVL227:
1353:Drivers/STM32F3xx_HAL_Driver/Src/stm32f3xx_hal_tim_ex.c ****   {
 3462              		.loc 1 1353 46 discriminator 8 view .LVU996
 3463 00c6 0228     		cmp	r0, #2
 3464 00c8 14BF     		ite	ne
 3465 00ca 0020     		movne	r0, #0
 3466 00cc 0120     		moveq	r0, #1
 3467 00ce A3E7     		b	.L280
 3468              	.LVL228:
 3469              	.L308:
1353:Drivers/STM32F3xx_HAL_Driver/Src/stm32f3xx_hal_tim_ex.c ****   {
 3470              		.loc 1 1353 7 discriminator 4 view .LVU997
 3471 00d0 90F84500 		ldrb	r0, [r0, #69]	@ zero_extendqisi2
 3472              	.LVL229:
1353:Drivers/STM32F3xx_HAL_Driver/Src/stm32f3xx_hal_tim_ex.c ****   {
 3473              		.loc 1 1353 46 discriminator 4 view .LVU998
 3474 00d4 0228     		cmp	r0, #2
 3475 00d6 14BF     		ite	ne
 3476 00d8 0020     		movne	r0, #0
 3477 00da 0120     		moveq	r0, #1
 3478 00dc 9CE7     		b	.L280
 3479              	.LVL230:
 3480              	.L309:
1353:Drivers/STM32F3xx_HAL_Driver/Src/stm32f3xx_hal_tim_ex.c ****   {
 3481              		.loc 1 1353 7 discriminator 7 view .LVU999
 3482 00de 90F84600 		ldrb	r0, [r0, #70]	@ zero_extendqisi2
 3483              	.LVL231:
1353:Drivers/STM32F3xx_HAL_Driver/Src/stm32f3xx_hal_tim_ex.c ****   {
 3484              		.loc 1 1353 46 discriminator 7 view .LVU1000
 3485 00e2 0228     		cmp	r0, #2
 3486 00e4 14BF     		ite	ne
 3487 00e6 0020     		movne	r0, #0
 3488 00e8 0120     		moveq	r0, #1
 3489 00ea 95E7     		b	.L280
ARM GAS  C:\Users\nakas\AppData\Local\Temp\ccLYSQiW.s 			page 123


 3490              	.L284:
1357:Drivers/STM32F3xx_HAL_Driver/Src/stm32f3xx_hal_tim_ex.c ****   {
 3491              		.loc 1 1357 51 discriminator 2 view .LVU1001
 3492 00ec 042D     		cmp	r5, #4
 3493 00ee 08D0     		beq	.L310
1357:Drivers/STM32F3xx_HAL_Driver/Src/stm32f3xx_hal_tim_ex.c ****   {
 3494              		.loc 1 1357 51 discriminator 5 view .LVU1002
 3495 00f0 082D     		cmp	r5, #8
 3496 00f2 0DD0     		beq	.L311
1357:Drivers/STM32F3xx_HAL_Driver/Src/stm32f3xx_hal_tim_ex.c ****   {
 3497              		.loc 1 1357 12 discriminator 8 view .LVU1003
 3498 00f4 94F84720 		ldrb	r2, [r4, #71]	@ zero_extendqisi2
 3499              	.LVL232:
1357:Drivers/STM32F3xx_HAL_Driver/Src/stm32f3xx_hal_tim_ex.c ****   {
 3500              		.loc 1 1357 51 discriminator 8 view .LVU1004
 3501 00f8 012A     		cmp	r2, #1
 3502 00fa 14BF     		ite	ne
 3503 00fc 0022     		movne	r2, #0
 3504 00fe 0122     		moveq	r2, #1
 3505 0100 95E7     		b	.L285
 3506              	.LVL233:
 3507              	.L310:
1357:Drivers/STM32F3xx_HAL_Driver/Src/stm32f3xx_hal_tim_ex.c ****   {
 3508              		.loc 1 1357 12 discriminator 4 view .LVU1005
 3509 0102 94F84520 		ldrb	r2, [r4, #69]	@ zero_extendqisi2
 3510              	.LVL234:
1357:Drivers/STM32F3xx_HAL_Driver/Src/stm32f3xx_hal_tim_ex.c ****   {
 3511              		.loc 1 1357 51 discriminator 4 view .LVU1006
 3512 0106 012A     		cmp	r2, #1
 3513 0108 14BF     		ite	ne
 3514 010a 0022     		movne	r2, #0
 3515 010c 0122     		moveq	r2, #1
 3516 010e 8EE7     		b	.L285
 3517              	.LVL235:
 3518              	.L311:
1357:Drivers/STM32F3xx_HAL_Driver/Src/stm32f3xx_hal_tim_ex.c ****   {
 3519              		.loc 1 1357 12 discriminator 7 view .LVU1007
 3520 0110 94F84620 		ldrb	r2, [r4, #70]	@ zero_extendqisi2
 3521              	.LVL236:
1357:Drivers/STM32F3xx_HAL_Driver/Src/stm32f3xx_hal_tim_ex.c ****   {
 3522              		.loc 1 1357 51 discriminator 7 view .LVU1008
 3523 0114 012A     		cmp	r2, #1
 3524 0116 14BF     		ite	ne
 3525 0118 0022     		movne	r2, #0
 3526 011a 0122     		moveq	r2, #1
 3527 011c 87E7     		b	.L285
 3528              	.L288:
1365:Drivers/STM32F3xx_HAL_Driver/Src/stm32f3xx_hal_tim_ex.c ****     }
 3529              		.loc 1 1365 7 discriminator 2 view .LVU1009
 3530 011e 042D     		cmp	r5, #4
 3531 0120 0CD0     		beq	.L312
1365:Drivers/STM32F3xx_HAL_Driver/Src/stm32f3xx_hal_tim_ex.c ****     }
 3532              		.loc 1 1365 7 discriminator 4 view .LVU1010
 3533 0122 082D     		cmp	r5, #8
 3534 0124 24D0     		beq	.L313
1365:Drivers/STM32F3xx_HAL_Driver/Src/stm32f3xx_hal_tim_ex.c ****     }
 3535              		.loc 1 1365 7 discriminator 7 view .LVU1011
ARM GAS  C:\Users\nakas\AppData\Local\Temp\ccLYSQiW.s 			page 124


 3536 0126 0222     		movs	r2, #2
 3537 0128 84F84720 		strb	r2, [r4, #71]
1373:Drivers/STM32F3xx_HAL_Driver/Src/stm32f3xx_hal_tim_ex.c ****   {
 3538              		.loc 1 1373 3 is_stmt 1 view .LVU1012
 3539 012c 042D     		cmp	r5, #4
 3540 012e 08D0     		beq	.L291
 3541 0130 082D     		cmp	r5, #8
 3542 0132 20D0     		beq	.L293
 3543 0134 002D     		cmp	r5, #0
 3544 0136 88D0     		beq	.L289
 3545 0138 0120     		movs	r0, #1
 3546 013a 43E0     		b	.L283
 3547              	.L312:
1365:Drivers/STM32F3xx_HAL_Driver/Src/stm32f3xx_hal_tim_ex.c ****     }
 3548              		.loc 1 1365 7 is_stmt 0 discriminator 3 view .LVU1013
 3549 013c 0222     		movs	r2, #2
 3550 013e 84F84520 		strb	r2, [r4, #69]
1373:Drivers/STM32F3xx_HAL_Driver/Src/stm32f3xx_hal_tim_ex.c ****   {
 3551              		.loc 1 1373 3 is_stmt 1 view .LVU1014
 3552              	.L291:
1399:Drivers/STM32F3xx_HAL_Driver/Src/stm32f3xx_hal_tim_ex.c ****       htim->hdma[TIM_DMA_ID_CC2]->XferHalfCpltCallback = TIM_DMADelayPulseHalfCplt;
 3553              		.loc 1 1399 7 view .LVU1015
1399:Drivers/STM32F3xx_HAL_Driver/Src/stm32f3xx_hal_tim_ex.c ****       htim->hdma[TIM_DMA_ID_CC2]->XferHalfCpltCallback = TIM_DMADelayPulseHalfCplt;
 3554              		.loc 1 1399 17 is_stmt 0 view .LVU1016
 3555 0142 A26A     		ldr	r2, [r4, #40]
1399:Drivers/STM32F3xx_HAL_Driver/Src/stm32f3xx_hal_tim_ex.c ****       htim->hdma[TIM_DMA_ID_CC2]->XferHalfCpltCallback = TIM_DMADelayPulseHalfCplt;
 3556              		.loc 1 1399 52 view .LVU1017
 3557 0144 2749     		ldr	r1, .L314
 3558              	.LVL237:
1399:Drivers/STM32F3xx_HAL_Driver/Src/stm32f3xx_hal_tim_ex.c ****       htim->hdma[TIM_DMA_ID_CC2]->XferHalfCpltCallback = TIM_DMADelayPulseHalfCplt;
 3559              		.loc 1 1399 52 view .LVU1018
 3560 0146 9162     		str	r1, [r2, #40]
1400:Drivers/STM32F3xx_HAL_Driver/Src/stm32f3xx_hal_tim_ex.c **** 
 3561              		.loc 1 1400 7 is_stmt 1 view .LVU1019
1400:Drivers/STM32F3xx_HAL_Driver/Src/stm32f3xx_hal_tim_ex.c **** 
 3562              		.loc 1 1400 17 is_stmt 0 view .LVU1020
 3563 0148 A26A     		ldr	r2, [r4, #40]
1400:Drivers/STM32F3xx_HAL_Driver/Src/stm32f3xx_hal_tim_ex.c **** 
 3564              		.loc 1 1400 56 view .LVU1021
 3565 014a 2749     		ldr	r1, .L314+4
 3566 014c D162     		str	r1, [r2, #44]
1403:Drivers/STM32F3xx_HAL_Driver/Src/stm32f3xx_hal_tim_ex.c **** 
 3567              		.loc 1 1403 7 is_stmt 1 view .LVU1022
1403:Drivers/STM32F3xx_HAL_Driver/Src/stm32f3xx_hal_tim_ex.c **** 
 3568              		.loc 1 1403 17 is_stmt 0 view .LVU1023
 3569 014e A26A     		ldr	r2, [r4, #40]
1403:Drivers/STM32F3xx_HAL_Driver/Src/stm32f3xx_hal_tim_ex.c **** 
 3570              		.loc 1 1403 53 view .LVU1024
 3571 0150 2649     		ldr	r1, .L314+8
 3572 0152 1163     		str	r1, [r2, #48]
1406:Drivers/STM32F3xx_HAL_Driver/Src/stm32f3xx_hal_tim_ex.c ****                            Length) != HAL_OK)
 3573              		.loc 1 1406 7 is_stmt 1 view .LVU1025
1406:Drivers/STM32F3xx_HAL_Driver/Src/stm32f3xx_hal_tim_ex.c ****                            Length) != HAL_OK)
 3574              		.loc 1 1406 88 is_stmt 0 view .LVU1026
 3575 0154 2268     		ldr	r2, [r4]
1406:Drivers/STM32F3xx_HAL_Driver/Src/stm32f3xx_hal_tim_ex.c ****                            Length) != HAL_OK)
 3576              		.loc 1 1406 11 view .LVU1027
ARM GAS  C:\Users\nakas\AppData\Local\Temp\ccLYSQiW.s 			page 125


 3577 0156 3832     		adds	r2, r2, #56
 3578 0158 3146     		mov	r1, r6
 3579 015a A06A     		ldr	r0, [r4, #40]
 3580 015c FFF7FEFF 		bl	HAL_DMA_Start_IT
 3581              	.LVL238:
1406:Drivers/STM32F3xx_HAL_Driver/Src/stm32f3xx_hal_tim_ex.c ****                            Length) != HAL_OK)
 3582              		.loc 1 1406 10 discriminator 1 view .LVU1028
 3583 0160 0028     		cmp	r0, #0
 3584 0162 36D1     		bne	.L303
1413:Drivers/STM32F3xx_HAL_Driver/Src/stm32f3xx_hal_tim_ex.c ****       break;
 3585              		.loc 1 1413 7 is_stmt 1 view .LVU1029
 3586 0164 2268     		ldr	r2, [r4]
 3587 0166 D368     		ldr	r3, [r2, #12]
 3588 0168 43F48063 		orr	r3, r3, #1024
 3589 016c D360     		str	r3, [r2, #12]
1414:Drivers/STM32F3xx_HAL_Driver/Src/stm32f3xx_hal_tim_ex.c ****     }
 3590              		.loc 1 1414 7 view .LVU1030
1443:Drivers/STM32F3xx_HAL_Driver/Src/stm32f3xx_hal_tim_ex.c ****   {
 3591              		.loc 1 1443 3 view .LVU1031
 3592 016e 83E7     		b	.L294
 3593              	.LVL239:
 3594              	.L313:
1365:Drivers/STM32F3xx_HAL_Driver/Src/stm32f3xx_hal_tim_ex.c ****     }
 3595              		.loc 1 1365 7 is_stmt 0 discriminator 6 view .LVU1032
 3596 0170 0222     		movs	r2, #2
 3597 0172 84F84620 		strb	r2, [r4, #70]
1373:Drivers/STM32F3xx_HAL_Driver/Src/stm32f3xx_hal_tim_ex.c ****   {
 3598              		.loc 1 1373 3 is_stmt 1 view .LVU1033
 3599              	.L293:
1420:Drivers/STM32F3xx_HAL_Driver/Src/stm32f3xx_hal_tim_ex.c ****       htim->hdma[TIM_DMA_ID_CC3]->XferHalfCpltCallback = TIM_DMADelayPulseHalfCplt;
 3600              		.loc 1 1420 7 view .LVU1034
1420:Drivers/STM32F3xx_HAL_Driver/Src/stm32f3xx_hal_tim_ex.c ****       htim->hdma[TIM_DMA_ID_CC3]->XferHalfCpltCallback = TIM_DMADelayPulseHalfCplt;
 3601              		.loc 1 1420 17 is_stmt 0 view .LVU1035
 3602 0176 E26A     		ldr	r2, [r4, #44]
1420:Drivers/STM32F3xx_HAL_Driver/Src/stm32f3xx_hal_tim_ex.c ****       htim->hdma[TIM_DMA_ID_CC3]->XferHalfCpltCallback = TIM_DMADelayPulseHalfCplt;
 3603              		.loc 1 1420 52 view .LVU1036
 3604 0178 1A49     		ldr	r1, .L314
 3605              	.LVL240:
1420:Drivers/STM32F3xx_HAL_Driver/Src/stm32f3xx_hal_tim_ex.c ****       htim->hdma[TIM_DMA_ID_CC3]->XferHalfCpltCallback = TIM_DMADelayPulseHalfCplt;
 3606              		.loc 1 1420 52 view .LVU1037
 3607 017a 9162     		str	r1, [r2, #40]
1421:Drivers/STM32F3xx_HAL_Driver/Src/stm32f3xx_hal_tim_ex.c **** 
 3608              		.loc 1 1421 7 is_stmt 1 view .LVU1038
1421:Drivers/STM32F3xx_HAL_Driver/Src/stm32f3xx_hal_tim_ex.c **** 
 3609              		.loc 1 1421 17 is_stmt 0 view .LVU1039
 3610 017c E26A     		ldr	r2, [r4, #44]
1421:Drivers/STM32F3xx_HAL_Driver/Src/stm32f3xx_hal_tim_ex.c **** 
 3611              		.loc 1 1421 56 view .LVU1040
 3612 017e 1A49     		ldr	r1, .L314+4
 3613 0180 D162     		str	r1, [r2, #44]
1424:Drivers/STM32F3xx_HAL_Driver/Src/stm32f3xx_hal_tim_ex.c **** 
 3614              		.loc 1 1424 7 is_stmt 1 view .LVU1041
1424:Drivers/STM32F3xx_HAL_Driver/Src/stm32f3xx_hal_tim_ex.c **** 
 3615              		.loc 1 1424 17 is_stmt 0 view .LVU1042
 3616 0182 E26A     		ldr	r2, [r4, #44]
1424:Drivers/STM32F3xx_HAL_Driver/Src/stm32f3xx_hal_tim_ex.c **** 
 3617              		.loc 1 1424 53 view .LVU1043
ARM GAS  C:\Users\nakas\AppData\Local\Temp\ccLYSQiW.s 			page 126


 3618 0184 1949     		ldr	r1, .L314+8
 3619 0186 1163     		str	r1, [r2, #48]
1427:Drivers/STM32F3xx_HAL_Driver/Src/stm32f3xx_hal_tim_ex.c ****                            Length) != HAL_OK)
 3620              		.loc 1 1427 7 is_stmt 1 view .LVU1044
1427:Drivers/STM32F3xx_HAL_Driver/Src/stm32f3xx_hal_tim_ex.c ****                            Length) != HAL_OK)
 3621              		.loc 1 1427 88 is_stmt 0 view .LVU1045
 3622 0188 2268     		ldr	r2, [r4]
1427:Drivers/STM32F3xx_HAL_Driver/Src/stm32f3xx_hal_tim_ex.c ****                            Length) != HAL_OK)
 3623              		.loc 1 1427 11 view .LVU1046
 3624 018a 3C32     		adds	r2, r2, #60
 3625 018c 3146     		mov	r1, r6
 3626 018e E06A     		ldr	r0, [r4, #44]
 3627 0190 FFF7FEFF 		bl	HAL_DMA_Start_IT
 3628              	.LVL241:
1427:Drivers/STM32F3xx_HAL_Driver/Src/stm32f3xx_hal_tim_ex.c ****                            Length) != HAL_OK)
 3629              		.loc 1 1427 10 discriminator 1 view .LVU1047
 3630 0194 F8B9     		cbnz	r0, .L304
1434:Drivers/STM32F3xx_HAL_Driver/Src/stm32f3xx_hal_tim_ex.c ****       break;
 3631              		.loc 1 1434 7 is_stmt 1 view .LVU1048
 3632 0196 2268     		ldr	r2, [r4]
 3633 0198 D368     		ldr	r3, [r2, #12]
 3634 019a 43F40063 		orr	r3, r3, #2048
 3635 019e D360     		str	r3, [r2, #12]
1435:Drivers/STM32F3xx_HAL_Driver/Src/stm32f3xx_hal_tim_ex.c ****     }
 3636              		.loc 1 1435 7 view .LVU1049
1443:Drivers/STM32F3xx_HAL_Driver/Src/stm32f3xx_hal_tim_ex.c ****   {
 3637              		.loc 1 1443 3 view .LVU1050
 3638 01a0 6AE7     		b	.L294
 3639              	.L295:
1454:Drivers/STM32F3xx_HAL_Driver/Src/stm32f3xx_hal_tim_ex.c ****       if (!IS_TIM_SLAVEMODE_TRIGGER_ENABLED(tmpsmcr))
 3640              		.loc 1 1454 7 view .LVU1051
1454:Drivers/STM32F3xx_HAL_Driver/Src/stm32f3xx_hal_tim_ex.c ****       if (!IS_TIM_SLAVEMODE_TRIGGER_ENABLED(tmpsmcr))
 3641              		.loc 1 1454 31 is_stmt 0 view .LVU1052
 3642 01a2 9968     		ldr	r1, [r3, #8]
1454:Drivers/STM32F3xx_HAL_Driver/Src/stm32f3xx_hal_tim_ex.c ****       if (!IS_TIM_SLAVEMODE_TRIGGER_ENABLED(tmpsmcr))
 3643              		.loc 1 1454 15 view .LVU1053
 3644 01a4 134A     		ldr	r2, .L314+16
 3645 01a6 0A40     		ands	r2, r2, r1
 3646              	.LVL242:
1455:Drivers/STM32F3xx_HAL_Driver/Src/stm32f3xx_hal_tim_ex.c ****       {
 3647              		.loc 1 1455 7 is_stmt 1 view .LVU1054
1455:Drivers/STM32F3xx_HAL_Driver/Src/stm32f3xx_hal_tim_ex.c ****       {
 3648              		.loc 1 1455 10 is_stmt 0 view .LVU1055
 3649 01a8 062A     		cmp	r2, #6
 3650 01aa 16D0     		beq	.L305
1455:Drivers/STM32F3xx_HAL_Driver/Src/stm32f3xx_hal_tim_ex.c ****       {
 3651              		.loc 1 1455 11 discriminator 1 view .LVU1056
 3652 01ac B2F5803F 		cmp	r2, #65536
 3653 01b0 15D0     		beq	.L306
1457:Drivers/STM32F3xx_HAL_Driver/Src/stm32f3xx_hal_tim_ex.c ****       }
 3654              		.loc 1 1457 9 is_stmt 1 view .LVU1057
 3655 01b2 1A68     		ldr	r2, [r3]
 3656              	.LVL243:
1457:Drivers/STM32F3xx_HAL_Driver/Src/stm32f3xx_hal_tim_ex.c ****       }
 3657              		.loc 1 1457 9 is_stmt 0 view .LVU1058
 3658 01b4 42F00102 		orr	r2, r2, #1
 3659 01b8 1A60     		str	r2, [r3]
ARM GAS  C:\Users\nakas\AppData\Local\Temp\ccLYSQiW.s 			page 127


 3660 01ba 0020     		movs	r0, #0
 3661 01bc 02E0     		b	.L283
 3662              	.LVL244:
 3663              	.L297:
1355:Drivers/STM32F3xx_HAL_Driver/Src/stm32f3xx_hal_tim_ex.c ****   }
 3664              		.loc 1 1355 12 view .LVU1059
 3665 01be 0220     		movs	r0, #2
 3666 01c0 00E0     		b	.L283
 3667              	.LVL245:
 3668              	.L298:
1370:Drivers/STM32F3xx_HAL_Driver/Src/stm32f3xx_hal_tim_ex.c ****   }
 3669              		.loc 1 1370 12 view .LVU1060
 3670 01c2 0120     		movs	r0, #1
 3671              	.LVL246:
 3672              	.L283:
1468:Drivers/STM32F3xx_HAL_Driver/Src/stm32f3xx_hal_tim_ex.c **** 
 3673              		.loc 1 1468 1 view .LVU1061
 3674 01c4 70BD     		pop	{r4, r5, r6, pc}
 3675              	.LVL247:
 3676              	.L299:
1361:Drivers/STM32F3xx_HAL_Driver/Src/stm32f3xx_hal_tim_ex.c ****     }
 3677              		.loc 1 1361 14 view .LVU1062
 3678 01c6 0120     		movs	r0, #1
 3679 01c8 FCE7     		b	.L283
 3680              	.L300:
 3681 01ca 0120     		movs	r0, #1
 3682 01cc FAE7     		b	.L283
 3683              	.LVL248:
 3684              	.L302:
1389:Drivers/STM32F3xx_HAL_Driver/Src/stm32f3xx_hal_tim_ex.c ****       }
 3685              		.loc 1 1389 16 view .LVU1063
 3686 01ce 0120     		movs	r0, #1
 3687 01d0 F8E7     		b	.L283
 3688              	.L303:
1410:Drivers/STM32F3xx_HAL_Driver/Src/stm32f3xx_hal_tim_ex.c ****       }
 3689              		.loc 1 1410 16 view .LVU1064
 3690 01d2 0120     		movs	r0, #1
 3691 01d4 F6E7     		b	.L283
 3692              	.L304:
1431:Drivers/STM32F3xx_HAL_Driver/Src/stm32f3xx_hal_tim_ex.c ****       }
 3693              		.loc 1 1431 16 view .LVU1065
 3694 01d6 0120     		movs	r0, #1
 3695 01d8 F4E7     		b	.L283
 3696              	.LVL249:
 3697              	.L305:
1431:Drivers/STM32F3xx_HAL_Driver/Src/stm32f3xx_hal_tim_ex.c ****       }
 3698              		.loc 1 1431 16 view .LVU1066
 3699 01da 0020     		movs	r0, #0
 3700 01dc F2E7     		b	.L283
 3701              	.L306:
 3702 01de 0020     		movs	r0, #0
 3703 01e0 F0E7     		b	.L283
 3704              	.L315:
 3705 01e2 00BF     		.align	2
 3706              	.L314:
 3707 01e4 00000000 		.word	TIM_DMADelayPulseNCplt
 3708 01e8 00000000 		.word	TIM_DMADelayPulseHalfCplt
ARM GAS  C:\Users\nakas\AppData\Local\Temp\ccLYSQiW.s 			page 128


 3709 01ec 00000000 		.word	TIM_DMAErrorCCxN
 3710 01f0 002C0140 		.word	1073818624
 3711 01f4 07000100 		.word	65543
 3712              		.cfi_endproc
 3713              	.LFE143:
 3715              		.section	.text.HAL_TIMEx_PWMN_Stop_DMA,"ax",%progbits
 3716              		.align	1
 3717              		.global	HAL_TIMEx_PWMN_Stop_DMA
 3718              		.syntax unified
 3719              		.thumb
 3720              		.thumb_func
 3722              	HAL_TIMEx_PWMN_Stop_DMA:
 3723              	.LVL250:
 3724              	.LFB144:
1482:Drivers/STM32F3xx_HAL_Driver/Src/stm32f3xx_hal_tim_ex.c ****   HAL_StatusTypeDef status = HAL_OK;
 3725              		.loc 1 1482 1 is_stmt 1 view -0
 3726              		.cfi_startproc
 3727              		@ args = 0, pretend = 0, frame = 0
 3728              		@ frame_needed = 0, uses_anonymous_args = 0
1482:Drivers/STM32F3xx_HAL_Driver/Src/stm32f3xx_hal_tim_ex.c ****   HAL_StatusTypeDef status = HAL_OK;
 3729              		.loc 1 1482 1 is_stmt 0 view .LVU1068
 3730 0000 38B5     		push	{r3, r4, r5, lr}
 3731              	.LCFI25:
 3732              		.cfi_def_cfa_offset 16
 3733              		.cfi_offset 3, -16
 3734              		.cfi_offset 4, -12
 3735              		.cfi_offset 5, -8
 3736              		.cfi_offset 14, -4
 3737 0002 0446     		mov	r4, r0
 3738 0004 0D46     		mov	r5, r1
1483:Drivers/STM32F3xx_HAL_Driver/Src/stm32f3xx_hal_tim_ex.c **** 
 3739              		.loc 1 1483 3 is_stmt 1 view .LVU1069
 3740              	.LVL251:
1486:Drivers/STM32F3xx_HAL_Driver/Src/stm32f3xx_hal_tim_ex.c **** 
 3741              		.loc 1 1486 3 view .LVU1070
1488:Drivers/STM32F3xx_HAL_Driver/Src/stm32f3xx_hal_tim_ex.c ****   {
 3742              		.loc 1 1488 3 view .LVU1071
 3743 0006 0429     		cmp	r1, #4
 3744 0008 34D0     		beq	.L317
 3745 000a 0829     		cmp	r1, #8
 3746 000c 3BD0     		beq	.L318
 3747 000e 0029     		cmp	r1, #0
 3748 0010 55D1     		bne	.L326
1493:Drivers/STM32F3xx_HAL_Driver/Src/stm32f3xx_hal_tim_ex.c ****       (void)HAL_DMA_Abort_IT(htim->hdma[TIM_DMA_ID_CC1]);
 3749              		.loc 1 1493 7 view .LVU1072
 3750 0012 0268     		ldr	r2, [r0]
 3751 0014 D368     		ldr	r3, [r2, #12]
 3752 0016 23F40073 		bic	r3, r3, #512
 3753 001a D360     		str	r3, [r2, #12]
1494:Drivers/STM32F3xx_HAL_Driver/Src/stm32f3xx_hal_tim_ex.c ****       break;
 3754              		.loc 1 1494 7 view .LVU1073
1494:Drivers/STM32F3xx_HAL_Driver/Src/stm32f3xx_hal_tim_ex.c ****       break;
 3755              		.loc 1 1494 13 is_stmt 0 view .LVU1074
 3756 001c 406A     		ldr	r0, [r0, #36]
 3757              	.LVL252:
1494:Drivers/STM32F3xx_HAL_Driver/Src/stm32f3xx_hal_tim_ex.c ****       break;
 3758              		.loc 1 1494 13 view .LVU1075
ARM GAS  C:\Users\nakas\AppData\Local\Temp\ccLYSQiW.s 			page 129


 3759 001e FFF7FEFF 		bl	HAL_DMA_Abort_IT
 3760              	.LVL253:
1495:Drivers/STM32F3xx_HAL_Driver/Src/stm32f3xx_hal_tim_ex.c ****     }
 3761              		.loc 1 1495 7 is_stmt 1 view .LVU1076
1519:Drivers/STM32F3xx_HAL_Driver/Src/stm32f3xx_hal_tim_ex.c ****   {
 3762              		.loc 1 1519 3 view .LVU1077
 3763              	.L320:
1522:Drivers/STM32F3xx_HAL_Driver/Src/stm32f3xx_hal_tim_ex.c **** 
 3764              		.loc 1 1522 5 view .LVU1078
 3765 0022 0022     		movs	r2, #0
 3766 0024 2946     		mov	r1, r5
 3767 0026 2068     		ldr	r0, [r4]
 3768 0028 FFF7FEFF 		bl	TIM_CCxNChannelCmd
 3769              	.LVL254:
1525:Drivers/STM32F3xx_HAL_Driver/Src/stm32f3xx_hal_tim_ex.c **** 
 3770              		.loc 1 1525 5 view .LVU1079
1525:Drivers/STM32F3xx_HAL_Driver/Src/stm32f3xx_hal_tim_ex.c **** 
 3771              		.loc 1 1525 5 view .LVU1080
 3772 002c 2368     		ldr	r3, [r4]
 3773 002e 196A     		ldr	r1, [r3, #32]
 3774 0030 41F21112 		movw	r2, #4369
 3775 0034 1142     		tst	r1, r2
 3776 0036 08D1     		bne	.L321
1525:Drivers/STM32F3xx_HAL_Driver/Src/stm32f3xx_hal_tim_ex.c **** 
 3777              		.loc 1 1525 5 discriminator 1 view .LVU1081
 3778 0038 196A     		ldr	r1, [r3, #32]
 3779 003a 40F24442 		movw	r2, #1092
 3780 003e 1142     		tst	r1, r2
 3781 0040 03D1     		bne	.L321
1525:Drivers/STM32F3xx_HAL_Driver/Src/stm32f3xx_hal_tim_ex.c **** 
 3782              		.loc 1 1525 5 discriminator 2 view .LVU1082
 3783 0042 5A6C     		ldr	r2, [r3, #68]
 3784 0044 22F40042 		bic	r2, r2, #32768
 3785 0048 5A64     		str	r2, [r3, #68]
 3786              	.L321:
1525:Drivers/STM32F3xx_HAL_Driver/Src/stm32f3xx_hal_tim_ex.c **** 
 3787              		.loc 1 1525 5 view .LVU1083
1528:Drivers/STM32F3xx_HAL_Driver/Src/stm32f3xx_hal_tim_ex.c **** 
 3788              		.loc 1 1528 5 view .LVU1084
1528:Drivers/STM32F3xx_HAL_Driver/Src/stm32f3xx_hal_tim_ex.c **** 
 3789              		.loc 1 1528 5 view .LVU1085
 3790 004a 2368     		ldr	r3, [r4]
 3791 004c 196A     		ldr	r1, [r3, #32]
 3792 004e 41F21112 		movw	r2, #4369
 3793 0052 1142     		tst	r1, r2
 3794 0054 08D1     		bne	.L322
1528:Drivers/STM32F3xx_HAL_Driver/Src/stm32f3xx_hal_tim_ex.c **** 
 3795              		.loc 1 1528 5 discriminator 1 view .LVU1086
 3796 0056 196A     		ldr	r1, [r3, #32]
 3797 0058 40F24442 		movw	r2, #1092
 3798 005c 1142     		tst	r1, r2
 3799 005e 03D1     		bne	.L322
1528:Drivers/STM32F3xx_HAL_Driver/Src/stm32f3xx_hal_tim_ex.c **** 
 3800              		.loc 1 1528 5 discriminator 2 view .LVU1087
 3801 0060 1A68     		ldr	r2, [r3]
 3802 0062 22F00102 		bic	r2, r2, #1
 3803 0066 1A60     		str	r2, [r3]
ARM GAS  C:\Users\nakas\AppData\Local\Temp\ccLYSQiW.s 			page 130


 3804              	.L322:
1528:Drivers/STM32F3xx_HAL_Driver/Src/stm32f3xx_hal_tim_ex.c **** 
 3805              		.loc 1 1528 5 view .LVU1088
1531:Drivers/STM32F3xx_HAL_Driver/Src/stm32f3xx_hal_tim_ex.c ****   }
 3806              		.loc 1 1531 5 view .LVU1089
 3807 0068 B5B9     		cbnz	r5, .L323
1531:Drivers/STM32F3xx_HAL_Driver/Src/stm32f3xx_hal_tim_ex.c ****   }
 3808              		.loc 1 1531 5 is_stmt 0 discriminator 1 view .LVU1090
 3809 006a 0123     		movs	r3, #1
 3810 006c 84F84430 		strb	r3, [r4, #68]
 3811 0070 0020     		movs	r0, #0
 3812              	.L319:
 3813              	.LVL255:
1535:Drivers/STM32F3xx_HAL_Driver/Src/stm32f3xx_hal_tim_ex.c **** }
 3814              		.loc 1 1535 3 is_stmt 1 view .LVU1091
1536:Drivers/STM32F3xx_HAL_Driver/Src/stm32f3xx_hal_tim_ex.c **** 
 3815              		.loc 1 1536 1 is_stmt 0 view .LVU1092
 3816 0072 38BD     		pop	{r3, r4, r5, pc}
 3817              	.LVL256:
 3818              	.L317:
1501:Drivers/STM32F3xx_HAL_Driver/Src/stm32f3xx_hal_tim_ex.c ****       (void)HAL_DMA_Abort_IT(htim->hdma[TIM_DMA_ID_CC2]);
 3819              		.loc 1 1501 7 is_stmt 1 view .LVU1093
 3820 0074 0268     		ldr	r2, [r0]
 3821 0076 D368     		ldr	r3, [r2, #12]
 3822 0078 23F48063 		bic	r3, r3, #1024
 3823 007c D360     		str	r3, [r2, #12]
1502:Drivers/STM32F3xx_HAL_Driver/Src/stm32f3xx_hal_tim_ex.c ****       break;
 3824              		.loc 1 1502 7 view .LVU1094
1502:Drivers/STM32F3xx_HAL_Driver/Src/stm32f3xx_hal_tim_ex.c ****       break;
 3825              		.loc 1 1502 13 is_stmt 0 view .LVU1095
 3826 007e 806A     		ldr	r0, [r0, #40]
 3827              	.LVL257:
1502:Drivers/STM32F3xx_HAL_Driver/Src/stm32f3xx_hal_tim_ex.c ****       break;
 3828              		.loc 1 1502 13 view .LVU1096
 3829 0080 FFF7FEFF 		bl	HAL_DMA_Abort_IT
 3830              	.LVL258:
1503:Drivers/STM32F3xx_HAL_Driver/Src/stm32f3xx_hal_tim_ex.c ****     }
 3831              		.loc 1 1503 7 is_stmt 1 view .LVU1097
1519:Drivers/STM32F3xx_HAL_Driver/Src/stm32f3xx_hal_tim_ex.c ****   {
 3832              		.loc 1 1519 3 view .LVU1098
 3833 0084 CDE7     		b	.L320
 3834              	.LVL259:
 3835              	.L318:
1509:Drivers/STM32F3xx_HAL_Driver/Src/stm32f3xx_hal_tim_ex.c ****       (void)HAL_DMA_Abort_IT(htim->hdma[TIM_DMA_ID_CC3]);
 3836              		.loc 1 1509 7 view .LVU1099
 3837 0086 0268     		ldr	r2, [r0]
 3838 0088 D368     		ldr	r3, [r2, #12]
 3839 008a 23F40063 		bic	r3, r3, #2048
 3840 008e D360     		str	r3, [r2, #12]
1510:Drivers/STM32F3xx_HAL_Driver/Src/stm32f3xx_hal_tim_ex.c ****       break;
 3841              		.loc 1 1510 7 view .LVU1100
1510:Drivers/STM32F3xx_HAL_Driver/Src/stm32f3xx_hal_tim_ex.c ****       break;
 3842              		.loc 1 1510 13 is_stmt 0 view .LVU1101
 3843 0090 C06A     		ldr	r0, [r0, #44]
 3844              	.LVL260:
1510:Drivers/STM32F3xx_HAL_Driver/Src/stm32f3xx_hal_tim_ex.c ****       break;
 3845              		.loc 1 1510 13 view .LVU1102
ARM GAS  C:\Users\nakas\AppData\Local\Temp\ccLYSQiW.s 			page 131


 3846 0092 FFF7FEFF 		bl	HAL_DMA_Abort_IT
 3847              	.LVL261:
1511:Drivers/STM32F3xx_HAL_Driver/Src/stm32f3xx_hal_tim_ex.c ****     }
 3848              		.loc 1 1511 7 is_stmt 1 view .LVU1103
1519:Drivers/STM32F3xx_HAL_Driver/Src/stm32f3xx_hal_tim_ex.c ****   {
 3849              		.loc 1 1519 3 view .LVU1104
 3850 0096 C4E7     		b	.L320
 3851              	.L323:
1531:Drivers/STM32F3xx_HAL_Driver/Src/stm32f3xx_hal_tim_ex.c ****   }
 3852              		.loc 1 1531 5 is_stmt 0 discriminator 2 view .LVU1105
 3853 0098 042D     		cmp	r5, #4
 3854 009a 06D0     		beq	.L328
1531:Drivers/STM32F3xx_HAL_Driver/Src/stm32f3xx_hal_tim_ex.c ****   }
 3855              		.loc 1 1531 5 discriminator 4 view .LVU1106
 3856 009c 082D     		cmp	r5, #8
 3857 009e 09D0     		beq	.L329
1531:Drivers/STM32F3xx_HAL_Driver/Src/stm32f3xx_hal_tim_ex.c ****   }
 3858              		.loc 1 1531 5 discriminator 7 view .LVU1107
 3859 00a0 0123     		movs	r3, #1
 3860 00a2 84F84730 		strb	r3, [r4, #71]
 3861 00a6 0020     		movs	r0, #0
 3862 00a8 E3E7     		b	.L319
 3863              	.L328:
1531:Drivers/STM32F3xx_HAL_Driver/Src/stm32f3xx_hal_tim_ex.c ****   }
 3864              		.loc 1 1531 5 discriminator 3 view .LVU1108
 3865 00aa 0123     		movs	r3, #1
 3866 00ac 84F84530 		strb	r3, [r4, #69]
 3867 00b0 0020     		movs	r0, #0
 3868 00b2 DEE7     		b	.L319
 3869              	.L329:
1531:Drivers/STM32F3xx_HAL_Driver/Src/stm32f3xx_hal_tim_ex.c ****   }
 3870              		.loc 1 1531 5 discriminator 6 view .LVU1109
 3871 00b4 0123     		movs	r3, #1
 3872 00b6 84F84630 		strb	r3, [r4, #70]
 3873 00ba 0020     		movs	r0, #0
 3874 00bc D9E7     		b	.L319
 3875              	.LVL262:
 3876              	.L326:
1488:Drivers/STM32F3xx_HAL_Driver/Src/stm32f3xx_hal_tim_ex.c ****   {
 3877              		.loc 1 1488 3 view .LVU1110
 3878 00be 0120     		movs	r0, #1
 3879              	.LVL263:
1488:Drivers/STM32F3xx_HAL_Driver/Src/stm32f3xx_hal_tim_ex.c ****   {
 3880              		.loc 1 1488 3 view .LVU1111
 3881 00c0 D7E7     		b	.L319
 3882              		.cfi_endproc
 3883              	.LFE144:
 3885              		.section	.text.HAL_TIMEx_OnePulseN_Start,"ax",%progbits
 3886              		.align	1
 3887              		.global	HAL_TIMEx_OnePulseN_Start
 3888              		.syntax unified
 3889              		.thumb
 3890              		.thumb_func
 3892              	HAL_TIMEx_OnePulseN_Start:
 3893              	.LVL264:
 3894              	.LFB145:
1573:Drivers/STM32F3xx_HAL_Driver/Src/stm32f3xx_hal_tim_ex.c ****   uint32_t input_channel = (OutputChannel == TIM_CHANNEL_1) ? TIM_CHANNEL_2 : TIM_CHANNEL_1;
ARM GAS  C:\Users\nakas\AppData\Local\Temp\ccLYSQiW.s 			page 132


 3895              		.loc 1 1573 1 is_stmt 1 view -0
 3896              		.cfi_startproc
 3897              		@ args = 0, pretend = 0, frame = 0
 3898              		@ frame_needed = 0, uses_anonymous_args = 0
1573:Drivers/STM32F3xx_HAL_Driver/Src/stm32f3xx_hal_tim_ex.c ****   uint32_t input_channel = (OutputChannel == TIM_CHANNEL_1) ? TIM_CHANNEL_2 : TIM_CHANNEL_1;
 3899              		.loc 1 1573 1 is_stmt 0 view .LVU1113
 3900 0000 70B5     		push	{r4, r5, r6, lr}
 3901              	.LCFI26:
 3902              		.cfi_def_cfa_offset 16
 3903              		.cfi_offset 4, -16
 3904              		.cfi_offset 5, -12
 3905              		.cfi_offset 6, -8
 3906              		.cfi_offset 14, -4
 3907 0002 0446     		mov	r4, r0
1574:Drivers/STM32F3xx_HAL_Driver/Src/stm32f3xx_hal_tim_ex.c ****   HAL_TIM_ChannelStateTypeDef channel_1_state = TIM_CHANNEL_STATE_GET(htim, TIM_CHANNEL_1);
 3908              		.loc 1 1574 3 is_stmt 1 view .LVU1114
1574:Drivers/STM32F3xx_HAL_Driver/Src/stm32f3xx_hal_tim_ex.c ****   HAL_TIM_ChannelStateTypeDef channel_1_state = TIM_CHANNEL_STATE_GET(htim, TIM_CHANNEL_1);
 3909              		.loc 1 1574 77 is_stmt 0 view .LVU1115
 3910 0004 0E46     		mov	r6, r1
 3911 0006 D1B9     		cbnz	r1, .L333
1574:Drivers/STM32F3xx_HAL_Driver/Src/stm32f3xx_hal_tim_ex.c ****   HAL_TIM_ChannelStateTypeDef channel_1_state = TIM_CHANNEL_STATE_GET(htim, TIM_CHANNEL_1);
 3912              		.loc 1 1574 77 discriminator 1 view .LVU1116
 3913 0008 0425     		movs	r5, #4
 3914              	.L331:
 3915              	.LVL265:
1575:Drivers/STM32F3xx_HAL_Driver/Src/stm32f3xx_hal_tim_ex.c ****   HAL_TIM_ChannelStateTypeDef channel_2_state = TIM_CHANNEL_STATE_GET(htim, TIM_CHANNEL_2);
 3916              		.loc 1 1575 3 is_stmt 1 view .LVU1117
1575:Drivers/STM32F3xx_HAL_Driver/Src/stm32f3xx_hal_tim_ex.c ****   HAL_TIM_ChannelStateTypeDef channel_2_state = TIM_CHANNEL_STATE_GET(htim, TIM_CHANNEL_2);
 3917              		.loc 1 1575 31 is_stmt 0 view .LVU1118
 3918 000a 94F83EE0 		ldrb	lr, [r4, #62]	@ zero_extendqisi2
 3919 000e 5FFA8EF0 		uxtb	r0, lr
 3920              	.LVL266:
1576:Drivers/STM32F3xx_HAL_Driver/Src/stm32f3xx_hal_tim_ex.c ****   HAL_TIM_ChannelStateTypeDef complementary_channel_1_state = TIM_CHANNEL_N_STATE_GET(htim, TIM_CHA
 3921              		.loc 1 1576 3 is_stmt 1 view .LVU1119
1576:Drivers/STM32F3xx_HAL_Driver/Src/stm32f3xx_hal_tim_ex.c ****   HAL_TIM_ChannelStateTypeDef complementary_channel_1_state = TIM_CHANNEL_N_STATE_GET(htim, TIM_CHA
 3922              		.loc 1 1576 31 is_stmt 0 view .LVU1120
 3923 0012 94F83F30 		ldrb	r3, [r4, #63]	@ zero_extendqisi2
 3924 0016 DBB2     		uxtb	r3, r3
 3925              	.LVL267:
1577:Drivers/STM32F3xx_HAL_Driver/Src/stm32f3xx_hal_tim_ex.c ****   HAL_TIM_ChannelStateTypeDef complementary_channel_2_state = TIM_CHANNEL_N_STATE_GET(htim, TIM_CHA
 3926              		.loc 1 1577 3 is_stmt 1 view .LVU1121
1577:Drivers/STM32F3xx_HAL_Driver/Src/stm32f3xx_hal_tim_ex.c ****   HAL_TIM_ChannelStateTypeDef complementary_channel_2_state = TIM_CHANNEL_N_STATE_GET(htim, TIM_CHA
 3927              		.loc 1 1577 31 is_stmt 0 view .LVU1122
 3928 0018 94F84420 		ldrb	r2, [r4, #68]	@ zero_extendqisi2
 3929 001c D2B2     		uxtb	r2, r2
 3930              	.LVL268:
1578:Drivers/STM32F3xx_HAL_Driver/Src/stm32f3xx_hal_tim_ex.c **** 
 3931              		.loc 1 1578 3 is_stmt 1 view .LVU1123
1578:Drivers/STM32F3xx_HAL_Driver/Src/stm32f3xx_hal_tim_ex.c **** 
 3932              		.loc 1 1578 31 is_stmt 0 view .LVU1124
 3933 001e 94F845C0 		ldrb	ip, [r4, #69]	@ zero_extendqisi2
 3934 0022 5FFA8CFC 		uxtb	ip, ip
 3935              	.LVL269:
1581:Drivers/STM32F3xx_HAL_Driver/Src/stm32f3xx_hal_tim_ex.c **** 
 3936              		.loc 1 1581 3 is_stmt 1 view .LVU1125
1584:Drivers/STM32F3xx_HAL_Driver/Src/stm32f3xx_hal_tim_ex.c ****       || (channel_2_state != HAL_TIM_CHANNEL_STATE_READY)
 3937              		.loc 1 1584 3 view .LVU1126
ARM GAS  C:\Users\nakas\AppData\Local\Temp\ccLYSQiW.s 			page 133


1584:Drivers/STM32F3xx_HAL_Driver/Src/stm32f3xx_hal_tim_ex.c ****       || (channel_2_state != HAL_TIM_CHANNEL_STATE_READY)
 3938              		.loc 1 1584 6 is_stmt 0 view .LVU1127
 3939 0026 BEF1010F 		cmp	lr, #1
 3940 002a 24D1     		bne	.L334
1585:Drivers/STM32F3xx_HAL_Driver/Src/stm32f3xx_hal_tim_ex.c ****       || (complementary_channel_1_state != HAL_TIM_CHANNEL_STATE_READY)
 3941              		.loc 1 1585 7 view .LVU1128
 3942 002c 012B     		cmp	r3, #1
 3943 002e 23D1     		bne	.L332
1586:Drivers/STM32F3xx_HAL_Driver/Src/stm32f3xx_hal_tim_ex.c ****       || (complementary_channel_2_state != HAL_TIM_CHANNEL_STATE_READY))
 3944              		.loc 1 1586 7 view .LVU1129
 3945 0030 012A     		cmp	r2, #1
 3946 0032 22D1     		bne	.L335
1587:Drivers/STM32F3xx_HAL_Driver/Src/stm32f3xx_hal_tim_ex.c ****   {
 3947              		.loc 1 1587 7 view .LVU1130
 3948 0034 BCF1010F 		cmp	ip, #1
 3949 0038 03D0     		beq	.L338
1589:Drivers/STM32F3xx_HAL_Driver/Src/stm32f3xx_hal_tim_ex.c ****   }
 3950              		.loc 1 1589 12 view .LVU1131
 3951 003a 1046     		mov	r0, r2
 3952              	.LVL270:
1589:Drivers/STM32F3xx_HAL_Driver/Src/stm32f3xx_hal_tim_ex.c ****   }
 3953              		.loc 1 1589 12 view .LVU1132
 3954 003c 1CE0     		b	.L332
 3955              	.LVL271:
 3956              	.L333:
1574:Drivers/STM32F3xx_HAL_Driver/Src/stm32f3xx_hal_tim_ex.c ****   HAL_TIM_ChannelStateTypeDef channel_1_state = TIM_CHANNEL_STATE_GET(htim, TIM_CHANNEL_1);
 3957              		.loc 1 1574 77 discriminator 2 view .LVU1133
 3958 003e 0025     		movs	r5, #0
 3959 0040 E3E7     		b	.L331
 3960              	.LVL272:
 3961              	.L338:
1593:Drivers/STM32F3xx_HAL_Driver/Src/stm32f3xx_hal_tim_ex.c ****   TIM_CHANNEL_STATE_SET(htim, TIM_CHANNEL_2, HAL_TIM_CHANNEL_STATE_BUSY);
 3962              		.loc 1 1593 3 is_stmt 1 view .LVU1134
 3963 0042 0223     		movs	r3, #2
 3964              	.LVL273:
1593:Drivers/STM32F3xx_HAL_Driver/Src/stm32f3xx_hal_tim_ex.c ****   TIM_CHANNEL_STATE_SET(htim, TIM_CHANNEL_2, HAL_TIM_CHANNEL_STATE_BUSY);
 3965              		.loc 1 1593 3 is_stmt 0 view .LVU1135
 3966 0044 84F83E30 		strb	r3, [r4, #62]
1594:Drivers/STM32F3xx_HAL_Driver/Src/stm32f3xx_hal_tim_ex.c ****   TIM_CHANNEL_N_STATE_SET(htim, TIM_CHANNEL_1, HAL_TIM_CHANNEL_STATE_BUSY);
 3967              		.loc 1 1594 3 is_stmt 1 view .LVU1136
 3968 0048 84F83F30 		strb	r3, [r4, #63]
1595:Drivers/STM32F3xx_HAL_Driver/Src/stm32f3xx_hal_tim_ex.c ****   TIM_CHANNEL_N_STATE_SET(htim, TIM_CHANNEL_2, HAL_TIM_CHANNEL_STATE_BUSY);
 3969              		.loc 1 1595 3 view .LVU1137
 3970 004c 84F84430 		strb	r3, [r4, #68]
1596:Drivers/STM32F3xx_HAL_Driver/Src/stm32f3xx_hal_tim_ex.c **** 
 3971              		.loc 1 1596 3 view .LVU1138
 3972 0050 84F84530 		strb	r3, [r4, #69]
1599:Drivers/STM32F3xx_HAL_Driver/Src/stm32f3xx_hal_tim_ex.c ****   TIM_CCxChannelCmd(htim->Instance, input_channel, TIM_CCx_ENABLE);
 3973              		.loc 1 1599 3 view .LVU1139
 3974 0054 0422     		movs	r2, #4
 3975              	.LVL274:
1599:Drivers/STM32F3xx_HAL_Driver/Src/stm32f3xx_hal_tim_ex.c ****   TIM_CCxChannelCmd(htim->Instance, input_channel, TIM_CCx_ENABLE);
 3976              		.loc 1 1599 3 is_stmt 0 view .LVU1140
 3977 0056 3146     		mov	r1, r6
 3978              	.LVL275:
1599:Drivers/STM32F3xx_HAL_Driver/Src/stm32f3xx_hal_tim_ex.c ****   TIM_CCxChannelCmd(htim->Instance, input_channel, TIM_CCx_ENABLE);
 3979              		.loc 1 1599 3 view .LVU1141
ARM GAS  C:\Users\nakas\AppData\Local\Temp\ccLYSQiW.s 			page 134


 3980 0058 2068     		ldr	r0, [r4]
 3981              	.LVL276:
1599:Drivers/STM32F3xx_HAL_Driver/Src/stm32f3xx_hal_tim_ex.c ****   TIM_CCxChannelCmd(htim->Instance, input_channel, TIM_CCx_ENABLE);
 3982              		.loc 1 1599 3 view .LVU1142
 3983 005a FFF7FEFF 		bl	TIM_CCxNChannelCmd
 3984              	.LVL277:
1600:Drivers/STM32F3xx_HAL_Driver/Src/stm32f3xx_hal_tim_ex.c **** 
 3985              		.loc 1 1600 3 is_stmt 1 view .LVU1143
 3986 005e 0122     		movs	r2, #1
 3987 0060 2946     		mov	r1, r5
 3988 0062 2068     		ldr	r0, [r4]
 3989 0064 FFF7FEFF 		bl	TIM_CCxChannelCmd
 3990              	.LVL278:
1603:Drivers/STM32F3xx_HAL_Driver/Src/stm32f3xx_hal_tim_ex.c **** 
 3991              		.loc 1 1603 3 view .LVU1144
 3992 0068 2268     		ldr	r2, [r4]
 3993 006a 536C     		ldr	r3, [r2, #68]
 3994 006c 43F40043 		orr	r3, r3, #32768
 3995 0070 5364     		str	r3, [r2, #68]
1606:Drivers/STM32F3xx_HAL_Driver/Src/stm32f3xx_hal_tim_ex.c **** }
 3996              		.loc 1 1606 3 view .LVU1145
1606:Drivers/STM32F3xx_HAL_Driver/Src/stm32f3xx_hal_tim_ex.c **** }
 3997              		.loc 1 1606 10 is_stmt 0 view .LVU1146
 3998 0072 0020     		movs	r0, #0
 3999 0074 00E0     		b	.L332
 4000              	.LVL279:
 4001              	.L334:
1589:Drivers/STM32F3xx_HAL_Driver/Src/stm32f3xx_hal_tim_ex.c ****   }
 4002              		.loc 1 1589 12 view .LVU1147
 4003 0076 0120     		movs	r0, #1
 4004              	.LVL280:
 4005              	.L332:
1607:Drivers/STM32F3xx_HAL_Driver/Src/stm32f3xx_hal_tim_ex.c **** 
 4006              		.loc 1 1607 1 view .LVU1148
 4007 0078 70BD     		pop	{r4, r5, r6, pc}
 4008              	.LVL281:
 4009              	.L335:
1589:Drivers/STM32F3xx_HAL_Driver/Src/stm32f3xx_hal_tim_ex.c ****   }
 4010              		.loc 1 1589 12 view .LVU1149
 4011 007a 1846     		mov	r0, r3
 4012              	.LVL282:
1589:Drivers/STM32F3xx_HAL_Driver/Src/stm32f3xx_hal_tim_ex.c ****   }
 4013              		.loc 1 1589 12 view .LVU1150
 4014 007c FCE7     		b	.L332
 4015              		.cfi_endproc
 4016              	.LFE145:
 4018              		.section	.text.HAL_TIMEx_OnePulseN_Stop,"ax",%progbits
 4019              		.align	1
 4020              		.global	HAL_TIMEx_OnePulseN_Stop
 4021              		.syntax unified
 4022              		.thumb
 4023              		.thumb_func
 4025              	HAL_TIMEx_OnePulseN_Stop:
 4026              	.LVL283:
 4027              	.LFB146:
1622:Drivers/STM32F3xx_HAL_Driver/Src/stm32f3xx_hal_tim_ex.c ****   uint32_t input_channel = (OutputChannel == TIM_CHANNEL_1) ? TIM_CHANNEL_2 : TIM_CHANNEL_1;
 4028              		.loc 1 1622 1 is_stmt 1 view -0
ARM GAS  C:\Users\nakas\AppData\Local\Temp\ccLYSQiW.s 			page 135


 4029              		.cfi_startproc
 4030              		@ args = 0, pretend = 0, frame = 0
 4031              		@ frame_needed = 0, uses_anonymous_args = 0
1622:Drivers/STM32F3xx_HAL_Driver/Src/stm32f3xx_hal_tim_ex.c ****   uint32_t input_channel = (OutputChannel == TIM_CHANNEL_1) ? TIM_CHANNEL_2 : TIM_CHANNEL_1;
 4032              		.loc 1 1622 1 is_stmt 0 view .LVU1152
 4033 0000 38B5     		push	{r3, r4, r5, lr}
 4034              	.LCFI27:
 4035              		.cfi_def_cfa_offset 16
 4036              		.cfi_offset 3, -16
 4037              		.cfi_offset 4, -12
 4038              		.cfi_offset 5, -8
 4039              		.cfi_offset 14, -4
 4040 0002 0446     		mov	r4, r0
1623:Drivers/STM32F3xx_HAL_Driver/Src/stm32f3xx_hal_tim_ex.c **** 
 4041              		.loc 1 1623 3 is_stmt 1 view .LVU1153
1623:Drivers/STM32F3xx_HAL_Driver/Src/stm32f3xx_hal_tim_ex.c **** 
 4042              		.loc 1 1623 77 is_stmt 0 view .LVU1154
 4043 0004 0029     		cmp	r1, #0
 4044 0006 32D1     		bne	.L343
1623:Drivers/STM32F3xx_HAL_Driver/Src/stm32f3xx_hal_tim_ex.c **** 
 4045              		.loc 1 1623 77 discriminator 1 view .LVU1155
 4046 0008 0425     		movs	r5, #4
 4047              	.L340:
 4048              	.LVL284:
1626:Drivers/STM32F3xx_HAL_Driver/Src/stm32f3xx_hal_tim_ex.c **** 
 4049              		.loc 1 1626 3 is_stmt 1 view .LVU1156
1629:Drivers/STM32F3xx_HAL_Driver/Src/stm32f3xx_hal_tim_ex.c ****   TIM_CCxChannelCmd(htim->Instance, input_channel, TIM_CCx_DISABLE);
 4050              		.loc 1 1629 3 view .LVU1157
 4051 000a 0022     		movs	r2, #0
 4052 000c 2068     		ldr	r0, [r4]
 4053              	.LVL285:
1629:Drivers/STM32F3xx_HAL_Driver/Src/stm32f3xx_hal_tim_ex.c ****   TIM_CCxChannelCmd(htim->Instance, input_channel, TIM_CCx_DISABLE);
 4054              		.loc 1 1629 3 is_stmt 0 view .LVU1158
 4055 000e FFF7FEFF 		bl	TIM_CCxNChannelCmd
 4056              	.LVL286:
1630:Drivers/STM32F3xx_HAL_Driver/Src/stm32f3xx_hal_tim_ex.c **** 
 4057              		.loc 1 1630 3 is_stmt 1 view .LVU1159
 4058 0012 0022     		movs	r2, #0
 4059 0014 2946     		mov	r1, r5
 4060 0016 2068     		ldr	r0, [r4]
 4061 0018 FFF7FEFF 		bl	TIM_CCxChannelCmd
 4062              	.LVL287:
1633:Drivers/STM32F3xx_HAL_Driver/Src/stm32f3xx_hal_tim_ex.c **** 
 4063              		.loc 1 1633 3 view .LVU1160
1633:Drivers/STM32F3xx_HAL_Driver/Src/stm32f3xx_hal_tim_ex.c **** 
 4064              		.loc 1 1633 3 view .LVU1161
 4065 001c 2368     		ldr	r3, [r4]
 4066 001e 196A     		ldr	r1, [r3, #32]
 4067 0020 41F21112 		movw	r2, #4369
 4068 0024 1142     		tst	r1, r2
 4069 0026 08D1     		bne	.L341
1633:Drivers/STM32F3xx_HAL_Driver/Src/stm32f3xx_hal_tim_ex.c **** 
 4070              		.loc 1 1633 3 discriminator 1 view .LVU1162
 4071 0028 196A     		ldr	r1, [r3, #32]
 4072 002a 40F24442 		movw	r2, #1092
 4073 002e 1142     		tst	r1, r2
 4074 0030 03D1     		bne	.L341
ARM GAS  C:\Users\nakas\AppData\Local\Temp\ccLYSQiW.s 			page 136


1633:Drivers/STM32F3xx_HAL_Driver/Src/stm32f3xx_hal_tim_ex.c **** 
 4075              		.loc 1 1633 3 discriminator 2 view .LVU1163
 4076 0032 5A6C     		ldr	r2, [r3, #68]
 4077 0034 22F40042 		bic	r2, r2, #32768
 4078 0038 5A64     		str	r2, [r3, #68]
 4079              	.L341:
1633:Drivers/STM32F3xx_HAL_Driver/Src/stm32f3xx_hal_tim_ex.c **** 
 4080              		.loc 1 1633 3 view .LVU1164
1636:Drivers/STM32F3xx_HAL_Driver/Src/stm32f3xx_hal_tim_ex.c **** 
 4081              		.loc 1 1636 3 view .LVU1165
1636:Drivers/STM32F3xx_HAL_Driver/Src/stm32f3xx_hal_tim_ex.c **** 
 4082              		.loc 1 1636 3 view .LVU1166
 4083 003a 2368     		ldr	r3, [r4]
 4084 003c 196A     		ldr	r1, [r3, #32]
 4085 003e 41F21112 		movw	r2, #4369
 4086 0042 1142     		tst	r1, r2
 4087 0044 08D1     		bne	.L342
1636:Drivers/STM32F3xx_HAL_Driver/Src/stm32f3xx_hal_tim_ex.c **** 
 4088              		.loc 1 1636 3 discriminator 1 view .LVU1167
 4089 0046 196A     		ldr	r1, [r3, #32]
 4090 0048 40F24442 		movw	r2, #1092
 4091 004c 1142     		tst	r1, r2
 4092 004e 03D1     		bne	.L342
1636:Drivers/STM32F3xx_HAL_Driver/Src/stm32f3xx_hal_tim_ex.c **** 
 4093              		.loc 1 1636 3 discriminator 2 view .LVU1168
 4094 0050 1A68     		ldr	r2, [r3]
 4095 0052 22F00102 		bic	r2, r2, #1
 4096 0056 1A60     		str	r2, [r3]
 4097              	.L342:
1636:Drivers/STM32F3xx_HAL_Driver/Src/stm32f3xx_hal_tim_ex.c **** 
 4098              		.loc 1 1636 3 view .LVU1169
1639:Drivers/STM32F3xx_HAL_Driver/Src/stm32f3xx_hal_tim_ex.c ****   TIM_CHANNEL_STATE_SET(htim, TIM_CHANNEL_2, HAL_TIM_CHANNEL_STATE_READY);
 4099              		.loc 1 1639 3 view .LVU1170
 4100 0058 0123     		movs	r3, #1
 4101 005a 84F83E30 		strb	r3, [r4, #62]
1640:Drivers/STM32F3xx_HAL_Driver/Src/stm32f3xx_hal_tim_ex.c ****   TIM_CHANNEL_N_STATE_SET(htim, TIM_CHANNEL_1, HAL_TIM_CHANNEL_STATE_READY);
 4102              		.loc 1 1640 3 view .LVU1171
 4103 005e 84F83F30 		strb	r3, [r4, #63]
1641:Drivers/STM32F3xx_HAL_Driver/Src/stm32f3xx_hal_tim_ex.c ****   TIM_CHANNEL_N_STATE_SET(htim, TIM_CHANNEL_2, HAL_TIM_CHANNEL_STATE_READY);
 4104              		.loc 1 1641 3 view .LVU1172
 4105 0062 84F84430 		strb	r3, [r4, #68]
1642:Drivers/STM32F3xx_HAL_Driver/Src/stm32f3xx_hal_tim_ex.c **** 
 4106              		.loc 1 1642 3 view .LVU1173
 4107 0066 84F84530 		strb	r3, [r4, #69]
1645:Drivers/STM32F3xx_HAL_Driver/Src/stm32f3xx_hal_tim_ex.c **** }
 4108              		.loc 1 1645 3 view .LVU1174
1646:Drivers/STM32F3xx_HAL_Driver/Src/stm32f3xx_hal_tim_ex.c **** 
 4109              		.loc 1 1646 1 is_stmt 0 view .LVU1175
 4110 006a 0020     		movs	r0, #0
 4111 006c 38BD     		pop	{r3, r4, r5, pc}
 4112              	.LVL288:
 4113              	.L343:
1623:Drivers/STM32F3xx_HAL_Driver/Src/stm32f3xx_hal_tim_ex.c **** 
 4114              		.loc 1 1623 77 discriminator 2 view .LVU1176
 4115 006e 0025     		movs	r5, #0
 4116 0070 CBE7     		b	.L340
 4117              		.cfi_endproc
ARM GAS  C:\Users\nakas\AppData\Local\Temp\ccLYSQiW.s 			page 137


 4118              	.LFE146:
 4120              		.section	.text.HAL_TIMEx_OnePulseN_Start_IT,"ax",%progbits
 4121              		.align	1
 4122              		.global	HAL_TIMEx_OnePulseN_Start_IT
 4123              		.syntax unified
 4124              		.thumb
 4125              		.thumb_func
 4127              	HAL_TIMEx_OnePulseN_Start_IT:
 4128              	.LVL289:
 4129              	.LFB147:
1661:Drivers/STM32F3xx_HAL_Driver/Src/stm32f3xx_hal_tim_ex.c ****   uint32_t input_channel = (OutputChannel == TIM_CHANNEL_1) ? TIM_CHANNEL_2 : TIM_CHANNEL_1;
 4130              		.loc 1 1661 1 is_stmt 1 view -0
 4131              		.cfi_startproc
 4132              		@ args = 0, pretend = 0, frame = 0
 4133              		@ frame_needed = 0, uses_anonymous_args = 0
1661:Drivers/STM32F3xx_HAL_Driver/Src/stm32f3xx_hal_tim_ex.c ****   uint32_t input_channel = (OutputChannel == TIM_CHANNEL_1) ? TIM_CHANNEL_2 : TIM_CHANNEL_1;
 4134              		.loc 1 1661 1 is_stmt 0 view .LVU1178
 4135 0000 70B5     		push	{r4, r5, r6, lr}
 4136              	.LCFI28:
 4137              		.cfi_def_cfa_offset 16
 4138              		.cfi_offset 4, -16
 4139              		.cfi_offset 5, -12
 4140              		.cfi_offset 6, -8
 4141              		.cfi_offset 14, -4
 4142 0002 0446     		mov	r4, r0
1662:Drivers/STM32F3xx_HAL_Driver/Src/stm32f3xx_hal_tim_ex.c ****   HAL_TIM_ChannelStateTypeDef channel_1_state = TIM_CHANNEL_STATE_GET(htim, TIM_CHANNEL_1);
 4143              		.loc 1 1662 3 is_stmt 1 view .LVU1179
1662:Drivers/STM32F3xx_HAL_Driver/Src/stm32f3xx_hal_tim_ex.c ****   HAL_TIM_ChannelStateTypeDef channel_1_state = TIM_CHANNEL_STATE_GET(htim, TIM_CHANNEL_1);
 4144              		.loc 1 1662 77 is_stmt 0 view .LVU1180
 4145 0004 0E46     		mov	r6, r1
 4146 0006 D1B9     		cbnz	r1, .L348
1662:Drivers/STM32F3xx_HAL_Driver/Src/stm32f3xx_hal_tim_ex.c ****   HAL_TIM_ChannelStateTypeDef channel_1_state = TIM_CHANNEL_STATE_GET(htim, TIM_CHANNEL_1);
 4147              		.loc 1 1662 77 discriminator 1 view .LVU1181
 4148 0008 0425     		movs	r5, #4
 4149              	.L346:
 4150              	.LVL290:
1663:Drivers/STM32F3xx_HAL_Driver/Src/stm32f3xx_hal_tim_ex.c ****   HAL_TIM_ChannelStateTypeDef channel_2_state = TIM_CHANNEL_STATE_GET(htim, TIM_CHANNEL_2);
 4151              		.loc 1 1663 3 is_stmt 1 view .LVU1182
1663:Drivers/STM32F3xx_HAL_Driver/Src/stm32f3xx_hal_tim_ex.c ****   HAL_TIM_ChannelStateTypeDef channel_2_state = TIM_CHANNEL_STATE_GET(htim, TIM_CHANNEL_2);
 4152              		.loc 1 1663 31 is_stmt 0 view .LVU1183
 4153 000a 94F83EE0 		ldrb	lr, [r4, #62]	@ zero_extendqisi2
 4154 000e 5FFA8EF0 		uxtb	r0, lr
 4155              	.LVL291:
1664:Drivers/STM32F3xx_HAL_Driver/Src/stm32f3xx_hal_tim_ex.c ****   HAL_TIM_ChannelStateTypeDef complementary_channel_1_state = TIM_CHANNEL_N_STATE_GET(htim, TIM_CHA
 4156              		.loc 1 1664 3 is_stmt 1 view .LVU1184
1664:Drivers/STM32F3xx_HAL_Driver/Src/stm32f3xx_hal_tim_ex.c ****   HAL_TIM_ChannelStateTypeDef complementary_channel_1_state = TIM_CHANNEL_N_STATE_GET(htim, TIM_CHA
 4157              		.loc 1 1664 31 is_stmt 0 view .LVU1185
 4158 0012 94F83F30 		ldrb	r3, [r4, #63]	@ zero_extendqisi2
 4159 0016 DBB2     		uxtb	r3, r3
 4160              	.LVL292:
1665:Drivers/STM32F3xx_HAL_Driver/Src/stm32f3xx_hal_tim_ex.c ****   HAL_TIM_ChannelStateTypeDef complementary_channel_2_state = TIM_CHANNEL_N_STATE_GET(htim, TIM_CHA
 4161              		.loc 1 1665 3 is_stmt 1 view .LVU1186
1665:Drivers/STM32F3xx_HAL_Driver/Src/stm32f3xx_hal_tim_ex.c ****   HAL_TIM_ChannelStateTypeDef complementary_channel_2_state = TIM_CHANNEL_N_STATE_GET(htim, TIM_CHA
 4162              		.loc 1 1665 31 is_stmt 0 view .LVU1187
 4163 0018 94F84420 		ldrb	r2, [r4, #68]	@ zero_extendqisi2
 4164 001c D2B2     		uxtb	r2, r2
 4165              	.LVL293:
ARM GAS  C:\Users\nakas\AppData\Local\Temp\ccLYSQiW.s 			page 138


1666:Drivers/STM32F3xx_HAL_Driver/Src/stm32f3xx_hal_tim_ex.c **** 
 4166              		.loc 1 1666 3 is_stmt 1 view .LVU1188
1666:Drivers/STM32F3xx_HAL_Driver/Src/stm32f3xx_hal_tim_ex.c **** 
 4167              		.loc 1 1666 31 is_stmt 0 view .LVU1189
 4168 001e 94F845C0 		ldrb	ip, [r4, #69]	@ zero_extendqisi2
 4169 0022 5FFA8CFC 		uxtb	ip, ip
 4170              	.LVL294:
1669:Drivers/STM32F3xx_HAL_Driver/Src/stm32f3xx_hal_tim_ex.c **** 
 4171              		.loc 1 1669 3 is_stmt 1 view .LVU1190
1672:Drivers/STM32F3xx_HAL_Driver/Src/stm32f3xx_hal_tim_ex.c ****       || (channel_2_state != HAL_TIM_CHANNEL_STATE_READY)
 4172              		.loc 1 1672 3 view .LVU1191
1672:Drivers/STM32F3xx_HAL_Driver/Src/stm32f3xx_hal_tim_ex.c ****       || (channel_2_state != HAL_TIM_CHANNEL_STATE_READY)
 4173              		.loc 1 1672 6 is_stmt 0 view .LVU1192
 4174 0026 BEF1010F 		cmp	lr, #1
 4175 002a 2ED1     		bne	.L349
1673:Drivers/STM32F3xx_HAL_Driver/Src/stm32f3xx_hal_tim_ex.c ****       || (complementary_channel_1_state != HAL_TIM_CHANNEL_STATE_READY)
 4176              		.loc 1 1673 7 view .LVU1193
 4177 002c 012B     		cmp	r3, #1
 4178 002e 2DD1     		bne	.L347
1674:Drivers/STM32F3xx_HAL_Driver/Src/stm32f3xx_hal_tim_ex.c ****       || (complementary_channel_2_state != HAL_TIM_CHANNEL_STATE_READY))
 4179              		.loc 1 1674 7 view .LVU1194
 4180 0030 012A     		cmp	r2, #1
 4181 0032 2CD1     		bne	.L350
1675:Drivers/STM32F3xx_HAL_Driver/Src/stm32f3xx_hal_tim_ex.c ****   {
 4182              		.loc 1 1675 7 view .LVU1195
 4183 0034 BCF1010F 		cmp	ip, #1
 4184 0038 03D0     		beq	.L353
1677:Drivers/STM32F3xx_HAL_Driver/Src/stm32f3xx_hal_tim_ex.c ****   }
 4185              		.loc 1 1677 12 view .LVU1196
 4186 003a 1046     		mov	r0, r2
 4187              	.LVL295:
1677:Drivers/STM32F3xx_HAL_Driver/Src/stm32f3xx_hal_tim_ex.c ****   }
 4188              		.loc 1 1677 12 view .LVU1197
 4189 003c 26E0     		b	.L347
 4190              	.LVL296:
 4191              	.L348:
1662:Drivers/STM32F3xx_HAL_Driver/Src/stm32f3xx_hal_tim_ex.c ****   HAL_TIM_ChannelStateTypeDef channel_1_state = TIM_CHANNEL_STATE_GET(htim, TIM_CHANNEL_1);
 4192              		.loc 1 1662 77 discriminator 2 view .LVU1198
 4193 003e 0025     		movs	r5, #0
 4194 0040 E3E7     		b	.L346
 4195              	.LVL297:
 4196              	.L353:
1681:Drivers/STM32F3xx_HAL_Driver/Src/stm32f3xx_hal_tim_ex.c ****   TIM_CHANNEL_STATE_SET(htim, TIM_CHANNEL_2, HAL_TIM_CHANNEL_STATE_BUSY);
 4197              		.loc 1 1681 3 is_stmt 1 view .LVU1199
 4198 0042 0223     		movs	r3, #2
 4199              	.LVL298:
1681:Drivers/STM32F3xx_HAL_Driver/Src/stm32f3xx_hal_tim_ex.c ****   TIM_CHANNEL_STATE_SET(htim, TIM_CHANNEL_2, HAL_TIM_CHANNEL_STATE_BUSY);
 4200              		.loc 1 1681 3 is_stmt 0 view .LVU1200
 4201 0044 84F83E30 		strb	r3, [r4, #62]
1682:Drivers/STM32F3xx_HAL_Driver/Src/stm32f3xx_hal_tim_ex.c ****   TIM_CHANNEL_N_STATE_SET(htim, TIM_CHANNEL_1, HAL_TIM_CHANNEL_STATE_BUSY);
 4202              		.loc 1 1682 3 is_stmt 1 view .LVU1201
 4203 0048 84F83F30 		strb	r3, [r4, #63]
1683:Drivers/STM32F3xx_HAL_Driver/Src/stm32f3xx_hal_tim_ex.c ****   TIM_CHANNEL_N_STATE_SET(htim, TIM_CHANNEL_2, HAL_TIM_CHANNEL_STATE_BUSY);
 4204              		.loc 1 1683 3 view .LVU1202
 4205 004c 84F84430 		strb	r3, [r4, #68]
1684:Drivers/STM32F3xx_HAL_Driver/Src/stm32f3xx_hal_tim_ex.c **** 
 4206              		.loc 1 1684 3 view .LVU1203
ARM GAS  C:\Users\nakas\AppData\Local\Temp\ccLYSQiW.s 			page 139


 4207 0050 84F84530 		strb	r3, [r4, #69]
1687:Drivers/STM32F3xx_HAL_Driver/Src/stm32f3xx_hal_tim_ex.c **** 
 4208              		.loc 1 1687 3 view .LVU1204
 4209 0054 2268     		ldr	r2, [r4]
 4210              	.LVL299:
1687:Drivers/STM32F3xx_HAL_Driver/Src/stm32f3xx_hal_tim_ex.c **** 
 4211              		.loc 1 1687 3 is_stmt 0 view .LVU1205
 4212 0056 D368     		ldr	r3, [r2, #12]
 4213 0058 43F00203 		orr	r3, r3, #2
 4214 005c D360     		str	r3, [r2, #12]
1690:Drivers/STM32F3xx_HAL_Driver/Src/stm32f3xx_hal_tim_ex.c **** 
 4215              		.loc 1 1690 3 is_stmt 1 view .LVU1206
 4216 005e 2268     		ldr	r2, [r4]
 4217 0060 D368     		ldr	r3, [r2, #12]
 4218 0062 43F00403 		orr	r3, r3, #4
 4219 0066 D360     		str	r3, [r2, #12]
1693:Drivers/STM32F3xx_HAL_Driver/Src/stm32f3xx_hal_tim_ex.c ****   TIM_CCxChannelCmd(htim->Instance, input_channel, TIM_CCx_ENABLE);
 4220              		.loc 1 1693 3 view .LVU1207
 4221 0068 0422     		movs	r2, #4
 4222 006a 3146     		mov	r1, r6
 4223              	.LVL300:
1693:Drivers/STM32F3xx_HAL_Driver/Src/stm32f3xx_hal_tim_ex.c ****   TIM_CCxChannelCmd(htim->Instance, input_channel, TIM_CCx_ENABLE);
 4224              		.loc 1 1693 3 is_stmt 0 view .LVU1208
 4225 006c 2068     		ldr	r0, [r4]
 4226              	.LVL301:
1693:Drivers/STM32F3xx_HAL_Driver/Src/stm32f3xx_hal_tim_ex.c ****   TIM_CCxChannelCmd(htim->Instance, input_channel, TIM_CCx_ENABLE);
 4227              		.loc 1 1693 3 view .LVU1209
 4228 006e FFF7FEFF 		bl	TIM_CCxNChannelCmd
 4229              	.LVL302:
1694:Drivers/STM32F3xx_HAL_Driver/Src/stm32f3xx_hal_tim_ex.c **** 
 4230              		.loc 1 1694 3 is_stmt 1 view .LVU1210
 4231 0072 0122     		movs	r2, #1
 4232 0074 2946     		mov	r1, r5
 4233 0076 2068     		ldr	r0, [r4]
 4234 0078 FFF7FEFF 		bl	TIM_CCxChannelCmd
 4235              	.LVL303:
1697:Drivers/STM32F3xx_HAL_Driver/Src/stm32f3xx_hal_tim_ex.c **** 
 4236              		.loc 1 1697 3 view .LVU1211
 4237 007c 2268     		ldr	r2, [r4]
 4238 007e 536C     		ldr	r3, [r2, #68]
 4239 0080 43F40043 		orr	r3, r3, #32768
 4240 0084 5364     		str	r3, [r2, #68]
1700:Drivers/STM32F3xx_HAL_Driver/Src/stm32f3xx_hal_tim_ex.c **** }
 4241              		.loc 1 1700 3 view .LVU1212
1700:Drivers/STM32F3xx_HAL_Driver/Src/stm32f3xx_hal_tim_ex.c **** }
 4242              		.loc 1 1700 10 is_stmt 0 view .LVU1213
 4243 0086 0020     		movs	r0, #0
 4244 0088 00E0     		b	.L347
 4245              	.LVL304:
 4246              	.L349:
1677:Drivers/STM32F3xx_HAL_Driver/Src/stm32f3xx_hal_tim_ex.c ****   }
 4247              		.loc 1 1677 12 view .LVU1214
 4248 008a 0120     		movs	r0, #1
 4249              	.LVL305:
 4250              	.L347:
1701:Drivers/STM32F3xx_HAL_Driver/Src/stm32f3xx_hal_tim_ex.c **** 
 4251              		.loc 1 1701 1 view .LVU1215
ARM GAS  C:\Users\nakas\AppData\Local\Temp\ccLYSQiW.s 			page 140


 4252 008c 70BD     		pop	{r4, r5, r6, pc}
 4253              	.LVL306:
 4254              	.L350:
1677:Drivers/STM32F3xx_HAL_Driver/Src/stm32f3xx_hal_tim_ex.c ****   }
 4255              		.loc 1 1677 12 view .LVU1216
 4256 008e 1846     		mov	r0, r3
 4257              	.LVL307:
1677:Drivers/STM32F3xx_HAL_Driver/Src/stm32f3xx_hal_tim_ex.c ****   }
 4258              		.loc 1 1677 12 view .LVU1217
 4259 0090 FCE7     		b	.L347
 4260              		.cfi_endproc
 4261              	.LFE147:
 4263              		.section	.text.HAL_TIMEx_OnePulseN_Stop_IT,"ax",%progbits
 4264              		.align	1
 4265              		.global	HAL_TIMEx_OnePulseN_Stop_IT
 4266              		.syntax unified
 4267              		.thumb
 4268              		.thumb_func
 4270              	HAL_TIMEx_OnePulseN_Stop_IT:
 4271              	.LVL308:
 4272              	.LFB148:
1716:Drivers/STM32F3xx_HAL_Driver/Src/stm32f3xx_hal_tim_ex.c ****   uint32_t input_channel = (OutputChannel == TIM_CHANNEL_1) ? TIM_CHANNEL_2 : TIM_CHANNEL_1;
 4273              		.loc 1 1716 1 is_stmt 1 view -0
 4274              		.cfi_startproc
 4275              		@ args = 0, pretend = 0, frame = 0
 4276              		@ frame_needed = 0, uses_anonymous_args = 0
1716:Drivers/STM32F3xx_HAL_Driver/Src/stm32f3xx_hal_tim_ex.c ****   uint32_t input_channel = (OutputChannel == TIM_CHANNEL_1) ? TIM_CHANNEL_2 : TIM_CHANNEL_1;
 4277              		.loc 1 1716 1 is_stmt 0 view .LVU1219
 4278 0000 38B5     		push	{r3, r4, r5, lr}
 4279              	.LCFI29:
 4280              		.cfi_def_cfa_offset 16
 4281              		.cfi_offset 3, -16
 4282              		.cfi_offset 4, -12
 4283              		.cfi_offset 5, -8
 4284              		.cfi_offset 14, -4
 4285 0002 0446     		mov	r4, r0
1717:Drivers/STM32F3xx_HAL_Driver/Src/stm32f3xx_hal_tim_ex.c **** 
 4286              		.loc 1 1717 3 is_stmt 1 view .LVU1220
1717:Drivers/STM32F3xx_HAL_Driver/Src/stm32f3xx_hal_tim_ex.c **** 
 4287              		.loc 1 1717 77 is_stmt 0 view .LVU1221
 4288 0004 0029     		cmp	r1, #0
 4289 0006 3CD1     		bne	.L358
1717:Drivers/STM32F3xx_HAL_Driver/Src/stm32f3xx_hal_tim_ex.c **** 
 4290              		.loc 1 1717 77 discriminator 1 view .LVU1222
 4291 0008 0425     		movs	r5, #4
 4292              	.L355:
 4293              	.LVL309:
1720:Drivers/STM32F3xx_HAL_Driver/Src/stm32f3xx_hal_tim_ex.c **** 
 4294              		.loc 1 1720 3 is_stmt 1 view .LVU1223
1723:Drivers/STM32F3xx_HAL_Driver/Src/stm32f3xx_hal_tim_ex.c **** 
 4295              		.loc 1 1723 3 view .LVU1224
 4296 000a 2268     		ldr	r2, [r4]
 4297 000c D368     		ldr	r3, [r2, #12]
 4298 000e 23F00203 		bic	r3, r3, #2
 4299 0012 D360     		str	r3, [r2, #12]
1726:Drivers/STM32F3xx_HAL_Driver/Src/stm32f3xx_hal_tim_ex.c **** 
 4300              		.loc 1 1726 3 view .LVU1225
ARM GAS  C:\Users\nakas\AppData\Local\Temp\ccLYSQiW.s 			page 141


 4301 0014 2268     		ldr	r2, [r4]
 4302 0016 D368     		ldr	r3, [r2, #12]
 4303 0018 23F00403 		bic	r3, r3, #4
 4304 001c D360     		str	r3, [r2, #12]
1729:Drivers/STM32F3xx_HAL_Driver/Src/stm32f3xx_hal_tim_ex.c ****   TIM_CCxChannelCmd(htim->Instance, input_channel, TIM_CCx_DISABLE);
 4305              		.loc 1 1729 3 view .LVU1226
 4306 001e 0022     		movs	r2, #0
 4307 0020 2068     		ldr	r0, [r4]
 4308              	.LVL310:
1729:Drivers/STM32F3xx_HAL_Driver/Src/stm32f3xx_hal_tim_ex.c ****   TIM_CCxChannelCmd(htim->Instance, input_channel, TIM_CCx_DISABLE);
 4309              		.loc 1 1729 3 is_stmt 0 view .LVU1227
 4310 0022 FFF7FEFF 		bl	TIM_CCxNChannelCmd
 4311              	.LVL311:
1730:Drivers/STM32F3xx_HAL_Driver/Src/stm32f3xx_hal_tim_ex.c **** 
 4312              		.loc 1 1730 3 is_stmt 1 view .LVU1228
 4313 0026 0022     		movs	r2, #0
 4314 0028 2946     		mov	r1, r5
 4315 002a 2068     		ldr	r0, [r4]
 4316 002c FFF7FEFF 		bl	TIM_CCxChannelCmd
 4317              	.LVL312:
1733:Drivers/STM32F3xx_HAL_Driver/Src/stm32f3xx_hal_tim_ex.c **** 
 4318              		.loc 1 1733 3 view .LVU1229
1733:Drivers/STM32F3xx_HAL_Driver/Src/stm32f3xx_hal_tim_ex.c **** 
 4319              		.loc 1 1733 3 view .LVU1230
 4320 0030 2368     		ldr	r3, [r4]
 4321 0032 196A     		ldr	r1, [r3, #32]
 4322 0034 41F21112 		movw	r2, #4369
 4323 0038 1142     		tst	r1, r2
 4324 003a 08D1     		bne	.L356
1733:Drivers/STM32F3xx_HAL_Driver/Src/stm32f3xx_hal_tim_ex.c **** 
 4325              		.loc 1 1733 3 discriminator 1 view .LVU1231
 4326 003c 196A     		ldr	r1, [r3, #32]
 4327 003e 40F24442 		movw	r2, #1092
 4328 0042 1142     		tst	r1, r2
 4329 0044 03D1     		bne	.L356
1733:Drivers/STM32F3xx_HAL_Driver/Src/stm32f3xx_hal_tim_ex.c **** 
 4330              		.loc 1 1733 3 discriminator 2 view .LVU1232
 4331 0046 5A6C     		ldr	r2, [r3, #68]
 4332 0048 22F40042 		bic	r2, r2, #32768
 4333 004c 5A64     		str	r2, [r3, #68]
 4334              	.L356:
1733:Drivers/STM32F3xx_HAL_Driver/Src/stm32f3xx_hal_tim_ex.c **** 
 4335              		.loc 1 1733 3 view .LVU1233
1736:Drivers/STM32F3xx_HAL_Driver/Src/stm32f3xx_hal_tim_ex.c **** 
 4336              		.loc 1 1736 3 view .LVU1234
1736:Drivers/STM32F3xx_HAL_Driver/Src/stm32f3xx_hal_tim_ex.c **** 
 4337              		.loc 1 1736 3 view .LVU1235
 4338 004e 2368     		ldr	r3, [r4]
 4339 0050 196A     		ldr	r1, [r3, #32]
 4340 0052 41F21112 		movw	r2, #4369
 4341 0056 1142     		tst	r1, r2
 4342 0058 08D1     		bne	.L357
1736:Drivers/STM32F3xx_HAL_Driver/Src/stm32f3xx_hal_tim_ex.c **** 
 4343              		.loc 1 1736 3 discriminator 1 view .LVU1236
 4344 005a 196A     		ldr	r1, [r3, #32]
 4345 005c 40F24442 		movw	r2, #1092
 4346 0060 1142     		tst	r1, r2
ARM GAS  C:\Users\nakas\AppData\Local\Temp\ccLYSQiW.s 			page 142


 4347 0062 03D1     		bne	.L357
1736:Drivers/STM32F3xx_HAL_Driver/Src/stm32f3xx_hal_tim_ex.c **** 
 4348              		.loc 1 1736 3 discriminator 2 view .LVU1237
 4349 0064 1A68     		ldr	r2, [r3]
 4350 0066 22F00102 		bic	r2, r2, #1
 4351 006a 1A60     		str	r2, [r3]
 4352              	.L357:
1736:Drivers/STM32F3xx_HAL_Driver/Src/stm32f3xx_hal_tim_ex.c **** 
 4353              		.loc 1 1736 3 view .LVU1238
1739:Drivers/STM32F3xx_HAL_Driver/Src/stm32f3xx_hal_tim_ex.c ****   TIM_CHANNEL_STATE_SET(htim, TIM_CHANNEL_2, HAL_TIM_CHANNEL_STATE_READY);
 4354              		.loc 1 1739 3 view .LVU1239
 4355 006c 0123     		movs	r3, #1
 4356 006e 84F83E30 		strb	r3, [r4, #62]
1740:Drivers/STM32F3xx_HAL_Driver/Src/stm32f3xx_hal_tim_ex.c ****   TIM_CHANNEL_N_STATE_SET(htim, TIM_CHANNEL_1, HAL_TIM_CHANNEL_STATE_READY);
 4357              		.loc 1 1740 3 view .LVU1240
 4358 0072 84F83F30 		strb	r3, [r4, #63]
1741:Drivers/STM32F3xx_HAL_Driver/Src/stm32f3xx_hal_tim_ex.c ****   TIM_CHANNEL_N_STATE_SET(htim, TIM_CHANNEL_2, HAL_TIM_CHANNEL_STATE_READY);
 4359              		.loc 1 1741 3 view .LVU1241
 4360 0076 84F84430 		strb	r3, [r4, #68]
1742:Drivers/STM32F3xx_HAL_Driver/Src/stm32f3xx_hal_tim_ex.c **** 
 4361              		.loc 1 1742 3 view .LVU1242
 4362 007a 84F84530 		strb	r3, [r4, #69]
1745:Drivers/STM32F3xx_HAL_Driver/Src/stm32f3xx_hal_tim_ex.c **** }
 4363              		.loc 1 1745 3 view .LVU1243
1746:Drivers/STM32F3xx_HAL_Driver/Src/stm32f3xx_hal_tim_ex.c **** 
 4364              		.loc 1 1746 1 is_stmt 0 view .LVU1244
 4365 007e 0020     		movs	r0, #0
 4366 0080 38BD     		pop	{r3, r4, r5, pc}
 4367              	.LVL313:
 4368              	.L358:
1717:Drivers/STM32F3xx_HAL_Driver/Src/stm32f3xx_hal_tim_ex.c **** 
 4369              		.loc 1 1717 77 discriminator 2 view .LVU1245
 4370 0082 0025     		movs	r5, #0
 4371 0084 C1E7     		b	.L355
 4372              		.cfi_endproc
 4373              	.LFE148:
 4375              		.section	.text.HAL_TIMEx_ConfigCommutEvent,"ax",%progbits
 4376              		.align	1
 4377              		.global	HAL_TIMEx_ConfigCommutEvent
 4378              		.syntax unified
 4379              		.thumb
 4380              		.thumb_func
 4382              	HAL_TIMEx_ConfigCommutEvent:
 4383              	.LVL314:
 4384              	.LFB149:
1797:Drivers/STM32F3xx_HAL_Driver/Src/stm32f3xx_hal_tim_ex.c ****   /* Check the parameters */
 4385              		.loc 1 1797 1 is_stmt 1 view -0
 4386              		.cfi_startproc
 4387              		@ args = 0, pretend = 0, frame = 0
 4388              		@ frame_needed = 0, uses_anonymous_args = 0
 4389              		@ link register save eliminated.
1797:Drivers/STM32F3xx_HAL_Driver/Src/stm32f3xx_hal_tim_ex.c ****   /* Check the parameters */
 4390              		.loc 1 1797 1 is_stmt 0 view .LVU1247
 4391 0000 0346     		mov	r3, r0
1799:Drivers/STM32F3xx_HAL_Driver/Src/stm32f3xx_hal_tim_ex.c ****   assert_param(IS_TIM_INTERNAL_TRIGGEREVENT_SELECTION(InputTrigger));
 4392              		.loc 1 1799 3 is_stmt 1 view .LVU1248
1800:Drivers/STM32F3xx_HAL_Driver/Src/stm32f3xx_hal_tim_ex.c **** 
ARM GAS  C:\Users\nakas\AppData\Local\Temp\ccLYSQiW.s 			page 143


 4393              		.loc 1 1800 3 view .LVU1249
1802:Drivers/STM32F3xx_HAL_Driver/Src/stm32f3xx_hal_tim_ex.c **** 
 4394              		.loc 1 1802 3 view .LVU1250
1802:Drivers/STM32F3xx_HAL_Driver/Src/stm32f3xx_hal_tim_ex.c **** 
 4395              		.loc 1 1802 3 view .LVU1251
 4396 0002 90F83C00 		ldrb	r0, [r0, #60]	@ zero_extendqisi2
 4397              	.LVL315:
1802:Drivers/STM32F3xx_HAL_Driver/Src/stm32f3xx_hal_tim_ex.c **** 
 4398              		.loc 1 1802 3 is_stmt 0 view .LVU1252
 4399 0006 0128     		cmp	r0, #1
 4400 0008 33D0     		beq	.L365
1797:Drivers/STM32F3xx_HAL_Driver/Src/stm32f3xx_hal_tim_ex.c ****   /* Check the parameters */
 4401              		.loc 1 1797 1 view .LVU1253
 4402 000a 10B4     		push	{r4}
 4403              	.LCFI30:
 4404              		.cfi_def_cfa_offset 4
 4405              		.cfi_offset 4, -4
1802:Drivers/STM32F3xx_HAL_Driver/Src/stm32f3xx_hal_tim_ex.c **** 
 4406              		.loc 1 1802 3 is_stmt 1 discriminator 2 view .LVU1254
 4407 000c 0120     		movs	r0, #1
 4408 000e 83F83C00 		strb	r0, [r3, #60]
1802:Drivers/STM32F3xx_HAL_Driver/Src/stm32f3xx_hal_tim_ex.c **** 
 4409              		.loc 1 1802 3 view .LVU1255
1804:Drivers/STM32F3xx_HAL_Driver/Src/stm32f3xx_hal_tim_ex.c ****       (InputTrigger == TIM_TS_ITR2) || (InputTrigger == TIM_TS_ITR3))
 4410              		.loc 1 1804 3 view .LVU1256
 4411 0012 2029     		cmp	r1, #32
 4412 0014 03D0     		beq	.L362
 4413 0016 29D8     		bhi	.L363
 4414 0018 09B1     		cbz	r1, .L362
 4415 001a 1029     		cmp	r1, #16
 4416 001c 08D1     		bne	.L364
 4417              	.L362:
1808:Drivers/STM32F3xx_HAL_Driver/Src/stm32f3xx_hal_tim_ex.c ****     htim->Instance->SMCR |= InputTrigger;
 4418              		.loc 1 1808 5 view .LVU1257
1808:Drivers/STM32F3xx_HAL_Driver/Src/stm32f3xx_hal_tim_ex.c ****     htim->Instance->SMCR |= InputTrigger;
 4419              		.loc 1 1808 9 is_stmt 0 view .LVU1258
 4420 001e 1C68     		ldr	r4, [r3]
1808:Drivers/STM32F3xx_HAL_Driver/Src/stm32f3xx_hal_tim_ex.c ****     htim->Instance->SMCR |= InputTrigger;
 4421              		.loc 1 1808 19 view .LVU1259
 4422 0020 A068     		ldr	r0, [r4, #8]
1808:Drivers/STM32F3xx_HAL_Driver/Src/stm32f3xx_hal_tim_ex.c ****     htim->Instance->SMCR |= InputTrigger;
 4423              		.loc 1 1808 26 view .LVU1260
 4424 0022 20F07000 		bic	r0, r0, #112
 4425 0026 A060     		str	r0, [r4, #8]
1809:Drivers/STM32F3xx_HAL_Driver/Src/stm32f3xx_hal_tim_ex.c ****   }
 4426              		.loc 1 1809 5 is_stmt 1 view .LVU1261
1809:Drivers/STM32F3xx_HAL_Driver/Src/stm32f3xx_hal_tim_ex.c ****   }
 4427              		.loc 1 1809 9 is_stmt 0 view .LVU1262
 4428 0028 1C68     		ldr	r4, [r3]
1809:Drivers/STM32F3xx_HAL_Driver/Src/stm32f3xx_hal_tim_ex.c ****   }
 4429              		.loc 1 1809 19 view .LVU1263
 4430 002a A068     		ldr	r0, [r4, #8]
1809:Drivers/STM32F3xx_HAL_Driver/Src/stm32f3xx_hal_tim_ex.c ****   }
 4431              		.loc 1 1809 26 view .LVU1264
 4432 002c 0143     		orrs	r1, r1, r0
 4433              	.LVL316:
1809:Drivers/STM32F3xx_HAL_Driver/Src/stm32f3xx_hal_tim_ex.c ****   }
ARM GAS  C:\Users\nakas\AppData\Local\Temp\ccLYSQiW.s 			page 144


 4434              		.loc 1 1809 26 view .LVU1265
 4435 002e A160     		str	r1, [r4, #8]
 4436              	.L364:
1813:Drivers/STM32F3xx_HAL_Driver/Src/stm32f3xx_hal_tim_ex.c ****   /* Select the Commutation event source */
 4437              		.loc 1 1813 3 is_stmt 1 view .LVU1266
1813:Drivers/STM32F3xx_HAL_Driver/Src/stm32f3xx_hal_tim_ex.c ****   /* Select the Commutation event source */
 4438              		.loc 1 1813 7 is_stmt 0 view .LVU1267
 4439 0030 1868     		ldr	r0, [r3]
1813:Drivers/STM32F3xx_HAL_Driver/Src/stm32f3xx_hal_tim_ex.c ****   /* Select the Commutation event source */
 4440              		.loc 1 1813 17 view .LVU1268
 4441 0032 4168     		ldr	r1, [r0, #4]
1813:Drivers/STM32F3xx_HAL_Driver/Src/stm32f3xx_hal_tim_ex.c ****   /* Select the Commutation event source */
 4442              		.loc 1 1813 23 view .LVU1269
 4443 0034 41F00101 		orr	r1, r1, #1
 4444 0038 4160     		str	r1, [r0, #4]
1815:Drivers/STM32F3xx_HAL_Driver/Src/stm32f3xx_hal_tim_ex.c ****   htim->Instance->CR2 |= CommutationSource;
 4445              		.loc 1 1815 3 is_stmt 1 view .LVU1270
1815:Drivers/STM32F3xx_HAL_Driver/Src/stm32f3xx_hal_tim_ex.c ****   htim->Instance->CR2 |= CommutationSource;
 4446              		.loc 1 1815 7 is_stmt 0 view .LVU1271
 4447 003a 1868     		ldr	r0, [r3]
1815:Drivers/STM32F3xx_HAL_Driver/Src/stm32f3xx_hal_tim_ex.c ****   htim->Instance->CR2 |= CommutationSource;
 4448              		.loc 1 1815 17 view .LVU1272
 4449 003c 4168     		ldr	r1, [r0, #4]
1815:Drivers/STM32F3xx_HAL_Driver/Src/stm32f3xx_hal_tim_ex.c ****   htim->Instance->CR2 |= CommutationSource;
 4450              		.loc 1 1815 23 view .LVU1273
 4451 003e 21F00401 		bic	r1, r1, #4
 4452 0042 4160     		str	r1, [r0, #4]
1816:Drivers/STM32F3xx_HAL_Driver/Src/stm32f3xx_hal_tim_ex.c **** 
 4453              		.loc 1 1816 3 is_stmt 1 view .LVU1274
1816:Drivers/STM32F3xx_HAL_Driver/Src/stm32f3xx_hal_tim_ex.c **** 
 4454              		.loc 1 1816 7 is_stmt 0 view .LVU1275
 4455 0044 1868     		ldr	r0, [r3]
1816:Drivers/STM32F3xx_HAL_Driver/Src/stm32f3xx_hal_tim_ex.c **** 
 4456              		.loc 1 1816 17 view .LVU1276
 4457 0046 4168     		ldr	r1, [r0, #4]
1816:Drivers/STM32F3xx_HAL_Driver/Src/stm32f3xx_hal_tim_ex.c **** 
 4458              		.loc 1 1816 23 view .LVU1277
 4459 0048 0A43     		orrs	r2, r2, r1
 4460              	.LVL317:
1816:Drivers/STM32F3xx_HAL_Driver/Src/stm32f3xx_hal_tim_ex.c **** 
 4461              		.loc 1 1816 23 view .LVU1278
 4462 004a 4260     		str	r2, [r0, #4]
1819:Drivers/STM32F3xx_HAL_Driver/Src/stm32f3xx_hal_tim_ex.c **** 
 4463              		.loc 1 1819 3 is_stmt 1 view .LVU1279
 4464 004c 1968     		ldr	r1, [r3]
 4465 004e CA68     		ldr	r2, [r1, #12]
 4466 0050 22F02002 		bic	r2, r2, #32
 4467 0054 CA60     		str	r2, [r1, #12]
1822:Drivers/STM32F3xx_HAL_Driver/Src/stm32f3xx_hal_tim_ex.c **** 
 4468              		.loc 1 1822 3 view .LVU1280
 4469 0056 1968     		ldr	r1, [r3]
 4470 0058 CA68     		ldr	r2, [r1, #12]
 4471 005a 22F40052 		bic	r2, r2, #8192
 4472 005e CA60     		str	r2, [r1, #12]
1824:Drivers/STM32F3xx_HAL_Driver/Src/stm32f3xx_hal_tim_ex.c **** 
 4473              		.loc 1 1824 3 view .LVU1281
1824:Drivers/STM32F3xx_HAL_Driver/Src/stm32f3xx_hal_tim_ex.c **** 
ARM GAS  C:\Users\nakas\AppData\Local\Temp\ccLYSQiW.s 			page 145


 4474              		.loc 1 1824 3 view .LVU1282
 4475 0060 0020     		movs	r0, #0
 4476 0062 83F83C00 		strb	r0, [r3, #60]
1824:Drivers/STM32F3xx_HAL_Driver/Src/stm32f3xx_hal_tim_ex.c **** 
 4477              		.loc 1 1824 3 view .LVU1283
1826:Drivers/STM32F3xx_HAL_Driver/Src/stm32f3xx_hal_tim_ex.c **** }
 4478              		.loc 1 1826 3 view .LVU1284
1827:Drivers/STM32F3xx_HAL_Driver/Src/stm32f3xx_hal_tim_ex.c **** 
 4479              		.loc 1 1827 1 is_stmt 0 view .LVU1285
 4480 0066 5DF8044B 		ldr	r4, [sp], #4
 4481 006a 7047     		bx	lr
 4482              	.LVL318:
 4483              	.L363:
1827:Drivers/STM32F3xx_HAL_Driver/Src/stm32f3xx_hal_tim_ex.c **** 
 4484              		.loc 1 1827 1 view .LVU1286
 4485 006c 3029     		cmp	r1, #48
 4486 006e DFD1     		bne	.L364
 4487 0070 D5E7     		b	.L362
 4488              	.L365:
 4489              	.LCFI31:
 4490              		.cfi_def_cfa_offset 0
 4491              		.cfi_restore 4
1802:Drivers/STM32F3xx_HAL_Driver/Src/stm32f3xx_hal_tim_ex.c **** 
 4492              		.loc 1 1802 3 discriminator 1 view .LVU1287
 4493 0072 0220     		movs	r0, #2
1827:Drivers/STM32F3xx_HAL_Driver/Src/stm32f3xx_hal_tim_ex.c **** 
 4494              		.loc 1 1827 1 view .LVU1288
 4495 0074 7047     		bx	lr
 4496              		.cfi_endproc
 4497              	.LFE149:
 4499              		.section	.text.HAL_TIMEx_ConfigCommutEvent_IT,"ax",%progbits
 4500              		.align	1
 4501              		.global	HAL_TIMEx_ConfigCommutEvent_IT
 4502              		.syntax unified
 4503              		.thumb
 4504              		.thumb_func
 4506              	HAL_TIMEx_ConfigCommutEvent_IT:
 4507              	.LVL319:
 4508              	.LFB150:
1853:Drivers/STM32F3xx_HAL_Driver/Src/stm32f3xx_hal_tim_ex.c ****   /* Check the parameters */
 4509              		.loc 1 1853 1 is_stmt 1 view -0
 4510              		.cfi_startproc
 4511              		@ args = 0, pretend = 0, frame = 0
 4512              		@ frame_needed = 0, uses_anonymous_args = 0
 4513              		@ link register save eliminated.
1853:Drivers/STM32F3xx_HAL_Driver/Src/stm32f3xx_hal_tim_ex.c ****   /* Check the parameters */
 4514              		.loc 1 1853 1 is_stmt 0 view .LVU1290
 4515 0000 0346     		mov	r3, r0
1855:Drivers/STM32F3xx_HAL_Driver/Src/stm32f3xx_hal_tim_ex.c ****   assert_param(IS_TIM_INTERNAL_TRIGGEREVENT_SELECTION(InputTrigger));
 4516              		.loc 1 1855 3 is_stmt 1 view .LVU1291
1856:Drivers/STM32F3xx_HAL_Driver/Src/stm32f3xx_hal_tim_ex.c **** 
 4517              		.loc 1 1856 3 view .LVU1292
1858:Drivers/STM32F3xx_HAL_Driver/Src/stm32f3xx_hal_tim_ex.c **** 
 4518              		.loc 1 1858 3 view .LVU1293
1858:Drivers/STM32F3xx_HAL_Driver/Src/stm32f3xx_hal_tim_ex.c **** 
 4519              		.loc 1 1858 3 view .LVU1294
 4520 0002 90F83C00 		ldrb	r0, [r0, #60]	@ zero_extendqisi2
ARM GAS  C:\Users\nakas\AppData\Local\Temp\ccLYSQiW.s 			page 146


 4521              	.LVL320:
1858:Drivers/STM32F3xx_HAL_Driver/Src/stm32f3xx_hal_tim_ex.c **** 
 4522              		.loc 1 1858 3 is_stmt 0 view .LVU1295
 4523 0006 0128     		cmp	r0, #1
 4524 0008 33D0     		beq	.L375
1853:Drivers/STM32F3xx_HAL_Driver/Src/stm32f3xx_hal_tim_ex.c ****   /* Check the parameters */
 4525              		.loc 1 1853 1 view .LVU1296
 4526 000a 10B4     		push	{r4}
 4527              	.LCFI32:
 4528              		.cfi_def_cfa_offset 4
 4529              		.cfi_offset 4, -4
1858:Drivers/STM32F3xx_HAL_Driver/Src/stm32f3xx_hal_tim_ex.c **** 
 4530              		.loc 1 1858 3 is_stmt 1 discriminator 2 view .LVU1297
 4531 000c 0120     		movs	r0, #1
 4532 000e 83F83C00 		strb	r0, [r3, #60]
1858:Drivers/STM32F3xx_HAL_Driver/Src/stm32f3xx_hal_tim_ex.c **** 
 4533              		.loc 1 1858 3 view .LVU1298
1860:Drivers/STM32F3xx_HAL_Driver/Src/stm32f3xx_hal_tim_ex.c ****       (InputTrigger == TIM_TS_ITR2) || (InputTrigger == TIM_TS_ITR3))
 4534              		.loc 1 1860 3 view .LVU1299
 4535 0012 2029     		cmp	r1, #32
 4536 0014 03D0     		beq	.L372
 4537 0016 29D8     		bhi	.L373
 4538 0018 09B1     		cbz	r1, .L372
 4539 001a 1029     		cmp	r1, #16
 4540 001c 08D1     		bne	.L374
 4541              	.L372:
1864:Drivers/STM32F3xx_HAL_Driver/Src/stm32f3xx_hal_tim_ex.c ****     htim->Instance->SMCR |= InputTrigger;
 4542              		.loc 1 1864 5 view .LVU1300
1864:Drivers/STM32F3xx_HAL_Driver/Src/stm32f3xx_hal_tim_ex.c ****     htim->Instance->SMCR |= InputTrigger;
 4543              		.loc 1 1864 9 is_stmt 0 view .LVU1301
 4544 001e 1C68     		ldr	r4, [r3]
1864:Drivers/STM32F3xx_HAL_Driver/Src/stm32f3xx_hal_tim_ex.c ****     htim->Instance->SMCR |= InputTrigger;
 4545              		.loc 1 1864 19 view .LVU1302
 4546 0020 A068     		ldr	r0, [r4, #8]
1864:Drivers/STM32F3xx_HAL_Driver/Src/stm32f3xx_hal_tim_ex.c ****     htim->Instance->SMCR |= InputTrigger;
 4547              		.loc 1 1864 26 view .LVU1303
 4548 0022 20F07000 		bic	r0, r0, #112
 4549 0026 A060     		str	r0, [r4, #8]
1865:Drivers/STM32F3xx_HAL_Driver/Src/stm32f3xx_hal_tim_ex.c ****   }
 4550              		.loc 1 1865 5 is_stmt 1 view .LVU1304
1865:Drivers/STM32F3xx_HAL_Driver/Src/stm32f3xx_hal_tim_ex.c ****   }
 4551              		.loc 1 1865 9 is_stmt 0 view .LVU1305
 4552 0028 1C68     		ldr	r4, [r3]
1865:Drivers/STM32F3xx_HAL_Driver/Src/stm32f3xx_hal_tim_ex.c ****   }
 4553              		.loc 1 1865 19 view .LVU1306
 4554 002a A068     		ldr	r0, [r4, #8]
1865:Drivers/STM32F3xx_HAL_Driver/Src/stm32f3xx_hal_tim_ex.c ****   }
 4555              		.loc 1 1865 26 view .LVU1307
 4556 002c 0143     		orrs	r1, r1, r0
 4557              	.LVL321:
1865:Drivers/STM32F3xx_HAL_Driver/Src/stm32f3xx_hal_tim_ex.c ****   }
 4558              		.loc 1 1865 26 view .LVU1308
 4559 002e A160     		str	r1, [r4, #8]
 4560              	.L374:
1869:Drivers/STM32F3xx_HAL_Driver/Src/stm32f3xx_hal_tim_ex.c ****   /* Select the Commutation event source */
 4561              		.loc 1 1869 3 is_stmt 1 view .LVU1309
1869:Drivers/STM32F3xx_HAL_Driver/Src/stm32f3xx_hal_tim_ex.c ****   /* Select the Commutation event source */
ARM GAS  C:\Users\nakas\AppData\Local\Temp\ccLYSQiW.s 			page 147


 4562              		.loc 1 1869 7 is_stmt 0 view .LVU1310
 4563 0030 1868     		ldr	r0, [r3]
1869:Drivers/STM32F3xx_HAL_Driver/Src/stm32f3xx_hal_tim_ex.c ****   /* Select the Commutation event source */
 4564              		.loc 1 1869 17 view .LVU1311
 4565 0032 4168     		ldr	r1, [r0, #4]
1869:Drivers/STM32F3xx_HAL_Driver/Src/stm32f3xx_hal_tim_ex.c ****   /* Select the Commutation event source */
 4566              		.loc 1 1869 23 view .LVU1312
 4567 0034 41F00101 		orr	r1, r1, #1
 4568 0038 4160     		str	r1, [r0, #4]
1871:Drivers/STM32F3xx_HAL_Driver/Src/stm32f3xx_hal_tim_ex.c ****   htim->Instance->CR2 |= CommutationSource;
 4569              		.loc 1 1871 3 is_stmt 1 view .LVU1313
1871:Drivers/STM32F3xx_HAL_Driver/Src/stm32f3xx_hal_tim_ex.c ****   htim->Instance->CR2 |= CommutationSource;
 4570              		.loc 1 1871 7 is_stmt 0 view .LVU1314
 4571 003a 1868     		ldr	r0, [r3]
1871:Drivers/STM32F3xx_HAL_Driver/Src/stm32f3xx_hal_tim_ex.c ****   htim->Instance->CR2 |= CommutationSource;
 4572              		.loc 1 1871 17 view .LVU1315
 4573 003c 4168     		ldr	r1, [r0, #4]
1871:Drivers/STM32F3xx_HAL_Driver/Src/stm32f3xx_hal_tim_ex.c ****   htim->Instance->CR2 |= CommutationSource;
 4574              		.loc 1 1871 23 view .LVU1316
 4575 003e 21F00401 		bic	r1, r1, #4
 4576 0042 4160     		str	r1, [r0, #4]
1872:Drivers/STM32F3xx_HAL_Driver/Src/stm32f3xx_hal_tim_ex.c **** 
 4577              		.loc 1 1872 3 is_stmt 1 view .LVU1317
1872:Drivers/STM32F3xx_HAL_Driver/Src/stm32f3xx_hal_tim_ex.c **** 
 4578              		.loc 1 1872 7 is_stmt 0 view .LVU1318
 4579 0044 1868     		ldr	r0, [r3]
1872:Drivers/STM32F3xx_HAL_Driver/Src/stm32f3xx_hal_tim_ex.c **** 
 4580              		.loc 1 1872 17 view .LVU1319
 4581 0046 4168     		ldr	r1, [r0, #4]
1872:Drivers/STM32F3xx_HAL_Driver/Src/stm32f3xx_hal_tim_ex.c **** 
 4582              		.loc 1 1872 23 view .LVU1320
 4583 0048 0A43     		orrs	r2, r2, r1
 4584              	.LVL322:
1872:Drivers/STM32F3xx_HAL_Driver/Src/stm32f3xx_hal_tim_ex.c **** 
 4585              		.loc 1 1872 23 view .LVU1321
 4586 004a 4260     		str	r2, [r0, #4]
1875:Drivers/STM32F3xx_HAL_Driver/Src/stm32f3xx_hal_tim_ex.c **** 
 4587              		.loc 1 1875 3 is_stmt 1 view .LVU1322
 4588 004c 1968     		ldr	r1, [r3]
 4589 004e CA68     		ldr	r2, [r1, #12]
 4590 0050 22F40052 		bic	r2, r2, #8192
 4591 0054 CA60     		str	r2, [r1, #12]
1878:Drivers/STM32F3xx_HAL_Driver/Src/stm32f3xx_hal_tim_ex.c **** 
 4592              		.loc 1 1878 3 view .LVU1323
 4593 0056 1968     		ldr	r1, [r3]
 4594 0058 CA68     		ldr	r2, [r1, #12]
 4595 005a 42F02002 		orr	r2, r2, #32
 4596 005e CA60     		str	r2, [r1, #12]
1880:Drivers/STM32F3xx_HAL_Driver/Src/stm32f3xx_hal_tim_ex.c **** 
 4597              		.loc 1 1880 3 view .LVU1324
1880:Drivers/STM32F3xx_HAL_Driver/Src/stm32f3xx_hal_tim_ex.c **** 
 4598              		.loc 1 1880 3 view .LVU1325
 4599 0060 0020     		movs	r0, #0
 4600 0062 83F83C00 		strb	r0, [r3, #60]
1880:Drivers/STM32F3xx_HAL_Driver/Src/stm32f3xx_hal_tim_ex.c **** 
 4601              		.loc 1 1880 3 view .LVU1326
1882:Drivers/STM32F3xx_HAL_Driver/Src/stm32f3xx_hal_tim_ex.c **** }
ARM GAS  C:\Users\nakas\AppData\Local\Temp\ccLYSQiW.s 			page 148


 4602              		.loc 1 1882 3 view .LVU1327
1883:Drivers/STM32F3xx_HAL_Driver/Src/stm32f3xx_hal_tim_ex.c **** 
 4603              		.loc 1 1883 1 is_stmt 0 view .LVU1328
 4604 0066 5DF8044B 		ldr	r4, [sp], #4
 4605 006a 7047     		bx	lr
 4606              	.LVL323:
 4607              	.L373:
1883:Drivers/STM32F3xx_HAL_Driver/Src/stm32f3xx_hal_tim_ex.c **** 
 4608              		.loc 1 1883 1 view .LVU1329
 4609 006c 3029     		cmp	r1, #48
 4610 006e DFD1     		bne	.L374
 4611 0070 D5E7     		b	.L372
 4612              	.L375:
 4613              	.LCFI33:
 4614              		.cfi_def_cfa_offset 0
 4615              		.cfi_restore 4
1858:Drivers/STM32F3xx_HAL_Driver/Src/stm32f3xx_hal_tim_ex.c **** 
 4616              		.loc 1 1858 3 discriminator 1 view .LVU1330
 4617 0072 0220     		movs	r0, #2
1883:Drivers/STM32F3xx_HAL_Driver/Src/stm32f3xx_hal_tim_ex.c **** 
 4618              		.loc 1 1883 1 view .LVU1331
 4619 0074 7047     		bx	lr
 4620              		.cfi_endproc
 4621              	.LFE150:
 4623              		.section	.text.HAL_TIMEx_ConfigCommutEvent_DMA,"ax",%progbits
 4624              		.align	1
 4625              		.global	HAL_TIMEx_ConfigCommutEvent_DMA
 4626              		.syntax unified
 4627              		.thumb
 4628              		.thumb_func
 4630              	HAL_TIMEx_ConfigCommutEvent_DMA:
 4631              	.LVL324:
 4632              	.LFB151:
1910:Drivers/STM32F3xx_HAL_Driver/Src/stm32f3xx_hal_tim_ex.c ****   /* Check the parameters */
 4633              		.loc 1 1910 1 is_stmt 1 view -0
 4634              		.cfi_startproc
 4635              		@ args = 0, pretend = 0, frame = 0
 4636              		@ frame_needed = 0, uses_anonymous_args = 0
 4637              		@ link register save eliminated.
1910:Drivers/STM32F3xx_HAL_Driver/Src/stm32f3xx_hal_tim_ex.c ****   /* Check the parameters */
 4638              		.loc 1 1910 1 is_stmt 0 view .LVU1333
 4639 0000 0346     		mov	r3, r0
1912:Drivers/STM32F3xx_HAL_Driver/Src/stm32f3xx_hal_tim_ex.c ****   assert_param(IS_TIM_INTERNAL_TRIGGEREVENT_SELECTION(InputTrigger));
 4640              		.loc 1 1912 3 is_stmt 1 view .LVU1334
1913:Drivers/STM32F3xx_HAL_Driver/Src/stm32f3xx_hal_tim_ex.c **** 
 4641              		.loc 1 1913 3 view .LVU1335
1915:Drivers/STM32F3xx_HAL_Driver/Src/stm32f3xx_hal_tim_ex.c **** 
 4642              		.loc 1 1915 3 view .LVU1336
1915:Drivers/STM32F3xx_HAL_Driver/Src/stm32f3xx_hal_tim_ex.c **** 
 4643              		.loc 1 1915 3 view .LVU1337
 4644 0002 90F83C00 		ldrb	r0, [r0, #60]	@ zero_extendqisi2
 4645              	.LVL325:
1915:Drivers/STM32F3xx_HAL_Driver/Src/stm32f3xx_hal_tim_ex.c **** 
 4646              		.loc 1 1915 3 is_stmt 0 view .LVU1338
 4647 0006 0128     		cmp	r0, #1
 4648 0008 3CD0     		beq	.L385
1910:Drivers/STM32F3xx_HAL_Driver/Src/stm32f3xx_hal_tim_ex.c ****   /* Check the parameters */
ARM GAS  C:\Users\nakas\AppData\Local\Temp\ccLYSQiW.s 			page 149


 4649              		.loc 1 1910 1 view .LVU1339
 4650 000a 10B4     		push	{r4}
 4651              	.LCFI34:
 4652              		.cfi_def_cfa_offset 4
 4653              		.cfi_offset 4, -4
1915:Drivers/STM32F3xx_HAL_Driver/Src/stm32f3xx_hal_tim_ex.c **** 
 4654              		.loc 1 1915 3 is_stmt 1 discriminator 2 view .LVU1340
 4655 000c 0120     		movs	r0, #1
 4656 000e 83F83C00 		strb	r0, [r3, #60]
1915:Drivers/STM32F3xx_HAL_Driver/Src/stm32f3xx_hal_tim_ex.c **** 
 4657              		.loc 1 1915 3 view .LVU1341
1917:Drivers/STM32F3xx_HAL_Driver/Src/stm32f3xx_hal_tim_ex.c ****       (InputTrigger == TIM_TS_ITR2) || (InputTrigger == TIM_TS_ITR3))
 4658              		.loc 1 1917 3 view .LVU1342
 4659 0012 2029     		cmp	r1, #32
 4660 0014 03D0     		beq	.L382
 4661 0016 32D8     		bhi	.L383
 4662 0018 09B1     		cbz	r1, .L382
 4663 001a 1029     		cmp	r1, #16
 4664 001c 08D1     		bne	.L384
 4665              	.L382:
1921:Drivers/STM32F3xx_HAL_Driver/Src/stm32f3xx_hal_tim_ex.c ****     htim->Instance->SMCR |= InputTrigger;
 4666              		.loc 1 1921 5 view .LVU1343
1921:Drivers/STM32F3xx_HAL_Driver/Src/stm32f3xx_hal_tim_ex.c ****     htim->Instance->SMCR |= InputTrigger;
 4667              		.loc 1 1921 9 is_stmt 0 view .LVU1344
 4668 001e 1C68     		ldr	r4, [r3]
1921:Drivers/STM32F3xx_HAL_Driver/Src/stm32f3xx_hal_tim_ex.c ****     htim->Instance->SMCR |= InputTrigger;
 4669              		.loc 1 1921 19 view .LVU1345
 4670 0020 A068     		ldr	r0, [r4, #8]
1921:Drivers/STM32F3xx_HAL_Driver/Src/stm32f3xx_hal_tim_ex.c ****     htim->Instance->SMCR |= InputTrigger;
 4671              		.loc 1 1921 26 view .LVU1346
 4672 0022 20F07000 		bic	r0, r0, #112
 4673 0026 A060     		str	r0, [r4, #8]
1922:Drivers/STM32F3xx_HAL_Driver/Src/stm32f3xx_hal_tim_ex.c ****   }
 4674              		.loc 1 1922 5 is_stmt 1 view .LVU1347
1922:Drivers/STM32F3xx_HAL_Driver/Src/stm32f3xx_hal_tim_ex.c ****   }
 4675              		.loc 1 1922 9 is_stmt 0 view .LVU1348
 4676 0028 1C68     		ldr	r4, [r3]
1922:Drivers/STM32F3xx_HAL_Driver/Src/stm32f3xx_hal_tim_ex.c ****   }
 4677              		.loc 1 1922 19 view .LVU1349
 4678 002a A068     		ldr	r0, [r4, #8]
1922:Drivers/STM32F3xx_HAL_Driver/Src/stm32f3xx_hal_tim_ex.c ****   }
 4679              		.loc 1 1922 26 view .LVU1350
 4680 002c 0143     		orrs	r1, r1, r0
 4681              	.LVL326:
1922:Drivers/STM32F3xx_HAL_Driver/Src/stm32f3xx_hal_tim_ex.c ****   }
 4682              		.loc 1 1922 26 view .LVU1351
 4683 002e A160     		str	r1, [r4, #8]
 4684              	.L384:
1926:Drivers/STM32F3xx_HAL_Driver/Src/stm32f3xx_hal_tim_ex.c ****   /* Select the Commutation event source */
 4685              		.loc 1 1926 3 is_stmt 1 view .LVU1352
1926:Drivers/STM32F3xx_HAL_Driver/Src/stm32f3xx_hal_tim_ex.c ****   /* Select the Commutation event source */
 4686              		.loc 1 1926 7 is_stmt 0 view .LVU1353
 4687 0030 1868     		ldr	r0, [r3]
1926:Drivers/STM32F3xx_HAL_Driver/Src/stm32f3xx_hal_tim_ex.c ****   /* Select the Commutation event source */
 4688              		.loc 1 1926 17 view .LVU1354
 4689 0032 4168     		ldr	r1, [r0, #4]
1926:Drivers/STM32F3xx_HAL_Driver/Src/stm32f3xx_hal_tim_ex.c ****   /* Select the Commutation event source */
ARM GAS  C:\Users\nakas\AppData\Local\Temp\ccLYSQiW.s 			page 150


 4690              		.loc 1 1926 23 view .LVU1355
 4691 0034 41F00101 		orr	r1, r1, #1
 4692 0038 4160     		str	r1, [r0, #4]
1928:Drivers/STM32F3xx_HAL_Driver/Src/stm32f3xx_hal_tim_ex.c ****   htim->Instance->CR2 |= CommutationSource;
 4693              		.loc 1 1928 3 is_stmt 1 view .LVU1356
1928:Drivers/STM32F3xx_HAL_Driver/Src/stm32f3xx_hal_tim_ex.c ****   htim->Instance->CR2 |= CommutationSource;
 4694              		.loc 1 1928 7 is_stmt 0 view .LVU1357
 4695 003a 1868     		ldr	r0, [r3]
1928:Drivers/STM32F3xx_HAL_Driver/Src/stm32f3xx_hal_tim_ex.c ****   htim->Instance->CR2 |= CommutationSource;
 4696              		.loc 1 1928 17 view .LVU1358
 4697 003c 4168     		ldr	r1, [r0, #4]
1928:Drivers/STM32F3xx_HAL_Driver/Src/stm32f3xx_hal_tim_ex.c ****   htim->Instance->CR2 |= CommutationSource;
 4698              		.loc 1 1928 23 view .LVU1359
 4699 003e 21F00401 		bic	r1, r1, #4
 4700 0042 4160     		str	r1, [r0, #4]
1929:Drivers/STM32F3xx_HAL_Driver/Src/stm32f3xx_hal_tim_ex.c **** 
 4701              		.loc 1 1929 3 is_stmt 1 view .LVU1360
1929:Drivers/STM32F3xx_HAL_Driver/Src/stm32f3xx_hal_tim_ex.c **** 
 4702              		.loc 1 1929 7 is_stmt 0 view .LVU1361
 4703 0044 1868     		ldr	r0, [r3]
1929:Drivers/STM32F3xx_HAL_Driver/Src/stm32f3xx_hal_tim_ex.c **** 
 4704              		.loc 1 1929 17 view .LVU1362
 4705 0046 4168     		ldr	r1, [r0, #4]
1929:Drivers/STM32F3xx_HAL_Driver/Src/stm32f3xx_hal_tim_ex.c **** 
 4706              		.loc 1 1929 23 view .LVU1363
 4707 0048 0A43     		orrs	r2, r2, r1
 4708              	.LVL327:
1929:Drivers/STM32F3xx_HAL_Driver/Src/stm32f3xx_hal_tim_ex.c **** 
 4709              		.loc 1 1929 23 view .LVU1364
 4710 004a 4260     		str	r2, [r0, #4]
1933:Drivers/STM32F3xx_HAL_Driver/Src/stm32f3xx_hal_tim_ex.c ****   htim->hdma[TIM_DMA_ID_COMMUTATION]->XferHalfCpltCallback = TIMEx_DMACommutationHalfCplt;
 4711              		.loc 1 1933 3 is_stmt 1 view .LVU1365
1933:Drivers/STM32F3xx_HAL_Driver/Src/stm32f3xx_hal_tim_ex.c ****   htim->hdma[TIM_DMA_ID_COMMUTATION]->XferHalfCpltCallback = TIMEx_DMACommutationHalfCplt;
 4712              		.loc 1 1933 13 is_stmt 0 view .LVU1366
 4713 004c 5A6B     		ldr	r2, [r3, #52]
1933:Drivers/STM32F3xx_HAL_Driver/Src/stm32f3xx_hal_tim_ex.c ****   htim->hdma[TIM_DMA_ID_COMMUTATION]->XferHalfCpltCallback = TIMEx_DMACommutationHalfCplt;
 4714              		.loc 1 1933 56 view .LVU1367
 4715 004e 0E49     		ldr	r1, .L390
 4716 0050 9162     		str	r1, [r2, #40]
1934:Drivers/STM32F3xx_HAL_Driver/Src/stm32f3xx_hal_tim_ex.c ****   /* Set the DMA error callback */
 4717              		.loc 1 1934 3 is_stmt 1 view .LVU1368
1934:Drivers/STM32F3xx_HAL_Driver/Src/stm32f3xx_hal_tim_ex.c ****   /* Set the DMA error callback */
 4718              		.loc 1 1934 13 is_stmt 0 view .LVU1369
 4719 0052 5A6B     		ldr	r2, [r3, #52]
1934:Drivers/STM32F3xx_HAL_Driver/Src/stm32f3xx_hal_tim_ex.c ****   /* Set the DMA error callback */
 4720              		.loc 1 1934 60 view .LVU1370
 4721 0054 0D49     		ldr	r1, .L390+4
 4722 0056 D162     		str	r1, [r2, #44]
1936:Drivers/STM32F3xx_HAL_Driver/Src/stm32f3xx_hal_tim_ex.c **** 
 4723              		.loc 1 1936 3 is_stmt 1 view .LVU1371
1936:Drivers/STM32F3xx_HAL_Driver/Src/stm32f3xx_hal_tim_ex.c **** 
 4724              		.loc 1 1936 13 is_stmt 0 view .LVU1372
 4725 0058 5A6B     		ldr	r2, [r3, #52]
1936:Drivers/STM32F3xx_HAL_Driver/Src/stm32f3xx_hal_tim_ex.c **** 
 4726              		.loc 1 1936 57 view .LVU1373
 4727 005a 0D49     		ldr	r1, .L390+8
 4728 005c 1163     		str	r1, [r2, #48]
ARM GAS  C:\Users\nakas\AppData\Local\Temp\ccLYSQiW.s 			page 151


1939:Drivers/STM32F3xx_HAL_Driver/Src/stm32f3xx_hal_tim_ex.c **** 
 4729              		.loc 1 1939 3 is_stmt 1 view .LVU1374
 4730 005e 1968     		ldr	r1, [r3]
 4731 0060 CA68     		ldr	r2, [r1, #12]
 4732 0062 22F02002 		bic	r2, r2, #32
 4733 0066 CA60     		str	r2, [r1, #12]
1942:Drivers/STM32F3xx_HAL_Driver/Src/stm32f3xx_hal_tim_ex.c **** 
 4734              		.loc 1 1942 3 view .LVU1375
 4735 0068 1968     		ldr	r1, [r3]
 4736 006a CA68     		ldr	r2, [r1, #12]
 4737 006c 42F40052 		orr	r2, r2, #8192
 4738 0070 CA60     		str	r2, [r1, #12]
1944:Drivers/STM32F3xx_HAL_Driver/Src/stm32f3xx_hal_tim_ex.c **** 
 4739              		.loc 1 1944 3 view .LVU1376
1944:Drivers/STM32F3xx_HAL_Driver/Src/stm32f3xx_hal_tim_ex.c **** 
 4740              		.loc 1 1944 3 view .LVU1377
 4741 0072 0020     		movs	r0, #0
 4742 0074 83F83C00 		strb	r0, [r3, #60]
1944:Drivers/STM32F3xx_HAL_Driver/Src/stm32f3xx_hal_tim_ex.c **** 
 4743              		.loc 1 1944 3 view .LVU1378
1946:Drivers/STM32F3xx_HAL_Driver/Src/stm32f3xx_hal_tim_ex.c **** }
 4744              		.loc 1 1946 3 view .LVU1379
1947:Drivers/STM32F3xx_HAL_Driver/Src/stm32f3xx_hal_tim_ex.c **** 
 4745              		.loc 1 1947 1 is_stmt 0 view .LVU1380
 4746 0078 5DF8044B 		ldr	r4, [sp], #4
 4747 007c 7047     		bx	lr
 4748              	.LVL328:
 4749              	.L383:
1947:Drivers/STM32F3xx_HAL_Driver/Src/stm32f3xx_hal_tim_ex.c **** 
 4750              		.loc 1 1947 1 view .LVU1381
 4751 007e 3029     		cmp	r1, #48
 4752 0080 D6D1     		bne	.L384
 4753 0082 CCE7     		b	.L382
 4754              	.L385:
 4755              	.LCFI35:
 4756              		.cfi_def_cfa_offset 0
 4757              		.cfi_restore 4
1915:Drivers/STM32F3xx_HAL_Driver/Src/stm32f3xx_hal_tim_ex.c **** 
 4758              		.loc 1 1915 3 discriminator 1 view .LVU1382
 4759 0084 0220     		movs	r0, #2
1947:Drivers/STM32F3xx_HAL_Driver/Src/stm32f3xx_hal_tim_ex.c **** 
 4760              		.loc 1 1947 1 view .LVU1383
 4761 0086 7047     		bx	lr
 4762              	.L391:
 4763              		.align	2
 4764              	.L390:
 4765 0088 00000000 		.word	TIMEx_DMACommutationCplt
 4766 008c 00000000 		.word	TIMEx_DMACommutationHalfCplt
 4767 0090 00000000 		.word	TIM_DMAError
 4768              		.cfi_endproc
 4769              	.LFE151:
 4771              		.section	.text.HAL_TIMEx_MasterConfigSynchronization,"ax",%progbits
 4772              		.align	1
 4773              		.global	HAL_TIMEx_MasterConfigSynchronization
 4774              		.syntax unified
 4775              		.thumb
 4776              		.thumb_func
ARM GAS  C:\Users\nakas\AppData\Local\Temp\ccLYSQiW.s 			page 152


 4778              	HAL_TIMEx_MasterConfigSynchronization:
 4779              	.LVL329:
 4780              	.LFB152:
1959:Drivers/STM32F3xx_HAL_Driver/Src/stm32f3xx_hal_tim_ex.c ****   uint32_t tmpcr2;
 4781              		.loc 1 1959 1 is_stmt 1 view -0
 4782              		.cfi_startproc
 4783              		@ args = 0, pretend = 0, frame = 0
 4784              		@ frame_needed = 0, uses_anonymous_args = 0
 4785              		@ link register save eliminated.
1960:Drivers/STM32F3xx_HAL_Driver/Src/stm32f3xx_hal_tim_ex.c ****   uint32_t tmpsmcr;
 4786              		.loc 1 1960 3 view .LVU1385
1961:Drivers/STM32F3xx_HAL_Driver/Src/stm32f3xx_hal_tim_ex.c **** 
 4787              		.loc 1 1961 3 view .LVU1386
1964:Drivers/STM32F3xx_HAL_Driver/Src/stm32f3xx_hal_tim_ex.c ****   assert_param(IS_TIM_TRGO_SOURCE(sMasterConfig->MasterOutputTrigger));
 4788              		.loc 1 1964 3 view .LVU1387
1965:Drivers/STM32F3xx_HAL_Driver/Src/stm32f3xx_hal_tim_ex.c ****   assert_param(IS_TIM_MSM_STATE(sMasterConfig->MasterSlaveMode));
 4789              		.loc 1 1965 3 view .LVU1388
1966:Drivers/STM32F3xx_HAL_Driver/Src/stm32f3xx_hal_tim_ex.c **** 
 4790              		.loc 1 1966 3 view .LVU1389
1969:Drivers/STM32F3xx_HAL_Driver/Src/stm32f3xx_hal_tim_ex.c **** 
 4791              		.loc 1 1969 3 view .LVU1390
1969:Drivers/STM32F3xx_HAL_Driver/Src/stm32f3xx_hal_tim_ex.c **** 
 4792              		.loc 1 1969 3 view .LVU1391
 4793 0000 90F83C20 		ldrb	r2, [r0, #60]	@ zero_extendqisi2
 4794 0004 012A     		cmp	r2, #1
 4795 0006 33D0     		beq	.L397
1959:Drivers/STM32F3xx_HAL_Driver/Src/stm32f3xx_hal_tim_ex.c ****   uint32_t tmpcr2;
 4796              		.loc 1 1959 1 is_stmt 0 view .LVU1392
 4797 0008 30B4     		push	{r4, r5}
 4798              	.LCFI36:
 4799              		.cfi_def_cfa_offset 8
 4800              		.cfi_offset 4, -8
 4801              		.cfi_offset 5, -4
 4802 000a 0346     		mov	r3, r0
1969:Drivers/STM32F3xx_HAL_Driver/Src/stm32f3xx_hal_tim_ex.c **** 
 4803              		.loc 1 1969 3 is_stmt 1 discriminator 2 view .LVU1393
 4804 000c 0122     		movs	r2, #1
 4805 000e 80F83C20 		strb	r2, [r0, #60]
1969:Drivers/STM32F3xx_HAL_Driver/Src/stm32f3xx_hal_tim_ex.c **** 
 4806              		.loc 1 1969 3 view .LVU1394
1972:Drivers/STM32F3xx_HAL_Driver/Src/stm32f3xx_hal_tim_ex.c **** 
 4807              		.loc 1 1972 3 view .LVU1395
1972:Drivers/STM32F3xx_HAL_Driver/Src/stm32f3xx_hal_tim_ex.c **** 
 4808              		.loc 1 1972 15 is_stmt 0 view .LVU1396
 4809 0012 0222     		movs	r2, #2
 4810 0014 80F83D20 		strb	r2, [r0, #61]
1975:Drivers/STM32F3xx_HAL_Driver/Src/stm32f3xx_hal_tim_ex.c **** 
 4811              		.loc 1 1975 3 is_stmt 1 view .LVU1397
1975:Drivers/STM32F3xx_HAL_Driver/Src/stm32f3xx_hal_tim_ex.c **** 
 4812              		.loc 1 1975 16 is_stmt 0 view .LVU1398
 4813 0018 0068     		ldr	r0, [r0]
 4814              	.LVL330:
1975:Drivers/STM32F3xx_HAL_Driver/Src/stm32f3xx_hal_tim_ex.c **** 
 4815              		.loc 1 1975 10 view .LVU1399
 4816 001a 4268     		ldr	r2, [r0, #4]
 4817              	.LVL331:
1978:Drivers/STM32F3xx_HAL_Driver/Src/stm32f3xx_hal_tim_ex.c **** 
ARM GAS  C:\Users\nakas\AppData\Local\Temp\ccLYSQiW.s 			page 153


 4818              		.loc 1 1978 3 is_stmt 1 view .LVU1400
1978:Drivers/STM32F3xx_HAL_Driver/Src/stm32f3xx_hal_tim_ex.c **** 
 4819              		.loc 1 1978 11 is_stmt 0 view .LVU1401
 4820 001c 8468     		ldr	r4, [r0, #8]
 4821              	.LVL332:
1982:Drivers/STM32F3xx_HAL_Driver/Src/stm32f3xx_hal_tim_ex.c ****   {
 4822              		.loc 1 1982 3 is_stmt 1 view .LVU1402
1982:Drivers/STM32F3xx_HAL_Driver/Src/stm32f3xx_hal_tim_ex.c ****   {
 4823              		.loc 1 1982 6 is_stmt 0 view .LVU1403
 4824 001e 154D     		ldr	r5, .L403
 4825 0020 A842     		cmp	r0, r5
 4826 0022 20D0     		beq	.L402
 4827              	.LVL333:
 4828              	.L394:
1995:Drivers/STM32F3xx_HAL_Driver/Src/stm32f3xx_hal_tim_ex.c ****   /* Select the TRGO source */
 4829              		.loc 1 1995 3 is_stmt 1 view .LVU1404
1995:Drivers/STM32F3xx_HAL_Driver/Src/stm32f3xx_hal_tim_ex.c ****   /* Select the TRGO source */
 4830              		.loc 1 1995 10 is_stmt 0 view .LVU1405
 4831 0024 22F07002 		bic	r2, r2, #112
 4832              	.LVL334:
1997:Drivers/STM32F3xx_HAL_Driver/Src/stm32f3xx_hal_tim_ex.c **** 
 4833              		.loc 1 1997 3 is_stmt 1 view .LVU1406
1997:Drivers/STM32F3xx_HAL_Driver/Src/stm32f3xx_hal_tim_ex.c **** 
 4834              		.loc 1 1997 10 is_stmt 0 view .LVU1407
 4835 0028 0D68     		ldr	r5, [r1]
 4836 002a 2A43     		orrs	r2, r2, r5
 4837              	.LVL335:
2000:Drivers/STM32F3xx_HAL_Driver/Src/stm32f3xx_hal_tim_ex.c **** 
 4838              		.loc 1 2000 3 is_stmt 1 view .LVU1408
2000:Drivers/STM32F3xx_HAL_Driver/Src/stm32f3xx_hal_tim_ex.c **** 
 4839              		.loc 1 2000 23 is_stmt 0 view .LVU1409
 4840 002c 4260     		str	r2, [r0, #4]
2002:Drivers/STM32F3xx_HAL_Driver/Src/stm32f3xx_hal_tim_ex.c ****   {
 4841              		.loc 1 2002 3 is_stmt 1 view .LVU1410
2002:Drivers/STM32F3xx_HAL_Driver/Src/stm32f3xx_hal_tim_ex.c ****   {
 4842              		.loc 1 2002 7 is_stmt 0 view .LVU1411
 4843 002e 1A68     		ldr	r2, [r3]
 4844              	.LVL336:
2002:Drivers/STM32F3xx_HAL_Driver/Src/stm32f3xx_hal_tim_ex.c ****   {
 4845              		.loc 1 2002 6 view .LVU1412
 4846 0030 1048     		ldr	r0, .L403
 4847              	.LVL337:
2002:Drivers/STM32F3xx_HAL_Driver/Src/stm32f3xx_hal_tim_ex.c ****   {
 4848              		.loc 1 2002 6 view .LVU1413
 4849 0032 8242     		cmp	r2, r0
 4850 0034 0AD0     		beq	.L395
2002:Drivers/STM32F3xx_HAL_Driver/Src/stm32f3xx_hal_tim_ex.c ****   {
 4851              		.loc 1 2002 7 discriminator 1 view .LVU1414
 4852 0036 B2F1804F 		cmp	r2, #1073741824
 4853 003a 07D0     		beq	.L395
2002:Drivers/STM32F3xx_HAL_Driver/Src/stm32f3xx_hal_tim_ex.c ****   {
 4854              		.loc 1 2002 7 discriminator 2 view .LVU1415
 4855 003c A0F59430 		sub	r0, r0, #75776
 4856 0040 8242     		cmp	r2, r0
 4857 0042 03D0     		beq	.L395
2002:Drivers/STM32F3xx_HAL_Driver/Src/stm32f3xx_hal_tim_ex.c ****   {
 4858              		.loc 1 2002 7 discriminator 3 view .LVU1416
ARM GAS  C:\Users\nakas\AppData\Local\Temp\ccLYSQiW.s 			page 154


 4859 0044 00F59E30 		add	r0, r0, #80896
 4860 0048 8242     		cmp	r2, r0
 4861 004a 04D1     		bne	.L396
 4862              	.L395:
2005:Drivers/STM32F3xx_HAL_Driver/Src/stm32f3xx_hal_tim_ex.c ****     /* Set master mode */
 4863              		.loc 1 2005 5 is_stmt 1 view .LVU1417
2005:Drivers/STM32F3xx_HAL_Driver/Src/stm32f3xx_hal_tim_ex.c ****     /* Set master mode */
 4864              		.loc 1 2005 13 is_stmt 0 view .LVU1418
 4865 004c 24F08004 		bic	r4, r4, #128
 4866              	.LVL338:
2007:Drivers/STM32F3xx_HAL_Driver/Src/stm32f3xx_hal_tim_ex.c **** 
 4867              		.loc 1 2007 5 is_stmt 1 view .LVU1419
2007:Drivers/STM32F3xx_HAL_Driver/Src/stm32f3xx_hal_tim_ex.c **** 
 4868              		.loc 1 2007 29 is_stmt 0 view .LVU1420
 4869 0050 8968     		ldr	r1, [r1, #8]
 4870              	.LVL339:
2007:Drivers/STM32F3xx_HAL_Driver/Src/stm32f3xx_hal_tim_ex.c **** 
 4871              		.loc 1 2007 13 view .LVU1421
 4872 0052 2143     		orrs	r1, r1, r4
 4873              	.LVL340:
2010:Drivers/STM32F3xx_HAL_Driver/Src/stm32f3xx_hal_tim_ex.c ****   }
 4874              		.loc 1 2010 5 is_stmt 1 view .LVU1422
2010:Drivers/STM32F3xx_HAL_Driver/Src/stm32f3xx_hal_tim_ex.c ****   }
 4875              		.loc 1 2010 26 is_stmt 0 view .LVU1423
 4876 0054 9160     		str	r1, [r2, #8]
 4877              	.LVL341:
 4878              	.L396:
2014:Drivers/STM32F3xx_HAL_Driver/Src/stm32f3xx_hal_tim_ex.c **** 
 4879              		.loc 1 2014 3 is_stmt 1 view .LVU1424
2014:Drivers/STM32F3xx_HAL_Driver/Src/stm32f3xx_hal_tim_ex.c **** 
 4880              		.loc 1 2014 15 is_stmt 0 view .LVU1425
 4881 0056 0122     		movs	r2, #1
 4882 0058 83F83D20 		strb	r2, [r3, #61]
2016:Drivers/STM32F3xx_HAL_Driver/Src/stm32f3xx_hal_tim_ex.c **** 
 4883              		.loc 1 2016 3 is_stmt 1 view .LVU1426
2016:Drivers/STM32F3xx_HAL_Driver/Src/stm32f3xx_hal_tim_ex.c **** 
 4884              		.loc 1 2016 3 view .LVU1427
 4885 005c 0020     		movs	r0, #0
 4886 005e 83F83C00 		strb	r0, [r3, #60]
2016:Drivers/STM32F3xx_HAL_Driver/Src/stm32f3xx_hal_tim_ex.c **** 
 4887              		.loc 1 2016 3 view .LVU1428
2018:Drivers/STM32F3xx_HAL_Driver/Src/stm32f3xx_hal_tim_ex.c **** }
 4888              		.loc 1 2018 3 view .LVU1429
2019:Drivers/STM32F3xx_HAL_Driver/Src/stm32f3xx_hal_tim_ex.c **** 
 4889              		.loc 1 2019 1 is_stmt 0 view .LVU1430
 4890 0062 30BC     		pop	{r4, r5}
 4891              	.LCFI37:
 4892              		.cfi_remember_state
 4893              		.cfi_restore 5
 4894              		.cfi_restore 4
 4895              		.cfi_def_cfa_offset 0
 4896 0064 7047     		bx	lr
 4897              	.LVL342:
 4898              	.L402:
 4899              	.LCFI38:
 4900              		.cfi_restore_state
1985:Drivers/STM32F3xx_HAL_Driver/Src/stm32f3xx_hal_tim_ex.c **** 
ARM GAS  C:\Users\nakas\AppData\Local\Temp\ccLYSQiW.s 			page 155


 4901              		.loc 1 1985 5 is_stmt 1 view .LVU1431
1988:Drivers/STM32F3xx_HAL_Driver/Src/stm32f3xx_hal_tim_ex.c ****     /* Select the TRGO2 source*/
 4902              		.loc 1 1988 5 view .LVU1432
1988:Drivers/STM32F3xx_HAL_Driver/Src/stm32f3xx_hal_tim_ex.c ****     /* Select the TRGO2 source*/
 4903              		.loc 1 1988 12 is_stmt 0 view .LVU1433
 4904 0066 22F47002 		bic	r2, r2, #15728640
 4905              	.LVL343:
1990:Drivers/STM32F3xx_HAL_Driver/Src/stm32f3xx_hal_tim_ex.c ****   }
 4906              		.loc 1 1990 5 is_stmt 1 view .LVU1434
1990:Drivers/STM32F3xx_HAL_Driver/Src/stm32f3xx_hal_tim_ex.c ****   }
 4907              		.loc 1 1990 28 is_stmt 0 view .LVU1435
 4908 006a 4D68     		ldr	r5, [r1, #4]
1990:Drivers/STM32F3xx_HAL_Driver/Src/stm32f3xx_hal_tim_ex.c ****   }
 4909              		.loc 1 1990 12 view .LVU1436
 4910 006c 2A43     		orrs	r2, r2, r5
 4911              	.LVL344:
1990:Drivers/STM32F3xx_HAL_Driver/Src/stm32f3xx_hal_tim_ex.c ****   }
 4912              		.loc 1 1990 12 view .LVU1437
 4913 006e D9E7     		b	.L394
 4914              	.LVL345:
 4915              	.L397:
 4916              	.LCFI39:
 4917              		.cfi_def_cfa_offset 0
 4918              		.cfi_restore 4
 4919              		.cfi_restore 5
1969:Drivers/STM32F3xx_HAL_Driver/Src/stm32f3xx_hal_tim_ex.c **** 
 4920              		.loc 1 1969 3 discriminator 1 view .LVU1438
 4921 0070 0220     		movs	r0, #2
 4922              	.LVL346:
2019:Drivers/STM32F3xx_HAL_Driver/Src/stm32f3xx_hal_tim_ex.c **** 
 4923              		.loc 1 2019 1 view .LVU1439
 4924 0072 7047     		bx	lr
 4925              	.L404:
 4926              		.align	2
 4927              	.L403:
 4928 0074 002C0140 		.word	1073818624
 4929              		.cfi_endproc
 4930              	.LFE152:
 4932              		.section	.text.HAL_TIMEx_ConfigBreakDeadTime,"ax",%progbits
 4933              		.align	1
 4934              		.global	HAL_TIMEx_ConfigBreakDeadTime
 4935              		.syntax unified
 4936              		.thumb
 4937              		.thumb_func
 4939              	HAL_TIMEx_ConfigBreakDeadTime:
 4940              	.LVL347:
 4941              	.LFB153:
2034:Drivers/STM32F3xx_HAL_Driver/Src/stm32f3xx_hal_tim_ex.c ****   /* Keep this variable initialized to 0 as it is used to configure BDTR register */
 4942              		.loc 1 2034 1 is_stmt 1 view -0
 4943              		.cfi_startproc
 4944              		@ args = 0, pretend = 0, frame = 0
 4945              		@ frame_needed = 0, uses_anonymous_args = 0
 4946              		@ link register save eliminated.
2036:Drivers/STM32F3xx_HAL_Driver/Src/stm32f3xx_hal_tim_ex.c **** 
 4947              		.loc 1 2036 3 view .LVU1441
2039:Drivers/STM32F3xx_HAL_Driver/Src/stm32f3xx_hal_tim_ex.c ****   assert_param(IS_TIM_OSSR_STATE(sBreakDeadTimeConfig->OffStateRunMode));
 4948              		.loc 1 2039 3 view .LVU1442
ARM GAS  C:\Users\nakas\AppData\Local\Temp\ccLYSQiW.s 			page 156


2040:Drivers/STM32F3xx_HAL_Driver/Src/stm32f3xx_hal_tim_ex.c ****   assert_param(IS_TIM_OSSI_STATE(sBreakDeadTimeConfig->OffStateIDLEMode));
 4949              		.loc 1 2040 3 view .LVU1443
2041:Drivers/STM32F3xx_HAL_Driver/Src/stm32f3xx_hal_tim_ex.c ****   assert_param(IS_TIM_LOCK_LEVEL(sBreakDeadTimeConfig->LockLevel));
 4950              		.loc 1 2041 3 view .LVU1444
2042:Drivers/STM32F3xx_HAL_Driver/Src/stm32f3xx_hal_tim_ex.c ****   assert_param(IS_TIM_DEADTIME(sBreakDeadTimeConfig->DeadTime));
 4951              		.loc 1 2042 3 view .LVU1445
2043:Drivers/STM32F3xx_HAL_Driver/Src/stm32f3xx_hal_tim_ex.c ****   assert_param(IS_TIM_BREAK_STATE(sBreakDeadTimeConfig->BreakState));
 4952              		.loc 1 2043 3 view .LVU1446
2044:Drivers/STM32F3xx_HAL_Driver/Src/stm32f3xx_hal_tim_ex.c ****   assert_param(IS_TIM_BREAK_POLARITY(sBreakDeadTimeConfig->BreakPolarity));
 4953              		.loc 1 2044 3 view .LVU1447
2045:Drivers/STM32F3xx_HAL_Driver/Src/stm32f3xx_hal_tim_ex.c **** #if defined(TIM_BDTR_BKF)
 4954              		.loc 1 2045 3 view .LVU1448
2047:Drivers/STM32F3xx_HAL_Driver/Src/stm32f3xx_hal_tim_ex.c **** #endif /* TIM_BDTR_BKF */
 4955              		.loc 1 2047 3 view .LVU1449
2049:Drivers/STM32F3xx_HAL_Driver/Src/stm32f3xx_hal_tim_ex.c **** 
 4956              		.loc 1 2049 3 view .LVU1450
2052:Drivers/STM32F3xx_HAL_Driver/Src/stm32f3xx_hal_tim_ex.c **** 
 4957              		.loc 1 2052 3 view .LVU1451
2052:Drivers/STM32F3xx_HAL_Driver/Src/stm32f3xx_hal_tim_ex.c **** 
 4958              		.loc 1 2052 3 view .LVU1452
 4959 0000 90F83C30 		ldrb	r3, [r0, #60]	@ zero_extendqisi2
 4960 0004 012B     		cmp	r3, #1
 4961 0006 3BD0     		beq	.L408
2034:Drivers/STM32F3xx_HAL_Driver/Src/stm32f3xx_hal_tim_ex.c ****   /* Keep this variable initialized to 0 as it is used to configure BDTR register */
 4962              		.loc 1 2034 1 is_stmt 0 view .LVU1453
 4963 0008 10B4     		push	{r4}
 4964              	.LCFI40:
 4965              		.cfi_def_cfa_offset 4
 4966              		.cfi_offset 4, -4
 4967 000a 0246     		mov	r2, r0
2052:Drivers/STM32F3xx_HAL_Driver/Src/stm32f3xx_hal_tim_ex.c **** 
 4968              		.loc 1 2052 3 is_stmt 1 discriminator 2 view .LVU1454
 4969 000c 0123     		movs	r3, #1
 4970 000e 80F83C30 		strb	r3, [r0, #60]
2052:Drivers/STM32F3xx_HAL_Driver/Src/stm32f3xx_hal_tim_ex.c **** 
 4971              		.loc 1 2052 3 view .LVU1455
2058:Drivers/STM32F3xx_HAL_Driver/Src/stm32f3xx_hal_tim_ex.c ****   MODIFY_REG(tmpbdtr, TIM_BDTR_LOCK, sBreakDeadTimeConfig->LockLevel);
 4972              		.loc 1 2058 3 view .LVU1456
 4973 0012 CB68     		ldr	r3, [r1, #12]
 4974              	.LVL348:
2059:Drivers/STM32F3xx_HAL_Driver/Src/stm32f3xx_hal_tim_ex.c ****   MODIFY_REG(tmpbdtr, TIM_BDTR_OSSI, sBreakDeadTimeConfig->OffStateIDLEMode);
 4975              		.loc 1 2059 3 view .LVU1457
 4976 0014 23F44073 		bic	r3, r3, #768
 4977              	.LVL349:
2059:Drivers/STM32F3xx_HAL_Driver/Src/stm32f3xx_hal_tim_ex.c ****   MODIFY_REG(tmpbdtr, TIM_BDTR_OSSI, sBreakDeadTimeConfig->OffStateIDLEMode);
 4978              		.loc 1 2059 3 is_stmt 0 view .LVU1458
 4979 0018 8868     		ldr	r0, [r1, #8]
 4980              	.LVL350:
2059:Drivers/STM32F3xx_HAL_Driver/Src/stm32f3xx_hal_tim_ex.c ****   MODIFY_REG(tmpbdtr, TIM_BDTR_OSSI, sBreakDeadTimeConfig->OffStateIDLEMode);
 4981              		.loc 1 2059 3 view .LVU1459
 4982 001a 0343     		orrs	r3, r3, r0
 4983              	.LVL351:
2060:Drivers/STM32F3xx_HAL_Driver/Src/stm32f3xx_hal_tim_ex.c ****   MODIFY_REG(tmpbdtr, TIM_BDTR_OSSR, sBreakDeadTimeConfig->OffStateRunMode);
 4984              		.loc 1 2060 3 is_stmt 1 view .LVU1460
 4985 001c 23F48063 		bic	r3, r3, #1024
 4986              	.LVL352:
2060:Drivers/STM32F3xx_HAL_Driver/Src/stm32f3xx_hal_tim_ex.c ****   MODIFY_REG(tmpbdtr, TIM_BDTR_OSSR, sBreakDeadTimeConfig->OffStateRunMode);
ARM GAS  C:\Users\nakas\AppData\Local\Temp\ccLYSQiW.s 			page 157


 4987              		.loc 1 2060 3 is_stmt 0 view .LVU1461
 4988 0020 4868     		ldr	r0, [r1, #4]
 4989              	.LVL353:
2060:Drivers/STM32F3xx_HAL_Driver/Src/stm32f3xx_hal_tim_ex.c ****   MODIFY_REG(tmpbdtr, TIM_BDTR_OSSR, sBreakDeadTimeConfig->OffStateRunMode);
 4990              		.loc 1 2060 3 view .LVU1462
 4991 0022 0343     		orrs	r3, r3, r0
 4992              	.LVL354:
2061:Drivers/STM32F3xx_HAL_Driver/Src/stm32f3xx_hal_tim_ex.c ****   MODIFY_REG(tmpbdtr, TIM_BDTR_BKE, sBreakDeadTimeConfig->BreakState);
 4993              		.loc 1 2061 3 is_stmt 1 view .LVU1463
 4994 0024 23F40063 		bic	r3, r3, #2048
 4995              	.LVL355:
2061:Drivers/STM32F3xx_HAL_Driver/Src/stm32f3xx_hal_tim_ex.c ****   MODIFY_REG(tmpbdtr, TIM_BDTR_BKE, sBreakDeadTimeConfig->BreakState);
 4996              		.loc 1 2061 3 is_stmt 0 view .LVU1464
 4997 0028 0868     		ldr	r0, [r1]
 4998              	.LVL356:
2061:Drivers/STM32F3xx_HAL_Driver/Src/stm32f3xx_hal_tim_ex.c ****   MODIFY_REG(tmpbdtr, TIM_BDTR_BKE, sBreakDeadTimeConfig->BreakState);
 4999              		.loc 1 2061 3 view .LVU1465
 5000 002a 0343     		orrs	r3, r3, r0
 5001              	.LVL357:
2062:Drivers/STM32F3xx_HAL_Driver/Src/stm32f3xx_hal_tim_ex.c ****   MODIFY_REG(tmpbdtr, TIM_BDTR_BKP, sBreakDeadTimeConfig->BreakPolarity);
 5002              		.loc 1 2062 3 is_stmt 1 view .LVU1466
 5003 002c 23F48053 		bic	r3, r3, #4096
 5004              	.LVL358:
2062:Drivers/STM32F3xx_HAL_Driver/Src/stm32f3xx_hal_tim_ex.c ****   MODIFY_REG(tmpbdtr, TIM_BDTR_BKP, sBreakDeadTimeConfig->BreakPolarity);
 5005              		.loc 1 2062 3 is_stmt 0 view .LVU1467
 5006 0030 0869     		ldr	r0, [r1, #16]
 5007              	.LVL359:
2062:Drivers/STM32F3xx_HAL_Driver/Src/stm32f3xx_hal_tim_ex.c ****   MODIFY_REG(tmpbdtr, TIM_BDTR_BKP, sBreakDeadTimeConfig->BreakPolarity);
 5008              		.loc 1 2062 3 view .LVU1468
 5009 0032 0343     		orrs	r3, r3, r0
 5010              	.LVL360:
2063:Drivers/STM32F3xx_HAL_Driver/Src/stm32f3xx_hal_tim_ex.c ****   MODIFY_REG(tmpbdtr, TIM_BDTR_AOE, sBreakDeadTimeConfig->AutomaticOutput);
 5011              		.loc 1 2063 3 is_stmt 1 view .LVU1469
 5012 0034 23F40053 		bic	r3, r3, #8192
 5013              	.LVL361:
2063:Drivers/STM32F3xx_HAL_Driver/Src/stm32f3xx_hal_tim_ex.c ****   MODIFY_REG(tmpbdtr, TIM_BDTR_AOE, sBreakDeadTimeConfig->AutomaticOutput);
 5014              		.loc 1 2063 3 is_stmt 0 view .LVU1470
 5015 0038 4869     		ldr	r0, [r1, #20]
 5016              	.LVL362:
2063:Drivers/STM32F3xx_HAL_Driver/Src/stm32f3xx_hal_tim_ex.c ****   MODIFY_REG(tmpbdtr, TIM_BDTR_AOE, sBreakDeadTimeConfig->AutomaticOutput);
 5017              		.loc 1 2063 3 view .LVU1471
 5018 003a 0343     		orrs	r3, r3, r0
 5019              	.LVL363:
2064:Drivers/STM32F3xx_HAL_Driver/Src/stm32f3xx_hal_tim_ex.c **** #if defined(TIM_BDTR_BKF)
 5020              		.loc 1 2064 3 is_stmt 1 view .LVU1472
 5021 003c 23F48043 		bic	r3, r3, #16384
 5022              	.LVL364:
2064:Drivers/STM32F3xx_HAL_Driver/Src/stm32f3xx_hal_tim_ex.c **** #if defined(TIM_BDTR_BKF)
 5023              		.loc 1 2064 3 is_stmt 0 view .LVU1473
 5024 0040 886A     		ldr	r0, [r1, #40]
 5025              	.LVL365:
2064:Drivers/STM32F3xx_HAL_Driver/Src/stm32f3xx_hal_tim_ex.c **** #if defined(TIM_BDTR_BKF)
 5026              		.loc 1 2064 3 view .LVU1474
 5027 0042 0343     		orrs	r3, r3, r0
 5028              	.LVL366:
2066:Drivers/STM32F3xx_HAL_Driver/Src/stm32f3xx_hal_tim_ex.c **** #endif /* TIM_BDTR_BKF */
 5029              		.loc 1 2066 3 is_stmt 1 view .LVU1475
ARM GAS  C:\Users\nakas\AppData\Local\Temp\ccLYSQiW.s 			page 158


 5030 0044 23F47023 		bic	r3, r3, #983040
 5031              	.LVL367:
2066:Drivers/STM32F3xx_HAL_Driver/Src/stm32f3xx_hal_tim_ex.c **** #endif /* TIM_BDTR_BKF */
 5032              		.loc 1 2066 3 is_stmt 0 view .LVU1476
 5033 0048 8869     		ldr	r0, [r1, #24]
 5034              	.LVL368:
2066:Drivers/STM32F3xx_HAL_Driver/Src/stm32f3xx_hal_tim_ex.c **** #endif /* TIM_BDTR_BKF */
 5035              		.loc 1 2066 3 view .LVU1477
 5036 004a 43EA0043 		orr	r3, r3, r0, lsl #16
 5037              	.LVL369:
2070:Drivers/STM32F3xx_HAL_Driver/Src/stm32f3xx_hal_tim_ex.c ****   {
 5038              		.loc 1 2070 3 is_stmt 1 view .LVU1478
2070:Drivers/STM32F3xx_HAL_Driver/Src/stm32f3xx_hal_tim_ex.c ****   {
 5039              		.loc 1 2070 7 is_stmt 0 view .LVU1479
 5040 004e 1068     		ldr	r0, [r2]
2070:Drivers/STM32F3xx_HAL_Driver/Src/stm32f3xx_hal_tim_ex.c ****   {
 5041              		.loc 1 2070 6 view .LVU1480
 5042 0050 0C4C     		ldr	r4, .L414
 5043 0052 A042     		cmp	r0, r4
 5044 0054 06D0     		beq	.L413
 5045              	.LVL370:
 5046              	.L407:
2085:Drivers/STM32F3xx_HAL_Driver/Src/stm32f3xx_hal_tim_ex.c **** 
 5047              		.loc 1 2085 3 is_stmt 1 view .LVU1481
2085:Drivers/STM32F3xx_HAL_Driver/Src/stm32f3xx_hal_tim_ex.c **** 
 5048              		.loc 1 2085 24 is_stmt 0 view .LVU1482
 5049 0056 4364     		str	r3, [r0, #68]
2087:Drivers/STM32F3xx_HAL_Driver/Src/stm32f3xx_hal_tim_ex.c **** 
 5050              		.loc 1 2087 3 is_stmt 1 view .LVU1483
2087:Drivers/STM32F3xx_HAL_Driver/Src/stm32f3xx_hal_tim_ex.c **** 
 5051              		.loc 1 2087 3 view .LVU1484
 5052 0058 0020     		movs	r0, #0
 5053 005a 82F83C00 		strb	r0, [r2, #60]
2087:Drivers/STM32F3xx_HAL_Driver/Src/stm32f3xx_hal_tim_ex.c **** 
 5054              		.loc 1 2087 3 view .LVU1485
2089:Drivers/STM32F3xx_HAL_Driver/Src/stm32f3xx_hal_tim_ex.c **** }
 5055              		.loc 1 2089 3 view .LVU1486
2090:Drivers/STM32F3xx_HAL_Driver/Src/stm32f3xx_hal_tim_ex.c **** 
 5056              		.loc 1 2090 1 is_stmt 0 view .LVU1487
 5057 005e 5DF8044B 		ldr	r4, [sp], #4
 5058 0062 7047     		bx	lr
 5059              	.LVL371:
 5060              	.L413:
2073:Drivers/STM32F3xx_HAL_Driver/Src/stm32f3xx_hal_tim_ex.c ****     assert_param(IS_TIM_BREAK2_POLARITY(sBreakDeadTimeConfig->Break2Polarity));
 5061              		.loc 1 2073 5 is_stmt 1 view .LVU1488
2074:Drivers/STM32F3xx_HAL_Driver/Src/stm32f3xx_hal_tim_ex.c ****     assert_param(IS_TIM_BREAK_FILTER(sBreakDeadTimeConfig->Break2Filter));
 5062              		.loc 1 2074 5 view .LVU1489
2075:Drivers/STM32F3xx_HAL_Driver/Src/stm32f3xx_hal_tim_ex.c **** 
 5063              		.loc 1 2075 5 view .LVU1490
2078:Drivers/STM32F3xx_HAL_Driver/Src/stm32f3xx_hal_tim_ex.c ****     MODIFY_REG(tmpbdtr, TIM_BDTR_BK2E, sBreakDeadTimeConfig->Break2State);
 5064              		.loc 1 2078 5 view .LVU1491
 5065 0064 23F47003 		bic	r3, r3, #15728640
 5066              	.LVL372:
2078:Drivers/STM32F3xx_HAL_Driver/Src/stm32f3xx_hal_tim_ex.c ****     MODIFY_REG(tmpbdtr, TIM_BDTR_BK2E, sBreakDeadTimeConfig->Break2State);
 5067              		.loc 1 2078 5 is_stmt 0 view .LVU1492
 5068 0068 4C6A     		ldr	r4, [r1, #36]
 5069 006a 43EA0453 		orr	r3, r3, r4, lsl #20
ARM GAS  C:\Users\nakas\AppData\Local\Temp\ccLYSQiW.s 			page 159


 5070              	.LVL373:
2079:Drivers/STM32F3xx_HAL_Driver/Src/stm32f3xx_hal_tim_ex.c ****     MODIFY_REG(tmpbdtr, TIM_BDTR_BK2P, sBreakDeadTimeConfig->Break2Polarity);
 5071              		.loc 1 2079 5 is_stmt 1 view .LVU1493
 5072 006e 23F08073 		bic	r3, r3, #16777216
 5073              	.LVL374:
2079:Drivers/STM32F3xx_HAL_Driver/Src/stm32f3xx_hal_tim_ex.c ****     MODIFY_REG(tmpbdtr, TIM_BDTR_BK2P, sBreakDeadTimeConfig->Break2Polarity);
 5074              		.loc 1 2079 5 is_stmt 0 view .LVU1494
 5075 0072 CC69     		ldr	r4, [r1, #28]
 5076              	.LVL375:
2079:Drivers/STM32F3xx_HAL_Driver/Src/stm32f3xx_hal_tim_ex.c ****     MODIFY_REG(tmpbdtr, TIM_BDTR_BK2P, sBreakDeadTimeConfig->Break2Polarity);
 5077              		.loc 1 2079 5 view .LVU1495
 5078 0074 2343     		orrs	r3, r3, r4
 5079              	.LVL376:
2080:Drivers/STM32F3xx_HAL_Driver/Src/stm32f3xx_hal_tim_ex.c ****   }
 5080              		.loc 1 2080 5 is_stmt 1 view .LVU1496
 5081 0076 23F00073 		bic	r3, r3, #33554432
 5082              	.LVL377:
2080:Drivers/STM32F3xx_HAL_Driver/Src/stm32f3xx_hal_tim_ex.c ****   }
 5083              		.loc 1 2080 5 is_stmt 0 view .LVU1497
 5084 007a 096A     		ldr	r1, [r1, #32]
 5085              	.LVL378:
2080:Drivers/STM32F3xx_HAL_Driver/Src/stm32f3xx_hal_tim_ex.c ****   }
 5086              		.loc 1 2080 5 view .LVU1498
 5087 007c 0B43     		orrs	r3, r3, r1
 5088 007e EAE7     		b	.L407
 5089              	.LVL379:
 5090              	.L408:
 5091              	.LCFI41:
 5092              		.cfi_def_cfa_offset 0
 5093              		.cfi_restore 4
2052:Drivers/STM32F3xx_HAL_Driver/Src/stm32f3xx_hal_tim_ex.c **** 
 5094              		.loc 1 2052 3 discriminator 1 view .LVU1499
 5095 0080 0220     		movs	r0, #2
 5096              	.LVL380:
2090:Drivers/STM32F3xx_HAL_Driver/Src/stm32f3xx_hal_tim_ex.c **** 
 5097              		.loc 1 2090 1 view .LVU1500
 5098 0082 7047     		bx	lr
 5099              	.L415:
 5100              		.align	2
 5101              	.L414:
 5102 0084 002C0140 		.word	1073818624
 5103              		.cfi_endproc
 5104              	.LFE153:
 5106              		.section	.text.HAL_TIMEx_RemapConfig,"ax",%progbits
 5107              		.align	1
 5108              		.global	HAL_TIMEx_RemapConfig
 5109              		.syntax unified
 5110              		.thumb
 5111              		.thumb_func
 5113              	HAL_TIMEx_RemapConfig:
 5114              	.LVL381:
 5115              	.LFB154:
2178:Drivers/STM32F3xx_HAL_Driver/Src/stm32f3xx_hal_tim_ex.c **** 
 5116              		.loc 1 2178 1 is_stmt 1 view -0
 5117              		.cfi_startproc
 5118              		@ args = 0, pretend = 0, frame = 0
 5119              		@ frame_needed = 0, uses_anonymous_args = 0
ARM GAS  C:\Users\nakas\AppData\Local\Temp\ccLYSQiW.s 			page 160


 5120              		@ link register save eliminated.
2181:Drivers/STM32F3xx_HAL_Driver/Src/stm32f3xx_hal_tim_ex.c **** 
 5121              		.loc 1 2181 3 view .LVU1502
2183:Drivers/STM32F3xx_HAL_Driver/Src/stm32f3xx_hal_tim_ex.c **** 
 5122              		.loc 1 2183 3 view .LVU1503
2183:Drivers/STM32F3xx_HAL_Driver/Src/stm32f3xx_hal_tim_ex.c **** 
 5123              		.loc 1 2183 3 view .LVU1504
 5124 0000 90F83C30 		ldrb	r3, [r0, #60]	@ zero_extendqisi2
 5125 0004 012B     		cmp	r3, #1
 5126 0006 09D0     		beq	.L418
2183:Drivers/STM32F3xx_HAL_Driver/Src/stm32f3xx_hal_tim_ex.c **** 
 5127              		.loc 1 2183 3 discriminator 2 view .LVU1505
 5128 0008 0123     		movs	r3, #1
 5129 000a 80F83C30 		strb	r3, [r0, #60]
2183:Drivers/STM32F3xx_HAL_Driver/Src/stm32f3xx_hal_tim_ex.c **** 
 5130              		.loc 1 2183 3 view .LVU1506
2186:Drivers/STM32F3xx_HAL_Driver/Src/stm32f3xx_hal_tim_ex.c **** 
 5131              		.loc 1 2186 3 view .LVU1507
 5132 000e 0368     		ldr	r3, [r0]
 5133 0010 1965     		str	r1, [r3, #80]
2188:Drivers/STM32F3xx_HAL_Driver/Src/stm32f3xx_hal_tim_ex.c **** 
 5134              		.loc 1 2188 3 view .LVU1508
2188:Drivers/STM32F3xx_HAL_Driver/Src/stm32f3xx_hal_tim_ex.c **** 
 5135              		.loc 1 2188 3 view .LVU1509
 5136 0012 0023     		movs	r3, #0
 5137 0014 80F83C30 		strb	r3, [r0, #60]
2188:Drivers/STM32F3xx_HAL_Driver/Src/stm32f3xx_hal_tim_ex.c **** 
 5138              		.loc 1 2188 3 view .LVU1510
2190:Drivers/STM32F3xx_HAL_Driver/Src/stm32f3xx_hal_tim_ex.c **** }
 5139              		.loc 1 2190 3 view .LVU1511
2190:Drivers/STM32F3xx_HAL_Driver/Src/stm32f3xx_hal_tim_ex.c **** }
 5140              		.loc 1 2190 10 is_stmt 0 view .LVU1512
 5141 0018 1846     		mov	r0, r3
 5142              	.LVL382:
2190:Drivers/STM32F3xx_HAL_Driver/Src/stm32f3xx_hal_tim_ex.c **** }
 5143              		.loc 1 2190 10 view .LVU1513
 5144 001a 7047     		bx	lr
 5145              	.LVL383:
 5146              	.L418:
2183:Drivers/STM32F3xx_HAL_Driver/Src/stm32f3xx_hal_tim_ex.c **** 
 5147              		.loc 1 2183 3 discriminator 1 view .LVU1514
 5148 001c 0220     		movs	r0, #2
 5149              	.LVL384:
2191:Drivers/STM32F3xx_HAL_Driver/Src/stm32f3xx_hal_tim_ex.c **** 
 5150              		.loc 1 2191 1 view .LVU1515
 5151 001e 7047     		bx	lr
 5152              		.cfi_endproc
 5153              	.LFE154:
 5155              		.section	.text.HAL_TIMEx_GroupChannel5,"ax",%progbits
 5156              		.align	1
 5157              		.global	HAL_TIMEx_GroupChannel5
 5158              		.syntax unified
 5159              		.thumb
 5160              		.thumb_func
 5162              	HAL_TIMEx_GroupChannel5:
 5163              	.LVL385:
 5164              	.LFB155:
ARM GAS  C:\Users\nakas\AppData\Local\Temp\ccLYSQiW.s 			page 161


2206:Drivers/STM32F3xx_HAL_Driver/Src/stm32f3xx_hal_tim_ex.c ****   /* Check parameters */
 5165              		.loc 1 2206 1 is_stmt 1 view -0
 5166              		.cfi_startproc
 5167              		@ args = 0, pretend = 0, frame = 0
 5168              		@ frame_needed = 0, uses_anonymous_args = 0
 5169              		@ link register save eliminated.
2208:Drivers/STM32F3xx_HAL_Driver/Src/stm32f3xx_hal_tim_ex.c ****   assert_param(IS_TIM_GROUPCH5(Channels));
 5170              		.loc 1 2208 3 view .LVU1517
2209:Drivers/STM32F3xx_HAL_Driver/Src/stm32f3xx_hal_tim_ex.c **** 
 5171              		.loc 1 2209 3 view .LVU1518
2212:Drivers/STM32F3xx_HAL_Driver/Src/stm32f3xx_hal_tim_ex.c **** 
 5172              		.loc 1 2212 3 view .LVU1519
2212:Drivers/STM32F3xx_HAL_Driver/Src/stm32f3xx_hal_tim_ex.c **** 
 5173              		.loc 1 2212 3 view .LVU1520
 5174 0000 90F83C30 		ldrb	r3, [r0, #60]	@ zero_extendqisi2
 5175 0004 012B     		cmp	r3, #1
 5176 0006 18D0     		beq	.L421
2206:Drivers/STM32F3xx_HAL_Driver/Src/stm32f3xx_hal_tim_ex.c ****   /* Check parameters */
 5177              		.loc 1 2206 1 is_stmt 0 view .LVU1521
 5178 0008 10B4     		push	{r4}
 5179              	.LCFI42:
 5180              		.cfi_def_cfa_offset 4
 5181              		.cfi_offset 4, -4
2212:Drivers/STM32F3xx_HAL_Driver/Src/stm32f3xx_hal_tim_ex.c **** 
 5182              		.loc 1 2212 3 is_stmt 1 discriminator 2 view .LVU1522
 5183 000a 0122     		movs	r2, #1
 5184 000c 80F83C20 		strb	r2, [r0, #60]
2212:Drivers/STM32F3xx_HAL_Driver/Src/stm32f3xx_hal_tim_ex.c **** 
 5185              		.loc 1 2212 3 view .LVU1523
2214:Drivers/STM32F3xx_HAL_Driver/Src/stm32f3xx_hal_tim_ex.c **** 
 5186              		.loc 1 2214 3 view .LVU1524
2214:Drivers/STM32F3xx_HAL_Driver/Src/stm32f3xx_hal_tim_ex.c **** 
 5187              		.loc 1 2214 15 is_stmt 0 view .LVU1525
 5188 0010 0223     		movs	r3, #2
 5189 0012 80F83D30 		strb	r3, [r0, #61]
2217:Drivers/STM32F3xx_HAL_Driver/Src/stm32f3xx_hal_tim_ex.c **** 
 5190              		.loc 1 2217 3 is_stmt 1 view .LVU1526
2217:Drivers/STM32F3xx_HAL_Driver/Src/stm32f3xx_hal_tim_ex.c **** 
 5191              		.loc 1 2217 7 is_stmt 0 view .LVU1527
 5192 0016 0468     		ldr	r4, [r0]
2217:Drivers/STM32F3xx_HAL_Driver/Src/stm32f3xx_hal_tim_ex.c **** 
 5193              		.loc 1 2217 17 view .LVU1528
 5194 0018 A36D     		ldr	r3, [r4, #88]
2217:Drivers/STM32F3xx_HAL_Driver/Src/stm32f3xx_hal_tim_ex.c **** 
 5195              		.loc 1 2217 24 view .LVU1529
 5196 001a 23F06043 		bic	r3, r3, #-536870912
 5197 001e A365     		str	r3, [r4, #88]
2220:Drivers/STM32F3xx_HAL_Driver/Src/stm32f3xx_hal_tim_ex.c **** 
 5198              		.loc 1 2220 3 is_stmt 1 view .LVU1530
2220:Drivers/STM32F3xx_HAL_Driver/Src/stm32f3xx_hal_tim_ex.c **** 
 5199              		.loc 1 2220 7 is_stmt 0 view .LVU1531
 5200 0020 0468     		ldr	r4, [r0]
2220:Drivers/STM32F3xx_HAL_Driver/Src/stm32f3xx_hal_tim_ex.c **** 
 5201              		.loc 1 2220 17 view .LVU1532
 5202 0022 A36D     		ldr	r3, [r4, #88]
2220:Drivers/STM32F3xx_HAL_Driver/Src/stm32f3xx_hal_tim_ex.c **** 
 5203              		.loc 1 2220 24 view .LVU1533
ARM GAS  C:\Users\nakas\AppData\Local\Temp\ccLYSQiW.s 			page 162


 5204 0024 0B43     		orrs	r3, r3, r1
 5205 0026 A365     		str	r3, [r4, #88]
2223:Drivers/STM32F3xx_HAL_Driver/Src/stm32f3xx_hal_tim_ex.c **** 
 5206              		.loc 1 2223 3 is_stmt 1 view .LVU1534
2223:Drivers/STM32F3xx_HAL_Driver/Src/stm32f3xx_hal_tim_ex.c **** 
 5207              		.loc 1 2223 15 is_stmt 0 view .LVU1535
 5208 0028 80F83D20 		strb	r2, [r0, #61]
2225:Drivers/STM32F3xx_HAL_Driver/Src/stm32f3xx_hal_tim_ex.c **** 
 5209              		.loc 1 2225 3 is_stmt 1 view .LVU1536
2225:Drivers/STM32F3xx_HAL_Driver/Src/stm32f3xx_hal_tim_ex.c **** 
 5210              		.loc 1 2225 3 view .LVU1537
 5211 002c 0023     		movs	r3, #0
 5212 002e 80F83C30 		strb	r3, [r0, #60]
2225:Drivers/STM32F3xx_HAL_Driver/Src/stm32f3xx_hal_tim_ex.c **** 
 5213              		.loc 1 2225 3 view .LVU1538
2227:Drivers/STM32F3xx_HAL_Driver/Src/stm32f3xx_hal_tim_ex.c **** }
 5214              		.loc 1 2227 3 view .LVU1539
2227:Drivers/STM32F3xx_HAL_Driver/Src/stm32f3xx_hal_tim_ex.c **** }
 5215              		.loc 1 2227 10 is_stmt 0 view .LVU1540
 5216 0032 1846     		mov	r0, r3
 5217              	.LVL386:
2228:Drivers/STM32F3xx_HAL_Driver/Src/stm32f3xx_hal_tim_ex.c **** #endif /* TIM_CCR5_CCR5 */
 5218              		.loc 1 2228 1 view .LVU1541
 5219 0034 5DF8044B 		ldr	r4, [sp], #4
 5220 0038 7047     		bx	lr
 5221              	.LVL387:
 5222              	.L421:
 5223              	.LCFI43:
 5224              		.cfi_def_cfa_offset 0
 5225              		.cfi_restore 4
2212:Drivers/STM32F3xx_HAL_Driver/Src/stm32f3xx_hal_tim_ex.c **** 
 5226              		.loc 1 2212 3 discriminator 1 view .LVU1542
 5227 003a 0220     		movs	r0, #2
 5228              	.LVL388:
2228:Drivers/STM32F3xx_HAL_Driver/Src/stm32f3xx_hal_tim_ex.c **** #endif /* TIM_CCR5_CCR5 */
 5229              		.loc 1 2228 1 view .LVU1543
 5230 003c 7047     		bx	lr
 5231              		.cfi_endproc
 5232              	.LFE155:
 5234              		.section	.text.HAL_TIMEx_CommutCallback,"ax",%progbits
 5235              		.align	1
 5236              		.weak	HAL_TIMEx_CommutCallback
 5237              		.syntax unified
 5238              		.thumb
 5239              		.thumb_func
 5241              	HAL_TIMEx_CommutCallback:
 5242              	.LVL389:
 5243              	.LFB156:
2257:Drivers/STM32F3xx_HAL_Driver/Src/stm32f3xx_hal_tim_ex.c ****   /* Prevent unused argument(s) compilation warning */
 5244              		.loc 1 2257 1 is_stmt 1 view -0
 5245              		.cfi_startproc
 5246              		@ args = 0, pretend = 0, frame = 0
 5247              		@ frame_needed = 0, uses_anonymous_args = 0
 5248              		@ link register save eliminated.
2259:Drivers/STM32F3xx_HAL_Driver/Src/stm32f3xx_hal_tim_ex.c **** 
 5249              		.loc 1 2259 3 view .LVU1545
2264:Drivers/STM32F3xx_HAL_Driver/Src/stm32f3xx_hal_tim_ex.c **** /**
ARM GAS  C:\Users\nakas\AppData\Local\Temp\ccLYSQiW.s 			page 163


 5250              		.loc 1 2264 1 is_stmt 0 view .LVU1546
 5251 0000 7047     		bx	lr
 5252              		.cfi_endproc
 5253              	.LFE156:
 5255              		.section	.text.TIMEx_DMACommutationCplt,"ax",%progbits
 5256              		.align	1
 5257              		.global	TIMEx_DMACommutationCplt
 5258              		.syntax unified
 5259              		.thumb
 5260              		.thumb_func
 5262              	TIMEx_DMACommutationCplt:
 5263              	.LVL390:
 5264              	.LFB162:
2380:Drivers/STM32F3xx_HAL_Driver/Src/stm32f3xx_hal_tim_ex.c ****   TIM_HandleTypeDef *htim = (TIM_HandleTypeDef *)((DMA_HandleTypeDef *)hdma)->Parent;
 5265              		.loc 1 2380 1 is_stmt 1 view -0
 5266              		.cfi_startproc
 5267              		@ args = 0, pretend = 0, frame = 0
 5268              		@ frame_needed = 0, uses_anonymous_args = 0
2380:Drivers/STM32F3xx_HAL_Driver/Src/stm32f3xx_hal_tim_ex.c ****   TIM_HandleTypeDef *htim = (TIM_HandleTypeDef *)((DMA_HandleTypeDef *)hdma)->Parent;
 5269              		.loc 1 2380 1 is_stmt 0 view .LVU1548
 5270 0000 08B5     		push	{r3, lr}
 5271              	.LCFI44:
 5272              		.cfi_def_cfa_offset 8
 5273              		.cfi_offset 3, -8
 5274              		.cfi_offset 14, -4
2381:Drivers/STM32F3xx_HAL_Driver/Src/stm32f3xx_hal_tim_ex.c **** 
 5275              		.loc 1 2381 3 is_stmt 1 view .LVU1549
2381:Drivers/STM32F3xx_HAL_Driver/Src/stm32f3xx_hal_tim_ex.c **** 
 5276              		.loc 1 2381 22 is_stmt 0 view .LVU1550
 5277 0002 406A     		ldr	r0, [r0, #36]
 5278              	.LVL391:
2384:Drivers/STM32F3xx_HAL_Driver/Src/stm32f3xx_hal_tim_ex.c **** 
 5279              		.loc 1 2384 3 is_stmt 1 view .LVU1551
2384:Drivers/STM32F3xx_HAL_Driver/Src/stm32f3xx_hal_tim_ex.c **** 
 5280              		.loc 1 2384 15 is_stmt 0 view .LVU1552
 5281 0004 0123     		movs	r3, #1
 5282 0006 80F83D30 		strb	r3, [r0, #61]
2389:Drivers/STM32F3xx_HAL_Driver/Src/stm32f3xx_hal_tim_ex.c **** #endif /* USE_HAL_TIM_REGISTER_CALLBACKS */
 5283              		.loc 1 2389 3 is_stmt 1 view .LVU1553
 5284 000a FFF7FEFF 		bl	HAL_TIMEx_CommutCallback
 5285              	.LVL392:
2391:Drivers/STM32F3xx_HAL_Driver/Src/stm32f3xx_hal_tim_ex.c **** 
 5286              		.loc 1 2391 1 is_stmt 0 view .LVU1554
 5287 000e 08BD     		pop	{r3, pc}
 5288              		.cfi_endproc
 5289              	.LFE162:
 5291              		.section	.text.HAL_TIMEx_CommutHalfCpltCallback,"ax",%progbits
 5292              		.align	1
 5293              		.weak	HAL_TIMEx_CommutHalfCpltCallback
 5294              		.syntax unified
 5295              		.thumb
 5296              		.thumb_func
 5298              	HAL_TIMEx_CommutHalfCpltCallback:
 5299              	.LVL393:
 5300              	.LFB157:
2271:Drivers/STM32F3xx_HAL_Driver/Src/stm32f3xx_hal_tim_ex.c ****   /* Prevent unused argument(s) compilation warning */
 5301              		.loc 1 2271 1 is_stmt 1 view -0
ARM GAS  C:\Users\nakas\AppData\Local\Temp\ccLYSQiW.s 			page 164


 5302              		.cfi_startproc
 5303              		@ args = 0, pretend = 0, frame = 0
 5304              		@ frame_needed = 0, uses_anonymous_args = 0
 5305              		@ link register save eliminated.
2273:Drivers/STM32F3xx_HAL_Driver/Src/stm32f3xx_hal_tim_ex.c **** 
 5306              		.loc 1 2273 3 view .LVU1556
2278:Drivers/STM32F3xx_HAL_Driver/Src/stm32f3xx_hal_tim_ex.c **** 
 5307              		.loc 1 2278 1 is_stmt 0 view .LVU1557
 5308 0000 7047     		bx	lr
 5309              		.cfi_endproc
 5310              	.LFE157:
 5312              		.section	.text.TIMEx_DMACommutationHalfCplt,"ax",%progbits
 5313              		.align	1
 5314              		.global	TIMEx_DMACommutationHalfCplt
 5315              		.syntax unified
 5316              		.thumb
 5317              		.thumb_func
 5319              	TIMEx_DMACommutationHalfCplt:
 5320              	.LVL394:
 5321              	.LFB163:
2399:Drivers/STM32F3xx_HAL_Driver/Src/stm32f3xx_hal_tim_ex.c ****   TIM_HandleTypeDef *htim = (TIM_HandleTypeDef *)((DMA_HandleTypeDef *)hdma)->Parent;
 5322              		.loc 1 2399 1 is_stmt 1 view -0
 5323              		.cfi_startproc
 5324              		@ args = 0, pretend = 0, frame = 0
 5325              		@ frame_needed = 0, uses_anonymous_args = 0
2399:Drivers/STM32F3xx_HAL_Driver/Src/stm32f3xx_hal_tim_ex.c ****   TIM_HandleTypeDef *htim = (TIM_HandleTypeDef *)((DMA_HandleTypeDef *)hdma)->Parent;
 5326              		.loc 1 2399 1 is_stmt 0 view .LVU1559
 5327 0000 08B5     		push	{r3, lr}
 5328              	.LCFI45:
 5329              		.cfi_def_cfa_offset 8
 5330              		.cfi_offset 3, -8
 5331              		.cfi_offset 14, -4
2400:Drivers/STM32F3xx_HAL_Driver/Src/stm32f3xx_hal_tim_ex.c **** 
 5332              		.loc 1 2400 3 is_stmt 1 view .LVU1560
2400:Drivers/STM32F3xx_HAL_Driver/Src/stm32f3xx_hal_tim_ex.c **** 
 5333              		.loc 1 2400 22 is_stmt 0 view .LVU1561
 5334 0002 406A     		ldr	r0, [r0, #36]
 5335              	.LVL395:
2403:Drivers/STM32F3xx_HAL_Driver/Src/stm32f3xx_hal_tim_ex.c **** 
 5336              		.loc 1 2403 3 is_stmt 1 view .LVU1562
2403:Drivers/STM32F3xx_HAL_Driver/Src/stm32f3xx_hal_tim_ex.c **** 
 5337              		.loc 1 2403 15 is_stmt 0 view .LVU1563
 5338 0004 0123     		movs	r3, #1
 5339 0006 80F83D30 		strb	r3, [r0, #61]
2408:Drivers/STM32F3xx_HAL_Driver/Src/stm32f3xx_hal_tim_ex.c **** #endif /* USE_HAL_TIM_REGISTER_CALLBACKS */
 5340              		.loc 1 2408 3 is_stmt 1 view .LVU1564
 5341 000a FFF7FEFF 		bl	HAL_TIMEx_CommutHalfCpltCallback
 5342              	.LVL396:
2410:Drivers/STM32F3xx_HAL_Driver/Src/stm32f3xx_hal_tim_ex.c **** 
 5343              		.loc 1 2410 1 is_stmt 0 view .LVU1565
 5344 000e 08BD     		pop	{r3, pc}
 5345              		.cfi_endproc
 5346              	.LFE163:
 5348              		.section	.text.HAL_TIMEx_BreakCallback,"ax",%progbits
 5349              		.align	1
 5350              		.weak	HAL_TIMEx_BreakCallback
 5351              		.syntax unified
ARM GAS  C:\Users\nakas\AppData\Local\Temp\ccLYSQiW.s 			page 165


 5352              		.thumb
 5353              		.thumb_func
 5355              	HAL_TIMEx_BreakCallback:
 5356              	.LVL397:
 5357              	.LFB158:
2286:Drivers/STM32F3xx_HAL_Driver/Src/stm32f3xx_hal_tim_ex.c ****   /* Prevent unused argument(s) compilation warning */
 5358              		.loc 1 2286 1 is_stmt 1 view -0
 5359              		.cfi_startproc
 5360              		@ args = 0, pretend = 0, frame = 0
 5361              		@ frame_needed = 0, uses_anonymous_args = 0
 5362              		@ link register save eliminated.
2288:Drivers/STM32F3xx_HAL_Driver/Src/stm32f3xx_hal_tim_ex.c **** 
 5363              		.loc 1 2288 3 view .LVU1567
2293:Drivers/STM32F3xx_HAL_Driver/Src/stm32f3xx_hal_tim_ex.c **** 
 5364              		.loc 1 2293 1 is_stmt 0 view .LVU1568
 5365 0000 7047     		bx	lr
 5366              		.cfi_endproc
 5367              	.LFE158:
 5369              		.section	.text.HAL_TIMEx_Break2Callback,"ax",%progbits
 5370              		.align	1
 5371              		.weak	HAL_TIMEx_Break2Callback
 5372              		.syntax unified
 5373              		.thumb
 5374              		.thumb_func
 5376              	HAL_TIMEx_Break2Callback:
 5377              	.LVL398:
 5378              	.LFB159:
2302:Drivers/STM32F3xx_HAL_Driver/Src/stm32f3xx_hal_tim_ex.c ****   /* Prevent unused argument(s) compilation warning */
 5379              		.loc 1 2302 1 is_stmt 1 view -0
 5380              		.cfi_startproc
 5381              		@ args = 0, pretend = 0, frame = 0
 5382              		@ frame_needed = 0, uses_anonymous_args = 0
 5383              		@ link register save eliminated.
2304:Drivers/STM32F3xx_HAL_Driver/Src/stm32f3xx_hal_tim_ex.c **** 
 5384              		.loc 1 2304 3 view .LVU1570
2309:Drivers/STM32F3xx_HAL_Driver/Src/stm32f3xx_hal_tim_ex.c **** #endif /* TIM_BDTR_BK2E */
 5385              		.loc 1 2309 1 is_stmt 0 view .LVU1571
 5386 0000 7047     		bx	lr
 5387              		.cfi_endproc
 5388              	.LFE159:
 5390              		.section	.text.HAL_TIMEx_HallSensor_GetState,"ax",%progbits
 5391              		.align	1
 5392              		.global	HAL_TIMEx_HallSensor_GetState
 5393              		.syntax unified
 5394              		.thumb
 5395              		.thumb_func
 5397              	HAL_TIMEx_HallSensor_GetState:
 5398              	.LVL399:
 5399              	.LFB160:
2336:Drivers/STM32F3xx_HAL_Driver/Src/stm32f3xx_hal_tim_ex.c ****   return htim->State;
 5400              		.loc 1 2336 1 is_stmt 1 view -0
 5401              		.cfi_startproc
 5402              		@ args = 0, pretend = 0, frame = 0
 5403              		@ frame_needed = 0, uses_anonymous_args = 0
 5404              		@ link register save eliminated.
2337:Drivers/STM32F3xx_HAL_Driver/Src/stm32f3xx_hal_tim_ex.c **** }
 5405              		.loc 1 2337 3 view .LVU1573
ARM GAS  C:\Users\nakas\AppData\Local\Temp\ccLYSQiW.s 			page 166


2337:Drivers/STM32F3xx_HAL_Driver/Src/stm32f3xx_hal_tim_ex.c **** }
 5406              		.loc 1 2337 14 is_stmt 0 view .LVU1574
 5407 0000 90F83D00 		ldrb	r0, [r0, #61]	@ zero_extendqisi2
 5408              	.LVL400:
2338:Drivers/STM32F3xx_HAL_Driver/Src/stm32f3xx_hal_tim_ex.c **** 
 5409              		.loc 1 2338 1 view .LVU1575
 5410 0004 7047     		bx	lr
 5411              		.cfi_endproc
 5412              	.LFE160:
 5414              		.section	.text.HAL_TIMEx_GetChannelNState,"ax",%progbits
 5415              		.align	1
 5416              		.global	HAL_TIMEx_GetChannelNState
 5417              		.syntax unified
 5418              		.thumb
 5419              		.thumb_func
 5421              	HAL_TIMEx_GetChannelNState:
 5422              	.LVL401:
 5423              	.LFB161:
2351:Drivers/STM32F3xx_HAL_Driver/Src/stm32f3xx_hal_tim_ex.c ****   HAL_TIM_ChannelStateTypeDef channel_state;
 5424              		.loc 1 2351 1 is_stmt 1 view -0
 5425              		.cfi_startproc
 5426              		@ args = 0, pretend = 0, frame = 0
 5427              		@ frame_needed = 0, uses_anonymous_args = 0
 5428              		@ link register save eliminated.
2352:Drivers/STM32F3xx_HAL_Driver/Src/stm32f3xx_hal_tim_ex.c **** 
 5429              		.loc 1 2352 3 view .LVU1577
2355:Drivers/STM32F3xx_HAL_Driver/Src/stm32f3xx_hal_tim_ex.c **** 
 5430              		.loc 1 2355 3 view .LVU1578
2357:Drivers/STM32F3xx_HAL_Driver/Src/stm32f3xx_hal_tim_ex.c **** 
 5431              		.loc 1 2357 3 view .LVU1579
2357:Drivers/STM32F3xx_HAL_Driver/Src/stm32f3xx_hal_tim_ex.c **** 
 5432              		.loc 1 2357 19 is_stmt 0 view .LVU1580
 5433 0000 19B9     		cbnz	r1, .L436
2357:Drivers/STM32F3xx_HAL_Driver/Src/stm32f3xx_hal_tim_ex.c **** 
 5434              		.loc 1 2357 19 discriminator 1 view .LVU1581
 5435 0002 90F84400 		ldrb	r0, [r0, #68]	@ zero_extendqisi2
 5436              	.LVL402:
2357:Drivers/STM32F3xx_HAL_Driver/Src/stm32f3xx_hal_tim_ex.c **** 
 5437              		.loc 1 2357 19 discriminator 1 view .LVU1582
 5438 0006 C0B2     		uxtb	r0, r0
 5439 0008 7047     		bx	lr
 5440              	.LVL403:
 5441              	.L436:
2357:Drivers/STM32F3xx_HAL_Driver/Src/stm32f3xx_hal_tim_ex.c **** 
 5442              		.loc 1 2357 19 discriminator 2 view .LVU1583
 5443 000a 0429     		cmp	r1, #4
 5444 000c 05D0     		beq	.L440
2357:Drivers/STM32F3xx_HAL_Driver/Src/stm32f3xx_hal_tim_ex.c **** 
 5445              		.loc 1 2357 19 discriminator 5 view .LVU1584
 5446 000e 0829     		cmp	r1, #8
 5447 0010 07D0     		beq	.L441
2357:Drivers/STM32F3xx_HAL_Driver/Src/stm32f3xx_hal_tim_ex.c **** 
 5448              		.loc 1 2357 19 discriminator 8 view .LVU1585
 5449 0012 90F84700 		ldrb	r0, [r0, #71]	@ zero_extendqisi2
 5450              	.LVL404:
2357:Drivers/STM32F3xx_HAL_Driver/Src/stm32f3xx_hal_tim_ex.c **** 
 5451              		.loc 1 2357 19 discriminator 8 view .LVU1586
ARM GAS  C:\Users\nakas\AppData\Local\Temp\ccLYSQiW.s 			page 167


 5452 0016 C0B2     		uxtb	r0, r0
 5453              	.LVL405:
2359:Drivers/STM32F3xx_HAL_Driver/Src/stm32f3xx_hal_tim_ex.c **** }
 5454              		.loc 1 2359 3 is_stmt 1 view .LVU1587
2360:Drivers/STM32F3xx_HAL_Driver/Src/stm32f3xx_hal_tim_ex.c **** /**
 5455              		.loc 1 2360 1 is_stmt 0 view .LVU1588
 5456 0018 7047     		bx	lr
 5457              	.LVL406:
 5458              	.L440:
2357:Drivers/STM32F3xx_HAL_Driver/Src/stm32f3xx_hal_tim_ex.c **** 
 5459              		.loc 1 2357 19 discriminator 4 view .LVU1589
 5460 001a 90F84500 		ldrb	r0, [r0, #69]	@ zero_extendqisi2
 5461              	.LVL407:
2357:Drivers/STM32F3xx_HAL_Driver/Src/stm32f3xx_hal_tim_ex.c **** 
 5462              		.loc 1 2357 19 discriminator 4 view .LVU1590
 5463 001e C0B2     		uxtb	r0, r0
 5464 0020 7047     		bx	lr
 5465              	.LVL408:
 5466              	.L441:
2357:Drivers/STM32F3xx_HAL_Driver/Src/stm32f3xx_hal_tim_ex.c **** 
 5467              		.loc 1 2357 19 discriminator 7 view .LVU1591
 5468 0022 90F84600 		ldrb	r0, [r0, #70]	@ zero_extendqisi2
 5469              	.LVL409:
2357:Drivers/STM32F3xx_HAL_Driver/Src/stm32f3xx_hal_tim_ex.c **** 
 5470              		.loc 1 2357 19 discriminator 7 view .LVU1592
 5471 0026 C0B2     		uxtb	r0, r0
 5472 0028 7047     		bx	lr
 5473              		.cfi_endproc
 5474              	.LFE161:
 5476              		.text
 5477              	.Letext0:
 5478              		.file 2 "C:\\STM32CubeCLT_1.21.0\\GNU-tools-for-STM32\\bin\\../lib/gcc/arm-none-eabi/14.3.1/../../
 5479              		.file 3 "C:\\STM32CubeCLT_1.21.0\\GNU-tools-for-STM32\\bin\\../lib/gcc/arm-none-eabi/14.3.1/../../
 5480              		.file 4 "Drivers/CMSIS/Device/ST/STM32F3xx/Include/stm32f303x8.h"
 5481              		.file 5 "Drivers/CMSIS/Device/ST/STM32F3xx/Include/stm32f3xx.h"
 5482              		.file 6 "Drivers/STM32F3xx_HAL_Driver/Inc/stm32f3xx_hal_def.h"
 5483              		.file 7 "Drivers/STM32F3xx_HAL_Driver/Inc/stm32f3xx_hal_dma.h"
 5484              		.file 8 "Drivers/STM32F3xx_HAL_Driver/Inc/stm32f3xx_hal_tim.h"
 5485              		.file 9 "Drivers/STM32F3xx_HAL_Driver/Inc/stm32f3xx_hal_tim_ex.h"
ARM GAS  C:\Users\nakas\AppData\Local\Temp\ccLYSQiW.s 			page 168


DEFINED SYMBOLS
                            *ABS*:00000000 stm32f3xx_hal_tim_ex.c
C:\Users\nakas\AppData\Local\Temp\ccLYSQiW.s:21     .text.TIM_CCxNChannelCmd:00000000 $t
C:\Users\nakas\AppData\Local\Temp\ccLYSQiW.s:26     .text.TIM_CCxNChannelCmd:00000000 TIM_CCxNChannelCmd
C:\Users\nakas\AppData\Local\Temp\ccLYSQiW.s:64     .text.TIM_DMAErrorCCxN:00000000 $t
C:\Users\nakas\AppData\Local\Temp\ccLYSQiW.s:69     .text.TIM_DMAErrorCCxN:00000000 TIM_DMAErrorCCxN
C:\Users\nakas\AppData\Local\Temp\ccLYSQiW.s:149    .text.TIM_DMADelayPulseNCplt:00000000 $t
C:\Users\nakas\AppData\Local\Temp\ccLYSQiW.s:154    .text.TIM_DMADelayPulseNCplt:00000000 TIM_DMADelayPulseNCplt
C:\Users\nakas\AppData\Local\Temp\ccLYSQiW.s:253    .text.HAL_TIMEx_HallSensor_MspInit:00000000 $t
C:\Users\nakas\AppData\Local\Temp\ccLYSQiW.s:259    .text.HAL_TIMEx_HallSensor_MspInit:00000000 HAL_TIMEx_HallSensor_MspInit
C:\Users\nakas\AppData\Local\Temp\ccLYSQiW.s:274    .text.HAL_TIMEx_HallSensor_Init:00000000 $t
C:\Users\nakas\AppData\Local\Temp\ccLYSQiW.s:280    .text.HAL_TIMEx_HallSensor_Init:00000000 HAL_TIMEx_HallSensor_Init
C:\Users\nakas\AppData\Local\Temp\ccLYSQiW.s:498    .text.HAL_TIMEx_HallSensor_MspDeInit:00000000 $t
C:\Users\nakas\AppData\Local\Temp\ccLYSQiW.s:504    .text.HAL_TIMEx_HallSensor_MspDeInit:00000000 HAL_TIMEx_HallSensor_MspDeInit
C:\Users\nakas\AppData\Local\Temp\ccLYSQiW.s:519    .text.HAL_TIMEx_HallSensor_DeInit:00000000 $t
C:\Users\nakas\AppData\Local\Temp\ccLYSQiW.s:525    .text.HAL_TIMEx_HallSensor_DeInit:00000000 HAL_TIMEx_HallSensor_DeInit
C:\Users\nakas\AppData\Local\Temp\ccLYSQiW.s:595    .text.HAL_TIMEx_HallSensor_Start:00000000 $t
C:\Users\nakas\AppData\Local\Temp\ccLYSQiW.s:601    .text.HAL_TIMEx_HallSensor_Start:00000000 HAL_TIMEx_HallSensor_Start
C:\Users\nakas\AppData\Local\Temp\ccLYSQiW.s:749    .text.HAL_TIMEx_HallSensor_Start:000000a4 $d
C:\Users\nakas\AppData\Local\Temp\ccLYSQiW.s:755    .text.HAL_TIMEx_HallSensor_Stop:00000000 $t
C:\Users\nakas\AppData\Local\Temp\ccLYSQiW.s:761    .text.HAL_TIMEx_HallSensor_Stop:00000000 HAL_TIMEx_HallSensor_Stop
C:\Users\nakas\AppData\Local\Temp\ccLYSQiW.s:820    .text.HAL_TIMEx_HallSensor_Start_IT:00000000 $t
C:\Users\nakas\AppData\Local\Temp\ccLYSQiW.s:826    .text.HAL_TIMEx_HallSensor_Start_IT:00000000 HAL_TIMEx_HallSensor_Start_IT
C:\Users\nakas\AppData\Local\Temp\ccLYSQiW.s:982    .text.HAL_TIMEx_HallSensor_Start_IT:000000b0 $d
C:\Users\nakas\AppData\Local\Temp\ccLYSQiW.s:988    .text.HAL_TIMEx_HallSensor_Stop_IT:00000000 $t
C:\Users\nakas\AppData\Local\Temp\ccLYSQiW.s:994    .text.HAL_TIMEx_HallSensor_Stop_IT:00000000 HAL_TIMEx_HallSensor_Stop_IT
C:\Users\nakas\AppData\Local\Temp\ccLYSQiW.s:1058   .text.HAL_TIMEx_HallSensor_Start_DMA:00000000 $t
C:\Users\nakas\AppData\Local\Temp\ccLYSQiW.s:1064   .text.HAL_TIMEx_HallSensor_Start_DMA:00000000 HAL_TIMEx_HallSensor_Start_DMA
C:\Users\nakas\AppData\Local\Temp\ccLYSQiW.s:1250   .text.HAL_TIMEx_HallSensor_Start_DMA:000000c4 $d
C:\Users\nakas\AppData\Local\Temp\ccLYSQiW.s:1259   .text.HAL_TIMEx_HallSensor_Stop_DMA:00000000 $t
C:\Users\nakas\AppData\Local\Temp\ccLYSQiW.s:1265   .text.HAL_TIMEx_HallSensor_Stop_DMA:00000000 HAL_TIMEx_HallSensor_Stop_DMA
C:\Users\nakas\AppData\Local\Temp\ccLYSQiW.s:1330   .text.HAL_TIMEx_OCN_Start:00000000 $t
C:\Users\nakas\AppData\Local\Temp\ccLYSQiW.s:1336   .text.HAL_TIMEx_OCN_Start:00000000 HAL_TIMEx_OCN_Start
C:\Users\nakas\AppData\Local\Temp\ccLYSQiW.s:1511   .text.HAL_TIMEx_OCN_Start:000000d4 $d
C:\Users\nakas\AppData\Local\Temp\ccLYSQiW.s:1517   .text.HAL_TIMEx_OCN_Stop:00000000 $t
C:\Users\nakas\AppData\Local\Temp\ccLYSQiW.s:1523   .text.HAL_TIMEx_OCN_Stop:00000000 HAL_TIMEx_OCN_Stop
C:\Users\nakas\AppData\Local\Temp\ccLYSQiW.s:1620   .text.HAL_TIMEx_OCN_Start_IT:00000000 $t
C:\Users\nakas\AppData\Local\Temp\ccLYSQiW.s:1626   .text.HAL_TIMEx_OCN_Start_IT:00000000 HAL_TIMEx_OCN_Start_IT
C:\Users\nakas\AppData\Local\Temp\ccLYSQiW.s:1845   .text.HAL_TIMEx_OCN_Start_IT:0000010c $d
C:\Users\nakas\AppData\Local\Temp\ccLYSQiW.s:1851   .text.HAL_TIMEx_OCN_Stop_IT:00000000 $t
C:\Users\nakas\AppData\Local\Temp\ccLYSQiW.s:1857   .text.HAL_TIMEx_OCN_Stop_IT:00000000 HAL_TIMEx_OCN_Stop_IT
C:\Users\nakas\AppData\Local\Temp\ccLYSQiW.s:2023   .text.HAL_TIMEx_OCN_Start_DMA:00000000 $t
C:\Users\nakas\AppData\Local\Temp\ccLYSQiW.s:2029   .text.HAL_TIMEx_OCN_Start_DMA:00000000 HAL_TIMEx_OCN_Start_DMA
C:\Users\nakas\AppData\Local\Temp\ccLYSQiW.s:2429   .text.HAL_TIMEx_OCN_Start_DMA:000001e4 $d
C:\Users\nakas\AppData\Local\Temp\ccLYSQiW.s:2438   .text.HAL_TIMEx_OCN_Stop_DMA:00000000 $t
C:\Users\nakas\AppData\Local\Temp\ccLYSQiW.s:2444   .text.HAL_TIMEx_OCN_Stop_DMA:00000000 HAL_TIMEx_OCN_Stop_DMA
C:\Users\nakas\AppData\Local\Temp\ccLYSQiW.s:2608   .text.HAL_TIMEx_PWMN_Start:00000000 $t
C:\Users\nakas\AppData\Local\Temp\ccLYSQiW.s:2614   .text.HAL_TIMEx_PWMN_Start:00000000 HAL_TIMEx_PWMN_Start
C:\Users\nakas\AppData\Local\Temp\ccLYSQiW.s:2789   .text.HAL_TIMEx_PWMN_Start:000000d4 $d
C:\Users\nakas\AppData\Local\Temp\ccLYSQiW.s:2795   .text.HAL_TIMEx_PWMN_Stop:00000000 $t
C:\Users\nakas\AppData\Local\Temp\ccLYSQiW.s:2801   .text.HAL_TIMEx_PWMN_Stop:00000000 HAL_TIMEx_PWMN_Stop
C:\Users\nakas\AppData\Local\Temp\ccLYSQiW.s:2898   .text.HAL_TIMEx_PWMN_Start_IT:00000000 $t
C:\Users\nakas\AppData\Local\Temp\ccLYSQiW.s:2904   .text.HAL_TIMEx_PWMN_Start_IT:00000000 HAL_TIMEx_PWMN_Start_IT
C:\Users\nakas\AppData\Local\Temp\ccLYSQiW.s:3123   .text.HAL_TIMEx_PWMN_Start_IT:0000010c $d
C:\Users\nakas\AppData\Local\Temp\ccLYSQiW.s:3129   .text.HAL_TIMEx_PWMN_Stop_IT:00000000 $t
C:\Users\nakas\AppData\Local\Temp\ccLYSQiW.s:3135   .text.HAL_TIMEx_PWMN_Stop_IT:00000000 HAL_TIMEx_PWMN_Stop_IT
C:\Users\nakas\AppData\Local\Temp\ccLYSQiW.s:3301   .text.HAL_TIMEx_PWMN_Start_DMA:00000000 $t
ARM GAS  C:\Users\nakas\AppData\Local\Temp\ccLYSQiW.s 			page 169


C:\Users\nakas\AppData\Local\Temp\ccLYSQiW.s:3307   .text.HAL_TIMEx_PWMN_Start_DMA:00000000 HAL_TIMEx_PWMN_Start_DMA
C:\Users\nakas\AppData\Local\Temp\ccLYSQiW.s:3707   .text.HAL_TIMEx_PWMN_Start_DMA:000001e4 $d
C:\Users\nakas\AppData\Local\Temp\ccLYSQiW.s:3716   .text.HAL_TIMEx_PWMN_Stop_DMA:00000000 $t
C:\Users\nakas\AppData\Local\Temp\ccLYSQiW.s:3722   .text.HAL_TIMEx_PWMN_Stop_DMA:00000000 HAL_TIMEx_PWMN_Stop_DMA
C:\Users\nakas\AppData\Local\Temp\ccLYSQiW.s:3886   .text.HAL_TIMEx_OnePulseN_Start:00000000 $t
C:\Users\nakas\AppData\Local\Temp\ccLYSQiW.s:3892   .text.HAL_TIMEx_OnePulseN_Start:00000000 HAL_TIMEx_OnePulseN_Start
C:\Users\nakas\AppData\Local\Temp\ccLYSQiW.s:4019   .text.HAL_TIMEx_OnePulseN_Stop:00000000 $t
C:\Users\nakas\AppData\Local\Temp\ccLYSQiW.s:4025   .text.HAL_TIMEx_OnePulseN_Stop:00000000 HAL_TIMEx_OnePulseN_Stop
C:\Users\nakas\AppData\Local\Temp\ccLYSQiW.s:4121   .text.HAL_TIMEx_OnePulseN_Start_IT:00000000 $t
C:\Users\nakas\AppData\Local\Temp\ccLYSQiW.s:4127   .text.HAL_TIMEx_OnePulseN_Start_IT:00000000 HAL_TIMEx_OnePulseN_Start_IT
C:\Users\nakas\AppData\Local\Temp\ccLYSQiW.s:4264   .text.HAL_TIMEx_OnePulseN_Stop_IT:00000000 $t
C:\Users\nakas\AppData\Local\Temp\ccLYSQiW.s:4270   .text.HAL_TIMEx_OnePulseN_Stop_IT:00000000 HAL_TIMEx_OnePulseN_Stop_IT
C:\Users\nakas\AppData\Local\Temp\ccLYSQiW.s:4376   .text.HAL_TIMEx_ConfigCommutEvent:00000000 $t
C:\Users\nakas\AppData\Local\Temp\ccLYSQiW.s:4382   .text.HAL_TIMEx_ConfigCommutEvent:00000000 HAL_TIMEx_ConfigCommutEvent
C:\Users\nakas\AppData\Local\Temp\ccLYSQiW.s:4500   .text.HAL_TIMEx_ConfigCommutEvent_IT:00000000 $t
C:\Users\nakas\AppData\Local\Temp\ccLYSQiW.s:4506   .text.HAL_TIMEx_ConfigCommutEvent_IT:00000000 HAL_TIMEx_ConfigCommutEvent_IT
C:\Users\nakas\AppData\Local\Temp\ccLYSQiW.s:4624   .text.HAL_TIMEx_ConfigCommutEvent_DMA:00000000 $t
C:\Users\nakas\AppData\Local\Temp\ccLYSQiW.s:4630   .text.HAL_TIMEx_ConfigCommutEvent_DMA:00000000 HAL_TIMEx_ConfigCommutEvent_DMA
C:\Users\nakas\AppData\Local\Temp\ccLYSQiW.s:4765   .text.HAL_TIMEx_ConfigCommutEvent_DMA:00000088 $d
C:\Users\nakas\AppData\Local\Temp\ccLYSQiW.s:5262   .text.TIMEx_DMACommutationCplt:00000000 TIMEx_DMACommutationCplt
C:\Users\nakas\AppData\Local\Temp\ccLYSQiW.s:5319   .text.TIMEx_DMACommutationHalfCplt:00000000 TIMEx_DMACommutationHalfCplt
C:\Users\nakas\AppData\Local\Temp\ccLYSQiW.s:4772   .text.HAL_TIMEx_MasterConfigSynchronization:00000000 $t
C:\Users\nakas\AppData\Local\Temp\ccLYSQiW.s:4778   .text.HAL_TIMEx_MasterConfigSynchronization:00000000 HAL_TIMEx_MasterConfigSynchronization
C:\Users\nakas\AppData\Local\Temp\ccLYSQiW.s:4928   .text.HAL_TIMEx_MasterConfigSynchronization:00000074 $d
C:\Users\nakas\AppData\Local\Temp\ccLYSQiW.s:4933   .text.HAL_TIMEx_ConfigBreakDeadTime:00000000 $t
C:\Users\nakas\AppData\Local\Temp\ccLYSQiW.s:4939   .text.HAL_TIMEx_ConfigBreakDeadTime:00000000 HAL_TIMEx_ConfigBreakDeadTime
C:\Users\nakas\AppData\Local\Temp\ccLYSQiW.s:5102   .text.HAL_TIMEx_ConfigBreakDeadTime:00000084 $d
C:\Users\nakas\AppData\Local\Temp\ccLYSQiW.s:5107   .text.HAL_TIMEx_RemapConfig:00000000 $t
C:\Users\nakas\AppData\Local\Temp\ccLYSQiW.s:5113   .text.HAL_TIMEx_RemapConfig:00000000 HAL_TIMEx_RemapConfig
C:\Users\nakas\AppData\Local\Temp\ccLYSQiW.s:5156   .text.HAL_TIMEx_GroupChannel5:00000000 $t
C:\Users\nakas\AppData\Local\Temp\ccLYSQiW.s:5162   .text.HAL_TIMEx_GroupChannel5:00000000 HAL_TIMEx_GroupChannel5
C:\Users\nakas\AppData\Local\Temp\ccLYSQiW.s:5235   .text.HAL_TIMEx_CommutCallback:00000000 $t
C:\Users\nakas\AppData\Local\Temp\ccLYSQiW.s:5241   .text.HAL_TIMEx_CommutCallback:00000000 HAL_TIMEx_CommutCallback
C:\Users\nakas\AppData\Local\Temp\ccLYSQiW.s:5256   .text.TIMEx_DMACommutationCplt:00000000 $t
C:\Users\nakas\AppData\Local\Temp\ccLYSQiW.s:5292   .text.HAL_TIMEx_CommutHalfCpltCallback:00000000 $t
C:\Users\nakas\AppData\Local\Temp\ccLYSQiW.s:5298   .text.HAL_TIMEx_CommutHalfCpltCallback:00000000 HAL_TIMEx_CommutHalfCpltCallback
C:\Users\nakas\AppData\Local\Temp\ccLYSQiW.s:5313   .text.TIMEx_DMACommutationHalfCplt:00000000 $t
C:\Users\nakas\AppData\Local\Temp\ccLYSQiW.s:5349   .text.HAL_TIMEx_BreakCallback:00000000 $t
C:\Users\nakas\AppData\Local\Temp\ccLYSQiW.s:5355   .text.HAL_TIMEx_BreakCallback:00000000 HAL_TIMEx_BreakCallback
C:\Users\nakas\AppData\Local\Temp\ccLYSQiW.s:5370   .text.HAL_TIMEx_Break2Callback:00000000 $t
C:\Users\nakas\AppData\Local\Temp\ccLYSQiW.s:5376   .text.HAL_TIMEx_Break2Callback:00000000 HAL_TIMEx_Break2Callback
C:\Users\nakas\AppData\Local\Temp\ccLYSQiW.s:5391   .text.HAL_TIMEx_HallSensor_GetState:00000000 $t
C:\Users\nakas\AppData\Local\Temp\ccLYSQiW.s:5397   .text.HAL_TIMEx_HallSensor_GetState:00000000 HAL_TIMEx_HallSensor_GetState
C:\Users\nakas\AppData\Local\Temp\ccLYSQiW.s:5415   .text.HAL_TIMEx_GetChannelNState:00000000 $t
C:\Users\nakas\AppData\Local\Temp\ccLYSQiW.s:5421   .text.HAL_TIMEx_GetChannelNState:00000000 HAL_TIMEx_GetChannelNState

UNDEFINED SYMBOLS
HAL_TIM_ErrorCallback
HAL_TIM_PWM_PulseFinishedCallback
TIM_Base_SetConfig
TIM_TI1_SetConfig
TIM_OC2_SetConfig
TIM_CCxChannelCmd
HAL_DMA_Start_IT
TIM_DMACaptureCplt
TIM_DMACaptureHalfCplt
TIM_DMAError
ARM GAS  C:\Users\nakas\AppData\Local\Temp\ccLYSQiW.s 			page 170


HAL_DMA_Abort_IT
TIM_DMADelayPulseHalfCplt
