ARM GAS  C:\Users\nakas\AppData\Local\Temp\ccbf8GPO.s 			page 1


   1              		.cpu cortex-m4
   2              		.arch armv7e-m
   3              		.fpu fpv4-sp-d16
   4              		.eabi_attribute 27, 1
   5              		.eabi_attribute 28, 1
   6              		.eabi_attribute 20, 1
   7              		.eabi_attribute 21, 1
   8              		.eabi_attribute 23, 3
   9              		.eabi_attribute 24, 1
  10              		.eabi_attribute 25, 1
  11              		.eabi_attribute 26, 1
  12              		.eabi_attribute 30, 1
  13              		.eabi_attribute 34, 1
  14              		.eabi_attribute 18, 4
  15              		.file	"stm32f3xx_hal_dac.c"
  16              		.text
  17              	.Ltext0:
  18              		.cfi_sections	.debug_frame
  19              		.file 1 "Drivers/STM32F3xx_HAL_Driver/Src/stm32f3xx_hal_dac.c"
  20              		.section	.text.HAL_DAC_MspInit,"ax",%progbits
  21              		.align	1
  22              		.weak	HAL_DAC_MspInit
  23              		.syntax unified
  24              		.thumb
  25              		.thumb_func
  27              	HAL_DAC_MspInit:
  28              	.LVL0:
  29              	.LFB125:
   1:Drivers/STM32F3xx_HAL_Driver/Src/stm32f3xx_hal_dac.c **** /**
   2:Drivers/STM32F3xx_HAL_Driver/Src/stm32f3xx_hal_dac.c ****   ******************************************************************************
   3:Drivers/STM32F3xx_HAL_Driver/Src/stm32f3xx_hal_dac.c ****   * @file    stm32f3xx_hal_dac.c
   4:Drivers/STM32F3xx_HAL_Driver/Src/stm32f3xx_hal_dac.c ****   * @author  MCD Application Team
   5:Drivers/STM32F3xx_HAL_Driver/Src/stm32f3xx_hal_dac.c ****   * @brief   DAC HAL module driver.
   6:Drivers/STM32F3xx_HAL_Driver/Src/stm32f3xx_hal_dac.c ****   *         This file provides firmware functions to manage the following
   7:Drivers/STM32F3xx_HAL_Driver/Src/stm32f3xx_hal_dac.c ****   *         functionalities of the Digital to Analog Converter (DAC) peripheral:
   8:Drivers/STM32F3xx_HAL_Driver/Src/stm32f3xx_hal_dac.c ****   *           + Initialization and de-initialization functions
   9:Drivers/STM32F3xx_HAL_Driver/Src/stm32f3xx_hal_dac.c ****   *           + Peripheral Control functions
  10:Drivers/STM32F3xx_HAL_Driver/Src/stm32f3xx_hal_dac.c ****   *           + Peripheral State and Errors functions
  11:Drivers/STM32F3xx_HAL_Driver/Src/stm32f3xx_hal_dac.c ****   *
  12:Drivers/STM32F3xx_HAL_Driver/Src/stm32f3xx_hal_dac.c ****   *
  13:Drivers/STM32F3xx_HAL_Driver/Src/stm32f3xx_hal_dac.c ****   ******************************************************************************
  14:Drivers/STM32F3xx_HAL_Driver/Src/stm32f3xx_hal_dac.c ****   * @attention
  15:Drivers/STM32F3xx_HAL_Driver/Src/stm32f3xx_hal_dac.c ****   *
  16:Drivers/STM32F3xx_HAL_Driver/Src/stm32f3xx_hal_dac.c ****   * Copyright (c) 2016 STMicroelectronics.
  17:Drivers/STM32F3xx_HAL_Driver/Src/stm32f3xx_hal_dac.c ****   * All rights reserved.
  18:Drivers/STM32F3xx_HAL_Driver/Src/stm32f3xx_hal_dac.c ****   *
  19:Drivers/STM32F3xx_HAL_Driver/Src/stm32f3xx_hal_dac.c ****   * This software is licensed under terms that can be found in the LICENSE file
  20:Drivers/STM32F3xx_HAL_Driver/Src/stm32f3xx_hal_dac.c ****   * in the root directory of this software component.
  21:Drivers/STM32F3xx_HAL_Driver/Src/stm32f3xx_hal_dac.c ****   * If no LICENSE file comes with this software, it is provided AS-IS.
  22:Drivers/STM32F3xx_HAL_Driver/Src/stm32f3xx_hal_dac.c ****   *
  23:Drivers/STM32F3xx_HAL_Driver/Src/stm32f3xx_hal_dac.c ****   ******************************************************************************
  24:Drivers/STM32F3xx_HAL_Driver/Src/stm32f3xx_hal_dac.c ****  @verbatim
  25:Drivers/STM32F3xx_HAL_Driver/Src/stm32f3xx_hal_dac.c ****   ==============================================================================
  26:Drivers/STM32F3xx_HAL_Driver/Src/stm32f3xx_hal_dac.c ****                       ##### DAC Peripheral features #####
  27:Drivers/STM32F3xx_HAL_Driver/Src/stm32f3xx_hal_dac.c ****   ==============================================================================
  28:Drivers/STM32F3xx_HAL_Driver/Src/stm32f3xx_hal_dac.c ****     [..]
  29:Drivers/STM32F3xx_HAL_Driver/Src/stm32f3xx_hal_dac.c ****       *** DAC Channels ***
ARM GAS  C:\Users\nakas\AppData\Local\Temp\ccbf8GPO.s 			page 2


  30:Drivers/STM32F3xx_HAL_Driver/Src/stm32f3xx_hal_dac.c ****       ====================
  31:Drivers/STM32F3xx_HAL_Driver/Src/stm32f3xx_hal_dac.c ****     [..]
  32:Drivers/STM32F3xx_HAL_Driver/Src/stm32f3xx_hal_dac.c ****     The device integrates up to 3 12-bit Digital Analog Converters that can
  33:Drivers/STM32F3xx_HAL_Driver/Src/stm32f3xx_hal_dac.c ****     be used independently or simultaneously (dual mode):
  34:Drivers/STM32F3xx_HAL_Driver/Src/stm32f3xx_hal_dac.c ****       (#) DAC1 channel1 with DAC1_OUT1 (PA4) as output
  35:Drivers/STM32F3xx_HAL_Driver/Src/stm32f3xx_hal_dac.c ****       (#) DAC1 channel2 with DAC1_OUT2 (PA5) as output
  36:Drivers/STM32F3xx_HAL_Driver/Src/stm32f3xx_hal_dac.c ****           (for STM32F3 devices having 2 channels on DAC1)
  37:Drivers/STM32F3xx_HAL_Driver/Src/stm32f3xx_hal_dac.c ****       (#) DAC2 channel1 with DAC2_OUT1 (PA6) as output
  38:Drivers/STM32F3xx_HAL_Driver/Src/stm32f3xx_hal_dac.c ****           (for STM32F3 devices having 2 DAC)
  39:Drivers/STM32F3xx_HAL_Driver/Src/stm32f3xx_hal_dac.c **** 
  40:Drivers/STM32F3xx_HAL_Driver/Src/stm32f3xx_hal_dac.c ****       *** DAC Triggers ***
  41:Drivers/STM32F3xx_HAL_Driver/Src/stm32f3xx_hal_dac.c ****       ====================
  42:Drivers/STM32F3xx_HAL_Driver/Src/stm32f3xx_hal_dac.c ****     [..]
  43:Drivers/STM32F3xx_HAL_Driver/Src/stm32f3xx_hal_dac.c ****     Digital to Analog conversion can be non-triggered using DAC_TRIGGER_NONE
  44:Drivers/STM32F3xx_HAL_Driver/Src/stm32f3xx_hal_dac.c ****     and DAC1_OUT1/DAC1_OUT2/DAC2_OUT1 is available once writing to DHRx register.
  45:Drivers/STM32F3xx_HAL_Driver/Src/stm32f3xx_hal_dac.c ****     [..]
  46:Drivers/STM32F3xx_HAL_Driver/Src/stm32f3xx_hal_dac.c ****     Digital to Analog conversion can be triggered by:
  47:Drivers/STM32F3xx_HAL_Driver/Src/stm32f3xx_hal_dac.c ****       (#) External event: EXTI Line 9 (any GPIOx_PIN_9) using DAC_TRIGGER_EXT_IT9.
  48:Drivers/STM32F3xx_HAL_Driver/Src/stm32f3xx_hal_dac.c ****           The used pin (GPIOx_PIN_9) must be configured in input mode.
  49:Drivers/STM32F3xx_HAL_Driver/Src/stm32f3xx_hal_dac.c **** 
  50:Drivers/STM32F3xx_HAL_Driver/Src/stm32f3xx_hal_dac.c ****       (#) Timers TRGO: TIM2, TIM4, TIM5, TIM6, TIM7 and TIM8
  51:Drivers/STM32F3xx_HAL_Driver/Src/stm32f3xx_hal_dac.c ****           (DAC_TRIGGER_T2_TRGO, DAC_TRIGGER_T4_TRGO...)
  52:Drivers/STM32F3xx_HAL_Driver/Src/stm32f3xx_hal_dac.c **** 
  53:Drivers/STM32F3xx_HAL_Driver/Src/stm32f3xx_hal_dac.c ****       (#) Software using DAC_TRIGGER_SOFTWARE
  54:Drivers/STM32F3xx_HAL_Driver/Src/stm32f3xx_hal_dac.c **** 
  55:Drivers/STM32F3xx_HAL_Driver/Src/stm32f3xx_hal_dac.c ****       *** DAC Buffer mode feature ***
  56:Drivers/STM32F3xx_HAL_Driver/Src/stm32f3xx_hal_dac.c ****       ===============================
  57:Drivers/STM32F3xx_HAL_Driver/Src/stm32f3xx_hal_dac.c ****       [..]
  58:Drivers/STM32F3xx_HAL_Driver/Src/stm32f3xx_hal_dac.c ****       Each DAC channel integrates an output buffer that can be used to
  59:Drivers/STM32F3xx_HAL_Driver/Src/stm32f3xx_hal_dac.c ****       reduce the output impedance, and to drive external loads directly
  60:Drivers/STM32F3xx_HAL_Driver/Src/stm32f3xx_hal_dac.c ****       without having to add an external operational amplifier.
  61:Drivers/STM32F3xx_HAL_Driver/Src/stm32f3xx_hal_dac.c ****       To enable, the output buffer use
  62:Drivers/STM32F3xx_HAL_Driver/Src/stm32f3xx_hal_dac.c ****       sConfig.DAC_OutputBuffer = DAC_OUTPUTBUFFER_ENABLE;
  63:Drivers/STM32F3xx_HAL_Driver/Src/stm32f3xx_hal_dac.c ****       Or
  64:Drivers/STM32F3xx_HAL_Driver/Src/stm32f3xx_hal_dac.c ****       An output switch
  65:Drivers/STM32F3xx_HAL_Driver/Src/stm32f3xx_hal_dac.c ****          (in STM32F303x4, STM32F303x6, STM32F303x8
  66:Drivers/STM32F3xx_HAL_Driver/Src/stm32f3xx_hal_dac.c ****              c, STM32F334x6, STM32F334x8
  67:Drivers/STM32F3xx_HAL_Driver/Src/stm32f3xx_hal_dac.c ****            & STM32F334xx).
  68:Drivers/STM32F3xx_HAL_Driver/Src/stm32f3xx_hal_dac.c ****       To enable, the output switch
  69:Drivers/STM32F3xx_HAL_Driver/Src/stm32f3xx_hal_dac.c ****       sConfig.DAC_OutputSwitch = DAC_OUTPUTSWITCH_ENABLE;
  70:Drivers/STM32F3xx_HAL_Driver/Src/stm32f3xx_hal_dac.c ****       [..]
  71:Drivers/STM32F3xx_HAL_Driver/Src/stm32f3xx_hal_dac.c ****       (@) Refer to the device datasheet for more details about output
  72:Drivers/STM32F3xx_HAL_Driver/Src/stm32f3xx_hal_dac.c ****           impedance value with and without output buffer.
  73:Drivers/STM32F3xx_HAL_Driver/Src/stm32f3xx_hal_dac.c **** 
  74:Drivers/STM32F3xx_HAL_Driver/Src/stm32f3xx_hal_dac.c ****       *** GPIO configurations guidelines ***
  75:Drivers/STM32F3xx_HAL_Driver/Src/stm32f3xx_hal_dac.c ****       =====================
  76:Drivers/STM32F3xx_HAL_Driver/Src/stm32f3xx_hal_dac.c ****       [..]
  77:Drivers/STM32F3xx_HAL_Driver/Src/stm32f3xx_hal_dac.c ****       When a DAC channel is used (ex channel1 on PA4) and the other is not
  78:Drivers/STM32F3xx_HAL_Driver/Src/stm32f3xx_hal_dac.c ****       (ex channel2 on PA5 is configured in Analog and disabled).
  79:Drivers/STM32F3xx_HAL_Driver/Src/stm32f3xx_hal_dac.c ****       Channel1 may disturb channel2 as coupling effect.
  80:Drivers/STM32F3xx_HAL_Driver/Src/stm32f3xx_hal_dac.c ****       Note that there is no coupling on channel2 as soon as channel2 is turned on.
  81:Drivers/STM32F3xx_HAL_Driver/Src/stm32f3xx_hal_dac.c ****       Coupling on adjacent channel could be avoided as follows:
  82:Drivers/STM32F3xx_HAL_Driver/Src/stm32f3xx_hal_dac.c ****       when unused PA5 is configured as INPUT PULL-UP or DOWN.
  83:Drivers/STM32F3xx_HAL_Driver/Src/stm32f3xx_hal_dac.c ****       PA5 is configured in ANALOG just before it is turned on.
  84:Drivers/STM32F3xx_HAL_Driver/Src/stm32f3xx_hal_dac.c **** 
  85:Drivers/STM32F3xx_HAL_Driver/Src/stm32f3xx_hal_dac.c **** 
  86:Drivers/STM32F3xx_HAL_Driver/Src/stm32f3xx_hal_dac.c ****        *** DAC wave generation feature ***
ARM GAS  C:\Users\nakas\AppData\Local\Temp\ccbf8GPO.s 			page 3


  87:Drivers/STM32F3xx_HAL_Driver/Src/stm32f3xx_hal_dac.c ****        ===================================
  88:Drivers/STM32F3xx_HAL_Driver/Src/stm32f3xx_hal_dac.c ****        [..]
  89:Drivers/STM32F3xx_HAL_Driver/Src/stm32f3xx_hal_dac.c ****        Both DAC channels of DAC1 can be used to generate
  90:Drivers/STM32F3xx_HAL_Driver/Src/stm32f3xx_hal_dac.c ****        note that wave generation is not available in DAC2.
  91:Drivers/STM32F3xx_HAL_Driver/Src/stm32f3xx_hal_dac.c ****          (#) Noise wave
  92:Drivers/STM32F3xx_HAL_Driver/Src/stm32f3xx_hal_dac.c ****          (#) Triangle wave
  93:Drivers/STM32F3xx_HAL_Driver/Src/stm32f3xx_hal_dac.c **** 
  94:Drivers/STM32F3xx_HAL_Driver/Src/stm32f3xx_hal_dac.c ****        Wave generation is NOT available in DAC2.
  95:Drivers/STM32F3xx_HAL_Driver/Src/stm32f3xx_hal_dac.c **** 
  96:Drivers/STM32F3xx_HAL_Driver/Src/stm32f3xx_hal_dac.c ****        *** DAC data format ***
  97:Drivers/STM32F3xx_HAL_Driver/Src/stm32f3xx_hal_dac.c ****        =======================
  98:Drivers/STM32F3xx_HAL_Driver/Src/stm32f3xx_hal_dac.c ****        [..]
  99:Drivers/STM32F3xx_HAL_Driver/Src/stm32f3xx_hal_dac.c ****        The DAC data format can be:
 100:Drivers/STM32F3xx_HAL_Driver/Src/stm32f3xx_hal_dac.c ****          (#) 8-bit right alignment using DAC_ALIGN_8B_R
 101:Drivers/STM32F3xx_HAL_Driver/Src/stm32f3xx_hal_dac.c ****          (#) 12-bit left alignment using DAC_ALIGN_12B_L
 102:Drivers/STM32F3xx_HAL_Driver/Src/stm32f3xx_hal_dac.c ****          (#) 12-bit right alignment using DAC_ALIGN_12B_R
 103:Drivers/STM32F3xx_HAL_Driver/Src/stm32f3xx_hal_dac.c **** 
 104:Drivers/STM32F3xx_HAL_Driver/Src/stm32f3xx_hal_dac.c ****        *** DAC data value to voltage correspondence ***
 105:Drivers/STM32F3xx_HAL_Driver/Src/stm32f3xx_hal_dac.c ****        ================================================
 106:Drivers/STM32F3xx_HAL_Driver/Src/stm32f3xx_hal_dac.c ****        [..]
 107:Drivers/STM32F3xx_HAL_Driver/Src/stm32f3xx_hal_dac.c ****        The analog output voltage on each DAC channel pin is determined
 108:Drivers/STM32F3xx_HAL_Driver/Src/stm32f3xx_hal_dac.c ****        by the following equation:
 109:Drivers/STM32F3xx_HAL_Driver/Src/stm32f3xx_hal_dac.c ****        [..]
 110:Drivers/STM32F3xx_HAL_Driver/Src/stm32f3xx_hal_dac.c ****        DAC_OUTx = VREF+ * DOR / 4095
 111:Drivers/STM32F3xx_HAL_Driver/Src/stm32f3xx_hal_dac.c ****        (+) with  DOR is the Data Output Register
 112:Drivers/STM32F3xx_HAL_Driver/Src/stm32f3xx_hal_dac.c ****        [..]
 113:Drivers/STM32F3xx_HAL_Driver/Src/stm32f3xx_hal_dac.c ****           VEF+ is the input voltage reference (refer to the device datasheet)
 114:Drivers/STM32F3xx_HAL_Driver/Src/stm32f3xx_hal_dac.c ****        [..]
 115:Drivers/STM32F3xx_HAL_Driver/Src/stm32f3xx_hal_dac.c ****         e.g. To set DAC_OUT1 to 0.7V, use
 116:Drivers/STM32F3xx_HAL_Driver/Src/stm32f3xx_hal_dac.c ****        (+)  Assuming that VREF+ = 3.3V, DAC_OUT1 = (3.3U * 868U) / 4095U = 0.7V
 117:Drivers/STM32F3xx_HAL_Driver/Src/stm32f3xx_hal_dac.c **** 
 118:Drivers/STM32F3xx_HAL_Driver/Src/stm32f3xx_hal_dac.c ****        *** DMA requests  ***
 119:Drivers/STM32F3xx_HAL_Driver/Src/stm32f3xx_hal_dac.c ****        =====================
 120:Drivers/STM32F3xx_HAL_Driver/Src/stm32f3xx_hal_dac.c ****        [..]
 121:Drivers/STM32F3xx_HAL_Driver/Src/stm32f3xx_hal_dac.c ****        A DMA1 or DMA2 request can be generated when an external trigger
 122:Drivers/STM32F3xx_HAL_Driver/Src/stm32f3xx_hal_dac.c ****        (but not a software trigger) occurs if DMA1 or DMA2 requests are
 123:Drivers/STM32F3xx_HAL_Driver/Src/stm32f3xx_hal_dac.c ****        enabled using HAL_DAC_Start_DMA().
 124:Drivers/STM32F3xx_HAL_Driver/Src/stm32f3xx_hal_dac.c ****        [..]
 125:Drivers/STM32F3xx_HAL_Driver/Src/stm32f3xx_hal_dac.c ****        DMA1 requests are mapped as following:
 126:Drivers/STM32F3xx_HAL_Driver/Src/stm32f3xx_hal_dac.c ****          (#) DAC1 channel1: mapped either on
 127:Drivers/STM32F3xx_HAL_Driver/Src/stm32f3xx_hal_dac.c ****          (++) DMA1 channel3
 128:Drivers/STM32F3xx_HAL_Driver/Src/stm32f3xx_hal_dac.c ****          (++) or DMA2 channel3 (for STM32F3 devices having 2 DMA)
 129:Drivers/STM32F3xx_HAL_Driver/Src/stm32f3xx_hal_dac.c ****              which must be already configured
 130:Drivers/STM32F3xx_HAL_Driver/Src/stm32f3xx_hal_dac.c ****          (#) DAC1 channel2:
 131:Drivers/STM32F3xx_HAL_Driver/Src/stm32f3xx_hal_dac.c ****              (for STM32F3 devices having 2 channels on DAC1)
 132:Drivers/STM32F3xx_HAL_Driver/Src/stm32f3xx_hal_dac.c ****              mapped either on
 133:Drivers/STM32F3xx_HAL_Driver/Src/stm32f3xx_hal_dac.c ****          (++) DMA1 channel4
 134:Drivers/STM32F3xx_HAL_Driver/Src/stm32f3xx_hal_dac.c ****          (++) or DMA2 channel4 (for STM32F3 devices having 2 DMA)
 135:Drivers/STM32F3xx_HAL_Driver/Src/stm32f3xx_hal_dac.c ****              which must be already configured
 136:Drivers/STM32F3xx_HAL_Driver/Src/stm32f3xx_hal_dac.c **** 
 137:Drivers/STM32F3xx_HAL_Driver/Src/stm32f3xx_hal_dac.c ****          (#) DAC2 channel1: mapped either on
 138:Drivers/STM32F3xx_HAL_Driver/Src/stm32f3xx_hal_dac.c ****              (for STM32F3 devices having 2 DAC)
 139:Drivers/STM32F3xx_HAL_Driver/Src/stm32f3xx_hal_dac.c ****          (++) DMA1 channel4
 140:Drivers/STM32F3xx_HAL_Driver/Src/stm32f3xx_hal_dac.c ****          (++) or DMA2 channel4 (for STM32F3 devices having 2 DMA)
 141:Drivers/STM32F3xx_HAL_Driver/Src/stm32f3xx_hal_dac.c ****              which must be already configured
 142:Drivers/STM32F3xx_HAL_Driver/Src/stm32f3xx_hal_dac.c **** 
 143:Drivers/STM32F3xx_HAL_Driver/Src/stm32f3xx_hal_dac.c **** 
ARM GAS  C:\Users\nakas\AppData\Local\Temp\ccbf8GPO.s 			page 4


 144:Drivers/STM32F3xx_HAL_Driver/Src/stm32f3xx_hal_dac.c ****        (@) For Dual mode and specific signal (Triangle and noise) generation please
 145:Drivers/STM32F3xx_HAL_Driver/Src/stm32f3xx_hal_dac.c ****        refer to Extended Features Driver description
 146:Drivers/STM32F3xx_HAL_Driver/Src/stm32f3xx_hal_dac.c **** 
 147:Drivers/STM32F3xx_HAL_Driver/Src/stm32f3xx_hal_dac.c ****                       ##### How to use this driver #####
 148:Drivers/STM32F3xx_HAL_Driver/Src/stm32f3xx_hal_dac.c ****   ==============================================================================
 149:Drivers/STM32F3xx_HAL_Driver/Src/stm32f3xx_hal_dac.c ****     [..]
 150:Drivers/STM32F3xx_HAL_Driver/Src/stm32f3xx_hal_dac.c ****       (+) DAC APB clock must be enabled to get write access to DAC
 151:Drivers/STM32F3xx_HAL_Driver/Src/stm32f3xx_hal_dac.c ****           registers using HAL_DAC_Init()
 152:Drivers/STM32F3xx_HAL_Driver/Src/stm32f3xx_hal_dac.c ****       (+) Configure DAC_OUTx (DAC_OUT1: PA4, DAC_OUT2: PA5) in analog mode.
 153:Drivers/STM32F3xx_HAL_Driver/Src/stm32f3xx_hal_dac.c ****       (+) Configure the DAC channel using HAL_DAC_ConfigChannel() function.
 154:Drivers/STM32F3xx_HAL_Driver/Src/stm32f3xx_hal_dac.c ****       (+) Enable the DAC channel using HAL_DAC_Start() or HAL_DAC_Start_DMA() functions
 155:Drivers/STM32F3xx_HAL_Driver/Src/stm32f3xx_hal_dac.c **** 
 156:Drivers/STM32F3xx_HAL_Driver/Src/stm32f3xx_hal_dac.c ****      *** Polling mode IO operation ***
 157:Drivers/STM32F3xx_HAL_Driver/Src/stm32f3xx_hal_dac.c ****      =================================
 158:Drivers/STM32F3xx_HAL_Driver/Src/stm32f3xx_hal_dac.c ****      [..]
 159:Drivers/STM32F3xx_HAL_Driver/Src/stm32f3xx_hal_dac.c ****        (+) Start the DAC peripheral using HAL_DAC_Start()
 160:Drivers/STM32F3xx_HAL_Driver/Src/stm32f3xx_hal_dac.c ****        (+) To read the DAC last data output value, use the HAL_DAC_GetValue() function.
 161:Drivers/STM32F3xx_HAL_Driver/Src/stm32f3xx_hal_dac.c ****        (+) Stop the DAC peripheral using HAL_DAC_Stop()
 162:Drivers/STM32F3xx_HAL_Driver/Src/stm32f3xx_hal_dac.c **** 
 163:Drivers/STM32F3xx_HAL_Driver/Src/stm32f3xx_hal_dac.c ****      *** DMA mode IO operation ***
 164:Drivers/STM32F3xx_HAL_Driver/Src/stm32f3xx_hal_dac.c ****      ==============================
 165:Drivers/STM32F3xx_HAL_Driver/Src/stm32f3xx_hal_dac.c ****      [..]
 166:Drivers/STM32F3xx_HAL_Driver/Src/stm32f3xx_hal_dac.c ****        (+) Start the DAC peripheral using HAL_DAC_Start_DMA(), at this stage the user specify the l
 167:Drivers/STM32F3xx_HAL_Driver/Src/stm32f3xx_hal_dac.c ****            of data to be transferred at each end of conversion
 168:Drivers/STM32F3xx_HAL_Driver/Src/stm32f3xx_hal_dac.c ****        (+) At the middle of data transfer HAL_DAC_ConvHalfCpltCallbackCh1() or HAL_DACEx_ConvHalfCp
 169:Drivers/STM32F3xx_HAL_Driver/Src/stm32f3xx_hal_dac.c ****            function is executed and user can add his own code by customization of function pointer
 170:Drivers/STM32F3xx_HAL_Driver/Src/stm32f3xx_hal_dac.c ****            HAL_DAC_ConvHalfCpltCallbackCh1() or HAL_DACEx_ConvHalfCpltCallbackCh2()
 171:Drivers/STM32F3xx_HAL_Driver/Src/stm32f3xx_hal_dac.c ****        (+) At The end of data transfer HAL_DAC_ConvCpltCallbackCh1() or HAL_DACEx_ConvHalfCpltCallb
 172:Drivers/STM32F3xx_HAL_Driver/Src/stm32f3xx_hal_dac.c ****            function is executed and user can add his own code by customization of function pointer
 173:Drivers/STM32F3xx_HAL_Driver/Src/stm32f3xx_hal_dac.c ****            HAL_DAC_ConvCpltCallbackCh1() or HAL_DACEx_ConvHalfCpltCallbackCh2()
 174:Drivers/STM32F3xx_HAL_Driver/Src/stm32f3xx_hal_dac.c ****        (+) In case of transfer Error, HAL_DAC_ErrorCallbackCh1() function is executed and user can
 175:Drivers/STM32F3xx_HAL_Driver/Src/stm32f3xx_hal_dac.c ****             add his own code by customization of function pointer HAL_DAC_ErrorCallbackCh1
 176:Drivers/STM32F3xx_HAL_Driver/Src/stm32f3xx_hal_dac.c ****        (+) In case of DMA underrun, DAC interruption triggers and execute internal function HAL_DAC
 177:Drivers/STM32F3xx_HAL_Driver/Src/stm32f3xx_hal_dac.c ****            HAL_DAC_DMAUnderrunCallbackCh1() or HAL_DACEx_DMAUnderrunCallbackCh2()
 178:Drivers/STM32F3xx_HAL_Driver/Src/stm32f3xx_hal_dac.c ****            function is executed and user can add his own code by customization of function pointer
 179:Drivers/STM32F3xx_HAL_Driver/Src/stm32f3xx_hal_dac.c ****            HAL_DAC_DMAUnderrunCallbackCh1() or HAL_DACEx_DMAUnderrunCallbackCh2() and
 180:Drivers/STM32F3xx_HAL_Driver/Src/stm32f3xx_hal_dac.c ****            add his own code by customization of function pointer HAL_DAC_ErrorCallbackCh1()
 181:Drivers/STM32F3xx_HAL_Driver/Src/stm32f3xx_hal_dac.c ****        (+) Stop the DAC peripheral using HAL_DAC_Stop_DMA()
 182:Drivers/STM32F3xx_HAL_Driver/Src/stm32f3xx_hal_dac.c **** 
 183:Drivers/STM32F3xx_HAL_Driver/Src/stm32f3xx_hal_dac.c ****     *** Callback registration ***
 184:Drivers/STM32F3xx_HAL_Driver/Src/stm32f3xx_hal_dac.c ****     =============================================
 185:Drivers/STM32F3xx_HAL_Driver/Src/stm32f3xx_hal_dac.c ****     [..]
 186:Drivers/STM32F3xx_HAL_Driver/Src/stm32f3xx_hal_dac.c ****       The compilation define  USE_HAL_DAC_REGISTER_CALLBACKS when set to 1
 187:Drivers/STM32F3xx_HAL_Driver/Src/stm32f3xx_hal_dac.c ****       allows the user to configure dynamically the driver callbacks.
 188:Drivers/STM32F3xx_HAL_Driver/Src/stm32f3xx_hal_dac.c **** 
 189:Drivers/STM32F3xx_HAL_Driver/Src/stm32f3xx_hal_dac.c ****     Use Functions HAL_DAC_RegisterCallback() to register a user callback,
 190:Drivers/STM32F3xx_HAL_Driver/Src/stm32f3xx_hal_dac.c ****       it allows to register following callbacks:
 191:Drivers/STM32F3xx_HAL_Driver/Src/stm32f3xx_hal_dac.c ****       (+) ConvCpltCallbackCh1     : callback when a half transfer is completed on Ch1.
 192:Drivers/STM32F3xx_HAL_Driver/Src/stm32f3xx_hal_dac.c ****       (+) ConvHalfCpltCallbackCh1 : callback when a transfer is completed on Ch1.
 193:Drivers/STM32F3xx_HAL_Driver/Src/stm32f3xx_hal_dac.c ****       (+) ErrorCallbackCh1        : callback when an error occurs on Ch1.
 194:Drivers/STM32F3xx_HAL_Driver/Src/stm32f3xx_hal_dac.c ****       (+) DMAUnderrunCallbackCh1  : callback when an underrun error occurs on Ch1.
 195:Drivers/STM32F3xx_HAL_Driver/Src/stm32f3xx_hal_dac.c ****       (+) ConvCpltCallbackCh2     : callback when a half transfer is completed on Ch2.
 196:Drivers/STM32F3xx_HAL_Driver/Src/stm32f3xx_hal_dac.c ****       (+) ConvHalfCpltCallbackCh2 : callback when a transfer is completed on Ch2.
 197:Drivers/STM32F3xx_HAL_Driver/Src/stm32f3xx_hal_dac.c ****       (+) ErrorCallbackCh2        : callback when an error occurs on Ch2.
 198:Drivers/STM32F3xx_HAL_Driver/Src/stm32f3xx_hal_dac.c ****       (+) DMAUnderrunCallbackCh2  : callback when an underrun error occurs on Ch2.
 199:Drivers/STM32F3xx_HAL_Driver/Src/stm32f3xx_hal_dac.c ****       (+) MspInitCallback         : DAC MspInit.
 200:Drivers/STM32F3xx_HAL_Driver/Src/stm32f3xx_hal_dac.c ****       (+) MspDeInitCallback       : DAC MspdeInit.
ARM GAS  C:\Users\nakas\AppData\Local\Temp\ccbf8GPO.s 			page 5


 201:Drivers/STM32F3xx_HAL_Driver/Src/stm32f3xx_hal_dac.c ****       This function takes as parameters the HAL peripheral handle, the Callback ID
 202:Drivers/STM32F3xx_HAL_Driver/Src/stm32f3xx_hal_dac.c ****       and a pointer to the user callback function.
 203:Drivers/STM32F3xx_HAL_Driver/Src/stm32f3xx_hal_dac.c **** 
 204:Drivers/STM32F3xx_HAL_Driver/Src/stm32f3xx_hal_dac.c ****     Use function HAL_DAC_UnRegisterCallback() to reset a callback to the default
 205:Drivers/STM32F3xx_HAL_Driver/Src/stm32f3xx_hal_dac.c ****       weak (overridden) function. It allows to reset following callbacks:
 206:Drivers/STM32F3xx_HAL_Driver/Src/stm32f3xx_hal_dac.c ****       (+) ConvCpltCallbackCh1     : callback when a half transfer is completed on Ch1.
 207:Drivers/STM32F3xx_HAL_Driver/Src/stm32f3xx_hal_dac.c ****       (+) ConvHalfCpltCallbackCh1 : callback when a transfer is completed on Ch1.
 208:Drivers/STM32F3xx_HAL_Driver/Src/stm32f3xx_hal_dac.c ****       (+) ErrorCallbackCh1        : callback when an error occurs on Ch1.
 209:Drivers/STM32F3xx_HAL_Driver/Src/stm32f3xx_hal_dac.c ****       (+) DMAUnderrunCallbackCh1  : callback when an underrun error occurs on Ch1.
 210:Drivers/STM32F3xx_HAL_Driver/Src/stm32f3xx_hal_dac.c ****       (+) ConvCpltCallbackCh2     : callback when a half transfer is completed on Ch2.
 211:Drivers/STM32F3xx_HAL_Driver/Src/stm32f3xx_hal_dac.c ****       (+) ConvHalfCpltCallbackCh2 : callback when a transfer is completed on Ch2.
 212:Drivers/STM32F3xx_HAL_Driver/Src/stm32f3xx_hal_dac.c ****       (+) ErrorCallbackCh2        : callback when an error occurs on Ch2.
 213:Drivers/STM32F3xx_HAL_Driver/Src/stm32f3xx_hal_dac.c ****       (+) DMAUnderrunCallbackCh2  : callback when an underrun error occurs on Ch2.
 214:Drivers/STM32F3xx_HAL_Driver/Src/stm32f3xx_hal_dac.c ****       (+) MspInitCallback         : DAC MspInit.
 215:Drivers/STM32F3xx_HAL_Driver/Src/stm32f3xx_hal_dac.c ****       (+) MspDeInitCallback       : DAC MspdeInit.
 216:Drivers/STM32F3xx_HAL_Driver/Src/stm32f3xx_hal_dac.c ****       (+) All Callbacks
 217:Drivers/STM32F3xx_HAL_Driver/Src/stm32f3xx_hal_dac.c ****       This function) takes as parameters the HAL peripheral handle and the Callback ID.
 218:Drivers/STM32F3xx_HAL_Driver/Src/stm32f3xx_hal_dac.c **** 
 219:Drivers/STM32F3xx_HAL_Driver/Src/stm32f3xx_hal_dac.c ****       By default, after the HAL_DAC_Init and if the state is HAL_DAC_STATE_RESET
 220:Drivers/STM32F3xx_HAL_Driver/Src/stm32f3xx_hal_dac.c ****       all callbacks are reset to the corresponding legacy weak (overridden) functions.
 221:Drivers/STM32F3xx_HAL_Driver/Src/stm32f3xx_hal_dac.c ****       Exception done for MspInit and MspDeInit callbacks that are respectively
 222:Drivers/STM32F3xx_HAL_Driver/Src/stm32f3xx_hal_dac.c ****       reset to the legacy weak (overridden) functions in the HAL_DAC_Init
 223:Drivers/STM32F3xx_HAL_Driver/Src/stm32f3xx_hal_dac.c ****       and  HAL_DAC_DeInit only when these callbacks are null (not registered beforehand).
 224:Drivers/STM32F3xx_HAL_Driver/Src/stm32f3xx_hal_dac.c ****       If not, MspInit or MspDeInit are not null, the HAL_DAC_Init and HAL_DAC_DeInit
 225:Drivers/STM32F3xx_HAL_Driver/Src/stm32f3xx_hal_dac.c ****       keep and use the user MspInit/MspDeInit callbacks (registered beforehand)
 226:Drivers/STM32F3xx_HAL_Driver/Src/stm32f3xx_hal_dac.c **** 
 227:Drivers/STM32F3xx_HAL_Driver/Src/stm32f3xx_hal_dac.c ****       Callbacks can be registered/unregistered in READY state only.
 228:Drivers/STM32F3xx_HAL_Driver/Src/stm32f3xx_hal_dac.c ****       Exception done for MspInit/MspDeInit callbacks that can be registered/unregistered
 229:Drivers/STM32F3xx_HAL_Driver/Src/stm32f3xx_hal_dac.c ****       in READY or RESET state, thus registered (user) MspInit/DeInit callbacks can be used
 230:Drivers/STM32F3xx_HAL_Driver/Src/stm32f3xx_hal_dac.c ****       during the Init/DeInit.
 231:Drivers/STM32F3xx_HAL_Driver/Src/stm32f3xx_hal_dac.c ****       In that case first register the MspInit/MspDeInit user callbacks
 232:Drivers/STM32F3xx_HAL_Driver/Src/stm32f3xx_hal_dac.c ****       using HAL_DAC_RegisterCallback before calling HAL_DAC_DeInit
 233:Drivers/STM32F3xx_HAL_Driver/Src/stm32f3xx_hal_dac.c ****       or HAL_DAC_Init function.
 234:Drivers/STM32F3xx_HAL_Driver/Src/stm32f3xx_hal_dac.c **** 
 235:Drivers/STM32F3xx_HAL_Driver/Src/stm32f3xx_hal_dac.c ****       When The compilation define USE_HAL_DAC_REGISTER_CALLBACKS is set to 0 or
 236:Drivers/STM32F3xx_HAL_Driver/Src/stm32f3xx_hal_dac.c ****       not defined, the callback registering feature is not available
 237:Drivers/STM32F3xx_HAL_Driver/Src/stm32f3xx_hal_dac.c ****       and weak (overridden) callbacks are used.
 238:Drivers/STM32F3xx_HAL_Driver/Src/stm32f3xx_hal_dac.c **** 
 239:Drivers/STM32F3xx_HAL_Driver/Src/stm32f3xx_hal_dac.c **** 
 240:Drivers/STM32F3xx_HAL_Driver/Src/stm32f3xx_hal_dac.c ****      *** DAC HAL driver macros list ***
 241:Drivers/STM32F3xx_HAL_Driver/Src/stm32f3xx_hal_dac.c ****      =============================================
 242:Drivers/STM32F3xx_HAL_Driver/Src/stm32f3xx_hal_dac.c ****      [..]
 243:Drivers/STM32F3xx_HAL_Driver/Src/stm32f3xx_hal_dac.c ****        Below the list of most used macros in DAC HAL driver.
 244:Drivers/STM32F3xx_HAL_Driver/Src/stm32f3xx_hal_dac.c **** 
 245:Drivers/STM32F3xx_HAL_Driver/Src/stm32f3xx_hal_dac.c ****       (+) __HAL_DAC_ENABLE : Enable the DAC peripheral
 246:Drivers/STM32F3xx_HAL_Driver/Src/stm32f3xx_hal_dac.c ****       (+) __HAL_DAC_DISABLE : Disable the DAC peripheral
 247:Drivers/STM32F3xx_HAL_Driver/Src/stm32f3xx_hal_dac.c ****       (+) __HAL_DAC_CLEAR_FLAG: Clear the DAC's pending flags
 248:Drivers/STM32F3xx_HAL_Driver/Src/stm32f3xx_hal_dac.c ****       (+) __HAL_DAC_GET_FLAG: Get the selected DAC's flag status
 249:Drivers/STM32F3xx_HAL_Driver/Src/stm32f3xx_hal_dac.c **** 
 250:Drivers/STM32F3xx_HAL_Driver/Src/stm32f3xx_hal_dac.c ****      [..]
 251:Drivers/STM32F3xx_HAL_Driver/Src/stm32f3xx_hal_dac.c ****       (@) You can refer to the DAC HAL driver header file for more useful macros
 252:Drivers/STM32F3xx_HAL_Driver/Src/stm32f3xx_hal_dac.c **** 
 253:Drivers/STM32F3xx_HAL_Driver/Src/stm32f3xx_hal_dac.c ****  @endverbatim
 254:Drivers/STM32F3xx_HAL_Driver/Src/stm32f3xx_hal_dac.c ****   ******************************************************************************
 255:Drivers/STM32F3xx_HAL_Driver/Src/stm32f3xx_hal_dac.c ****   */
 256:Drivers/STM32F3xx_HAL_Driver/Src/stm32f3xx_hal_dac.c **** 
 257:Drivers/STM32F3xx_HAL_Driver/Src/stm32f3xx_hal_dac.c **** 
ARM GAS  C:\Users\nakas\AppData\Local\Temp\ccbf8GPO.s 			page 6


 258:Drivers/STM32F3xx_HAL_Driver/Src/stm32f3xx_hal_dac.c **** /* Includes ------------------------------------------------------------------*/
 259:Drivers/STM32F3xx_HAL_Driver/Src/stm32f3xx_hal_dac.c **** #include "stm32f3xx_hal.h"
 260:Drivers/STM32F3xx_HAL_Driver/Src/stm32f3xx_hal_dac.c **** 
 261:Drivers/STM32F3xx_HAL_Driver/Src/stm32f3xx_hal_dac.c **** /** @addtogroup STM32F3xx_HAL_Driver
 262:Drivers/STM32F3xx_HAL_Driver/Src/stm32f3xx_hal_dac.c ****   * @{
 263:Drivers/STM32F3xx_HAL_Driver/Src/stm32f3xx_hal_dac.c ****   */
 264:Drivers/STM32F3xx_HAL_Driver/Src/stm32f3xx_hal_dac.c **** 
 265:Drivers/STM32F3xx_HAL_Driver/Src/stm32f3xx_hal_dac.c **** /** @defgroup DAC DAC
 266:Drivers/STM32F3xx_HAL_Driver/Src/stm32f3xx_hal_dac.c ****   * @brief DAC HAL module driver
 267:Drivers/STM32F3xx_HAL_Driver/Src/stm32f3xx_hal_dac.c ****   * @{
 268:Drivers/STM32F3xx_HAL_Driver/Src/stm32f3xx_hal_dac.c ****   */
 269:Drivers/STM32F3xx_HAL_Driver/Src/stm32f3xx_hal_dac.c **** 
 270:Drivers/STM32F3xx_HAL_Driver/Src/stm32f3xx_hal_dac.c **** #ifdef HAL_DAC_MODULE_ENABLED
 271:Drivers/STM32F3xx_HAL_Driver/Src/stm32f3xx_hal_dac.c **** 
 272:Drivers/STM32F3xx_HAL_Driver/Src/stm32f3xx_hal_dac.c **** /* Private typedef -----------------------------------------------------------*/
 273:Drivers/STM32F3xx_HAL_Driver/Src/stm32f3xx_hal_dac.c **** /* Private define ------------------------------------------------------------*/
 274:Drivers/STM32F3xx_HAL_Driver/Src/stm32f3xx_hal_dac.c **** /* Private macro -------------------------------------------------------------*/
 275:Drivers/STM32F3xx_HAL_Driver/Src/stm32f3xx_hal_dac.c **** /** @defgroup DAC_Private_Macros DAC Private Macros
 276:Drivers/STM32F3xx_HAL_Driver/Src/stm32f3xx_hal_dac.c ****   * @{
 277:Drivers/STM32F3xx_HAL_Driver/Src/stm32f3xx_hal_dac.c ****   */
 278:Drivers/STM32F3xx_HAL_Driver/Src/stm32f3xx_hal_dac.c **** /**
 279:Drivers/STM32F3xx_HAL_Driver/Src/stm32f3xx_hal_dac.c ****   * @}
 280:Drivers/STM32F3xx_HAL_Driver/Src/stm32f3xx_hal_dac.c ****   */
 281:Drivers/STM32F3xx_HAL_Driver/Src/stm32f3xx_hal_dac.c **** 
 282:Drivers/STM32F3xx_HAL_Driver/Src/stm32f3xx_hal_dac.c **** /* Private variables ---------------------------------------------------------*/
 283:Drivers/STM32F3xx_HAL_Driver/Src/stm32f3xx_hal_dac.c **** /* Private function prototypes -----------------------------------------------*/
 284:Drivers/STM32F3xx_HAL_Driver/Src/stm32f3xx_hal_dac.c **** /** @defgroup DAC_Private_Functions DAC Private Functions
 285:Drivers/STM32F3xx_HAL_Driver/Src/stm32f3xx_hal_dac.c ****   * @{
 286:Drivers/STM32F3xx_HAL_Driver/Src/stm32f3xx_hal_dac.c ****   */
 287:Drivers/STM32F3xx_HAL_Driver/Src/stm32f3xx_hal_dac.c **** /**
 288:Drivers/STM32F3xx_HAL_Driver/Src/stm32f3xx_hal_dac.c ****   * @}
 289:Drivers/STM32F3xx_HAL_Driver/Src/stm32f3xx_hal_dac.c ****   */
 290:Drivers/STM32F3xx_HAL_Driver/Src/stm32f3xx_hal_dac.c **** 
 291:Drivers/STM32F3xx_HAL_Driver/Src/stm32f3xx_hal_dac.c **** /* Exported functions -------------------------------------------------------*/
 292:Drivers/STM32F3xx_HAL_Driver/Src/stm32f3xx_hal_dac.c **** 
 293:Drivers/STM32F3xx_HAL_Driver/Src/stm32f3xx_hal_dac.c **** /** @defgroup DAC_Exported_Functions DAC Exported Functions
 294:Drivers/STM32F3xx_HAL_Driver/Src/stm32f3xx_hal_dac.c ****   * @{
 295:Drivers/STM32F3xx_HAL_Driver/Src/stm32f3xx_hal_dac.c ****   */
 296:Drivers/STM32F3xx_HAL_Driver/Src/stm32f3xx_hal_dac.c **** 
 297:Drivers/STM32F3xx_HAL_Driver/Src/stm32f3xx_hal_dac.c **** /** @defgroup DAC_Exported_Functions_Group1 Initialization and de-initialization functions
 298:Drivers/STM32F3xx_HAL_Driver/Src/stm32f3xx_hal_dac.c ****  *  @brief    Initialization and Configuration functions
 299:Drivers/STM32F3xx_HAL_Driver/Src/stm32f3xx_hal_dac.c ****  *
 300:Drivers/STM32F3xx_HAL_Driver/Src/stm32f3xx_hal_dac.c **** @verbatim
 301:Drivers/STM32F3xx_HAL_Driver/Src/stm32f3xx_hal_dac.c ****   ==============================================================================
 302:Drivers/STM32F3xx_HAL_Driver/Src/stm32f3xx_hal_dac.c ****               ##### Initialization and de-initialization functions #####
 303:Drivers/STM32F3xx_HAL_Driver/Src/stm32f3xx_hal_dac.c ****   ==============================================================================
 304:Drivers/STM32F3xx_HAL_Driver/Src/stm32f3xx_hal_dac.c ****     [..]  This section provides functions allowing to:
 305:Drivers/STM32F3xx_HAL_Driver/Src/stm32f3xx_hal_dac.c ****       (+) Initialize and configure the DAC.
 306:Drivers/STM32F3xx_HAL_Driver/Src/stm32f3xx_hal_dac.c ****       (+) De-initialize the DAC.
 307:Drivers/STM32F3xx_HAL_Driver/Src/stm32f3xx_hal_dac.c **** 
 308:Drivers/STM32F3xx_HAL_Driver/Src/stm32f3xx_hal_dac.c **** @endverbatim
 309:Drivers/STM32F3xx_HAL_Driver/Src/stm32f3xx_hal_dac.c ****   * @{
 310:Drivers/STM32F3xx_HAL_Driver/Src/stm32f3xx_hal_dac.c ****   */
 311:Drivers/STM32F3xx_HAL_Driver/Src/stm32f3xx_hal_dac.c **** 
 312:Drivers/STM32F3xx_HAL_Driver/Src/stm32f3xx_hal_dac.c **** /**
 313:Drivers/STM32F3xx_HAL_Driver/Src/stm32f3xx_hal_dac.c ****   * @brief  Initialize the DAC peripheral according to the specified parameters
 314:Drivers/STM32F3xx_HAL_Driver/Src/stm32f3xx_hal_dac.c ****   *         in the DAC_InitStruct and initialize the associated handle.
ARM GAS  C:\Users\nakas\AppData\Local\Temp\ccbf8GPO.s 			page 7


 315:Drivers/STM32F3xx_HAL_Driver/Src/stm32f3xx_hal_dac.c ****   * @param  hdac pointer to a DAC_HandleTypeDef structure that contains
 316:Drivers/STM32F3xx_HAL_Driver/Src/stm32f3xx_hal_dac.c ****   *         the configuration information for the specified DAC.
 317:Drivers/STM32F3xx_HAL_Driver/Src/stm32f3xx_hal_dac.c ****   * @retval HAL status
 318:Drivers/STM32F3xx_HAL_Driver/Src/stm32f3xx_hal_dac.c ****   */
 319:Drivers/STM32F3xx_HAL_Driver/Src/stm32f3xx_hal_dac.c **** HAL_StatusTypeDef HAL_DAC_Init(DAC_HandleTypeDef* hdac)
 320:Drivers/STM32F3xx_HAL_Driver/Src/stm32f3xx_hal_dac.c **** {
 321:Drivers/STM32F3xx_HAL_Driver/Src/stm32f3xx_hal_dac.c ****   /* Check DAC handle */
 322:Drivers/STM32F3xx_HAL_Driver/Src/stm32f3xx_hal_dac.c ****   if(hdac == NULL)
 323:Drivers/STM32F3xx_HAL_Driver/Src/stm32f3xx_hal_dac.c ****   {
 324:Drivers/STM32F3xx_HAL_Driver/Src/stm32f3xx_hal_dac.c ****      return HAL_ERROR;
 325:Drivers/STM32F3xx_HAL_Driver/Src/stm32f3xx_hal_dac.c ****   }
 326:Drivers/STM32F3xx_HAL_Driver/Src/stm32f3xx_hal_dac.c ****   /* Check the parameters */
 327:Drivers/STM32F3xx_HAL_Driver/Src/stm32f3xx_hal_dac.c ****   assert_param(IS_DAC_ALL_INSTANCE(hdac->Instance));
 328:Drivers/STM32F3xx_HAL_Driver/Src/stm32f3xx_hal_dac.c **** 
 329:Drivers/STM32F3xx_HAL_Driver/Src/stm32f3xx_hal_dac.c ****   if(hdac->State == HAL_DAC_STATE_RESET)
 330:Drivers/STM32F3xx_HAL_Driver/Src/stm32f3xx_hal_dac.c ****   {
 331:Drivers/STM32F3xx_HAL_Driver/Src/stm32f3xx_hal_dac.c **** #if (USE_HAL_DAC_REGISTER_CALLBACKS == 1)
 332:Drivers/STM32F3xx_HAL_Driver/Src/stm32f3xx_hal_dac.c ****   /* Init the DAC Callback settings */
 333:Drivers/STM32F3xx_HAL_Driver/Src/stm32f3xx_hal_dac.c ****   hdac->ConvCpltCallbackCh1           = HAL_DAC_ConvCpltCallbackCh1;
 334:Drivers/STM32F3xx_HAL_Driver/Src/stm32f3xx_hal_dac.c ****   hdac->ConvHalfCpltCallbackCh1       = HAL_DAC_ConvHalfCpltCallbackCh1;
 335:Drivers/STM32F3xx_HAL_Driver/Src/stm32f3xx_hal_dac.c ****   hdac->ErrorCallbackCh1              = HAL_DAC_ErrorCallbackCh1;
 336:Drivers/STM32F3xx_HAL_Driver/Src/stm32f3xx_hal_dac.c ****   hdac->DMAUnderrunCallbackCh1        = HAL_DAC_DMAUnderrunCallbackCh1;
 337:Drivers/STM32F3xx_HAL_Driver/Src/stm32f3xx_hal_dac.c **** #if defined(DAC_CHANNEL2_SUPPORT)
 338:Drivers/STM32F3xx_HAL_Driver/Src/stm32f3xx_hal_dac.c ****   hdac->ConvCpltCallbackCh2           = HAL_DACEx_ConvCpltCallbackCh2;
 339:Drivers/STM32F3xx_HAL_Driver/Src/stm32f3xx_hal_dac.c ****   hdac->ConvHalfCpltCallbackCh2       = HAL_DACEx_ConvHalfCpltCallbackCh2;
 340:Drivers/STM32F3xx_HAL_Driver/Src/stm32f3xx_hal_dac.c ****   hdac->ErrorCallbackCh2              = HAL_DACEx_ErrorCallbackCh2;
 341:Drivers/STM32F3xx_HAL_Driver/Src/stm32f3xx_hal_dac.c ****   hdac->DMAUnderrunCallbackCh2        = HAL_DACEx_DMAUnderrunCallbackCh2;
 342:Drivers/STM32F3xx_HAL_Driver/Src/stm32f3xx_hal_dac.c **** #endif /* DAC_CHANNEL2_SUPPORT */
 343:Drivers/STM32F3xx_HAL_Driver/Src/stm32f3xx_hal_dac.c ****   if(hdac->MspInitCallback == NULL)
 344:Drivers/STM32F3xx_HAL_Driver/Src/stm32f3xx_hal_dac.c ****   {
 345:Drivers/STM32F3xx_HAL_Driver/Src/stm32f3xx_hal_dac.c ****     hdac->MspInitCallback               = HAL_DAC_MspInit;
 346:Drivers/STM32F3xx_HAL_Driver/Src/stm32f3xx_hal_dac.c ****   }
 347:Drivers/STM32F3xx_HAL_Driver/Src/stm32f3xx_hal_dac.c ****   if(hdac->MspDeInitCallback == NULL)
 348:Drivers/STM32F3xx_HAL_Driver/Src/stm32f3xx_hal_dac.c ****   {
 349:Drivers/STM32F3xx_HAL_Driver/Src/stm32f3xx_hal_dac.c ****     hdac->MspDeInitCallback             = HAL_DAC_MspDeInit;
 350:Drivers/STM32F3xx_HAL_Driver/Src/stm32f3xx_hal_dac.c ****   }
 351:Drivers/STM32F3xx_HAL_Driver/Src/stm32f3xx_hal_dac.c **** #endif /* USE_HAL_DAC_REGISTER_CALLBACKS */
 352:Drivers/STM32F3xx_HAL_Driver/Src/stm32f3xx_hal_dac.c **** 
 353:Drivers/STM32F3xx_HAL_Driver/Src/stm32f3xx_hal_dac.c ****     /* Allocate lock resource and initialize it */
 354:Drivers/STM32F3xx_HAL_Driver/Src/stm32f3xx_hal_dac.c ****     hdac->Lock = HAL_UNLOCKED;
 355:Drivers/STM32F3xx_HAL_Driver/Src/stm32f3xx_hal_dac.c **** 
 356:Drivers/STM32F3xx_HAL_Driver/Src/stm32f3xx_hal_dac.c **** #if (USE_HAL_DAC_REGISTER_CALLBACKS == 1)
 357:Drivers/STM32F3xx_HAL_Driver/Src/stm32f3xx_hal_dac.c ****     /* Init the low level hardware */
 358:Drivers/STM32F3xx_HAL_Driver/Src/stm32f3xx_hal_dac.c ****     hdac->MspInitCallback(hdac);
 359:Drivers/STM32F3xx_HAL_Driver/Src/stm32f3xx_hal_dac.c **** #else
 360:Drivers/STM32F3xx_HAL_Driver/Src/stm32f3xx_hal_dac.c ****     /* Init the low level hardware */
 361:Drivers/STM32F3xx_HAL_Driver/Src/stm32f3xx_hal_dac.c ****     HAL_DAC_MspInit(hdac);
 362:Drivers/STM32F3xx_HAL_Driver/Src/stm32f3xx_hal_dac.c **** #endif /* USE_HAL_DAC_REGISTER_CALLBACKS */
 363:Drivers/STM32F3xx_HAL_Driver/Src/stm32f3xx_hal_dac.c ****   }
 364:Drivers/STM32F3xx_HAL_Driver/Src/stm32f3xx_hal_dac.c **** 
 365:Drivers/STM32F3xx_HAL_Driver/Src/stm32f3xx_hal_dac.c ****   /* Initialize the DAC state*/
 366:Drivers/STM32F3xx_HAL_Driver/Src/stm32f3xx_hal_dac.c ****   hdac->State = HAL_DAC_STATE_BUSY;
 367:Drivers/STM32F3xx_HAL_Driver/Src/stm32f3xx_hal_dac.c **** 
 368:Drivers/STM32F3xx_HAL_Driver/Src/stm32f3xx_hal_dac.c ****   /* Set DAC error code to none */
 369:Drivers/STM32F3xx_HAL_Driver/Src/stm32f3xx_hal_dac.c ****   hdac->ErrorCode = HAL_DAC_ERROR_NONE;
 370:Drivers/STM32F3xx_HAL_Driver/Src/stm32f3xx_hal_dac.c **** 
 371:Drivers/STM32F3xx_HAL_Driver/Src/stm32f3xx_hal_dac.c ****   /* Initialize the DAC state*/
ARM GAS  C:\Users\nakas\AppData\Local\Temp\ccbf8GPO.s 			page 8


 372:Drivers/STM32F3xx_HAL_Driver/Src/stm32f3xx_hal_dac.c ****   hdac->State = HAL_DAC_STATE_READY;
 373:Drivers/STM32F3xx_HAL_Driver/Src/stm32f3xx_hal_dac.c **** 
 374:Drivers/STM32F3xx_HAL_Driver/Src/stm32f3xx_hal_dac.c ****   /* Return function status */
 375:Drivers/STM32F3xx_HAL_Driver/Src/stm32f3xx_hal_dac.c ****   return HAL_OK;
 376:Drivers/STM32F3xx_HAL_Driver/Src/stm32f3xx_hal_dac.c **** }
 377:Drivers/STM32F3xx_HAL_Driver/Src/stm32f3xx_hal_dac.c **** 
 378:Drivers/STM32F3xx_HAL_Driver/Src/stm32f3xx_hal_dac.c **** /**
 379:Drivers/STM32F3xx_HAL_Driver/Src/stm32f3xx_hal_dac.c ****   * @brief  Deinitialize the DAC peripheral registers to their default reset values.
 380:Drivers/STM32F3xx_HAL_Driver/Src/stm32f3xx_hal_dac.c ****   * @param  hdac pointer to a DAC_HandleTypeDef structure that contains
 381:Drivers/STM32F3xx_HAL_Driver/Src/stm32f3xx_hal_dac.c ****   *         the configuration information for the specified DAC.
 382:Drivers/STM32F3xx_HAL_Driver/Src/stm32f3xx_hal_dac.c ****   * @retval HAL status
 383:Drivers/STM32F3xx_HAL_Driver/Src/stm32f3xx_hal_dac.c ****   */
 384:Drivers/STM32F3xx_HAL_Driver/Src/stm32f3xx_hal_dac.c **** HAL_StatusTypeDef HAL_DAC_DeInit(DAC_HandleTypeDef* hdac)
 385:Drivers/STM32F3xx_HAL_Driver/Src/stm32f3xx_hal_dac.c **** {
 386:Drivers/STM32F3xx_HAL_Driver/Src/stm32f3xx_hal_dac.c ****   /* Check DAC handle */
 387:Drivers/STM32F3xx_HAL_Driver/Src/stm32f3xx_hal_dac.c ****   if(hdac == NULL)
 388:Drivers/STM32F3xx_HAL_Driver/Src/stm32f3xx_hal_dac.c ****   {
 389:Drivers/STM32F3xx_HAL_Driver/Src/stm32f3xx_hal_dac.c ****     return HAL_ERROR;
 390:Drivers/STM32F3xx_HAL_Driver/Src/stm32f3xx_hal_dac.c ****   }
 391:Drivers/STM32F3xx_HAL_Driver/Src/stm32f3xx_hal_dac.c **** 
 392:Drivers/STM32F3xx_HAL_Driver/Src/stm32f3xx_hal_dac.c ****   /* Check the parameters */
 393:Drivers/STM32F3xx_HAL_Driver/Src/stm32f3xx_hal_dac.c ****   assert_param(IS_DAC_ALL_INSTANCE(hdac->Instance));
 394:Drivers/STM32F3xx_HAL_Driver/Src/stm32f3xx_hal_dac.c **** 
 395:Drivers/STM32F3xx_HAL_Driver/Src/stm32f3xx_hal_dac.c ****   /* Change DAC state */
 396:Drivers/STM32F3xx_HAL_Driver/Src/stm32f3xx_hal_dac.c ****   hdac->State = HAL_DAC_STATE_BUSY;
 397:Drivers/STM32F3xx_HAL_Driver/Src/stm32f3xx_hal_dac.c **** 
 398:Drivers/STM32F3xx_HAL_Driver/Src/stm32f3xx_hal_dac.c **** #if (USE_HAL_DAC_REGISTER_CALLBACKS == 1)
 399:Drivers/STM32F3xx_HAL_Driver/Src/stm32f3xx_hal_dac.c ****   if(hdac->MspDeInitCallback == NULL)
 400:Drivers/STM32F3xx_HAL_Driver/Src/stm32f3xx_hal_dac.c ****   {
 401:Drivers/STM32F3xx_HAL_Driver/Src/stm32f3xx_hal_dac.c ****     hdac->MspDeInitCallback = HAL_DAC_MspDeInit;
 402:Drivers/STM32F3xx_HAL_Driver/Src/stm32f3xx_hal_dac.c ****   }
 403:Drivers/STM32F3xx_HAL_Driver/Src/stm32f3xx_hal_dac.c ****   /* DeInit the low level hardware */
 404:Drivers/STM32F3xx_HAL_Driver/Src/stm32f3xx_hal_dac.c ****   hdac->MspDeInitCallback(hdac);
 405:Drivers/STM32F3xx_HAL_Driver/Src/stm32f3xx_hal_dac.c **** 
 406:Drivers/STM32F3xx_HAL_Driver/Src/stm32f3xx_hal_dac.c **** #else
 407:Drivers/STM32F3xx_HAL_Driver/Src/stm32f3xx_hal_dac.c ****   /* DeInit the low level hardware */
 408:Drivers/STM32F3xx_HAL_Driver/Src/stm32f3xx_hal_dac.c ****   HAL_DAC_MspDeInit(hdac);
 409:Drivers/STM32F3xx_HAL_Driver/Src/stm32f3xx_hal_dac.c **** #endif /* USE_HAL_DAC_REGISTER_CALLBACKS */
 410:Drivers/STM32F3xx_HAL_Driver/Src/stm32f3xx_hal_dac.c **** 
 411:Drivers/STM32F3xx_HAL_Driver/Src/stm32f3xx_hal_dac.c ****   /* Set DAC error code to none */
 412:Drivers/STM32F3xx_HAL_Driver/Src/stm32f3xx_hal_dac.c ****   hdac->ErrorCode = HAL_DAC_ERROR_NONE;
 413:Drivers/STM32F3xx_HAL_Driver/Src/stm32f3xx_hal_dac.c **** 
 414:Drivers/STM32F3xx_HAL_Driver/Src/stm32f3xx_hal_dac.c ****   /* Change DAC state */
 415:Drivers/STM32F3xx_HAL_Driver/Src/stm32f3xx_hal_dac.c ****   hdac->State = HAL_DAC_STATE_RESET;
 416:Drivers/STM32F3xx_HAL_Driver/Src/stm32f3xx_hal_dac.c **** 
 417:Drivers/STM32F3xx_HAL_Driver/Src/stm32f3xx_hal_dac.c ****   /* Release Lock */
 418:Drivers/STM32F3xx_HAL_Driver/Src/stm32f3xx_hal_dac.c ****   __HAL_UNLOCK(hdac);
 419:Drivers/STM32F3xx_HAL_Driver/Src/stm32f3xx_hal_dac.c **** 
 420:Drivers/STM32F3xx_HAL_Driver/Src/stm32f3xx_hal_dac.c ****   /* Return function status */
 421:Drivers/STM32F3xx_HAL_Driver/Src/stm32f3xx_hal_dac.c ****   return HAL_OK;
 422:Drivers/STM32F3xx_HAL_Driver/Src/stm32f3xx_hal_dac.c **** }
 423:Drivers/STM32F3xx_HAL_Driver/Src/stm32f3xx_hal_dac.c **** 
 424:Drivers/STM32F3xx_HAL_Driver/Src/stm32f3xx_hal_dac.c **** /**
 425:Drivers/STM32F3xx_HAL_Driver/Src/stm32f3xx_hal_dac.c ****   * @brief  Initialize the DAC MSP.
 426:Drivers/STM32F3xx_HAL_Driver/Src/stm32f3xx_hal_dac.c ****   * @param  hdac pointer to a DAC_HandleTypeDef structure that contains
 427:Drivers/STM32F3xx_HAL_Driver/Src/stm32f3xx_hal_dac.c ****   *         the configuration information for the specified DAC.
 428:Drivers/STM32F3xx_HAL_Driver/Src/stm32f3xx_hal_dac.c ****   * @retval None
ARM GAS  C:\Users\nakas\AppData\Local\Temp\ccbf8GPO.s 			page 9


 429:Drivers/STM32F3xx_HAL_Driver/Src/stm32f3xx_hal_dac.c ****   */
 430:Drivers/STM32F3xx_HAL_Driver/Src/stm32f3xx_hal_dac.c **** __weak void HAL_DAC_MspInit(DAC_HandleTypeDef* hdac)
 431:Drivers/STM32F3xx_HAL_Driver/Src/stm32f3xx_hal_dac.c **** {
  30              		.loc 1 431 1 view -0
  31              		.cfi_startproc
  32              		@ args = 0, pretend = 0, frame = 0
  33              		@ frame_needed = 0, uses_anonymous_args = 0
  34              		@ link register save eliminated.
 432:Drivers/STM32F3xx_HAL_Driver/Src/stm32f3xx_hal_dac.c ****   /* Prevent unused argument(s) compilation warning */
 433:Drivers/STM32F3xx_HAL_Driver/Src/stm32f3xx_hal_dac.c ****   UNUSED(hdac);
  35              		.loc 1 433 3 view .LVU1
 434:Drivers/STM32F3xx_HAL_Driver/Src/stm32f3xx_hal_dac.c **** 
 435:Drivers/STM32F3xx_HAL_Driver/Src/stm32f3xx_hal_dac.c ****   /* NOTE : This function should not be modified, when the callback is needed,
 436:Drivers/STM32F3xx_HAL_Driver/Src/stm32f3xx_hal_dac.c ****             the HAL_DAC_MspInit could be implemented in the user file
 437:Drivers/STM32F3xx_HAL_Driver/Src/stm32f3xx_hal_dac.c ****    */
 438:Drivers/STM32F3xx_HAL_Driver/Src/stm32f3xx_hal_dac.c **** }
  36              		.loc 1 438 1 is_stmt 0 view .LVU2
  37 0000 7047     		bx	lr
  38              		.cfi_endproc
  39              	.LFE125:
  41              		.section	.text.HAL_DAC_Init,"ax",%progbits
  42              		.align	1
  43              		.global	HAL_DAC_Init
  44              		.syntax unified
  45              		.thumb
  46              		.thumb_func
  48              	HAL_DAC_Init:
  49              	.LVL1:
  50              	.LFB123:
 320:Drivers/STM32F3xx_HAL_Driver/Src/stm32f3xx_hal_dac.c ****   /* Check DAC handle */
  51              		.loc 1 320 1 is_stmt 1 view -0
  52              		.cfi_startproc
  53              		@ args = 0, pretend = 0, frame = 0
  54              		@ frame_needed = 0, uses_anonymous_args = 0
 322:Drivers/STM32F3xx_HAL_Driver/Src/stm32f3xx_hal_dac.c ****   {
  55              		.loc 1 322 3 view .LVU4
 322:Drivers/STM32F3xx_HAL_Driver/Src/stm32f3xx_hal_dac.c ****   {
  56              		.loc 1 322 5 is_stmt 0 view .LVU5
  57 0000 70B1     		cbz	r0, .L5
 320:Drivers/STM32F3xx_HAL_Driver/Src/stm32f3xx_hal_dac.c ****   /* Check DAC handle */
  58              		.loc 1 320 1 view .LVU6
  59 0002 10B5     		push	{r4, lr}
  60              	.LCFI0:
  61              		.cfi_def_cfa_offset 8
  62              		.cfi_offset 4, -8
  63              		.cfi_offset 14, -4
  64 0004 0446     		mov	r4, r0
 327:Drivers/STM32F3xx_HAL_Driver/Src/stm32f3xx_hal_dac.c **** 
  65              		.loc 1 327 3 is_stmt 1 view .LVU7
 329:Drivers/STM32F3xx_HAL_Driver/Src/stm32f3xx_hal_dac.c ****   {
  66              		.loc 1 329 3 view .LVU8
 329:Drivers/STM32F3xx_HAL_Driver/Src/stm32f3xx_hal_dac.c ****   {
  67              		.loc 1 329 10 is_stmt 0 view .LVU9
  68 0006 0379     		ldrb	r3, [r0, #4]	@ zero_extendqisi2
 329:Drivers/STM32F3xx_HAL_Driver/Src/stm32f3xx_hal_dac.c ****   {
  69              		.loc 1 329 5 view .LVU10
  70 0008 33B1     		cbz	r3, .L10
ARM GAS  C:\Users\nakas\AppData\Local\Temp\ccbf8GPO.s 			page 10


  71              	.LVL2:
  72              	.L4:
 366:Drivers/STM32F3xx_HAL_Driver/Src/stm32f3xx_hal_dac.c **** 
  73              		.loc 1 366 3 is_stmt 1 view .LVU11
 366:Drivers/STM32F3xx_HAL_Driver/Src/stm32f3xx_hal_dac.c **** 
  74              		.loc 1 366 15 is_stmt 0 view .LVU12
  75 000a 0223     		movs	r3, #2
  76 000c 2371     		strb	r3, [r4, #4]
 369:Drivers/STM32F3xx_HAL_Driver/Src/stm32f3xx_hal_dac.c **** 
  77              		.loc 1 369 3 is_stmt 1 view .LVU13
 369:Drivers/STM32F3xx_HAL_Driver/Src/stm32f3xx_hal_dac.c **** 
  78              		.loc 1 369 19 is_stmt 0 view .LVU14
  79 000e 0020     		movs	r0, #0
  80 0010 2061     		str	r0, [r4, #16]
 372:Drivers/STM32F3xx_HAL_Driver/Src/stm32f3xx_hal_dac.c **** 
  81              		.loc 1 372 3 is_stmt 1 view .LVU15
 372:Drivers/STM32F3xx_HAL_Driver/Src/stm32f3xx_hal_dac.c **** 
  82              		.loc 1 372 15 is_stmt 0 view .LVU16
  83 0012 0123     		movs	r3, #1
  84 0014 2371     		strb	r3, [r4, #4]
 375:Drivers/STM32F3xx_HAL_Driver/Src/stm32f3xx_hal_dac.c **** }
  85              		.loc 1 375 3 is_stmt 1 view .LVU17
 376:Drivers/STM32F3xx_HAL_Driver/Src/stm32f3xx_hal_dac.c **** 
  86              		.loc 1 376 1 is_stmt 0 view .LVU18
  87 0016 10BD     		pop	{r4, pc}
  88              	.LVL3:
  89              	.L10:
 354:Drivers/STM32F3xx_HAL_Driver/Src/stm32f3xx_hal_dac.c **** 
  90              		.loc 1 354 5 is_stmt 1 view .LVU19
 354:Drivers/STM32F3xx_HAL_Driver/Src/stm32f3xx_hal_dac.c **** 
  91              		.loc 1 354 16 is_stmt 0 view .LVU20
  92 0018 4371     		strb	r3, [r0, #5]
 361:Drivers/STM32F3xx_HAL_Driver/Src/stm32f3xx_hal_dac.c **** #endif /* USE_HAL_DAC_REGISTER_CALLBACKS */
  93              		.loc 1 361 5 is_stmt 1 view .LVU21
  94 001a FFF7FEFF 		bl	HAL_DAC_MspInit
  95              	.LVL4:
 361:Drivers/STM32F3xx_HAL_Driver/Src/stm32f3xx_hal_dac.c **** #endif /* USE_HAL_DAC_REGISTER_CALLBACKS */
  96              		.loc 1 361 5 is_stmt 0 view .LVU22
  97 001e F4E7     		b	.L4
  98              	.LVL5:
  99              	.L5:
 100              	.LCFI1:
 101              		.cfi_def_cfa_offset 0
 102              		.cfi_restore 4
 103              		.cfi_restore 14
 324:Drivers/STM32F3xx_HAL_Driver/Src/stm32f3xx_hal_dac.c ****   }
 104              		.loc 1 324 13 view .LVU23
 105 0020 0120     		movs	r0, #1
 106              	.LVL6:
 376:Drivers/STM32F3xx_HAL_Driver/Src/stm32f3xx_hal_dac.c **** 
 107              		.loc 1 376 1 view .LVU24
 108 0022 7047     		bx	lr
 109              		.cfi_endproc
 110              	.LFE123:
 112              		.section	.text.HAL_DAC_MspDeInit,"ax",%progbits
 113              		.align	1
 114              		.weak	HAL_DAC_MspDeInit
ARM GAS  C:\Users\nakas\AppData\Local\Temp\ccbf8GPO.s 			page 11


 115              		.syntax unified
 116              		.thumb
 117              		.thumb_func
 119              	HAL_DAC_MspDeInit:
 120              	.LVL7:
 121              	.LFB126:
 439:Drivers/STM32F3xx_HAL_Driver/Src/stm32f3xx_hal_dac.c **** 
 440:Drivers/STM32F3xx_HAL_Driver/Src/stm32f3xx_hal_dac.c **** /**
 441:Drivers/STM32F3xx_HAL_Driver/Src/stm32f3xx_hal_dac.c ****   * @brief  DeInitialize the DAC MSP.
 442:Drivers/STM32F3xx_HAL_Driver/Src/stm32f3xx_hal_dac.c ****   * @param  hdac pointer to a DAC_HandleTypeDef structure that contains
 443:Drivers/STM32F3xx_HAL_Driver/Src/stm32f3xx_hal_dac.c ****   *         the configuration information for the specified DAC.
 444:Drivers/STM32F3xx_HAL_Driver/Src/stm32f3xx_hal_dac.c ****   * @retval None
 445:Drivers/STM32F3xx_HAL_Driver/Src/stm32f3xx_hal_dac.c ****   */
 446:Drivers/STM32F3xx_HAL_Driver/Src/stm32f3xx_hal_dac.c **** __weak void HAL_DAC_MspDeInit(DAC_HandleTypeDef* hdac)
 447:Drivers/STM32F3xx_HAL_Driver/Src/stm32f3xx_hal_dac.c **** {
 122              		.loc 1 447 1 is_stmt 1 view -0
 123              		.cfi_startproc
 124              		@ args = 0, pretend = 0, frame = 0
 125              		@ frame_needed = 0, uses_anonymous_args = 0
 126              		@ link register save eliminated.
 448:Drivers/STM32F3xx_HAL_Driver/Src/stm32f3xx_hal_dac.c ****   /* Prevent unused argument(s) compilation warning */
 449:Drivers/STM32F3xx_HAL_Driver/Src/stm32f3xx_hal_dac.c ****   UNUSED(hdac);
 127              		.loc 1 449 3 view .LVU26
 450:Drivers/STM32F3xx_HAL_Driver/Src/stm32f3xx_hal_dac.c **** 
 451:Drivers/STM32F3xx_HAL_Driver/Src/stm32f3xx_hal_dac.c ****   /* NOTE : This function should not be modified, when the callback is needed,
 452:Drivers/STM32F3xx_HAL_Driver/Src/stm32f3xx_hal_dac.c ****             the HAL_DAC_MspDeInit could be implemented in the user file
 453:Drivers/STM32F3xx_HAL_Driver/Src/stm32f3xx_hal_dac.c ****    */
 454:Drivers/STM32F3xx_HAL_Driver/Src/stm32f3xx_hal_dac.c **** }
 128              		.loc 1 454 1 is_stmt 0 view .LVU27
 129 0000 7047     		bx	lr
 130              		.cfi_endproc
 131              	.LFE126:
 133              		.section	.text.HAL_DAC_DeInit,"ax",%progbits
 134              		.align	1
 135              		.global	HAL_DAC_DeInit
 136              		.syntax unified
 137              		.thumb
 138              		.thumb_func
 140              	HAL_DAC_DeInit:
 141              	.LVL8:
 142              	.LFB124:
 385:Drivers/STM32F3xx_HAL_Driver/Src/stm32f3xx_hal_dac.c ****   /* Check DAC handle */
 143              		.loc 1 385 1 is_stmt 1 view -0
 144              		.cfi_startproc
 145              		@ args = 0, pretend = 0, frame = 0
 146              		@ frame_needed = 0, uses_anonymous_args = 0
 387:Drivers/STM32F3xx_HAL_Driver/Src/stm32f3xx_hal_dac.c ****   {
 147              		.loc 1 387 3 view .LVU29
 387:Drivers/STM32F3xx_HAL_Driver/Src/stm32f3xx_hal_dac.c ****   {
 148              		.loc 1 387 5 is_stmt 0 view .LVU30
 149 0000 50B1     		cbz	r0, .L14
 385:Drivers/STM32F3xx_HAL_Driver/Src/stm32f3xx_hal_dac.c ****   /* Check DAC handle */
 150              		.loc 1 385 1 view .LVU31
 151 0002 10B5     		push	{r4, lr}
 152              	.LCFI2:
 153              		.cfi_def_cfa_offset 8
 154              		.cfi_offset 4, -8
ARM GAS  C:\Users\nakas\AppData\Local\Temp\ccbf8GPO.s 			page 12


 155              		.cfi_offset 14, -4
 156 0004 0446     		mov	r4, r0
 393:Drivers/STM32F3xx_HAL_Driver/Src/stm32f3xx_hal_dac.c **** 
 157              		.loc 1 393 3 is_stmt 1 view .LVU32
 396:Drivers/STM32F3xx_HAL_Driver/Src/stm32f3xx_hal_dac.c **** 
 158              		.loc 1 396 3 view .LVU33
 396:Drivers/STM32F3xx_HAL_Driver/Src/stm32f3xx_hal_dac.c **** 
 159              		.loc 1 396 15 is_stmt 0 view .LVU34
 160 0006 0223     		movs	r3, #2
 161 0008 0371     		strb	r3, [r0, #4]
 408:Drivers/STM32F3xx_HAL_Driver/Src/stm32f3xx_hal_dac.c **** #endif /* USE_HAL_DAC_REGISTER_CALLBACKS */
 162              		.loc 1 408 3 is_stmt 1 view .LVU35
 163 000a FFF7FEFF 		bl	HAL_DAC_MspDeInit
 164              	.LVL9:
 412:Drivers/STM32F3xx_HAL_Driver/Src/stm32f3xx_hal_dac.c **** 
 165              		.loc 1 412 3 view .LVU36
 412:Drivers/STM32F3xx_HAL_Driver/Src/stm32f3xx_hal_dac.c **** 
 166              		.loc 1 412 19 is_stmt 0 view .LVU37
 167 000e 0020     		movs	r0, #0
 168 0010 2061     		str	r0, [r4, #16]
 415:Drivers/STM32F3xx_HAL_Driver/Src/stm32f3xx_hal_dac.c **** 
 169              		.loc 1 415 3 is_stmt 1 view .LVU38
 415:Drivers/STM32F3xx_HAL_Driver/Src/stm32f3xx_hal_dac.c **** 
 170              		.loc 1 415 15 is_stmt 0 view .LVU39
 171 0012 2071     		strb	r0, [r4, #4]
 418:Drivers/STM32F3xx_HAL_Driver/Src/stm32f3xx_hal_dac.c **** 
 172              		.loc 1 418 3 is_stmt 1 view .LVU40
 418:Drivers/STM32F3xx_HAL_Driver/Src/stm32f3xx_hal_dac.c **** 
 173              		.loc 1 418 3 view .LVU41
 174 0014 6071     		strb	r0, [r4, #5]
 418:Drivers/STM32F3xx_HAL_Driver/Src/stm32f3xx_hal_dac.c **** 
 175              		.loc 1 418 3 view .LVU42
 421:Drivers/STM32F3xx_HAL_Driver/Src/stm32f3xx_hal_dac.c **** }
 176              		.loc 1 421 3 view .LVU43
 422:Drivers/STM32F3xx_HAL_Driver/Src/stm32f3xx_hal_dac.c **** 
 177              		.loc 1 422 1 is_stmt 0 view .LVU44
 178 0016 10BD     		pop	{r4, pc}
 179              	.LVL10:
 180              	.L14:
 181              	.LCFI3:
 182              		.cfi_def_cfa_offset 0
 183              		.cfi_restore 4
 184              		.cfi_restore 14
 389:Drivers/STM32F3xx_HAL_Driver/Src/stm32f3xx_hal_dac.c ****   }
 185              		.loc 1 389 12 view .LVU45
 186 0018 0120     		movs	r0, #1
 187              	.LVL11:
 422:Drivers/STM32F3xx_HAL_Driver/Src/stm32f3xx_hal_dac.c **** 
 188              		.loc 1 422 1 view .LVU46
 189 001a 7047     		bx	lr
 190              		.cfi_endproc
 191              	.LFE124:
 193              		.section	.text.HAL_DAC_Start,"ax",%progbits
 194              		.align	1
 195              		.weak	HAL_DAC_Start
 196              		.syntax unified
 197              		.thumb
ARM GAS  C:\Users\nakas\AppData\Local\Temp\ccbf8GPO.s 			page 13


 198              		.thumb_func
 200              	HAL_DAC_Start:
 201              	.LVL12:
 202              	.LFB127:
 455:Drivers/STM32F3xx_HAL_Driver/Src/stm32f3xx_hal_dac.c **** 
 456:Drivers/STM32F3xx_HAL_Driver/Src/stm32f3xx_hal_dac.c **** /**
 457:Drivers/STM32F3xx_HAL_Driver/Src/stm32f3xx_hal_dac.c ****   * @}
 458:Drivers/STM32F3xx_HAL_Driver/Src/stm32f3xx_hal_dac.c ****   */
 459:Drivers/STM32F3xx_HAL_Driver/Src/stm32f3xx_hal_dac.c **** 
 460:Drivers/STM32F3xx_HAL_Driver/Src/stm32f3xx_hal_dac.c **** /** @defgroup DAC_Exported_Functions_Group2 Input and Output operation functions
 461:Drivers/STM32F3xx_HAL_Driver/Src/stm32f3xx_hal_dac.c ****  *  @brief    IO operation functions
 462:Drivers/STM32F3xx_HAL_Driver/Src/stm32f3xx_hal_dac.c ****  *
 463:Drivers/STM32F3xx_HAL_Driver/Src/stm32f3xx_hal_dac.c **** @verbatim
 464:Drivers/STM32F3xx_HAL_Driver/Src/stm32f3xx_hal_dac.c ****   ==============================================================================
 465:Drivers/STM32F3xx_HAL_Driver/Src/stm32f3xx_hal_dac.c ****              ##### IO operation functions #####
 466:Drivers/STM32F3xx_HAL_Driver/Src/stm32f3xx_hal_dac.c ****   ==============================================================================
 467:Drivers/STM32F3xx_HAL_Driver/Src/stm32f3xx_hal_dac.c ****     [..]  This section provides functions allowing to:
 468:Drivers/STM32F3xx_HAL_Driver/Src/stm32f3xx_hal_dac.c ****       (+) Start conversion.
 469:Drivers/STM32F3xx_HAL_Driver/Src/stm32f3xx_hal_dac.c ****       (+) Stop conversion.
 470:Drivers/STM32F3xx_HAL_Driver/Src/stm32f3xx_hal_dac.c ****       (+) Start conversion and enable DMA transfer.
 471:Drivers/STM32F3xx_HAL_Driver/Src/stm32f3xx_hal_dac.c ****       (+) Stop conversion and disable DMA transfer.
 472:Drivers/STM32F3xx_HAL_Driver/Src/stm32f3xx_hal_dac.c ****       (+) Get result of conversion.
 473:Drivers/STM32F3xx_HAL_Driver/Src/stm32f3xx_hal_dac.c ****       (+) Get result of dual mode conversion.
 474:Drivers/STM32F3xx_HAL_Driver/Src/stm32f3xx_hal_dac.c **** 
 475:Drivers/STM32F3xx_HAL_Driver/Src/stm32f3xx_hal_dac.c **** @endverbatim
 476:Drivers/STM32F3xx_HAL_Driver/Src/stm32f3xx_hal_dac.c ****   * @{
 477:Drivers/STM32F3xx_HAL_Driver/Src/stm32f3xx_hal_dac.c ****   */
 478:Drivers/STM32F3xx_HAL_Driver/Src/stm32f3xx_hal_dac.c **** 
 479:Drivers/STM32F3xx_HAL_Driver/Src/stm32f3xx_hal_dac.c **** /**
 480:Drivers/STM32F3xx_HAL_Driver/Src/stm32f3xx_hal_dac.c ****   * @brief  Enables DAC and starts conversion of channel.
 481:Drivers/STM32F3xx_HAL_Driver/Src/stm32f3xx_hal_dac.c ****   * @param  hdac pointer to a DAC_HandleTypeDef structure that contains
 482:Drivers/STM32F3xx_HAL_Driver/Src/stm32f3xx_hal_dac.c ****   *         the configuration information for the specified DAC.
 483:Drivers/STM32F3xx_HAL_Driver/Src/stm32f3xx_hal_dac.c ****   * @param  Channel The selected DAC channel.
 484:Drivers/STM32F3xx_HAL_Driver/Src/stm32f3xx_hal_dac.c ****   *          This parameter can be one of the following values:
 485:Drivers/STM32F3xx_HAL_Driver/Src/stm32f3xx_hal_dac.c ****   *            @arg DAC_CHANNEL_1: DAC1 Channel1 selected
 486:Drivers/STM32F3xx_HAL_Driver/Src/stm32f3xx_hal_dac.c ****   *            @arg DAC_CHANNEL_2: DAC1 Channel2 selected
 487:Drivers/STM32F3xx_HAL_Driver/Src/stm32f3xx_hal_dac.c ****   *            @arg DAC_CHANNEL_1: DAC2 Channel1 selected
 488:Drivers/STM32F3xx_HAL_Driver/Src/stm32f3xx_hal_dac.c ****   * @retval HAL status
 489:Drivers/STM32F3xx_HAL_Driver/Src/stm32f3xx_hal_dac.c ****   */
 490:Drivers/STM32F3xx_HAL_Driver/Src/stm32f3xx_hal_dac.c **** __weak HAL_StatusTypeDef HAL_DAC_Start(DAC_HandleTypeDef* hdac, uint32_t Channel)
 491:Drivers/STM32F3xx_HAL_Driver/Src/stm32f3xx_hal_dac.c **** {
 203              		.loc 1 491 1 is_stmt 1 view -0
 204              		.cfi_startproc
 205              		@ args = 0, pretend = 0, frame = 0
 206              		@ frame_needed = 0, uses_anonymous_args = 0
 207              		@ link register save eliminated.
 492:Drivers/STM32F3xx_HAL_Driver/Src/stm32f3xx_hal_dac.c ****   /* Prevent unused argument(s) compilation warning */
 493:Drivers/STM32F3xx_HAL_Driver/Src/stm32f3xx_hal_dac.c ****   UNUSED(hdac);
 208              		.loc 1 493 3 view .LVU48
 494:Drivers/STM32F3xx_HAL_Driver/Src/stm32f3xx_hal_dac.c ****   UNUSED(Channel);
 209              		.loc 1 494 3 view .LVU49
 495:Drivers/STM32F3xx_HAL_Driver/Src/stm32f3xx_hal_dac.c **** 
 496:Drivers/STM32F3xx_HAL_Driver/Src/stm32f3xx_hal_dac.c ****   /* Note : This function is defined into this file for library reference */
 497:Drivers/STM32F3xx_HAL_Driver/Src/stm32f3xx_hal_dac.c ****   /*        Function content is located into file stm32f3xx_hal_dac_ex.c  */
 498:Drivers/STM32F3xx_HAL_Driver/Src/stm32f3xx_hal_dac.c **** 
 499:Drivers/STM32F3xx_HAL_Driver/Src/stm32f3xx_hal_dac.c ****   /* Return function status */
 500:Drivers/STM32F3xx_HAL_Driver/Src/stm32f3xx_hal_dac.c ****   return HAL_ERROR;
ARM GAS  C:\Users\nakas\AppData\Local\Temp\ccbf8GPO.s 			page 14


 210              		.loc 1 500 3 view .LVU50
 501:Drivers/STM32F3xx_HAL_Driver/Src/stm32f3xx_hal_dac.c **** }
 211              		.loc 1 501 1 is_stmt 0 view .LVU51
 212 0000 0120     		movs	r0, #1
 213              	.LVL13:
 214              		.loc 1 501 1 view .LVU52
 215 0002 7047     		bx	lr
 216              		.cfi_endproc
 217              	.LFE127:
 219              		.section	.text.HAL_DAC_Stop,"ax",%progbits
 220              		.align	1
 221              		.global	HAL_DAC_Stop
 222              		.syntax unified
 223              		.thumb
 224              		.thumb_func
 226              	HAL_DAC_Stop:
 227              	.LVL14:
 228              	.LFB128:
 502:Drivers/STM32F3xx_HAL_Driver/Src/stm32f3xx_hal_dac.c **** 
 503:Drivers/STM32F3xx_HAL_Driver/Src/stm32f3xx_hal_dac.c **** /**
 504:Drivers/STM32F3xx_HAL_Driver/Src/stm32f3xx_hal_dac.c ****   * @brief  Disables DAC and stop conversion of channel.
 505:Drivers/STM32F3xx_HAL_Driver/Src/stm32f3xx_hal_dac.c ****   * @param  hdac pointer to a DAC_HandleTypeDef structure that contains
 506:Drivers/STM32F3xx_HAL_Driver/Src/stm32f3xx_hal_dac.c ****   *         the configuration information for the specified DAC.
 507:Drivers/STM32F3xx_HAL_Driver/Src/stm32f3xx_hal_dac.c ****   * @param  Channel The selected DAC channel.
 508:Drivers/STM32F3xx_HAL_Driver/Src/stm32f3xx_hal_dac.c ****   *          This parameter can be one of the following values:
 509:Drivers/STM32F3xx_HAL_Driver/Src/stm32f3xx_hal_dac.c ****   *            @arg DAC_CHANNEL_1: DAC1 Channel1 selected
 510:Drivers/STM32F3xx_HAL_Driver/Src/stm32f3xx_hal_dac.c ****   *            @arg DAC_CHANNEL_2: DAC1 Channel2 selected
 511:Drivers/STM32F3xx_HAL_Driver/Src/stm32f3xx_hal_dac.c ****   *            @arg DAC_CHANNEL_1: DAC2 Channel1 selected
 512:Drivers/STM32F3xx_HAL_Driver/Src/stm32f3xx_hal_dac.c ****   * @retval HAL status
 513:Drivers/STM32F3xx_HAL_Driver/Src/stm32f3xx_hal_dac.c ****   */
 514:Drivers/STM32F3xx_HAL_Driver/Src/stm32f3xx_hal_dac.c **** HAL_StatusTypeDef HAL_DAC_Stop(DAC_HandleTypeDef* hdac, uint32_t Channel)
 515:Drivers/STM32F3xx_HAL_Driver/Src/stm32f3xx_hal_dac.c **** {
 229              		.loc 1 515 1 is_stmt 1 view -0
 230              		.cfi_startproc
 231              		@ args = 0, pretend = 0, frame = 0
 232              		@ frame_needed = 0, uses_anonymous_args = 0
 233              		@ link register save eliminated.
 234              		.loc 1 515 1 is_stmt 0 view .LVU54
 235 0000 10B4     		push	{r4}
 236              	.LCFI4:
 237              		.cfi_def_cfa_offset 4
 238              		.cfi_offset 4, -4
 516:Drivers/STM32F3xx_HAL_Driver/Src/stm32f3xx_hal_dac.c ****   /* Check the parameters */
 517:Drivers/STM32F3xx_HAL_Driver/Src/stm32f3xx_hal_dac.c ****   assert_param(IS_DAC_CHANNEL_INSTANCE(hdac->Instance, Channel));
 239              		.loc 1 517 3 is_stmt 1 view .LVU55
 518:Drivers/STM32F3xx_HAL_Driver/Src/stm32f3xx_hal_dac.c **** 
 519:Drivers/STM32F3xx_HAL_Driver/Src/stm32f3xx_hal_dac.c ****   /* Disable the Peripheral */
 520:Drivers/STM32F3xx_HAL_Driver/Src/stm32f3xx_hal_dac.c ****   __HAL_DAC_DISABLE(hdac, Channel);
 240              		.loc 1 520 3 view .LVU56
 241 0002 0468     		ldr	r4, [r0]
 242 0004 2368     		ldr	r3, [r4]
 243 0006 0122     		movs	r2, #1
 244 0008 02FA01F1 		lsl	r1, r2, r1
 245              	.LVL15:
 246              		.loc 1 520 3 is_stmt 0 view .LVU57
 247 000c 23EA0103 		bic	r3, r3, r1
 248 0010 2360     		str	r3, [r4]
ARM GAS  C:\Users\nakas\AppData\Local\Temp\ccbf8GPO.s 			page 15


 521:Drivers/STM32F3xx_HAL_Driver/Src/stm32f3xx_hal_dac.c **** 
 522:Drivers/STM32F3xx_HAL_Driver/Src/stm32f3xx_hal_dac.c ****   /* Change DAC state */
 523:Drivers/STM32F3xx_HAL_Driver/Src/stm32f3xx_hal_dac.c ****   hdac->State = HAL_DAC_STATE_READY;
 249              		.loc 1 523 3 is_stmt 1 view .LVU58
 250              		.loc 1 523 15 is_stmt 0 view .LVU59
 251 0012 0271     		strb	r2, [r0, #4]
 524:Drivers/STM32F3xx_HAL_Driver/Src/stm32f3xx_hal_dac.c **** 
 525:Drivers/STM32F3xx_HAL_Driver/Src/stm32f3xx_hal_dac.c ****   /* Return function status */
 526:Drivers/STM32F3xx_HAL_Driver/Src/stm32f3xx_hal_dac.c ****   return HAL_OK;
 252              		.loc 1 526 3 is_stmt 1 view .LVU60
 527:Drivers/STM32F3xx_HAL_Driver/Src/stm32f3xx_hal_dac.c **** }
 253              		.loc 1 527 1 is_stmt 0 view .LVU61
 254 0014 0020     		movs	r0, #0
 255              	.LVL16:
 256              		.loc 1 527 1 view .LVU62
 257 0016 5DF8044B 		ldr	r4, [sp], #4
 258 001a 7047     		bx	lr
 259              		.cfi_endproc
 260              	.LFE128:
 262              		.section	.text.HAL_DAC_Stop_DMA,"ax",%progbits
 263              		.align	1
 264              		.global	HAL_DAC_Stop_DMA
 265              		.syntax unified
 266              		.thumb
 267              		.thumb_func
 269              	HAL_DAC_Stop_DMA:
 270              	.LVL17:
 271              	.LFB129:
 528:Drivers/STM32F3xx_HAL_Driver/Src/stm32f3xx_hal_dac.c **** 
 529:Drivers/STM32F3xx_HAL_Driver/Src/stm32f3xx_hal_dac.c **** /**
 530:Drivers/STM32F3xx_HAL_Driver/Src/stm32f3xx_hal_dac.c ****   * @brief  Disables DAC and stop conversion of channel.
 531:Drivers/STM32F3xx_HAL_Driver/Src/stm32f3xx_hal_dac.c ****   * @param  hdac pointer to a DAC_HandleTypeDef structure that contains
 532:Drivers/STM32F3xx_HAL_Driver/Src/stm32f3xx_hal_dac.c ****   *         the configuration information for the specified DAC.
 533:Drivers/STM32F3xx_HAL_Driver/Src/stm32f3xx_hal_dac.c ****   * @param  Channel The selected DAC channel.
 534:Drivers/STM32F3xx_HAL_Driver/Src/stm32f3xx_hal_dac.c ****   *          This parameter can be one of the following values:
 535:Drivers/STM32F3xx_HAL_Driver/Src/stm32f3xx_hal_dac.c ****   *            @arg DAC_CHANNEL_1: DAC1 Channel1 selected
 536:Drivers/STM32F3xx_HAL_Driver/Src/stm32f3xx_hal_dac.c ****   *            @arg DAC_CHANNEL_2: DAC1 Channel2 selected
 537:Drivers/STM32F3xx_HAL_Driver/Src/stm32f3xx_hal_dac.c ****   *            @arg DAC_CHANNEL_1: DAC2 Channel1 selected
 538:Drivers/STM32F3xx_HAL_Driver/Src/stm32f3xx_hal_dac.c ****   * @retval HAL status
 539:Drivers/STM32F3xx_HAL_Driver/Src/stm32f3xx_hal_dac.c ****   */
 540:Drivers/STM32F3xx_HAL_Driver/Src/stm32f3xx_hal_dac.c **** HAL_StatusTypeDef HAL_DAC_Stop_DMA(DAC_HandleTypeDef* hdac, uint32_t Channel)
 541:Drivers/STM32F3xx_HAL_Driver/Src/stm32f3xx_hal_dac.c **** {
 272              		.loc 1 541 1 is_stmt 1 view -0
 273              		.cfi_startproc
 274              		@ args = 0, pretend = 0, frame = 0
 275              		@ frame_needed = 0, uses_anonymous_args = 0
 276              		.loc 1 541 1 is_stmt 0 view .LVU64
 277 0000 10B5     		push	{r4, lr}
 278              	.LCFI5:
 279              		.cfi_def_cfa_offset 8
 280              		.cfi_offset 4, -8
 281              		.cfi_offset 14, -4
 282 0002 0446     		mov	r4, r0
 542:Drivers/STM32F3xx_HAL_Driver/Src/stm32f3xx_hal_dac.c ****   HAL_StatusTypeDef status = HAL_OK;
 283              		.loc 1 542 3 is_stmt 1 view .LVU65
 284              	.LVL18:
 543:Drivers/STM32F3xx_HAL_Driver/Src/stm32f3xx_hal_dac.c **** 
ARM GAS  C:\Users\nakas\AppData\Local\Temp\ccbf8GPO.s 			page 16


 544:Drivers/STM32F3xx_HAL_Driver/Src/stm32f3xx_hal_dac.c ****   /* Check the parameters */
 545:Drivers/STM32F3xx_HAL_Driver/Src/stm32f3xx_hal_dac.c ****   assert_param(IS_DAC_CHANNEL_INSTANCE(hdac->Instance, Channel));
 285              		.loc 1 545 3 view .LVU66
 546:Drivers/STM32F3xx_HAL_Driver/Src/stm32f3xx_hal_dac.c **** 
 547:Drivers/STM32F3xx_HAL_Driver/Src/stm32f3xx_hal_dac.c ****   /* Disable the selected DAC channel DMA request */
 548:Drivers/STM32F3xx_HAL_Driver/Src/stm32f3xx_hal_dac.c ****     hdac->Instance->CR &= ~(DAC_CR_DMAEN1 << Channel);
 286              		.loc 1 548 5 view .LVU67
 287              		.loc 1 548 9 is_stmt 0 view .LVU68
 288 0004 0068     		ldr	r0, [r0]
 289              	.LVL19:
 290              		.loc 1 548 19 view .LVU69
 291 0006 0368     		ldr	r3, [r0]
 292              		.loc 1 548 43 view .LVU70
 293 0008 4FF48052 		mov	r2, #4096
 294 000c 8A40     		lsls	r2, r2, r1
 295              		.loc 1 548 24 view .LVU71
 296 000e 23EA0203 		bic	r3, r3, r2
 297 0012 0360     		str	r3, [r0]
 549:Drivers/STM32F3xx_HAL_Driver/Src/stm32f3xx_hal_dac.c **** 
 550:Drivers/STM32F3xx_HAL_Driver/Src/stm32f3xx_hal_dac.c ****   /* Disable the Peripheral */
 551:Drivers/STM32F3xx_HAL_Driver/Src/stm32f3xx_hal_dac.c ****   __HAL_DAC_DISABLE(hdac, Channel);
 298              		.loc 1 551 3 is_stmt 1 view .LVU72
 299 0014 2068     		ldr	r0, [r4]
 300 0016 0368     		ldr	r3, [r0]
 301 0018 0122     		movs	r2, #1
 302 001a 8A40     		lsls	r2, r2, r1
 303 001c 23EA0203 		bic	r3, r3, r2
 304 0020 0360     		str	r3, [r0]
 552:Drivers/STM32F3xx_HAL_Driver/Src/stm32f3xx_hal_dac.c **** 
 553:Drivers/STM32F3xx_HAL_Driver/Src/stm32f3xx_hal_dac.c ****   /* Disable the DMA channel */
 554:Drivers/STM32F3xx_HAL_Driver/Src/stm32f3xx_hal_dac.c ****   /* Channel1 is used */
 555:Drivers/STM32F3xx_HAL_Driver/Src/stm32f3xx_hal_dac.c ****   if (Channel == DAC_CHANNEL_1)
 305              		.loc 1 555 3 view .LVU73
 306              		.loc 1 555 6 is_stmt 0 view .LVU74
 307 0022 59B9     		cbnz	r1, .L23
 556:Drivers/STM32F3xx_HAL_Driver/Src/stm32f3xx_hal_dac.c ****   {
 557:Drivers/STM32F3xx_HAL_Driver/Src/stm32f3xx_hal_dac.c ****     /* Disable the DMA channel */
 558:Drivers/STM32F3xx_HAL_Driver/Src/stm32f3xx_hal_dac.c ****     status = HAL_DMA_Abort(hdac->DMA_Handle1);
 308              		.loc 1 558 5 is_stmt 1 view .LVU75
 309              		.loc 1 558 14 is_stmt 0 view .LVU76
 310 0024 A068     		ldr	r0, [r4, #8]
 311 0026 FFF7FEFF 		bl	HAL_DMA_Abort
 312              	.LVL20:
 559:Drivers/STM32F3xx_HAL_Driver/Src/stm32f3xx_hal_dac.c **** 
 560:Drivers/STM32F3xx_HAL_Driver/Src/stm32f3xx_hal_dac.c ****     /* Disable the DAC DMA underrun interrupt */
 561:Drivers/STM32F3xx_HAL_Driver/Src/stm32f3xx_hal_dac.c ****     __HAL_DAC_DISABLE_IT(hdac, DAC_IT_DMAUDR1);
 313              		.loc 1 561 5 is_stmt 1 view .LVU77
 314 002a 2268     		ldr	r2, [r4]
 315 002c 1368     		ldr	r3, [r2]
 316 002e 23F40053 		bic	r3, r3, #8192
 317 0032 1360     		str	r3, [r2]
 318              	.L24:
 562:Drivers/STM32F3xx_HAL_Driver/Src/stm32f3xx_hal_dac.c ****   }
 563:Drivers/STM32F3xx_HAL_Driver/Src/stm32f3xx_hal_dac.c **** #if defined(DAC_CHANNEL2_SUPPORT)
 564:Drivers/STM32F3xx_HAL_Driver/Src/stm32f3xx_hal_dac.c ****   /* For all products including channel 2U */
 565:Drivers/STM32F3xx_HAL_Driver/Src/stm32f3xx_hal_dac.c ****   /* DAC channel 2 is available on top of DAC channel 1U */
 566:Drivers/STM32F3xx_HAL_Driver/Src/stm32f3xx_hal_dac.c ****   else /* Channel2 is used */
ARM GAS  C:\Users\nakas\AppData\Local\Temp\ccbf8GPO.s 			page 17


 567:Drivers/STM32F3xx_HAL_Driver/Src/stm32f3xx_hal_dac.c ****   {
 568:Drivers/STM32F3xx_HAL_Driver/Src/stm32f3xx_hal_dac.c ****     /* Disable the DMA channel */
 569:Drivers/STM32F3xx_HAL_Driver/Src/stm32f3xx_hal_dac.c ****     status = HAL_DMA_Abort(hdac->DMA_Handle2);
 570:Drivers/STM32F3xx_HAL_Driver/Src/stm32f3xx_hal_dac.c **** 
 571:Drivers/STM32F3xx_HAL_Driver/Src/stm32f3xx_hal_dac.c ****     /* Disable the DAC DMA underrun interrupt */
 572:Drivers/STM32F3xx_HAL_Driver/Src/stm32f3xx_hal_dac.c ****     __HAL_DAC_DISABLE_IT(hdac, DAC_IT_DMAUDR2);
 573:Drivers/STM32F3xx_HAL_Driver/Src/stm32f3xx_hal_dac.c ****   }
 574:Drivers/STM32F3xx_HAL_Driver/Src/stm32f3xx_hal_dac.c **** #endif /* DAC_CHANNEL2_SUPPORT */
 575:Drivers/STM32F3xx_HAL_Driver/Src/stm32f3xx_hal_dac.c **** 
 576:Drivers/STM32F3xx_HAL_Driver/Src/stm32f3xx_hal_dac.c ****   /* Check if DMA Channel effectively disabled */
 577:Drivers/STM32F3xx_HAL_Driver/Src/stm32f3xx_hal_dac.c ****   if (status != HAL_OK)
 319              		.loc 1 577 3 view .LVU78
 320              		.loc 1 577 6 is_stmt 0 view .LVU79
 321 0034 58B1     		cbz	r0, .L25
 578:Drivers/STM32F3xx_HAL_Driver/Src/stm32f3xx_hal_dac.c ****   {
 579:Drivers/STM32F3xx_HAL_Driver/Src/stm32f3xx_hal_dac.c ****     /* Update DAC state machine to error */
 580:Drivers/STM32F3xx_HAL_Driver/Src/stm32f3xx_hal_dac.c ****     hdac->State = HAL_DAC_STATE_ERROR;
 322              		.loc 1 580 5 is_stmt 1 view .LVU80
 323              		.loc 1 580 17 is_stmt 0 view .LVU81
 324 0036 0423     		movs	r3, #4
 325 0038 2371     		strb	r3, [r4, #4]
 326              	.L26:
 581:Drivers/STM32F3xx_HAL_Driver/Src/stm32f3xx_hal_dac.c ****   }
 582:Drivers/STM32F3xx_HAL_Driver/Src/stm32f3xx_hal_dac.c ****   else
 583:Drivers/STM32F3xx_HAL_Driver/Src/stm32f3xx_hal_dac.c ****   {
 584:Drivers/STM32F3xx_HAL_Driver/Src/stm32f3xx_hal_dac.c ****     /* Change DAC state */
 585:Drivers/STM32F3xx_HAL_Driver/Src/stm32f3xx_hal_dac.c ****     hdac->State = HAL_DAC_STATE_READY;
 586:Drivers/STM32F3xx_HAL_Driver/Src/stm32f3xx_hal_dac.c ****   }
 587:Drivers/STM32F3xx_HAL_Driver/Src/stm32f3xx_hal_dac.c **** 
 588:Drivers/STM32F3xx_HAL_Driver/Src/stm32f3xx_hal_dac.c ****   /* Return function status */
 589:Drivers/STM32F3xx_HAL_Driver/Src/stm32f3xx_hal_dac.c ****   return status;
 327              		.loc 1 589 3 is_stmt 1 view .LVU82
 590:Drivers/STM32F3xx_HAL_Driver/Src/stm32f3xx_hal_dac.c **** }
 328              		.loc 1 590 1 is_stmt 0 view .LVU83
 329 003a 10BD     		pop	{r4, pc}
 330              	.LVL21:
 331              	.L23:
 569:Drivers/STM32F3xx_HAL_Driver/Src/stm32f3xx_hal_dac.c **** 
 332              		.loc 1 569 5 is_stmt 1 view .LVU84
 569:Drivers/STM32F3xx_HAL_Driver/Src/stm32f3xx_hal_dac.c **** 
 333              		.loc 1 569 14 is_stmt 0 view .LVU85
 334 003c E068     		ldr	r0, [r4, #12]
 335 003e FFF7FEFF 		bl	HAL_DMA_Abort
 336              	.LVL22:
 572:Drivers/STM32F3xx_HAL_Driver/Src/stm32f3xx_hal_dac.c ****   }
 337              		.loc 1 572 5 is_stmt 1 view .LVU86
 338 0042 2268     		ldr	r2, [r4]
 339 0044 1368     		ldr	r3, [r2]
 340 0046 23F00053 		bic	r3, r3, #536870912
 341 004a 1360     		str	r3, [r2]
 342 004c F2E7     		b	.L24
 343              	.L25:
 585:Drivers/STM32F3xx_HAL_Driver/Src/stm32f3xx_hal_dac.c ****   }
 344              		.loc 1 585 5 view .LVU87
 585:Drivers/STM32F3xx_HAL_Driver/Src/stm32f3xx_hal_dac.c ****   }
 345              		.loc 1 585 17 is_stmt 0 view .LVU88
 346 004e 0123     		movs	r3, #1
ARM GAS  C:\Users\nakas\AppData\Local\Temp\ccbf8GPO.s 			page 18


 347 0050 2371     		strb	r3, [r4, #4]
 348 0052 F2E7     		b	.L26
 349              		.cfi_endproc
 350              	.LFE129:
 352              		.section	.text.HAL_DAC_GetValue,"ax",%progbits
 353              		.align	1
 354              		.weak	HAL_DAC_GetValue
 355              		.syntax unified
 356              		.thumb
 357              		.thumb_func
 359              	HAL_DAC_GetValue:
 360              	.LVL23:
 361              	.LFB130:
 591:Drivers/STM32F3xx_HAL_Driver/Src/stm32f3xx_hal_dac.c **** 
 592:Drivers/STM32F3xx_HAL_Driver/Src/stm32f3xx_hal_dac.c **** /**
 593:Drivers/STM32F3xx_HAL_Driver/Src/stm32f3xx_hal_dac.c ****   * @brief  Returns the last data output value of the selected DAC channel.
 594:Drivers/STM32F3xx_HAL_Driver/Src/stm32f3xx_hal_dac.c ****   * @param  hdac pointer to a DAC_HandleTypeDef structure that contains
 595:Drivers/STM32F3xx_HAL_Driver/Src/stm32f3xx_hal_dac.c ****   *         the configuration information for the specified DAC.
 596:Drivers/STM32F3xx_HAL_Driver/Src/stm32f3xx_hal_dac.c ****   * @param  Channel The selected DAC channel.
 597:Drivers/STM32F3xx_HAL_Driver/Src/stm32f3xx_hal_dac.c ****   *          This parameter can be one of the following values:
 598:Drivers/STM32F3xx_HAL_Driver/Src/stm32f3xx_hal_dac.c ****   *            @arg DAC_CHANNEL_1: DAC1 Channel1 selected
 599:Drivers/STM32F3xx_HAL_Driver/Src/stm32f3xx_hal_dac.c ****   *            @arg DAC_CHANNEL_2: DAC1 Channel2 selected
 600:Drivers/STM32F3xx_HAL_Driver/Src/stm32f3xx_hal_dac.c ****   *            @arg DAC_CHANNEL_1: DAC2 Channel1 selected
 601:Drivers/STM32F3xx_HAL_Driver/Src/stm32f3xx_hal_dac.c ****   * @retval The selected DAC channel data output value.
 602:Drivers/STM32F3xx_HAL_Driver/Src/stm32f3xx_hal_dac.c ****   */
 603:Drivers/STM32F3xx_HAL_Driver/Src/stm32f3xx_hal_dac.c **** __weak uint32_t HAL_DAC_GetValue(DAC_HandleTypeDef* hdac, uint32_t Channel)
 604:Drivers/STM32F3xx_HAL_Driver/Src/stm32f3xx_hal_dac.c **** {
 362              		.loc 1 604 1 is_stmt 1 view -0
 363              		.cfi_startproc
 364              		@ args = 0, pretend = 0, frame = 0
 365              		@ frame_needed = 0, uses_anonymous_args = 0
 366              		@ link register save eliminated.
 605:Drivers/STM32F3xx_HAL_Driver/Src/stm32f3xx_hal_dac.c ****   /* Prevent unused argument(s) compilation warning */
 606:Drivers/STM32F3xx_HAL_Driver/Src/stm32f3xx_hal_dac.c ****   UNUSED(hdac);
 367              		.loc 1 606 3 view .LVU90
 607:Drivers/STM32F3xx_HAL_Driver/Src/stm32f3xx_hal_dac.c ****   UNUSED(Channel);
 368              		.loc 1 607 3 view .LVU91
 608:Drivers/STM32F3xx_HAL_Driver/Src/stm32f3xx_hal_dac.c **** 
 609:Drivers/STM32F3xx_HAL_Driver/Src/stm32f3xx_hal_dac.c ****   /* Note : This function is defined into this file for library reference */
 610:Drivers/STM32F3xx_HAL_Driver/Src/stm32f3xx_hal_dac.c ****   /*        Function content is located into file stm32f3xx_hal_dac_ex.c  */
 611:Drivers/STM32F3xx_HAL_Driver/Src/stm32f3xx_hal_dac.c **** 
 612:Drivers/STM32F3xx_HAL_Driver/Src/stm32f3xx_hal_dac.c ****   /* Return function status */
 613:Drivers/STM32F3xx_HAL_Driver/Src/stm32f3xx_hal_dac.c ****   return HAL_OK;
 369              		.loc 1 613 3 view .LVU92
 614:Drivers/STM32F3xx_HAL_Driver/Src/stm32f3xx_hal_dac.c **** }
 370              		.loc 1 614 1 is_stmt 0 view .LVU93
 371 0000 0020     		movs	r0, #0
 372              	.LVL24:
 373              		.loc 1 614 1 view .LVU94
 374 0002 7047     		bx	lr
 375              		.cfi_endproc
 376              	.LFE130:
 378              		.section	.text.HAL_DACEx_DualGetValue,"ax",%progbits
 379              		.align	1
 380              		.weak	HAL_DACEx_DualGetValue
 381              		.syntax unified
 382              		.thumb
ARM GAS  C:\Users\nakas\AppData\Local\Temp\ccbf8GPO.s 			page 19


 383              		.thumb_func
 385              	HAL_DACEx_DualGetValue:
 386              	.LVL25:
 387              	.LFB131:
 615:Drivers/STM32F3xx_HAL_Driver/Src/stm32f3xx_hal_dac.c **** 
 616:Drivers/STM32F3xx_HAL_Driver/Src/stm32f3xx_hal_dac.c **** /**
 617:Drivers/STM32F3xx_HAL_Driver/Src/stm32f3xx_hal_dac.c ****   * @brief  Returns the last data output value of the selected DAC channel.
 618:Drivers/STM32F3xx_HAL_Driver/Src/stm32f3xx_hal_dac.c ****   * @param  hdac pointer to a DAC_HandleTypeDef structure that contains
 619:Drivers/STM32F3xx_HAL_Driver/Src/stm32f3xx_hal_dac.c ****   *         the configuration information for the specified DAC.
 620:Drivers/STM32F3xx_HAL_Driver/Src/stm32f3xx_hal_dac.c ****   * @retval The selected DAC channel data output value.
 621:Drivers/STM32F3xx_HAL_Driver/Src/stm32f3xx_hal_dac.c ****   */
 622:Drivers/STM32F3xx_HAL_Driver/Src/stm32f3xx_hal_dac.c **** __weak uint32_t HAL_DACEx_DualGetValue(DAC_HandleTypeDef* hdac)
 623:Drivers/STM32F3xx_HAL_Driver/Src/stm32f3xx_hal_dac.c **** {
 388              		.loc 1 623 1 is_stmt 1 view -0
 389              		.cfi_startproc
 390              		@ args = 0, pretend = 0, frame = 0
 391              		@ frame_needed = 0, uses_anonymous_args = 0
 392              		@ link register save eliminated.
 624:Drivers/STM32F3xx_HAL_Driver/Src/stm32f3xx_hal_dac.c ****   /* Prevent unused argument(s) compilation warning */
 625:Drivers/STM32F3xx_HAL_Driver/Src/stm32f3xx_hal_dac.c ****   UNUSED(hdac);
 393              		.loc 1 625 3 view .LVU96
 626:Drivers/STM32F3xx_HAL_Driver/Src/stm32f3xx_hal_dac.c **** 
 627:Drivers/STM32F3xx_HAL_Driver/Src/stm32f3xx_hal_dac.c ****   /* Note : This function is defined into this file for library reference */
 628:Drivers/STM32F3xx_HAL_Driver/Src/stm32f3xx_hal_dac.c ****   /*        Function content is located into file stm32f3xx_hal_dac_ex.c  */
 629:Drivers/STM32F3xx_HAL_Driver/Src/stm32f3xx_hal_dac.c **** 
 630:Drivers/STM32F3xx_HAL_Driver/Src/stm32f3xx_hal_dac.c ****   /* Return function status */
 631:Drivers/STM32F3xx_HAL_Driver/Src/stm32f3xx_hal_dac.c ****   return HAL_OK;
 394              		.loc 1 631 3 view .LVU97
 632:Drivers/STM32F3xx_HAL_Driver/Src/stm32f3xx_hal_dac.c **** }
 395              		.loc 1 632 1 is_stmt 0 view .LVU98
 396 0000 0020     		movs	r0, #0
 397              	.LVL26:
 398              		.loc 1 632 1 view .LVU99
 399 0002 7047     		bx	lr
 400              		.cfi_endproc
 401              	.LFE131:
 403              		.section	.text.HAL_DAC_ConfigChannel,"ax",%progbits
 404              		.align	1
 405              		.weak	HAL_DAC_ConfigChannel
 406              		.syntax unified
 407              		.thumb
 408              		.thumb_func
 410              	HAL_DAC_ConfigChannel:
 411              	.LVL27:
 412              	.LFB132:
 633:Drivers/STM32F3xx_HAL_Driver/Src/stm32f3xx_hal_dac.c **** 
 634:Drivers/STM32F3xx_HAL_Driver/Src/stm32f3xx_hal_dac.c **** /**
 635:Drivers/STM32F3xx_HAL_Driver/Src/stm32f3xx_hal_dac.c ****   * @}
 636:Drivers/STM32F3xx_HAL_Driver/Src/stm32f3xx_hal_dac.c ****   */
 637:Drivers/STM32F3xx_HAL_Driver/Src/stm32f3xx_hal_dac.c **** 
 638:Drivers/STM32F3xx_HAL_Driver/Src/stm32f3xx_hal_dac.c **** /** @defgroup DAC_Exported_Functions_Group3 Peripheral Control functions
 639:Drivers/STM32F3xx_HAL_Driver/Src/stm32f3xx_hal_dac.c ****  *  @brief    Peripheral Control functions
 640:Drivers/STM32F3xx_HAL_Driver/Src/stm32f3xx_hal_dac.c ****  *
 641:Drivers/STM32F3xx_HAL_Driver/Src/stm32f3xx_hal_dac.c **** @verbatim
 642:Drivers/STM32F3xx_HAL_Driver/Src/stm32f3xx_hal_dac.c ****   ==============================================================================
 643:Drivers/STM32F3xx_HAL_Driver/Src/stm32f3xx_hal_dac.c ****              ##### Peripheral Control functions #####
 644:Drivers/STM32F3xx_HAL_Driver/Src/stm32f3xx_hal_dac.c ****   ==============================================================================
ARM GAS  C:\Users\nakas\AppData\Local\Temp\ccbf8GPO.s 			page 20


 645:Drivers/STM32F3xx_HAL_Driver/Src/stm32f3xx_hal_dac.c ****     [..]  This section provides functions allowing to:
 646:Drivers/STM32F3xx_HAL_Driver/Src/stm32f3xx_hal_dac.c ****       (+) Configure channels.
 647:Drivers/STM32F3xx_HAL_Driver/Src/stm32f3xx_hal_dac.c ****       (+) Configure Triangle wave generation.
 648:Drivers/STM32F3xx_HAL_Driver/Src/stm32f3xx_hal_dac.c ****       (+) Configure Noise wave generation.
 649:Drivers/STM32F3xx_HAL_Driver/Src/stm32f3xx_hal_dac.c ****       (+) Set the specified data holding register value for DAC channel.
 650:Drivers/STM32F3xx_HAL_Driver/Src/stm32f3xx_hal_dac.c ****       (+) Set the specified data holding register value for Dual DAC channels.
 651:Drivers/STM32F3xx_HAL_Driver/Src/stm32f3xx_hal_dac.c **** 
 652:Drivers/STM32F3xx_HAL_Driver/Src/stm32f3xx_hal_dac.c **** @endverbatim
 653:Drivers/STM32F3xx_HAL_Driver/Src/stm32f3xx_hal_dac.c ****   * @{
 654:Drivers/STM32F3xx_HAL_Driver/Src/stm32f3xx_hal_dac.c ****   */
 655:Drivers/STM32F3xx_HAL_Driver/Src/stm32f3xx_hal_dac.c **** 
 656:Drivers/STM32F3xx_HAL_Driver/Src/stm32f3xx_hal_dac.c **** /**
 657:Drivers/STM32F3xx_HAL_Driver/Src/stm32f3xx_hal_dac.c ****   * @brief  Configures the selected DAC channel.
 658:Drivers/STM32F3xx_HAL_Driver/Src/stm32f3xx_hal_dac.c ****   * @param  hdac pointer to a DAC_HandleTypeDef structure that contains
 659:Drivers/STM32F3xx_HAL_Driver/Src/stm32f3xx_hal_dac.c ****   *         the configuration information for the specified DAC.
 660:Drivers/STM32F3xx_HAL_Driver/Src/stm32f3xx_hal_dac.c ****   * @param  sConfig DAC configuration structure.
 661:Drivers/STM32F3xx_HAL_Driver/Src/stm32f3xx_hal_dac.c ****   * @param  Channel The selected DAC channel.
 662:Drivers/STM32F3xx_HAL_Driver/Src/stm32f3xx_hal_dac.c ****   *          This parameter can be one of the following values:
 663:Drivers/STM32F3xx_HAL_Driver/Src/stm32f3xx_hal_dac.c ****   *            @arg DAC_CHANNEL_1: DAC1 Channel1 selected
 664:Drivers/STM32F3xx_HAL_Driver/Src/stm32f3xx_hal_dac.c ****   *            @arg DAC_CHANNEL_2: DAC1 Channel2 selected
 665:Drivers/STM32F3xx_HAL_Driver/Src/stm32f3xx_hal_dac.c ****   *            @arg DAC_CHANNEL_1: DAC2 Channel1 selected
 666:Drivers/STM32F3xx_HAL_Driver/Src/stm32f3xx_hal_dac.c ****   * @retval HAL status
 667:Drivers/STM32F3xx_HAL_Driver/Src/stm32f3xx_hal_dac.c ****   */
 668:Drivers/STM32F3xx_HAL_Driver/Src/stm32f3xx_hal_dac.c **** 
 669:Drivers/STM32F3xx_HAL_Driver/Src/stm32f3xx_hal_dac.c **** __weak HAL_StatusTypeDef HAL_DAC_ConfigChannel(DAC_HandleTypeDef* hdac, DAC_ChannelConfTypeDef* sCo
 670:Drivers/STM32F3xx_HAL_Driver/Src/stm32f3xx_hal_dac.c **** {
 413              		.loc 1 670 1 is_stmt 1 view -0
 414              		.cfi_startproc
 415              		@ args = 0, pretend = 0, frame = 0
 416              		@ frame_needed = 0, uses_anonymous_args = 0
 417              		@ link register save eliminated.
 671:Drivers/STM32F3xx_HAL_Driver/Src/stm32f3xx_hal_dac.c ****   /* Prevent unused argument(s) compilation warning */
 672:Drivers/STM32F3xx_HAL_Driver/Src/stm32f3xx_hal_dac.c ****   UNUSED(hdac);
 418              		.loc 1 672 3 view .LVU101
 673:Drivers/STM32F3xx_HAL_Driver/Src/stm32f3xx_hal_dac.c ****   UNUSED(sConfig);
 419              		.loc 1 673 3 view .LVU102
 674:Drivers/STM32F3xx_HAL_Driver/Src/stm32f3xx_hal_dac.c ****   UNUSED(Channel);
 420              		.loc 1 674 3 view .LVU103
 675:Drivers/STM32F3xx_HAL_Driver/Src/stm32f3xx_hal_dac.c **** 
 676:Drivers/STM32F3xx_HAL_Driver/Src/stm32f3xx_hal_dac.c ****   /* Return function status */
 677:Drivers/STM32F3xx_HAL_Driver/Src/stm32f3xx_hal_dac.c ****   return HAL_OK;
 421              		.loc 1 677 3 view .LVU104
 678:Drivers/STM32F3xx_HAL_Driver/Src/stm32f3xx_hal_dac.c **** }
 422              		.loc 1 678 1 is_stmt 0 view .LVU105
 423 0000 0020     		movs	r0, #0
 424              	.LVL28:
 425              		.loc 1 678 1 view .LVU106
 426 0002 7047     		bx	lr
 427              		.cfi_endproc
 428              	.LFE132:
 430              		.section	.text.HAL_DAC_SetValue,"ax",%progbits
 431              		.align	1
 432              		.weak	HAL_DAC_SetValue
 433              		.syntax unified
 434              		.thumb
 435              		.thumb_func
 437              	HAL_DAC_SetValue:
ARM GAS  C:\Users\nakas\AppData\Local\Temp\ccbf8GPO.s 			page 21


 438              	.LVL29:
 439              	.LFB133:
 679:Drivers/STM32F3xx_HAL_Driver/Src/stm32f3xx_hal_dac.c **** 
 680:Drivers/STM32F3xx_HAL_Driver/Src/stm32f3xx_hal_dac.c **** __weak HAL_StatusTypeDef HAL_DAC_SetValue(DAC_HandleTypeDef* hdac, uint32_t Channel, uint32_t Align
 681:Drivers/STM32F3xx_HAL_Driver/Src/stm32f3xx_hal_dac.c **** {
 440              		.loc 1 681 1 is_stmt 1 view -0
 441              		.cfi_startproc
 442              		@ args = 0, pretend = 0, frame = 0
 443              		@ frame_needed = 0, uses_anonymous_args = 0
 444              		@ link register save eliminated.
 682:Drivers/STM32F3xx_HAL_Driver/Src/stm32f3xx_hal_dac.c ****   /* Prevent unused argument(s) compilation warning */
 683:Drivers/STM32F3xx_HAL_Driver/Src/stm32f3xx_hal_dac.c ****   UNUSED(hdac);
 445              		.loc 1 683 3 view .LVU108
 684:Drivers/STM32F3xx_HAL_Driver/Src/stm32f3xx_hal_dac.c ****   UNUSED(Channel);
 446              		.loc 1 684 3 view .LVU109
 685:Drivers/STM32F3xx_HAL_Driver/Src/stm32f3xx_hal_dac.c ****   UNUSED(Alignment);
 447              		.loc 1 685 3 view .LVU110
 686:Drivers/STM32F3xx_HAL_Driver/Src/stm32f3xx_hal_dac.c ****   UNUSED(Data);
 448              		.loc 1 686 3 view .LVU111
 687:Drivers/STM32F3xx_HAL_Driver/Src/stm32f3xx_hal_dac.c **** 
 688:Drivers/STM32F3xx_HAL_Driver/Src/stm32f3xx_hal_dac.c ****   /* Note : This function is defined into this file for library reference */
 689:Drivers/STM32F3xx_HAL_Driver/Src/stm32f3xx_hal_dac.c ****   /*        Function content is located into file stm32f3xx_hal_dac_ex.c  */
 690:Drivers/STM32F3xx_HAL_Driver/Src/stm32f3xx_hal_dac.c **** 
 691:Drivers/STM32F3xx_HAL_Driver/Src/stm32f3xx_hal_dac.c ****   /* Return function status */
 692:Drivers/STM32F3xx_HAL_Driver/Src/stm32f3xx_hal_dac.c ****   return HAL_ERROR;
 449              		.loc 1 692 3 view .LVU112
 693:Drivers/STM32F3xx_HAL_Driver/Src/stm32f3xx_hal_dac.c **** }
 450              		.loc 1 693 1 is_stmt 0 view .LVU113
 451 0000 0120     		movs	r0, #1
 452              	.LVL30:
 453              		.loc 1 693 1 view .LVU114
 454 0002 7047     		bx	lr
 455              		.cfi_endproc
 456              	.LFE133:
 458              		.section	.text.HAL_DACEx_DualSetValue,"ax",%progbits
 459              		.align	1
 460              		.weak	HAL_DACEx_DualSetValue
 461              		.syntax unified
 462              		.thumb
 463              		.thumb_func
 465              	HAL_DACEx_DualSetValue:
 466              	.LVL31:
 467              	.LFB134:
 694:Drivers/STM32F3xx_HAL_Driver/Src/stm32f3xx_hal_dac.c **** 
 695:Drivers/STM32F3xx_HAL_Driver/Src/stm32f3xx_hal_dac.c **** __weak HAL_StatusTypeDef HAL_DACEx_DualSetValue(DAC_HandleTypeDef* hdac, uint32_t Alignment, uint32
 696:Drivers/STM32F3xx_HAL_Driver/Src/stm32f3xx_hal_dac.c **** {
 468              		.loc 1 696 1 is_stmt 1 view -0
 469              		.cfi_startproc
 470              		@ args = 0, pretend = 0, frame = 0
 471              		@ frame_needed = 0, uses_anonymous_args = 0
 472              		@ link register save eliminated.
 697:Drivers/STM32F3xx_HAL_Driver/Src/stm32f3xx_hal_dac.c ****   /* Prevent unused argument(s) compilation warning */
 698:Drivers/STM32F3xx_HAL_Driver/Src/stm32f3xx_hal_dac.c ****   UNUSED(hdac);
 473              		.loc 1 698 3 view .LVU116
 699:Drivers/STM32F3xx_HAL_Driver/Src/stm32f3xx_hal_dac.c ****   UNUSED(Alignment);
 474              		.loc 1 699 3 view .LVU117
 700:Drivers/STM32F3xx_HAL_Driver/Src/stm32f3xx_hal_dac.c ****   UNUSED(Data1);
ARM GAS  C:\Users\nakas\AppData\Local\Temp\ccbf8GPO.s 			page 22


 475              		.loc 1 700 3 view .LVU118
 701:Drivers/STM32F3xx_HAL_Driver/Src/stm32f3xx_hal_dac.c ****   UNUSED(Data2);
 476              		.loc 1 701 3 view .LVU119
 702:Drivers/STM32F3xx_HAL_Driver/Src/stm32f3xx_hal_dac.c **** 
 703:Drivers/STM32F3xx_HAL_Driver/Src/stm32f3xx_hal_dac.c ****   /* Note : This function is defined into this file for library reference */
 704:Drivers/STM32F3xx_HAL_Driver/Src/stm32f3xx_hal_dac.c ****   /*        Function content is located into file stm32f3xx_hal_dac_ex.c  */
 705:Drivers/STM32F3xx_HAL_Driver/Src/stm32f3xx_hal_dac.c **** 
 706:Drivers/STM32F3xx_HAL_Driver/Src/stm32f3xx_hal_dac.c ****   /* Return function status */
 707:Drivers/STM32F3xx_HAL_Driver/Src/stm32f3xx_hal_dac.c ****   return HAL_ERROR;
 477              		.loc 1 707 3 view .LVU120
 708:Drivers/STM32F3xx_HAL_Driver/Src/stm32f3xx_hal_dac.c **** }
 478              		.loc 1 708 1 is_stmt 0 view .LVU121
 479 0000 0120     		movs	r0, #1
 480              	.LVL32:
 481              		.loc 1 708 1 view .LVU122
 482 0002 7047     		bx	lr
 483              		.cfi_endproc
 484              	.LFE134:
 486              		.section	.text.HAL_DAC_GetState,"ax",%progbits
 487              		.align	1
 488              		.global	HAL_DAC_GetState
 489              		.syntax unified
 490              		.thumb
 491              		.thumb_func
 493              	HAL_DAC_GetState:
 494              	.LVL33:
 495              	.LFB135:
 709:Drivers/STM32F3xx_HAL_Driver/Src/stm32f3xx_hal_dac.c **** 
 710:Drivers/STM32F3xx_HAL_Driver/Src/stm32f3xx_hal_dac.c **** /**
 711:Drivers/STM32F3xx_HAL_Driver/Src/stm32f3xx_hal_dac.c ****   * @}
 712:Drivers/STM32F3xx_HAL_Driver/Src/stm32f3xx_hal_dac.c ****   */
 713:Drivers/STM32F3xx_HAL_Driver/Src/stm32f3xx_hal_dac.c **** 
 714:Drivers/STM32F3xx_HAL_Driver/Src/stm32f3xx_hal_dac.c **** /** @defgroup DAC_Exported_Functions_Group4 Peripheral State and Error functions
 715:Drivers/STM32F3xx_HAL_Driver/Src/stm32f3xx_hal_dac.c ****  *  @brief   DAC Peripheral State and Error functions
 716:Drivers/STM32F3xx_HAL_Driver/Src/stm32f3xx_hal_dac.c ****  *
 717:Drivers/STM32F3xx_HAL_Driver/Src/stm32f3xx_hal_dac.c **** @verbatim
 718:Drivers/STM32F3xx_HAL_Driver/Src/stm32f3xx_hal_dac.c ****   ==============================================================================
 719:Drivers/STM32F3xx_HAL_Driver/Src/stm32f3xx_hal_dac.c ****             ##### DAC Peripheral State and Error functions #####
 720:Drivers/STM32F3xx_HAL_Driver/Src/stm32f3xx_hal_dac.c ****   ==============================================================================
 721:Drivers/STM32F3xx_HAL_Driver/Src/stm32f3xx_hal_dac.c ****     [..]
 722:Drivers/STM32F3xx_HAL_Driver/Src/stm32f3xx_hal_dac.c ****     This subsection provides functions allowing to
 723:Drivers/STM32F3xx_HAL_Driver/Src/stm32f3xx_hal_dac.c ****       (+) Check the DAC state.
 724:Drivers/STM32F3xx_HAL_Driver/Src/stm32f3xx_hal_dac.c ****       (+) Check the DAC Errors.
 725:Drivers/STM32F3xx_HAL_Driver/Src/stm32f3xx_hal_dac.c **** 
 726:Drivers/STM32F3xx_HAL_Driver/Src/stm32f3xx_hal_dac.c **** 
 727:Drivers/STM32F3xx_HAL_Driver/Src/stm32f3xx_hal_dac.c **** @endverbatim
 728:Drivers/STM32F3xx_HAL_Driver/Src/stm32f3xx_hal_dac.c ****   * @{
 729:Drivers/STM32F3xx_HAL_Driver/Src/stm32f3xx_hal_dac.c ****   */
 730:Drivers/STM32F3xx_HAL_Driver/Src/stm32f3xx_hal_dac.c **** 
 731:Drivers/STM32F3xx_HAL_Driver/Src/stm32f3xx_hal_dac.c **** /**
 732:Drivers/STM32F3xx_HAL_Driver/Src/stm32f3xx_hal_dac.c ****   * @brief  return the DAC handle state
 733:Drivers/STM32F3xx_HAL_Driver/Src/stm32f3xx_hal_dac.c ****   * @param  hdac pointer to a DAC_HandleTypeDef structure that contains
 734:Drivers/STM32F3xx_HAL_Driver/Src/stm32f3xx_hal_dac.c ****   *         the configuration information for the specified DAC.
 735:Drivers/STM32F3xx_HAL_Driver/Src/stm32f3xx_hal_dac.c ****   * @retval HAL state
 736:Drivers/STM32F3xx_HAL_Driver/Src/stm32f3xx_hal_dac.c ****   */
 737:Drivers/STM32F3xx_HAL_Driver/Src/stm32f3xx_hal_dac.c **** HAL_DAC_StateTypeDef HAL_DAC_GetState(DAC_HandleTypeDef* hdac)
 738:Drivers/STM32F3xx_HAL_Driver/Src/stm32f3xx_hal_dac.c **** {
ARM GAS  C:\Users\nakas\AppData\Local\Temp\ccbf8GPO.s 			page 23


 496              		.loc 1 738 1 is_stmt 1 view -0
 497              		.cfi_startproc
 498              		@ args = 0, pretend = 0, frame = 0
 499              		@ frame_needed = 0, uses_anonymous_args = 0
 500              		@ link register save eliminated.
 739:Drivers/STM32F3xx_HAL_Driver/Src/stm32f3xx_hal_dac.c ****   /* Return DAC handle state */
 740:Drivers/STM32F3xx_HAL_Driver/Src/stm32f3xx_hal_dac.c ****   return hdac->State;
 501              		.loc 1 740 3 view .LVU124
 502              		.loc 1 740 14 is_stmt 0 view .LVU125
 503 0000 0079     		ldrb	r0, [r0, #4]	@ zero_extendqisi2
 504              	.LVL34:
 741:Drivers/STM32F3xx_HAL_Driver/Src/stm32f3xx_hal_dac.c **** }
 505              		.loc 1 741 1 view .LVU126
 506 0002 7047     		bx	lr
 507              		.cfi_endproc
 508              	.LFE135:
 510              		.section	.text.HAL_DAC_GetError,"ax",%progbits
 511              		.align	1
 512              		.global	HAL_DAC_GetError
 513              		.syntax unified
 514              		.thumb
 515              		.thumb_func
 517              	HAL_DAC_GetError:
 518              	.LVL35:
 519              	.LFB136:
 742:Drivers/STM32F3xx_HAL_Driver/Src/stm32f3xx_hal_dac.c **** 
 743:Drivers/STM32F3xx_HAL_Driver/Src/stm32f3xx_hal_dac.c **** /**
 744:Drivers/STM32F3xx_HAL_Driver/Src/stm32f3xx_hal_dac.c ****   * @brief  Return the DAC error code
 745:Drivers/STM32F3xx_HAL_Driver/Src/stm32f3xx_hal_dac.c ****   * @param  hdac pointer to a DAC_HandleTypeDef structure that contains
 746:Drivers/STM32F3xx_HAL_Driver/Src/stm32f3xx_hal_dac.c ****   *         the configuration information for the specified DAC.
 747:Drivers/STM32F3xx_HAL_Driver/Src/stm32f3xx_hal_dac.c ****   * @retval DAC Error Code
 748:Drivers/STM32F3xx_HAL_Driver/Src/stm32f3xx_hal_dac.c ****   */
 749:Drivers/STM32F3xx_HAL_Driver/Src/stm32f3xx_hal_dac.c **** uint32_t HAL_DAC_GetError(DAC_HandleTypeDef *hdac)
 750:Drivers/STM32F3xx_HAL_Driver/Src/stm32f3xx_hal_dac.c **** {
 520              		.loc 1 750 1 is_stmt 1 view -0
 521              		.cfi_startproc
 522              		@ args = 0, pretend = 0, frame = 0
 523              		@ frame_needed = 0, uses_anonymous_args = 0
 524              		@ link register save eliminated.
 751:Drivers/STM32F3xx_HAL_Driver/Src/stm32f3xx_hal_dac.c ****   return hdac->ErrorCode;
 525              		.loc 1 751 3 view .LVU128
 526              		.loc 1 751 14 is_stmt 0 view .LVU129
 527 0000 0069     		ldr	r0, [r0, #16]
 528              	.LVL36:
 752:Drivers/STM32F3xx_HAL_Driver/Src/stm32f3xx_hal_dac.c **** }
 529              		.loc 1 752 1 view .LVU130
 530 0002 7047     		bx	lr
 531              		.cfi_endproc
 532              	.LFE136:
 534              		.section	.text.HAL_DAC_ConvCpltCallbackCh1,"ax",%progbits
 535              		.align	1
 536              		.weak	HAL_DAC_ConvCpltCallbackCh1
 537              		.syntax unified
 538              		.thumb
 539              		.thumb_func
 541              	HAL_DAC_ConvCpltCallbackCh1:
 542              	.LVL37:
ARM GAS  C:\Users\nakas\AppData\Local\Temp\ccbf8GPO.s 			page 24


 543              	.LFB137:
 753:Drivers/STM32F3xx_HAL_Driver/Src/stm32f3xx_hal_dac.c **** 
 754:Drivers/STM32F3xx_HAL_Driver/Src/stm32f3xx_hal_dac.c **** /**
 755:Drivers/STM32F3xx_HAL_Driver/Src/stm32f3xx_hal_dac.c ****   * @}
 756:Drivers/STM32F3xx_HAL_Driver/Src/stm32f3xx_hal_dac.c ****   */
 757:Drivers/STM32F3xx_HAL_Driver/Src/stm32f3xx_hal_dac.c **** 
 758:Drivers/STM32F3xx_HAL_Driver/Src/stm32f3xx_hal_dac.c **** /** @addtogroup DAC_Exported_Functions_Group2 Input and Output operation functions
 759:Drivers/STM32F3xx_HAL_Driver/Src/stm32f3xx_hal_dac.c ****   * @{
 760:Drivers/STM32F3xx_HAL_Driver/Src/stm32f3xx_hal_dac.c ****   */
 761:Drivers/STM32F3xx_HAL_Driver/Src/stm32f3xx_hal_dac.c **** 
 762:Drivers/STM32F3xx_HAL_Driver/Src/stm32f3xx_hal_dac.c **** /**
 763:Drivers/STM32F3xx_HAL_Driver/Src/stm32f3xx_hal_dac.c ****   * @brief  Conversion complete callback in non blocking mode for Channel1
 764:Drivers/STM32F3xx_HAL_Driver/Src/stm32f3xx_hal_dac.c ****   * @param  hdac pointer to a DAC_HandleTypeDef structure that contains
 765:Drivers/STM32F3xx_HAL_Driver/Src/stm32f3xx_hal_dac.c ****   *         the configuration information for the specified DAC.
 766:Drivers/STM32F3xx_HAL_Driver/Src/stm32f3xx_hal_dac.c ****   * @retval None
 767:Drivers/STM32F3xx_HAL_Driver/Src/stm32f3xx_hal_dac.c ****   */
 768:Drivers/STM32F3xx_HAL_Driver/Src/stm32f3xx_hal_dac.c **** __weak void HAL_DAC_ConvCpltCallbackCh1(DAC_HandleTypeDef* hdac)
 769:Drivers/STM32F3xx_HAL_Driver/Src/stm32f3xx_hal_dac.c **** {
 544              		.loc 1 769 1 is_stmt 1 view -0
 545              		.cfi_startproc
 546              		@ args = 0, pretend = 0, frame = 0
 547              		@ frame_needed = 0, uses_anonymous_args = 0
 548              		@ link register save eliminated.
 770:Drivers/STM32F3xx_HAL_Driver/Src/stm32f3xx_hal_dac.c ****   /* Prevent unused argument(s) compilation warning */
 771:Drivers/STM32F3xx_HAL_Driver/Src/stm32f3xx_hal_dac.c ****   UNUSED(hdac);
 549              		.loc 1 771 3 view .LVU132
 772:Drivers/STM32F3xx_HAL_Driver/Src/stm32f3xx_hal_dac.c **** 
 773:Drivers/STM32F3xx_HAL_Driver/Src/stm32f3xx_hal_dac.c ****   /* NOTE : This function Should not be modified, when the callback is needed,
 774:Drivers/STM32F3xx_HAL_Driver/Src/stm32f3xx_hal_dac.c ****             the HAL_DAC_ConvCpltCallback1 could be implemented in the user file
 775:Drivers/STM32F3xx_HAL_Driver/Src/stm32f3xx_hal_dac.c ****    */
 776:Drivers/STM32F3xx_HAL_Driver/Src/stm32f3xx_hal_dac.c **** }
 550              		.loc 1 776 1 is_stmt 0 view .LVU133
 551 0000 7047     		bx	lr
 552              		.cfi_endproc
 553              	.LFE137:
 555              		.section	.text.HAL_DAC_ConvHalfCpltCallbackCh1,"ax",%progbits
 556              		.align	1
 557              		.weak	HAL_DAC_ConvHalfCpltCallbackCh1
 558              		.syntax unified
 559              		.thumb
 560              		.thumb_func
 562              	HAL_DAC_ConvHalfCpltCallbackCh1:
 563              	.LVL38:
 564              	.LFB138:
 777:Drivers/STM32F3xx_HAL_Driver/Src/stm32f3xx_hal_dac.c **** 
 778:Drivers/STM32F3xx_HAL_Driver/Src/stm32f3xx_hal_dac.c **** /**
 779:Drivers/STM32F3xx_HAL_Driver/Src/stm32f3xx_hal_dac.c ****   * @brief  Conversion half DMA transfer callback in non blocking mode for Channel1
 780:Drivers/STM32F3xx_HAL_Driver/Src/stm32f3xx_hal_dac.c ****   * @param  hdac pointer to a DAC_HandleTypeDef structure that contains
 781:Drivers/STM32F3xx_HAL_Driver/Src/stm32f3xx_hal_dac.c ****   *         the configuration information for the specified DAC.
 782:Drivers/STM32F3xx_HAL_Driver/Src/stm32f3xx_hal_dac.c ****   * @retval None
 783:Drivers/STM32F3xx_HAL_Driver/Src/stm32f3xx_hal_dac.c ****   */
 784:Drivers/STM32F3xx_HAL_Driver/Src/stm32f3xx_hal_dac.c **** __weak void HAL_DAC_ConvHalfCpltCallbackCh1(DAC_HandleTypeDef* hdac)
 785:Drivers/STM32F3xx_HAL_Driver/Src/stm32f3xx_hal_dac.c **** {
 565              		.loc 1 785 1 is_stmt 1 view -0
 566              		.cfi_startproc
 567              		@ args = 0, pretend = 0, frame = 0
 568              		@ frame_needed = 0, uses_anonymous_args = 0
ARM GAS  C:\Users\nakas\AppData\Local\Temp\ccbf8GPO.s 			page 25


 569              		@ link register save eliminated.
 786:Drivers/STM32F3xx_HAL_Driver/Src/stm32f3xx_hal_dac.c ****   /* Prevent unused argument(s) compilation warning */
 787:Drivers/STM32F3xx_HAL_Driver/Src/stm32f3xx_hal_dac.c ****   UNUSED(hdac);
 570              		.loc 1 787 3 view .LVU135
 788:Drivers/STM32F3xx_HAL_Driver/Src/stm32f3xx_hal_dac.c **** 
 789:Drivers/STM32F3xx_HAL_Driver/Src/stm32f3xx_hal_dac.c ****   /* NOTE : This function Should not be modified, when the callback is needed,
 790:Drivers/STM32F3xx_HAL_Driver/Src/stm32f3xx_hal_dac.c ****             the HAL_DAC_ConvHalfCpltCallbackCh1 could be implemented in the user file
 791:Drivers/STM32F3xx_HAL_Driver/Src/stm32f3xx_hal_dac.c ****    */
 792:Drivers/STM32F3xx_HAL_Driver/Src/stm32f3xx_hal_dac.c **** }
 571              		.loc 1 792 1 is_stmt 0 view .LVU136
 572 0000 7047     		bx	lr
 573              		.cfi_endproc
 574              	.LFE138:
 576              		.section	.text.HAL_DAC_ErrorCallbackCh1,"ax",%progbits
 577              		.align	1
 578              		.weak	HAL_DAC_ErrorCallbackCh1
 579              		.syntax unified
 580              		.thumb
 581              		.thumb_func
 583              	HAL_DAC_ErrorCallbackCh1:
 584              	.LVL39:
 585              	.LFB139:
 793:Drivers/STM32F3xx_HAL_Driver/Src/stm32f3xx_hal_dac.c **** 
 794:Drivers/STM32F3xx_HAL_Driver/Src/stm32f3xx_hal_dac.c **** /**
 795:Drivers/STM32F3xx_HAL_Driver/Src/stm32f3xx_hal_dac.c ****   * @brief  Error DAC callback for Channel1.
 796:Drivers/STM32F3xx_HAL_Driver/Src/stm32f3xx_hal_dac.c ****   * @param  hdac pointer to a DAC_HandleTypeDef structure that contains
 797:Drivers/STM32F3xx_HAL_Driver/Src/stm32f3xx_hal_dac.c ****   *         the configuration information for the specified DAC.
 798:Drivers/STM32F3xx_HAL_Driver/Src/stm32f3xx_hal_dac.c ****   * @retval None
 799:Drivers/STM32F3xx_HAL_Driver/Src/stm32f3xx_hal_dac.c ****   */
 800:Drivers/STM32F3xx_HAL_Driver/Src/stm32f3xx_hal_dac.c **** __weak void HAL_DAC_ErrorCallbackCh1(DAC_HandleTypeDef *hdac)
 801:Drivers/STM32F3xx_HAL_Driver/Src/stm32f3xx_hal_dac.c **** {
 586              		.loc 1 801 1 is_stmt 1 view -0
 587              		.cfi_startproc
 588              		@ args = 0, pretend = 0, frame = 0
 589              		@ frame_needed = 0, uses_anonymous_args = 0
 590              		@ link register save eliminated.
 802:Drivers/STM32F3xx_HAL_Driver/Src/stm32f3xx_hal_dac.c ****   /* Prevent unused argument(s) compilation warning */
 803:Drivers/STM32F3xx_HAL_Driver/Src/stm32f3xx_hal_dac.c ****   UNUSED(hdac);
 591              		.loc 1 803 3 view .LVU138
 804:Drivers/STM32F3xx_HAL_Driver/Src/stm32f3xx_hal_dac.c **** 
 805:Drivers/STM32F3xx_HAL_Driver/Src/stm32f3xx_hal_dac.c ****   /* NOTE : This function Should not be modified, when the callback is needed,
 806:Drivers/STM32F3xx_HAL_Driver/Src/stm32f3xx_hal_dac.c ****             the HAL_DAC_ErrorCallback could be implemented in the user file
 807:Drivers/STM32F3xx_HAL_Driver/Src/stm32f3xx_hal_dac.c ****    */
 808:Drivers/STM32F3xx_HAL_Driver/Src/stm32f3xx_hal_dac.c **** }
 592              		.loc 1 808 1 is_stmt 0 view .LVU139
 593 0000 7047     		bx	lr
 594              		.cfi_endproc
 595              	.LFE139:
 597              		.section	.text.HAL_DAC_DMAUnderrunCallbackCh1,"ax",%progbits
 598              		.align	1
 599              		.weak	HAL_DAC_DMAUnderrunCallbackCh1
 600              		.syntax unified
 601              		.thumb
 602              		.thumb_func
 604              	HAL_DAC_DMAUnderrunCallbackCh1:
 605              	.LVL40:
 606              	.LFB140:
ARM GAS  C:\Users\nakas\AppData\Local\Temp\ccbf8GPO.s 			page 26


 809:Drivers/STM32F3xx_HAL_Driver/Src/stm32f3xx_hal_dac.c **** 
 810:Drivers/STM32F3xx_HAL_Driver/Src/stm32f3xx_hal_dac.c **** 
 811:Drivers/STM32F3xx_HAL_Driver/Src/stm32f3xx_hal_dac.c **** /**
 812:Drivers/STM32F3xx_HAL_Driver/Src/stm32f3xx_hal_dac.c ****   * @brief  DMA underrun DAC callback for Channel1.
 813:Drivers/STM32F3xx_HAL_Driver/Src/stm32f3xx_hal_dac.c ****   * @param  hdac pointer to a DAC_HandleTypeDef structure that contains
 814:Drivers/STM32F3xx_HAL_Driver/Src/stm32f3xx_hal_dac.c ****   *         the configuration information for the specified DAC.
 815:Drivers/STM32F3xx_HAL_Driver/Src/stm32f3xx_hal_dac.c ****   * @retval None
 816:Drivers/STM32F3xx_HAL_Driver/Src/stm32f3xx_hal_dac.c ****   */
 817:Drivers/STM32F3xx_HAL_Driver/Src/stm32f3xx_hal_dac.c **** __weak void HAL_DAC_DMAUnderrunCallbackCh1(DAC_HandleTypeDef *hdac)
 818:Drivers/STM32F3xx_HAL_Driver/Src/stm32f3xx_hal_dac.c **** {
 607              		.loc 1 818 1 is_stmt 1 view -0
 608              		.cfi_startproc
 609              		@ args = 0, pretend = 0, frame = 0
 610              		@ frame_needed = 0, uses_anonymous_args = 0
 611              		@ link register save eliminated.
 819:Drivers/STM32F3xx_HAL_Driver/Src/stm32f3xx_hal_dac.c ****   /* Prevent unused argument(s) compilation warning */
 820:Drivers/STM32F3xx_HAL_Driver/Src/stm32f3xx_hal_dac.c ****   UNUSED(hdac);
 612              		.loc 1 820 3 view .LVU141
 821:Drivers/STM32F3xx_HAL_Driver/Src/stm32f3xx_hal_dac.c **** 
 822:Drivers/STM32F3xx_HAL_Driver/Src/stm32f3xx_hal_dac.c ****   /* NOTE : This function Should not be modified, when the callback is needed,
 823:Drivers/STM32F3xx_HAL_Driver/Src/stm32f3xx_hal_dac.c ****             the HAL_DAC_DMAUnderrunCallbackCh1 could be implemented in the user file
 824:Drivers/STM32F3xx_HAL_Driver/Src/stm32f3xx_hal_dac.c ****    */
 825:Drivers/STM32F3xx_HAL_Driver/Src/stm32f3xx_hal_dac.c **** }
 613              		.loc 1 825 1 is_stmt 0 view .LVU142
 614 0000 7047     		bx	lr
 615              		.cfi_endproc
 616              	.LFE140:
 618              		.text
 619              	.Letext0:
 620              		.file 2 "C:\\STM32CubeCLT_1.21.0\\GNU-tools-for-STM32\\bin\\../lib/gcc/arm-none-eabi/14.3.1/../../
 621              		.file 3 "C:\\STM32CubeCLT_1.21.0\\GNU-tools-for-STM32\\bin\\../lib/gcc/arm-none-eabi/14.3.1/../../
 622              		.file 4 "Drivers/CMSIS/Device/ST/STM32F3xx/Include/stm32f303x8.h"
 623              		.file 5 "Drivers/STM32F3xx_HAL_Driver/Inc/stm32f3xx_hal_def.h"
 624              		.file 6 "Drivers/STM32F3xx_HAL_Driver/Inc/stm32f3xx_hal_dma.h"
 625              		.file 7 "Drivers/STM32F3xx_HAL_Driver/Inc/stm32f3xx_hal_dac.h"
ARM GAS  C:\Users\nakas\AppData\Local\Temp\ccbf8GPO.s 			page 27


DEFINED SYMBOLS
                            *ABS*:00000000 stm32f3xx_hal_dac.c
C:\Users\nakas\AppData\Local\Temp\ccbf8GPO.s:21     .text.HAL_DAC_MspInit:00000000 $t
C:\Users\nakas\AppData\Local\Temp\ccbf8GPO.s:27     .text.HAL_DAC_MspInit:00000000 HAL_DAC_MspInit
C:\Users\nakas\AppData\Local\Temp\ccbf8GPO.s:42     .text.HAL_DAC_Init:00000000 $t
C:\Users\nakas\AppData\Local\Temp\ccbf8GPO.s:48     .text.HAL_DAC_Init:00000000 HAL_DAC_Init
C:\Users\nakas\AppData\Local\Temp\ccbf8GPO.s:113    .text.HAL_DAC_MspDeInit:00000000 $t
C:\Users\nakas\AppData\Local\Temp\ccbf8GPO.s:119    .text.HAL_DAC_MspDeInit:00000000 HAL_DAC_MspDeInit
C:\Users\nakas\AppData\Local\Temp\ccbf8GPO.s:134    .text.HAL_DAC_DeInit:00000000 $t
C:\Users\nakas\AppData\Local\Temp\ccbf8GPO.s:140    .text.HAL_DAC_DeInit:00000000 HAL_DAC_DeInit
C:\Users\nakas\AppData\Local\Temp\ccbf8GPO.s:194    .text.HAL_DAC_Start:00000000 $t
C:\Users\nakas\AppData\Local\Temp\ccbf8GPO.s:200    .text.HAL_DAC_Start:00000000 HAL_DAC_Start
C:\Users\nakas\AppData\Local\Temp\ccbf8GPO.s:220    .text.HAL_DAC_Stop:00000000 $t
C:\Users\nakas\AppData\Local\Temp\ccbf8GPO.s:226    .text.HAL_DAC_Stop:00000000 HAL_DAC_Stop
C:\Users\nakas\AppData\Local\Temp\ccbf8GPO.s:263    .text.HAL_DAC_Stop_DMA:00000000 $t
C:\Users\nakas\AppData\Local\Temp\ccbf8GPO.s:269    .text.HAL_DAC_Stop_DMA:00000000 HAL_DAC_Stop_DMA
C:\Users\nakas\AppData\Local\Temp\ccbf8GPO.s:353    .text.HAL_DAC_GetValue:00000000 $t
C:\Users\nakas\AppData\Local\Temp\ccbf8GPO.s:359    .text.HAL_DAC_GetValue:00000000 HAL_DAC_GetValue
C:\Users\nakas\AppData\Local\Temp\ccbf8GPO.s:379    .text.HAL_DACEx_DualGetValue:00000000 $t
C:\Users\nakas\AppData\Local\Temp\ccbf8GPO.s:385    .text.HAL_DACEx_DualGetValue:00000000 HAL_DACEx_DualGetValue
C:\Users\nakas\AppData\Local\Temp\ccbf8GPO.s:404    .text.HAL_DAC_ConfigChannel:00000000 $t
C:\Users\nakas\AppData\Local\Temp\ccbf8GPO.s:410    .text.HAL_DAC_ConfigChannel:00000000 HAL_DAC_ConfigChannel
C:\Users\nakas\AppData\Local\Temp\ccbf8GPO.s:431    .text.HAL_DAC_SetValue:00000000 $t
C:\Users\nakas\AppData\Local\Temp\ccbf8GPO.s:437    .text.HAL_DAC_SetValue:00000000 HAL_DAC_SetValue
C:\Users\nakas\AppData\Local\Temp\ccbf8GPO.s:459    .text.HAL_DACEx_DualSetValue:00000000 $t
C:\Users\nakas\AppData\Local\Temp\ccbf8GPO.s:465    .text.HAL_DACEx_DualSetValue:00000000 HAL_DACEx_DualSetValue
C:\Users\nakas\AppData\Local\Temp\ccbf8GPO.s:487    .text.HAL_DAC_GetState:00000000 $t
C:\Users\nakas\AppData\Local\Temp\ccbf8GPO.s:493    .text.HAL_DAC_GetState:00000000 HAL_DAC_GetState
C:\Users\nakas\AppData\Local\Temp\ccbf8GPO.s:511    .text.HAL_DAC_GetError:00000000 $t
C:\Users\nakas\AppData\Local\Temp\ccbf8GPO.s:517    .text.HAL_DAC_GetError:00000000 HAL_DAC_GetError
C:\Users\nakas\AppData\Local\Temp\ccbf8GPO.s:535    .text.HAL_DAC_ConvCpltCallbackCh1:00000000 $t
C:\Users\nakas\AppData\Local\Temp\ccbf8GPO.s:541    .text.HAL_DAC_ConvCpltCallbackCh1:00000000 HAL_DAC_ConvCpltCallbackCh1
C:\Users\nakas\AppData\Local\Temp\ccbf8GPO.s:556    .text.HAL_DAC_ConvHalfCpltCallbackCh1:00000000 $t
C:\Users\nakas\AppData\Local\Temp\ccbf8GPO.s:562    .text.HAL_DAC_ConvHalfCpltCallbackCh1:00000000 HAL_DAC_ConvHalfCpltCallbackCh1
C:\Users\nakas\AppData\Local\Temp\ccbf8GPO.s:577    .text.HAL_DAC_ErrorCallbackCh1:00000000 $t
C:\Users\nakas\AppData\Local\Temp\ccbf8GPO.s:583    .text.HAL_DAC_ErrorCallbackCh1:00000000 HAL_DAC_ErrorCallbackCh1
C:\Users\nakas\AppData\Local\Temp\ccbf8GPO.s:598    .text.HAL_DAC_DMAUnderrunCallbackCh1:00000000 $t
C:\Users\nakas\AppData\Local\Temp\ccbf8GPO.s:604    .text.HAL_DAC_DMAUnderrunCallbackCh1:00000000 HAL_DAC_DMAUnderrunCallbackCh1

UNDEFINED SYMBOLS
HAL_DMA_Abort
